테이블명,테이블 한글명,GRAIN,테이블유형,컬럼명,컬럼 한글명,타입,NULLABLE,키,FK_타깃,설명,주의_제약(DDL)
DIM_AD_CREATIVE,광고소재/매체 차원,1소재/매체 (AD_CREATIVE_SK),DIMENSION,AD_CREATIVE_SK,광고소재 대리키,"NUMBER(38,0)",N,PK,,"광고소재 대리키 (ETL 일련번호, PK)",
DIM_AD_CREATIVE,광고소재/매체 차원,1소재/매체 (AD_CREATIVE_SK),DIMENSION,AD_CREATIVE_BK,"광고소재 업무키(BK, 자연키)",VARCHAR,N,BK,,"광고소재 업무키(BK, 자연키)",
DIM_AD_CREATIVE,광고소재/매체 차원,1소재/매체 (AD_CREATIVE_SK),DIMENSION,MEDIA_NAME,매체명/공동브랜드,VARCHAR,Y,,,매체명/공동브랜드(#11),
DIM_AD_CREATIVE,광고소재/매체 차원,1소재/매체 (AD_CREATIVE_SK),DIMENSION,PLATFORM,플랫폼,VARCHAR,Y,,,플랫폼(#12),
DIM_AD_CREATIVE,광고소재/매체 차원,1소재/매체 (AD_CREATIVE_SK),DIMENSION,PLATFORM_TYPE,플랫폼/매체유형,VARCHAR,Y,,,플랫폼/매체유형 (#13). [사유:원천 부재],
DIM_AD_CREATIVE,광고소재/매체 차원,1소재/매체 (AD_CREATIVE_SK),DIMENSION,CREATIVE,소재,VARCHAR,Y,,,소재(#20),
DIM_AD_CREATIVE,광고소재/매체 차원,1소재/매체 (AD_CREATIVE_SK),DIMENSION,CM_POSITION,CM위치,VARCHAR,Y,,,CM위치(#21),
DIM_AD_CREATIVE,광고소재/매체 차원,1소재/매체 (AD_CREATIVE_SK),DIMENSION,AD_TYPE,소재 광고유형,VARCHAR,Y,,,소재 광고유형.,
DIM_AD_CREATIVE,광고소재/매체 차원,1소재/매체 (AD_CREATIVE_SK),DIMENSION,TARGET_GROUP,타겟그룹,VARCHAR,Y,,,TARGET_GROUP.,
DIM_AD_CREATIVE,광고소재/매체 차원,1소재/매체 (AD_CREATIVE_SK),DIMENSION,DW_SOURCE_SYSTEM,원천 시스템 식별,VARCHAR,N,,,원천 시스템 식별 (공통감사),공통감사
DIM_AD_CREATIVE,광고소재/매체 차원,1소재/매체 (AD_CREATIVE_SK),DIMENSION,DW_LOAD_TS,최초 적재 시각,TIMESTAMP_NTZ,N,,,최초 적재 시각 (공통감사),공통감사
DIM_AD_CREATIVE,광고소재/매체 차원,1소재/매체 (AD_CREATIVE_SK),DIMENSION,DW_UPDATE_TS,최종 갱신 시각,TIMESTAMP_NTZ,Y,,,최종 갱신 시각 (공통감사),공통감사
DIM_AD_CREATIVE,광고소재/매체 차원,1소재/매체 (AD_CREATIVE_SK),DIMENSION,DW_BATCH_ID,적재 배치 식별자,VARCHAR,Y,,,적재 배치 식별자 = dbt invocation_id (공통감사),공통감사
DIM_BIGQUERY_EVENT,BigQuery 이벤트분류 차원,1BigQuery 이벤트분류 (BIGQUERY_EVENT_SK),DIMENSION,BIGQUERY_EVENT_SK,BigQuery 이벤트 대리키,"NUMBER(38,0)",N,PK,,"BigQuery 이벤트 대리키 (ETL 일련번호, PK)",
DIM_BIGQUERY_EVENT,BigQuery 이벤트분류 차원,1BigQuery 이벤트분류 (BIGQUERY_EVENT_SK),DIMENSION,EVENT_CATEGORY,이벤트 카테고리,VARCHAR,Y,,,이벤트 카테고리(#99),
DIM_BIGQUERY_EVENT,BigQuery 이벤트분류 차원,1BigQuery 이벤트분류 (BIGQUERY_EVENT_SK),DIMENSION,EVENT_LABEL,이벤트 라벨,VARCHAR,Y,,,이벤트 라벨(#100),
DIM_BIGQUERY_EVENT,BigQuery 이벤트분류 차원,1BigQuery 이벤트분류 (BIGQUERY_EVENT_SK),DIMENSION,EVENT_ACTION,이벤트 액션,VARCHAR,Y,,,이벤트 액션(#101),
DIM_BIGQUERY_EVENT,BigQuery 이벤트분류 차원,1BigQuery 이벤트분류 (BIGQUERY_EVENT_SK),DIMENSION,DW_SOURCE_SYSTEM,원천 시스템 식별,VARCHAR,N,,,원천 시스템 식별 (공통감사),공통감사
DIM_BIGQUERY_EVENT,BigQuery 이벤트분류 차원,1BigQuery 이벤트분류 (BIGQUERY_EVENT_SK),DIMENSION,DW_LOAD_TS,최초 적재 시각,TIMESTAMP_NTZ,N,,,최초 적재 시각 (공통감사),공통감사
DIM_BIGQUERY_EVENT,BigQuery 이벤트분류 차원,1BigQuery 이벤트분류 (BIGQUERY_EVENT_SK),DIMENSION,DW_UPDATE_TS,최종 갱신 시각,TIMESTAMP_NTZ,Y,,,최종 갱신 시각 (공통감사),공통감사
DIM_BIGQUERY_EVENT,BigQuery 이벤트분류 차원,1BigQuery 이벤트분류 (BIGQUERY_EVENT_SK),DIMENSION,DW_BATCH_ID,적재 배치 식별자,VARCHAR,Y,,,적재 배치 식별자 = dbt invocation_id (공통감사),공통감사
DIM_BIGQUERY_SOURCE,BigQuery 트래픽소스 차원,1BigQuery 트래픽소스 (BIGQUERY_SOURCE_SK),DIMENSION,BIGQUERY_SOURCE_SK,BigQuery 트래픽소스 대리키,"NUMBER(38,0)",N,PK,,"BigQuery 트래픽소스 대리키 (ETL 일련번호, PK)",
DIM_BIGQUERY_SOURCE,BigQuery 트래픽소스 차원,1BigQuery 트래픽소스 (BIGQUERY_SOURCE_SK),DIMENSION,UTM_SOURCE,UTM 소스,VARCHAR,Y,,,source,
DIM_BIGQUERY_SOURCE,BigQuery 트래픽소스 차원,1BigQuery 트래픽소스 (BIGQUERY_SOURCE_SK),DIMENSION,UTM_MEDIUM,UTM 매체,VARCHAR,Y,,,medium,
DIM_BIGQUERY_SOURCE,BigQuery 트래픽소스 차원,1BigQuery 트래픽소스 (BIGQUERY_SOURCE_SK),DIMENSION,UTM_CONTENT,UTM 콘텐츠,VARCHAR,Y,,,세션 수동 광고 콘텐츠(#103),
DIM_BIGQUERY_SOURCE,BigQuery 트래픽소스 차원,1BigQuery 트래픽소스 (BIGQUERY_SOURCE_SK),DIMENSION,UTM_TERM,UTM 검색어,VARCHAR,Y,,,세션 수동 검색어(#104),
DIM_BIGQUERY_SOURCE,BigQuery 트래픽소스 차원,1BigQuery 트래픽소스 (BIGQUERY_SOURCE_SK),DIMENSION,SOURCE_MEDIUM,세션 소스/매체,VARCHAR,Y,,,세션 소스/매체(#109),
DIM_BIGQUERY_SOURCE,BigQuery 트래픽소스 차원,1BigQuery 트래픽소스 (BIGQUERY_SOURCE_SK),DIMENSION,DEFAULT_CHANNEL_GROUP,DEFAULT_CHANNEL_GROUP,VARCHAR,Y,,,[DEC.,
DIM_BIGQUERY_SOURCE,BigQuery 트래픽소스 차원,1BigQuery 트래픽소스 (BIGQUERY_SOURCE_SK),DIMENSION,DW_SOURCE_SYSTEM,원천 시스템 식별,VARCHAR,N,,,원천 시스템 식별 (공통감사),공통감사
DIM_BIGQUERY_SOURCE,BigQuery 트래픽소스 차원,1BigQuery 트래픽소스 (BIGQUERY_SOURCE_SK),DIMENSION,DW_LOAD_TS,최초 적재 시각,TIMESTAMP_NTZ,N,,,최초 적재 시각 (공통감사),공통감사
DIM_BIGQUERY_SOURCE,BigQuery 트래픽소스 차원,1BigQuery 트래픽소스 (BIGQUERY_SOURCE_SK),DIMENSION,DW_UPDATE_TS,최종 갱신 시각,TIMESTAMP_NTZ,Y,,,최종 갱신 시각 (공통감사),공통감사
DIM_BIGQUERY_SOURCE,BigQuery 트래픽소스 차원,1BigQuery 트래픽소스 (BIGQUERY_SOURCE_SK),DIMENSION,DW_BATCH_ID,적재 배치 식별자,VARCHAR,Y,,,적재 배치 식별자 = dbt invocation_id (공통감사),공통감사
DIM_BUDGET_ITEM,예산 세세목 차원,1예산 세세목 (BUDGET_ITEM_SK),DIMENSION,BUDGET_ITEM_SK,예산 세세목 대리키,"NUMBER(38,0)",N,PK,,"예산 세세목 대리키 (ETL 일련번호, PK)",
DIM_BUDGET_ITEM,예산 세세목 차원,1예산 세세목 (BUDGET_ITEM_SK),DIMENSION,BUDGET_ITEM_NAME,세세목명,VARCHAR,Y,,,세세목명,
DIM_BUDGET_ITEM,예산 세세목 차원,1예산 세세목 (BUDGET_ITEM_SK),DIMENSION,BUDGET_CATEGORY,예산구분,VARCHAR,Y,,,예산구분,
DIM_BUDGET_ITEM,예산 세세목 차원,1예산 세세목 (BUDGET_ITEM_SK),DIMENSION,DW_SOURCE_SYSTEM,원천 시스템 식별,VARCHAR,N,,,원천 시스템 식별 (공통감사),공통감사
DIM_BUDGET_ITEM,예산 세세목 차원,1예산 세세목 (BUDGET_ITEM_SK),DIMENSION,DW_LOAD_TS,최초 적재 시각,TIMESTAMP_NTZ,N,,,최초 적재 시각 (공통감사),공통감사
DIM_BUDGET_ITEM,예산 세세목 차원,1예산 세세목 (BUDGET_ITEM_SK),DIMENSION,DW_UPDATE_TS,최종 갱신 시각,TIMESTAMP_NTZ,Y,,,최종 갱신 시각 (공통감사),공통감사
DIM_BUDGET_ITEM,예산 세세목 차원,1예산 세세목 (BUDGET_ITEM_SK),DIMENSION,DW_BATCH_ID,적재 배치 식별자,VARCHAR,Y,,,적재 배치 식별자 = dbt invocation_id (공통감사),공통감사
DIM_CAMPAIGN,캠페인 차원,1캠페인 (CAMPAIGN_SK),DIMENSION,CAMPAIGN_SK,캠페인 대리키,"NUMBER(38,0)",N,PK,,"캠페인 대리키 (ETL 일련번호, PK)",
DIM_CAMPAIGN,캠페인 차원,1캠페인 (CAMPAIGN_SK),DIMENSION,CAMPAIGN_BK,"캠페인 업무키(BK, 자연키)",VARCHAR,N,BK,,"캠페인 업무키(BK, 자연키)",
DIM_CAMPAIGN,캠페인 차원,1캠페인 (CAMPAIGN_SK),DIMENSION,BRAND,공통브랜드,VARCHAR,Y,,,공통브랜드(#117),
DIM_CAMPAIGN,캠페인 차원,1캠페인 (CAMPAIGN_SK),DIMENSION,PARENT_CAMPAIGN,상위캠페인 코드,VARCHAR,Y,,,상위캠페인 코드 (#119).,
DIM_CAMPAIGN,캠페인 차원,1캠페인 (CAMPAIGN_SK),DIMENSION,CAMPAIGN_NAME,캠페인명,VARCHAR,Y,,,캠페인명(#18·120·147),
DIM_CAMPAIGN,캠페인 차원,1캠페인 (CAMPAIGN_SK),DIMENSION,PROMO_METHOD,홍보방법 원천코드,VARCHAR,Y,,,홍보방법 원천코드 (#118). 코드id:CM008.,
DIM_CAMPAIGN,캠페인 차원,1캠페인 (CAMPAIGN_SK),DIMENSION,CAMPAIGN_TYPE,캠페인 유형,VARCHAR,Y,,,CAMPAIGN_TYPE (#17). 코드id:MM294.,
DIM_CAMPAIGN,캠페인 차원,1캠페인 (CAMPAIGN_SK),DIMENSION,DOMESTIC_OVERSEAS,국내/해외 구분,VARCHAR,Y,,,DOMESTIC_OVERSEAS (#15). 코드id:MM295.,
DIM_CAMPAIGN,캠페인 차원,1캠페인 (CAMPAIGN_SK),DIMENSION,BIZ_CASE_TYPE,사업/사례 구분,VARCHAR,Y,,,BIZ_CASE_TYPE (#16). 코드id:MM296.,
DIM_CAMPAIGN,캠페인 차원,1캠페인 (CAMPAIGN_SK),DIMENSION,INFLOW_PATH,유입경로,VARCHAR,Y,,,INFLOW_PATH. 코드id:MM293.,
DIM_CAMPAIGN,캠페인 차원,1캠페인 (CAMPAIGN_SK),DIMENSION,MARKETING_CAMPAIGN,마케팅캠페인,VARCHAR,Y,,,MARKETING_CAMPAIGN.,
DIM_CAMPAIGN,캠페인 차원,1캠페인 (CAMPAIGN_SK),DIMENSION,CAMPAIGN_OPEN_DATE,오픈일자,DATE,Y,,,오픈일자(#19),
DIM_CAMPAIGN,캠페인 차원,1캠페인 (CAMPAIGN_SK),DIMENSION,ORG_SK,캠페인 귀속조직,"NUMBER(38,0)",Y,FK,DIM_ORG.ORG_SK,캠페인 귀속조직,
DIM_CAMPAIGN,캠페인 차원,1캠페인 (CAMPAIGN_SK),DIMENSION,PARENT_CAMPAIGN_NAME,상위캠페인명,VARCHAR,Y,,,상위캠페인명. 코드id:MM294.,
DIM_CAMPAIGN,캠페인 차원,1캠페인 (CAMPAIGN_SK),DIMENSION,PROMO_METHOD_NAME,홍보방법명,VARCHAR,Y,,,홍보방법명. 코드id:CM008.,
DIM_CAMPAIGN,캠페인 차원,1캠페인 (CAMPAIGN_SK),DIMENSION,MKTG_CAMPAIGN_SK,대리키,"NUMBER(38,0)",Y,FK,DIM_MARKETING_CAMPAIGN.MKTG_CAMPAIGN_SK,대리키 (PK),
DIM_CAMPAIGN,캠페인 차원,1캠페인 (CAMPAIGN_SK),DIMENSION,SPNSR_DIV_CD,후원구분코드,VARCHAR,Y,,,후원구분 원천코드(CM035): 1=정기후원 · 2=일시후원. 코드id:CM035.,
DIM_CAMPAIGN,캠페인 차원,1캠페인 (CAMPAIGN_SK),DIMENSION,SPNSR_DIV_NM,후원구분명,VARCHAR,Y,,,후원구분명. 코드id:CM035.,
DIM_CAMPAIGN,캠페인 차원,1캠페인 (CAMPAIGN_SK),DIMENSION,CPR_DIV_CD,법인구분코드,VARCHAR,Y,,,CPR_DIV_CD. 코드id:CM019.,
DIM_CAMPAIGN,캠페인 차원,1캠페인 (CAMPAIGN_SK),DIMENSION,CPR_DIV_NM,법인구분명,VARCHAR,Y,,,법인구분명. 코드id:CM019.,
DIM_CAMPAIGN,캠페인 차원,1캠페인 (CAMPAIGN_SK),DIMENSION,CMMN_BRND,공통브랜드,VARCHAR,Y,,,"공통브랜드 원천코드(MM297, 14종). 코드id:MM297.",
DIM_CAMPAIGN,캠페인 차원,1캠페인 (CAMPAIGN_SK),DIMENSION,CMMN_BRND_NM,공통브랜드명,VARCHAR,Y,,,공통브랜드명. 코드id:MM297.,
DIM_CAMPAIGN,캠페인 차원,1캠페인 (CAMPAIGN_SK),DIMENSION,MKTG_UTM,마케팅 UTM,"NUMBER(38,0)",Y,,,마케팅 UTM 원천코드 (TC_MKTNG_DTL_CD U001 대응).,
DIM_CAMPAIGN,캠페인 차원,1캠페인 (CAMPAIGN_SK),DIMENSION,MKTG_UTM_NM,마케팅 UTM 라벨 (TC_MKTNG_DTL_CD U001 라벨),VARCHAR,Y,,,마케팅 UTM 라벨 (TC_MKTNG_DTL_CD U001 라벨).,
DIM_CAMPAIGN,캠페인 차원,1캠페인 (CAMPAIGN_SK),DIMENSION,MKTG_CHANNEL,마케팅 채널 원천코드 (TC_MKTNG_DTL_CD C002 대응),"NUMBER(38,0)",Y,,,마케팅 채널 원천코드 (TC_MKTNG_DTL_CD C002 대응).,
DIM_CAMPAIGN,캠페인 차원,1캠페인 (CAMPAIGN_SK),DIMENSION,MKTG_CHANNEL_NM,마케팅 채널명 (TC_MKTNG_DTL_CD C002 라벨),VARCHAR,Y,,,마케팅 채널명 (TC_MKTNG_DTL_CD C002 라벨).,
DIM_CAMPAIGN,캠페인 차원,1캠페인 (CAMPAIGN_SK),DIMENSION,DW_SOURCE_SYSTEM,원천 시스템 식별,VARCHAR,N,,,원천 시스템 식별 (공통감사),공통감사
DIM_CAMPAIGN,캠페인 차원,1캠페인 (CAMPAIGN_SK),DIMENSION,DW_LOAD_TS,최초 적재 시각,TIMESTAMP_NTZ,N,,,최초 적재 시각 (공통감사),공통감사
DIM_CAMPAIGN,캠페인 차원,1캠페인 (CAMPAIGN_SK),DIMENSION,DW_UPDATE_TS,최종 갱신 시각,TIMESTAMP_NTZ,Y,,,최종 갱신 시각 (공통감사),공통감사
DIM_CAMPAIGN,캠페인 차원,1캠페인 (CAMPAIGN_SK),DIMENSION,DW_BATCH_ID,적재 배치 식별자,VARCHAR,Y,,,적재 배치 식별자 = dbt invocation_id (공통감사),공통감사
DIM_DATE,날짜 차원,1일 (DATE_SK),DIMENSION,DATE_SK,YYYYMMDD,"NUMBER(8,0)",N,PK,,YYYYMMDD,
DIM_DATE,날짜 차원,1일 (DATE_SK),DIMENSION,FULL_DATE,실제 일자,DATE,Y,,,실제 일자,
DIM_DATE,날짜 차원,1일 (DATE_SK),DIMENSION,YEAR,년,"NUMBER(4,0)",Y,,,년,
DIM_DATE,날짜 차원,1일 (DATE_SK),DIMENSION,MONTH,월,"NUMBER(2,0)",Y,,,월,
DIM_DATE,날짜 차원,1일 (DATE_SK),DIMENSION,MONTH_KEY,YYYYMM (월팩트 conform),"NUMBER(6,0)",Y,,,YYYYMM (월팩트 conform),
DIM_DATE,날짜 차원,1일 (DATE_SK),DIMENSION,DAY,일,"NUMBER(2,0)",Y,,,일,
DIM_DATE,날짜 차원,1일 (DATE_SK),DIMENSION,DAY_OF_WEEK,요일,VARCHAR,Y,,,요일,
DIM_DATE,날짜 차원,1일 (DATE_SK),DIMENSION,WEEK_OF_YEAR,주차,"NUMBER(2,0)",Y,,,주차,
DIM_DATE,날짜 차원,1일 (DATE_SK),DIMENSION,QUARTER,분기,"NUMBER(1,0)",Y,,,분기,
DIM_DATE,날짜 차원,1일 (DATE_SK),DIMENSION,IS_HOLIDAY,휴일여부,BOOLEAN,Y,,,휴일여부,
DIM_DATE,날짜 차원,1일 (DATE_SK),DIMENSION,DW_SOURCE_SYSTEM,원천 시스템 식별,VARCHAR,N,,,원천 시스템 식별 (공통감사),공통감사
DIM_DATE,날짜 차원,1일 (DATE_SK),DIMENSION,DW_LOAD_TS,최초 적재 시각,TIMESTAMP_NTZ,N,,,최초 적재 시각 (공통감사),공통감사
DIM_DATE,날짜 차원,1일 (DATE_SK),DIMENSION,DW_UPDATE_TS,최종 갱신 시각,TIMESTAMP_NTZ,Y,,,최종 갱신 시각 (공통감사),공통감사
DIM_DATE,날짜 차원,1일 (DATE_SK),DIMENSION,DW_BATCH_ID,적재 배치 식별자,VARCHAR,Y,,,적재 배치 식별자 = dbt invocation_id (공통감사),공통감사
DIM_DEVICE,디바이스 차원,1디바이스 (DEVICE_SK),DIMENSION,DEVICE_SK,대리키,"NUMBER(38,0)",N,PK,,대리키 (PK),
DIM_DEVICE,디바이스 차원,1디바이스 (DEVICE_SK),DIMENSION,DEVICE_TYPE,기기 유형,VARCHAR,Y,,,DEVICE_TYPE.,
DIM_DEVICE,디바이스 차원,1디바이스 (DEVICE_SK),DIMENSION,DEVICE_SCOPE_DESC,멤버 의미 자기설명,VARCHAR,Y,,,멤버 의미 자기설명(DEC.,
DIM_DEVICE,디바이스 차원,1디바이스 (DEVICE_SK),DIMENSION,DW_SOURCE_SYSTEM,원천 시스템 식별,VARCHAR,N,,,원천 시스템 식별 (공통감사),공통감사
DIM_DEVICE,디바이스 차원,1디바이스 (DEVICE_SK),DIMENSION,DW_LOAD_TS,최초 적재 시각,TIMESTAMP_NTZ,N,,,최초 적재 시각 (공통감사),공통감사
DIM_DEVICE,디바이스 차원,1디바이스 (DEVICE_SK),DIMENSION,DW_UPDATE_TS,최종 갱신 시각,TIMESTAMP_NTZ,Y,,,최종 갱신 시각 (공통감사),공통감사
DIM_DEVICE,디바이스 차원,1디바이스 (DEVICE_SK),DIMENSION,DW_BATCH_ID,적재 배치 식별자,VARCHAR,Y,,,적재 배치 식별자 = dbt invocation_id (공통감사),공통감사
DIM_EVENT,행사/이벤트 차원,1행사 (EVENT_SK),DIMENSION,EVENT_SK,행사 대리키,"NUMBER(38,0)",N,PK,,"행사 대리키 (ETL 일련번호, PK)",
DIM_EVENT,행사/이벤트 차원,1행사 (EVENT_SK),DIMENSION,EVENT_BK,"행사 업무키(BK, 자연키)",VARCHAR,N,BK,,"행사 업무키(BK, 자연키)",
DIM_EVENT,행사/이벤트 차원,1행사 (EVENT_SK),DIMENSION,EVENT_KIND,행사 종류,VARCHAR,Y,,,EVENT_KIND.,
DIM_EVENT,행사/이벤트 차원,1행사 (EVENT_SK),DIMENSION,EVENT_KIND_NAME,행사종류명(라벨),VARCHAR,Y,,,행사종류명(라벨). EVENT→일반행사·CRMN→캠페인행사.,
DIM_EVENT,행사/이벤트 차원,1행사 (EVENT_SK),DIMENSION,EVENT_CATEGORY,이벤트 카테고리,VARCHAR,Y,,,행사구분,
DIM_EVENT,행사/이벤트 차원,1행사 (EVENT_SK),DIMENSION,EVENT_NAME,행사명/이벤트명,VARCHAR,Y,,,행사명,
DIM_EVENT,행사/이벤트 차원,1행사 (EVENT_SK),DIMENSION,EVENT_START_DATE,행사 시작일,DATE,Y,,,행사기간 시작(05 3-6),
DIM_EVENT,행사/이벤트 차원,1행사 (EVENT_SK),DIMENSION,EVENT_END_DATE,행사 종료일,DATE,Y,,,행사기간 종료(05 3-6),
DIM_EVENT,행사/이벤트 차원,1행사 (EVENT_SK),DIMENSION,APPLY_CHANNEL,신청경로,VARCHAR,Y,,,신청경로,
DIM_EVENT,행사/이벤트 차원,1행사 (EVENT_SK),DIMENSION,RECRUIT_HEADCOUNT,RECRUIT_HEADCOUNT,"NUMBER(38,0)",Y,,,[DEC.,
DIM_EVENT,행사/이벤트 차원,1행사 (EVENT_SK),DIMENSION,DW_SOURCE_SYSTEM,원천 시스템 식별,VARCHAR,N,,,원천 시스템 식별 (공통감사),공통감사
DIM_EVENT,행사/이벤트 차원,1행사 (EVENT_SK),DIMENSION,DW_LOAD_TS,최초 적재 시각,TIMESTAMP_NTZ,N,,,최초 적재 시각 (공통감사),공통감사
DIM_EVENT,행사/이벤트 차원,1행사 (EVENT_SK),DIMENSION,DW_UPDATE_TS,최종 갱신 시각,TIMESTAMP_NTZ,Y,,,최종 갱신 시각 (공통감사),공통감사
DIM_EVENT,행사/이벤트 차원,1행사 (EVENT_SK),DIMENSION,DW_BATCH_ID,적재 배치 식별자,VARCHAR,Y,,,적재 배치 식별자 = dbt invocation_id (공통감사),공통감사
DIM_EVENT,행사/이벤트 차원,1행사 (EVENT_SK),DIMENSION,EVENT_CATEGORY_GROUP,행사 카테고리 그룹,VARCHAR,Y,,,EVENT_CATEGORY_GROUP. 코드id:MS286.,
DIM_EVENT,행사/이벤트 차원,1행사 (EVENT_SK),DIMENSION,EVENT_CATEGORY_NAME,행사 카테고리명,VARCHAR,Y,,,EVENT_CATEGORY_NAME.,
DIM_MARKETING_CAMPAIGN,마케팅캠페인 차원,1마케팅캠페인 (MARKETING_CAMPAIGN_SK),DIMENSION,MKTG_CAMPAIGN_SK,대리키,"NUMBER(38,0)",N,PK,,대리키 (PK),
DIM_MARKETING_CAMPAIGN,마케팅캠페인 차원,1마케팅캠페인 (MARKETING_CAMPAIGN_SK),DIMENSION,MKTG_CAMPAIGN_BK,MKTG_CAMPAIGN_BK,VARCHAR,Y,BK,,MKTG_CAMPAIGN_BK.,
DIM_MARKETING_CAMPAIGN,마케팅캠페인 차원,1마케팅캠페인 (MARKETING_CAMPAIGN_SK),DIMENSION,MKTG_CAMPAIGN_NAME,마케팅캠페인명,VARCHAR,Y,,,마케팅캠페인명.,
DIM_MARKETING_CAMPAIGN,마케팅캠페인 차원,1마케팅캠페인 (MARKETING_CAMPAIGN_SK),DIMENSION,USE_YN,사용여부 Y/N,VARCHAR,Y,,,"사용여부 Y/N. 고유값:Y,N",
DIM_MARKETING_CAMPAIGN,마케팅캠페인 차원,1마케팅캠페인 (MARKETING_CAMPAIGN_SK),DIMENSION,DEV_CAMPAIGN_CNT,DEV_CAMPAIGN_CNT,"NUMBER(38,0)",Y,,,DEV_CAMPAIGN_CNT.,
DIM_MARKETING_CAMPAIGN,마케팅캠페인 차원,1마케팅캠페인 (MARKETING_CAMPAIGN_SK),DIMENSION,DW_SOURCE_SYSTEM,원천 시스템 식별,VARCHAR,N,,,원천 시스템 식별 (공통감사),공통감사
DIM_MARKETING_CAMPAIGN,마케팅캠페인 차원,1마케팅캠페인 (MARKETING_CAMPAIGN_SK),DIMENSION,DW_LOAD_TS,최초 적재 시각,TIMESTAMP_NTZ,N,,,최초 적재 시각 (공통감사),공통감사
DIM_MARKETING_CAMPAIGN,마케팅캠페인 차원,1마케팅캠페인 (MARKETING_CAMPAIGN_SK),DIMENSION,DW_UPDATE_TS,최종 갱신 시각,TIMESTAMP_NTZ,Y,,,최종 갱신 시각 (공통감사),공통감사
DIM_MARKETING_CAMPAIGN,마케팅캠페인 차원,1마케팅캠페인 (MARKETING_CAMPAIGN_SK),DIMENSION,DW_BATCH_ID,적재 배치 식별자,VARCHAR,Y,,,적재 배치 식별자 = dbt invocation_id (공통감사),공통감사
DIM_MEMBER,회원 차원,"회원 × 상태버전 (SCD2, MEMBER_SK)",DIMENSION,MEMBER_SK,대리키,"NUMBER(38,0)",N,,,대리키 (PK),
DIM_MEMBER,회원 차원,"회원 × 상태버전 (SCD2, MEMBER_SK)",DIMENSION,MEMBER_DK,불변 비즈니스 식별자,VARCHAR,N,PK,,불변 비즈니스 식별자,"SCD2 다중버전 — FK 대상 불가, 현재행 경유 조인; [실측06-30]VARCHAR(10): 일시 비숫자·정기 leading-zero→NUMBER 금지·충돌0 접두불요"
DIM_MEMBER,회원 차원,"회원 × 상태버전 (SCD2, MEMBER_SK)",DIMENSION,MEMBER_TYPE,회원 **등록계통** 구분,VARCHAR,Y,,,회원 **등록계통** 구분. 코드id:MM010.,
DIM_MEMBER,회원 차원,"회원 × 상태버전 (SCD2, MEMBER_SK)",DIMENSION,SEX,성별 원천코드 raw,VARCHAR,Y,,,성별 원천코드 raw. 코드id:CM013,
DIM_MEMBER,회원 차원,"회원 × 상태버전 (SCD2, MEMBER_SK)",DIMENSION,SEX_NM,성별 원천 라벨,VARCHAR,Y,,,성별 원천 라벨. 코드id:CM013,
DIM_MEMBER,회원 차원,"회원 × 상태버전 (SCD2, MEMBER_SK)",DIMENSION,GENDER_NAME,성별,VARCHAR,Y,,,"성별 (#130). 고유값:남자,여자,기타,단체,기업",
DIM_MEMBER,회원 차원,"회원 × 상태버전 (SCD2, MEMBER_SK)",DIMENSION,MBER_STAT_CD,회원상태 원천코드 raw,VARCHAR,Y,,,회원상태 원천코드 raw (#132). 코드id:MM010,
DIM_MEMBER,회원 차원,"회원 × 상태버전 (SCD2, MEMBER_SK)",DIMENSION,MEMBER_STATUS_NAME,회원상태명 (라벨),VARCHAR,Y,,,회원상태명 (라벨). 코드id:MM010,
DIM_MEMBER,회원 차원,"회원 × 상태버전 (SCD2, MEMBER_SK)",DIMENSION,MEMBER_STATUS_GROUP,MEMBER_STATUS_GROUP,VARCHAR,Y,,,MEMBER_STATUS_GROUP. 코드id:MM010.,
DIM_MEMBER,회원 차원,"회원 × 상태버전 (SCD2, MEMBER_SK)",DIMENSION,MBER_DIV_CD,회원구분 원천코드 raw,VARCHAR,Y,,,회원구분 원천코드 raw. 코드id:MM018,
DIM_MEMBER,회원 차원,"회원 × 상태버전 (SCD2, MEMBER_SK)",DIMENSION,MEMBER_TYPE_NAME,회원구분명 (라벨),VARCHAR,Y,,,"회원구분명 (라벨). 고유값:개인,기업,단체",
DIM_MEMBER,회원 차원,"회원 × 상태버전 (SCD2, MEMBER_SK)",DIMENSION,JOIN_PATH_CD,가입경로코드,VARCHAR,Y,,,가입경로코드. 코드id:MM014,
DIM_MEMBER,회원 차원,"회원 × 상태버전 (SCD2, MEMBER_SK)",DIMENSION,ENROLL_PATH_NAME,ENROLL_PATH_NAME,VARCHAR,Y,,,ENROLL_PATH_NAME. 코드id:MM014. [사유:원천 부재],
DIM_MEMBER,회원 차원,"회원 × 상태버전 (SCD2, MEMBER_SK)",DIMENSION,FIRST_JOIN_DATE,최초가입일 = 회원번호 생성일(정본 공),DATE,Y,,,최초가입일 = 회원번호 생성일(정본 공#28) (#28).,
DIM_MEMBER,회원 차원,"회원 × 상태버전 (SCD2, MEMBER_SK)",DIMENSION,FIRST_CAMPAIGN,최초캠페인(정본 공),VARCHAR,Y,,,최초캠페인(정본 공#29) (#29).,
DIM_MEMBER,회원 차원,"회원 × 상태버전 (SCD2, MEMBER_SK)",DIMENSION,REGION,지역,VARCHAR,Y,,,지역 (#131). 코드id:CM018,
DIM_MEMBER,회원 차원,"회원 × 상태버전 (SCD2, MEMBER_SK)",DIMENSION,AGE_BAND,연령대,VARCHAR,Y,,,연령대. 코드id:CM014,
DIM_MEMBER,회원 차원,"회원 × 상태버전 (SCD2, MEMBER_SK)",DIMENSION,FIRST_SPONSORSHIP,FIRST_SPONSORSHIP,VARCHAR,Y,,,FIRST_SPONSORSHIP.,
DIM_MEMBER,회원 차원,"회원 × 상태버전 (SCD2, MEMBER_SK)",DIMENSION,LAST_STOP_DATE,LAST_STOP_DATE,DATE,Y,,,LAST_STOP_DATE.,
DIM_MEMBER,회원 차원,"회원 × 상태버전 (SCD2, MEMBER_SK)",DIMENSION,EFFECTIVE_FROM,SCD2 유효 시작 시각,DATE,Y,,,SCD2 유효 시작 시각.,
DIM_MEMBER,회원 차원,"회원 × 상태버전 (SCD2, MEMBER_SK)",DIMENSION,DW_SOURCE_SYSTEM,원천 시스템 식별,VARCHAR,N,,,원천 시스템 식별 (공통감사),공통감사
DIM_MEMBER,회원 차원,"회원 × 상태버전 (SCD2, MEMBER_SK)",DIMENSION,DW_LOAD_TS,최초 적재 시각,TIMESTAMP_NTZ,N,,,최초 적재 시각(공통감사). 업무 축이 아니다.,공통감사
DIM_MEMBER,회원 차원,"회원 × 상태버전 (SCD2, MEMBER_SK)",DIMENSION,DW_UPDATE_TS,최종 갱신 시각,TIMESTAMP_NTZ,Y,,,최종 갱신 시각 (공통감사),공통감사
DIM_MEMBER,회원 차원,"회원 × 상태버전 (SCD2, MEMBER_SK)",DIMENSION,DW_BATCH_ID,적재 배치 식별자,VARCHAR,Y,,,적재 배치 식별자 = dbt invocation_id (공통감사),공통감사
DIM_MEMBER_ACQUISITION,회원 획득 귀속 차원,1회원 획득시점 (MEMBER_DK),DIMENSION,MEMBER_DK,불변 비즈니스 식별자,VARCHAR,N,PK,,불변 비즈니스 식별자,
DIM_MEMBER_ACQUISITION,회원 획득 귀속 차원,1회원 획득시점 (MEMBER_DK),DIMENSION,ACQ_CAMPAIGN_SK,대리키,"NUMBER(38,0)",Y,,,대리키 (PK),
DIM_MEMBER_ACQUISITION,회원 획득 귀속 차원,1회원 획득시점 (MEMBER_DK),DIMENSION,ACQ_ORG_SK,대리키,"NUMBER(38,0)",Y,,,대리키 (PK),
DIM_MEMBER_ACQUISITION,회원 획득 귀속 차원,1회원 획득시점 (MEMBER_DK),DIMENSION,ACQ_SPONSORSHIP_SK,대리키,"NUMBER(38,0)",Y,,,대리키 (PK),
DIM_MEMBER_ACQUISITION,회원 획득 귀속 차원,1회원 획득시점 (MEMBER_DK),DIMENSION,ACQ_DATE_SK,대리키,"NUMBER(8,0)",Y,,,대리키 (PK),
DIM_MEMBER_ACQUISITION,회원 획득 귀속 차원,1회원 획득시점 (MEMBER_DK),DIMENSION,ACQ_BASIS,ACQ_BASIS,VARCHAR,Y,,,ACQ_BASIS. 코드id:MM015.,
DIM_MEMBER_ACQUISITION,회원 획득 귀속 차원,1회원 획득시점 (MEMBER_DK),DIMENSION,ACQ_DVLP_DIV_CD,ACQ_DVLP_DIV_CD,VARCHAR,Y,,,ACQ_DVLP_DIV_CD. 코드id:MM015.,
DIM_MEMBER_ACQUISITION,회원 획득 귀속 차원,1회원 획득시점 (MEMBER_DK),DIMENSION,ACQ_AGE_CD,ACQ_AGE_CD,"NUMBER(2,0)",Y,,,ACQ_AGE_CD. 코드id:CM014.,
DIM_MEMBER_ACQUISITION,회원 획득 귀속 차원,1회원 획득시점 (MEMBER_DK),DIMENSION,ACQ_AGE_BAND,획득 시점 연령대명,VARCHAR,Y,,,"획득 시점 연령대명(CM014 라벨, 사전 조인. 코드id:CM014. [사유:부서차원 산출불가]",
DIM_MEMBER_ACQUISITION,회원 획득 귀속 차원,1회원 획득시점 (MEMBER_DK),DIMENSION,ACQ_AREA_CD,ACQ_AREA_CD,VARCHAR,Y,,,ACQ_AREA_CD. 코드id:CM018.,
DIM_MEMBER_ACQUISITION,회원 획득 귀속 차원,1회원 획득시점 (MEMBER_DK),DIMENSION,ACQ_REGION,ACQ_REGION,VARCHAR,Y,,,ACQ_REGION (#131). 코드id:CM018.,
DIM_MEMBER_ACQUISITION,회원 획득 귀속 차원,1회원 획득시점 (MEMBER_DK),DIMENSION,ACQ_SEX_CD,ACQ_SEX_CD,VARCHAR,Y,,,ACQ_SEX_CD. 코드id:CM013.,
DIM_MEMBER_ACQUISITION,회원 획득 귀속 차원,1회원 획득시점 (MEMBER_DK),DIMENSION,ACQ_GENDER,ACQ_GENDER,VARCHAR,Y,,,ACQ_GENDER. 코드id:CM013.,
DIM_MEMBER_ACQUISITION,회원 획득 귀속 차원,1회원 획득시점 (MEMBER_DK),DIMENSION,ACQ_SPNSR_AMT,ACQ_SPNSR_AMT,"NUMBER(18,0)",Y,,,ACQ_SPNSR_AMT (#38).,
DIM_MEMBER_ACQUISITION,회원 획득 귀속 차원,1회원 획득시점 (MEMBER_DK),DIMENSION,ACQ_BRAND,획득 캠페인의 브랜드,VARCHAR,Y,,,획득 캠페인의 브랜드.,
DIM_MEMBER_ACQUISITION,회원 획득 귀속 차원,1회원 획득시점 (MEMBER_DK),DIMENSION,ACQ_CAMPAIGN_NAME,현재 최신 캠페인명 (Master 실시간 조인 · MSTR 대조용),VARCHAR,Y,,,현재 최신 캠페인명 (Master 실시간 조인 · MSTR 대조용).,
DIM_MEMBER_ACQUISITION,회원 획득 귀속 차원,1회원 획득시점 (MEMBER_DK),DIMENSION,ACQ_PARENT_CAMPAIGN_NAME,획득 캠페인의 **상위캠페인**명,VARCHAR,Y,,,획득 캠페인의 **상위캠페인**명. 코드id:MM294.,
DIM_MEMBER_ACQUISITION,회원 획득 귀속 차원,1회원 획득시점 (MEMBER_DK),DIMENSION,ACQ_PROMO_METHOD_NAME,획득 캠페인의 홍보방법명,VARCHAR,Y,,,획득 캠페인의 홍보방법명. 코드그룹 **CM008(홍보방법)**. 코드id:CM008.,
DIM_MEMBER_ACQUISITION,회원 획득 귀속 차원,1회원 획득시점 (MEMBER_DK),DIMENSION,ACQ_MARKETING_CAMPAIGN,획득 캠페인의 마케팅캠페인,VARCHAR,Y,,,획득 캠페인의 마케팅캠페인.,
DIM_MEMBER_ACQUISITION,회원 획득 귀속 차원,1회원 획득시점 (MEMBER_DK),DIMENSION,ACQ_DEPARTMENT,현재 최신 부서명 (Master 실시간 조인 · MSTR 대조용),VARCHAR,Y,,,현재 최신 부서명 (Master 실시간 조인 · MSTR 대조용).,
DIM_MEMBER_ACQUISITION,회원 획득 귀속 차원,1회원 획득시점 (MEMBER_DK),DIMENSION,ACQ_SPONSORSHIP_NAME,ACQ_SPONSORSHIP_NAME,VARCHAR,Y,,,ACQ_SPONSORSHIP_NAME (#123).,
DIM_MEMBER_ACQUISITION,회원 획득 귀속 차원,1회원 획득시점 (MEMBER_DK),DIMENSION,ACQ_INFLOW_PATH,획득 캠페인의 모집 채널명(MM293 라벨),VARCHAR,Y,,,획득 캠페인의 모집 채널명(MM293 라벨). 코드id:MM293.,
DIM_MEMBER_ACQUISITION,회원 획득 귀속 차원,1회원 획득시점 (MEMBER_DK),DIMENSION,ACQ_CAMPAIGN_TYPE,획득 캠페인의 카테고리 라벨(MM294),VARCHAR,Y,,,획득 캠페인의 카테고리 라벨(MM294). 코드id:MM294.,
DIM_MEMBER_ACQUISITION,회원 획득 귀속 차원,1회원 획득시점 (MEMBER_DK),DIMENSION,ACQ_DOMESTIC_OVERSEAS,ACQ_DOMESTIC_OVERSEAS,VARCHAR,Y,,,ACQ_DOMESTIC_OVERSEAS. 코드id:MM295.,
DIM_MEMBER_ACQUISITION,회원 획득 귀속 차원,1회원 획득시점 (MEMBER_DK),DIMENSION,ACQ_BIZ_CASE_TYPE,ACQ_BIZ_CASE_TYPE,VARCHAR,Y,,,ACQ_BIZ_CASE_TYPE. 코드id:MM296.,
DIM_MEMBER_ACQUISITION,회원 획득 귀속 차원,1회원 획득시점 (MEMBER_DK),DIMENSION,ACQ_CMMN_BRND_NM,획득 캠페인의 공통브랜드명(MM297 라벨),VARCHAR,Y,,,획득 캠페인의 공통브랜드명(MM297 라벨). 코드id:MM297.,
DIM_MEMBER_ACQUISITION,회원 획득 귀속 차원,1회원 획득시점 (MEMBER_DK),DIMENSION,ACQ_MKTG_UTM_NM,ACQ_MKTG_UTM_NM,VARCHAR,Y,,,ACQ_MKTG_UTM_NM.,
DIM_MEMBER_ACQUISITION,회원 획득 귀속 차원,1회원 획득시점 (MEMBER_DK),DIMENSION,ACQ_SPNSR_DIV_NM,획득 캠페인의 후원구분명(CM035 라벨: 정기후원/일시후원),VARCHAR,Y,,,획득 캠페인의 후원구분명(CM035 라벨: 정기후원/일시후원). 코드id:CM035.,
DIM_MEMBER_ACQUISITION,회원 획득 귀속 차원,1회원 획득시점 (MEMBER_DK),DIMENSION,ACQ_CPR_DIV_NM,획득 캠페인의 법인구분명(CM019 라벨: 통합/사단/사복),VARCHAR,Y,,,획득 캠페인의 법인구분명(CM019 라벨: 통합/사단/사복). 코드id:CM019.,
DIM_MEMBER_ACQUISITION,회원 획득 귀속 차원,1회원 획득시점 (MEMBER_DK),DIMENSION,FIRST_STOP_DATE_SK,대리키,"NUMBER(8,0)",Y,,,대리키 (PK),
DIM_MEMBER_ACQUISITION,회원 획득 귀속 차원,1회원 획득시점 (MEMBER_DK),DIMENSION,FIRST_STOP_REASON_NM,FIRST_STOP_REASON_NM,VARCHAR,Y,,,FIRST_STOP_REASON_NM. 코드id:MM005.,
DIM_MEMBER_ACQUISITION,회원 획득 귀속 차원,1회원 획득시점 (MEMBER_DK),DIMENSION,TENURE_DAYS,유지기간(일) = 최초 중단일 − 획득일,"NUMBER(9,0)",Y,,,유지기간(일) = 최초 중단일 − 획득일.,
DIM_MEMBER_ACQUISITION,회원 획득 귀속 차원,1회원 획득시점 (MEMBER_DK),DIMENSION,IS_12M_OBSERVABLE,IS_12M_OBSERVABLE,BOOLEAN,Y,,,IS_12M_OBSERVABLE.,
DIM_MEMBER_ACQUISITION,회원 획득 귀속 차원,1회원 획득시점 (MEMBER_DK),DIMENSION,DW_SOURCE_SYSTEM,원천 시스템 식별,VARCHAR,N,,,원천 시스템 식별 (공통감사),공통감사
DIM_MEMBER_ACQUISITION,회원 획득 귀속 차원,1회원 획득시점 (MEMBER_DK),DIMENSION,DW_LOAD_TS,최초 적재 시각,TIMESTAMP_NTZ,N,,,최초 적재 시각 (공통감사),공통감사
DIM_MEMBER_ACQUISITION,회원 획득 귀속 차원,1회원 획득시점 (MEMBER_DK),DIMENSION,DW_UPDATE_TS,최종 갱신 시각,TIMESTAMP_NTZ,Y,,,최종 갱신 시각 (공통감사),공통감사
DIM_MEMBER_ACQUISITION,회원 획득 귀속 차원,1회원 획득시점 (MEMBER_DK),DIMENSION,DW_BATCH_ID,적재 배치 식별자,VARCHAR,Y,,,적재 배치 식별자 = dbt invocation_id (공통감사),공통감사
DIM_MEMBER_IDENTITY,회원 신원 브리지 차원,MEMBER_DK × BigQuery member_id (1신원브리지),DIMENSION,IDENTITY_SK,회원 식별 대리키,"NUMBER(38,0)",N,PK,,"회원 식별 대리키 (ETL 일련번호, PK)",
DIM_MEMBER_IDENTITY,회원 신원 브리지 차원,MEMBER_DK × BigQuery member_id (1신원브리지),DIMENSION,MEMBER_DK,불변 회원키,VARCHAR,N,"DK,FK",DIM_MEMBER(MEMBER_DK) ※비강제(SCD2/비유일),불변 회원키,SCD2 다중버전 — 현재행(IS_CURRENT) 경유 조인(중복 주의); [실측06-30]VARCHAR(10)
DIM_MEMBER_IDENTITY,회원 신원 브리지 차원,MEMBER_DK × BigQuery member_id (1신원브리지),DIMENSION,MEMBER_NO,회원번호,VARCHAR,N,,,회원번호(#110),
DIM_MEMBER_IDENTITY,회원 신원 브리지 차원,MEMBER_DK × BigQuery member_id (1신원브리지),DIMENSION,MEMNUM,memnum,VARCHAR,Y,,,memnum (#111).,
DIM_MEMBER_IDENTITY,회원 신원 브리지 차원,MEMBER_DK × BigQuery member_id (1신원브리지),DIMENSION,BIGQUERY_MEMBER_ID,BigQuery 회원 ID,VARCHAR,Y,,,BigQuery member id(#112),
DIM_MEMBER_IDENTITY,회원 신원 브리지 차원,MEMBER_DK × BigQuery member_id (1신원브리지),DIMENSION,HOMEPAGE_ID,HOMEPAGE_ID,VARCHAR,Y,,,HOMEPAGE_ID.,
DIM_MEMBER_IDENTITY,회원 신원 브리지 차원,MEMBER_DK × BigQuery member_id (1신원브리지),DIMENSION,CHILD_CODE,결연아동코드(URL 파싱),VARCHAR,Y,,,"결연아동코드(#122, URL 파싱) (#122).",
DIM_MEMBER_IDENTITY,회원 신원 브리지 차원,MEMBER_DK × BigQuery member_id (1신원브리지),DIMENSION,DW_SOURCE_SYSTEM,원천 시스템 식별,VARCHAR,N,,,원천 시스템 식별 (공통감사),공통감사
DIM_MEMBER_IDENTITY,회원 신원 브리지 차원,MEMBER_DK × BigQuery member_id (1신원브리지),DIMENSION,DW_LOAD_TS,최초 적재 시각,TIMESTAMP_NTZ,N,,,최초 적재 시각 (공통감사),공통감사
DIM_MEMBER_IDENTITY,회원 신원 브리지 차원,MEMBER_DK × BigQuery member_id (1신원브리지),DIMENSION,DW_UPDATE_TS,최종 갱신 시각,TIMESTAMP_NTZ,Y,,,최종 갱신 시각 (공통감사),공통감사
DIM_MEMBER_IDENTITY,회원 신원 브리지 차원,MEMBER_DK × BigQuery member_id (1신원브리지),DIMENSION,DW_BATCH_ID,적재 배치 식별자,VARCHAR,Y,,,적재 배치 식별자 = dbt invocation_id (공통감사),공통감사
DIM_MEMBER_STATUS_HISTORY,회원 상태전이 이력 차원,"1회원상태버전, SCD2",DIMENSION,MEMBER_SK,버전 대리키,"NUMBER(38,0)",N,PK,,버전 대리키,
DIM_MEMBER_STATUS_HISTORY,회원 상태전이 이력 차원,"1회원상태버전, SCD2",DIMENSION,MEMBER_DK,불변 회원키,VARCHAR,N,DK,,불변 회원키(조인용),
DIM_MEMBER_STATUS_HISTORY,회원 상태전이 이력 차원,"1회원상태버전, SCD2",DIMENSION,SEX,성별 원천코드 raw,VARCHAR,Y,,,성별 원천코드 raw. 코드id:CM013,
DIM_MEMBER_STATUS_HISTORY,회원 상태전이 이력 차원,"1회원상태버전, SCD2",DIMENSION,SEX_NM,성별 원천 라벨,VARCHAR,Y,,,성별 원천 라벨. 코드id:CM013,
DIM_MEMBER_STATUS_HISTORY,회원 상태전이 이력 차원,"1회원상태버전, SCD2",DIMENSION,GENDER_NAME,성별,VARCHAR,Y,,,"성별 (#130). 고유값:남자,여자,기타,단체,기업",
DIM_MEMBER_STATUS_HISTORY,회원 상태전이 이력 차원,"1회원상태버전, SCD2",DIMENSION,AREA_CD,지역 코드 raw,VARCHAR,Y,,,지역 코드 raw. 코드id:CM018,
DIM_MEMBER_STATUS_HISTORY,회원 상태전이 이력 차원,"1회원상태버전, SCD2",DIMENSION,REGION,지역,VARCHAR,Y,,,지역 (#131). 코드id:CM018,
DIM_MEMBER_STATUS_HISTORY,회원 상태전이 이력 차원,"1회원상태버전, SCD2",DIMENSION,AGE,연령대 코드 raw,"NUMBER(2,0)",Y,,,연령대 코드 raw. 코드id:CM014,
DIM_MEMBER_STATUS_HISTORY,회원 상태전이 이력 차원,"1회원상태버전, SCD2",DIMENSION,AGE_BAND,연령대,VARCHAR,Y,,,연령대. 코드id:CM014,
DIM_MEMBER_STATUS_HISTORY,회원 상태전이 이력 차원,"1회원상태버전, SCD2",DIMENSION,MBER_STAT_CD,회원상태 원천코드 raw,VARCHAR,Y,,,회원상태 원천코드 raw (#132). 코드id:MM010,
DIM_MEMBER_STATUS_HISTORY,회원 상태전이 이력 차원,"1회원상태버전, SCD2",DIMENSION,MBER_DIV_CD,회원구분 원천코드 raw,VARCHAR,Y,,,회원구분 원천코드 raw. 코드id:MM018,
DIM_MEMBER_STATUS_HISTORY,회원 상태전이 이력 차원,"1회원상태버전, SCD2",DIMENSION,MEMBER_TYPE_NAME,회원구분명 (라벨),VARCHAR,Y,,,"회원구분명 (라벨). 고유값:개인,기업,단체",
DIM_MEMBER_STATUS_HISTORY,회원 상태전이 이력 차원,"1회원상태버전, SCD2",DIMENSION,MEMBER_STATUS_NAME,회원상태명 (라벨),VARCHAR,Y,,,회원상태명 (라벨). 코드id:MM010,
DIM_MEMBER_STATUS_HISTORY,회원 상태전이 이력 차원,"1회원상태버전, SCD2",DIMENSION,MEMBER_STATUS_GROUP,MEMBER_STATUS_GROUP,VARCHAR,Y,,,MEMBER_STATUS_GROUP. 코드id:MM010.,
DIM_MEMBER_STATUS_HISTORY,회원 상태전이 이력 차원,"1회원상태버전, SCD2",DIMENSION,PREV_MBER_STAT_CD,상태전이 **이전상태** 코드 raw,VARCHAR,Y,,,상태전이 **이전상태** 코드 raw. 코드id:MM010.,
DIM_MEMBER_STATUS_HISTORY,회원 상태전이 이력 차원,"1회원상태버전, SCD2",DIMENSION,PREV_MEMBER_STATUS_NAME,이전상태 라벨,VARCHAR,Y,,,이전상태 라벨. 코드id:MM010.,
DIM_MEMBER_STATUS_HISTORY,회원 상태전이 이력 차원,"1회원상태버전, SCD2",DIMENSION,FIRST_JOIN_DATE,최초가입일=회원번호 생성일,DATE,Y,,,최초가입일=회원번호 생성일(#28),
DIM_MEMBER_STATUS_HISTORY,회원 상태전이 이력 차원,"1회원상태버전, SCD2",DIMENSION,FIRST_CAMPAIGN,최초캠페인,VARCHAR,Y,,,최초캠페인(#29),
DIM_MEMBER_STATUS_HISTORY,회원 상태전이 이력 차원,"1회원상태버전, SCD2",DIMENSION,JOIN_PATH_CD,가입경로코드,VARCHAR,Y,,,가입경로코드. 코드id:MM014,
DIM_MEMBER_STATUS_HISTORY,회원 상태전이 이력 차원,"1회원상태버전, SCD2",DIMENSION,ENROLL_PATH_NAME,ENROLL_PATH_NAME,VARCHAR,Y,,,ENROLL_PATH_NAME. 코드id:MM014. [사유:원천 부재],
DIM_MEMBER_STATUS_HISTORY,회원 상태전이 이력 차원,"1회원상태버전, SCD2",DIMENSION,FIRST_SPONSORSHIP,최초 후원사업,VARCHAR,Y,,,최초 후원사업.,
DIM_MEMBER_STATUS_HISTORY,회원 상태전이 이력 차원,"1회원상태버전, SCD2",DIMENSION,LAST_STOP_DATE,최종 중단일,DATE,Y,,,최종 중단일.,
DIM_MEMBER_STATUS_HISTORY,회원 상태전이 이력 차원,"1회원상태버전, SCD2",DIMENSION,EFFECTIVE_FROM,SCD2 유효시작,DATE,Y,,,SCD2 유효시작.,
DIM_MEMBER_STATUS_HISTORY,회원 상태전이 이력 차원,"1회원상태버전, SCD2",DIMENSION,EFFECTIVE_TO,SCD2 유효종료,DATE,Y,,,SCD2 유효종료.,
DIM_MEMBER_STATUS_HISTORY,회원 상태전이 이력 차원,"1회원상태버전, SCD2",DIMENSION,IS_CURRENT,현재행 여부,BOOLEAN,Y,,,현재행 여부,
DIM_MEMBER_STATUS_HISTORY,회원 상태전이 이력 차원,"1회원상태버전, SCD2",DIMENSION,DW_SOURCE_SYSTEM,원천 시스템 식별,VARCHAR,N,,,원천 시스템 식별 (공통감사),공통감사
DIM_MEMBER_STATUS_HISTORY,회원 상태전이 이력 차원,"1회원상태버전, SCD2",DIMENSION,DW_LOAD_TS,최초 적재 시각,TIMESTAMP_NTZ,N,,,최초 적재 시각 (공통감사),공통감사
DIM_MEMBER_STATUS_HISTORY,회원 상태전이 이력 차원,"1회원상태버전, SCD2",DIMENSION,DW_UPDATE_TS,최종 갱신 시각,TIMESTAMP_NTZ,Y,,,최종 갱신 시각 (공통감사),공통감사
DIM_MEMBER_STATUS_HISTORY,회원 상태전이 이력 차원,"1회원상태버전, SCD2",DIMENSION,DW_BATCH_ID,적재 배치 식별자,VARCHAR,Y,,,적재 배치 식별자 = dbt invocation_id (공통감사),공통감사
DIM_MEMBER_STATUS_HISTORY,회원 상태전이 이력 차원,"1회원상태버전, SCD2",DIMENSION,MEMBER_TYPE,회원 등록계통 구분,VARCHAR,Y,,,회원 등록계통 구분. 코드id:MM010.,
DIM_MONTH,월 차원,1개월 (MONTH_KEY),DIMENSION,MONTH_KEY,월 conform 키 YYYYMM,"NUMBER(6,0)",N,PK,,월 conform 키 YYYYMM.,
DIM_MONTH,월 차원,1개월 (MONTH_KEY),DIMENSION,YEAR,연도,"NUMBER(4,0)",Y,,,연도.,
DIM_MONTH,월 차원,1개월 (MONTH_KEY),DIMENSION,MONTH,월 (1~12),"NUMBER(2,0)",Y,,,월 (1~12).,
DIM_MONTH,월 차원,1개월 (MONTH_KEY),DIMENSION,QUARTER,분기 (1~4),"NUMBER(1,0)",Y,,,분기 (1~4).,
DIM_MONTH,월 차원,1개월 (MONTH_KEY),DIMENSION,DW_SOURCE_SYSTEM,원천 시스템 식별,VARCHAR,N,,,원천 시스템 식별 (공통감사),공통감사
DIM_MONTH,월 차원,1개월 (MONTH_KEY),DIMENSION,DW_LOAD_TS,최초 적재 시각,TIMESTAMP_NTZ,N,,,최초 적재 시각 (공통감사),공통감사
DIM_MONTH,월 차원,1개월 (MONTH_KEY),DIMENSION,DW_UPDATE_TS,최종 갱신 시각,TIMESTAMP_NTZ,Y,,,최종 갱신 시각 (공통감사),공통감사
DIM_MONTH,월 차원,1개월 (MONTH_KEY),DIMENSION,DW_BATCH_ID,적재 배치 식별자,VARCHAR,Y,,,적재 배치 식별자 = dbt invocation_id (공통감사),공통감사
DIM_ORG,조직 차원,1조직노드 (ORG_SK),DIMENSION,ORG_SK,"조직 대리키 (=hash(DEPT_ID), PK)","NUMBER(38,0)",N,PK,,"조직 대리키 (=hash(DEPT_ID), PK)",
DIM_ORG,조직 차원,1조직노드 (ORG_SK),DIMENSION,ORG_DK,불변 비즈니스 식별자,"NUMBER(38,0)",N,DK,,불변 비즈니스 식별자,"SCD2 다중버전 — FK 대상 불가, 현재행 경유 조인"
DIM_ORG,조직 차원,1조직노드 (ORG_SK),DIMENSION,CORP,법인,VARCHAR,Y,,,법인 (#114). [사유:부서차원 산출불가],
DIM_ORG,조직 차원,1조직노드 (ORG_SK),DIMENSION,DIVISION,실적지부,VARCHAR,Y,,,실적지부 (#430). [사유:규칙 미확정],
DIM_ORG,조직 차원,1조직노드 (ORG_SK),DIMENSION,DEPARTMENT,부서,VARCHAR,Y,,,부서 (#116).,
DIM_ORG,조직 차원,1조직노드 (ORG_SK),DIMENSION,TEAM,팀,VARCHAR,Y,,,팀 (#152). [사유:원천 미입고],파생[C-7]: 실적팀=ACMSLT_UPPER_DEPT_ID 재귀(루트 'ZV000000')·LVL5 (현업쿼리 review/05; STATS_DEPT_LVL 미사용)
DIM_ORG,조직 차원,1조직노드 (ORG_SK),DIMENSION,ACMSLT_UPPER_DEPT_ID,실적상위부서ID,VARCHAR,Y,,,실적상위부서ID (원천 그대로).,
DIM_ORG,조직 차원,1조직노드 (ORG_SK),DIMENSION,ACMSLT_DEPT_YN,실적부서 여부 Y/N,VARCHAR,Y,,,실적부서 여부 Y/N (원천 그대로) — Y 455개,
DIM_ORG,조직 차원,1조직노드 (ORG_SK),DIMENSION,USE_YN,사용여부 Y/N,VARCHAR,Y,,,"사용여부 Y/N. 고유값:Y,N",
DIM_ORG,조직 차원,1조직노드 (ORG_SK),DIMENSION,DW_SOURCE_SYSTEM,원천 시스템 식별,VARCHAR,N,,,원천 시스템 식별 (공통감사),공통감사
DIM_ORG,조직 차원,1조직노드 (ORG_SK),DIMENSION,DW_LOAD_TS,최초 적재 시각,TIMESTAMP_NTZ,N,,,최초 적재 시각 (공통감사),공통감사
DIM_ORG,조직 차원,1조직노드 (ORG_SK),DIMENSION,DW_UPDATE_TS,최종 갱신 시각,TIMESTAMP_NTZ,Y,,,최종 갱신 시각 (공통감사),공통감사
DIM_ORG,조직 차원,1조직노드 (ORG_SK),DIMENSION,DW_BATCH_ID,적재 배치 식별자,VARCHAR,Y,,,적재 배치 식별자 = dbt invocation_id (공통감사),공통감사
DIM_PAYMENT,납입×결제×회비유형 차원,납입 × 결제 × 회비유형 (PAYMENT_SK),DIMENSION,PAYMENT_SK,납입/결제 대리키,"NUMBER(38,0)",N,PK,,"납입/결제 대리키 (ETL 일련번호, PK)",
DIM_PAYMENT,납입×결제×회비유형 차원,납입 × 결제 × 회비유형 (PAYMENT_SK),DIMENSION,PAYMENT_METHOD,납입방식,VARCHAR,Y,,,납입방식(#125),
DIM_PAYMENT,납입×결제×회비유형 차원,납입 × 결제 × 회비유형 (PAYMENT_SK),DIMENSION,SETTLE_METHOD,결제방식,VARCHAR,Y,,,결제방식,
DIM_PAYMENT,납입×결제×회비유형 차원,납입 × 결제 × 회비유형 (PAYMENT_SK),DIMENSION,FEE_TYPE,회비유형,VARCHAR,Y,,,회비유형(정기/일시 — #66~68 분해),
DIM_PAYMENT,납입×결제×회비유형 차원,납입 × 결제 × 회비유형 (PAYMENT_SK),DIMENSION,DW_SOURCE_SYSTEM,원천 시스템 식별,VARCHAR,N,,,원천 시스템 식별 (공통감사),공통감사
DIM_PAYMENT,납입×결제×회비유형 차원,납입 × 결제 × 회비유형 (PAYMENT_SK),DIMENSION,DW_LOAD_TS,최초 적재 시각,TIMESTAMP_NTZ,N,,,최초 적재 시각 (공통감사),공통감사
DIM_PAYMENT,납입×결제×회비유형 차원,납입 × 결제 × 회비유형 (PAYMENT_SK),DIMENSION,DW_UPDATE_TS,최종 갱신 시각,TIMESTAMP_NTZ,Y,,,최종 갱신 시각 (공통감사),공통감사
DIM_PAYMENT,납입×결제×회비유형 차원,납입 × 결제 × 회비유형 (PAYMENT_SK),DIMENSION,DW_BATCH_ID,적재 배치 식별자,VARCHAR,Y,,,적재 배치 식별자 = dbt invocation_id (공통감사),공통감사
DIM_REASON,사유코드 차원,1사유코드 (REASON_SK),DIMENSION,REASON_SK,사유 대리키,"NUMBER(38,0)",N,PK,,"사유 대리키 (ETL 일련번호, PK)",
DIM_REASON,사유코드 차원,1사유코드 (REASON_SK),DIMENSION,REASON_CODE,"사유코드(BK, 업무키)",VARCHAR,N,,,"사유코드(BK, 업무키)",
DIM_REASON,사유코드 차원,1사유코드 (REASON_SK),DIMENSION,REASON_NAME,중단사유·미납사유,VARCHAR,Y,,,중단사유(#162)·미납사유(#82),
DIM_REASON,사유코드 차원,1사유코드 (REASON_SK),DIMENSION,REASON_TYPE,사유 코드그룹 ID,VARCHAR,Y,,,사유 코드그룹 ID. 코드id:PM019.,
DIM_REASON,사유코드 차원,1사유코드 (REASON_SK),DIMENSION,DW_SOURCE_SYSTEM,원천 시스템 식별,VARCHAR,N,,,원천 시스템 식별 (공통감사),공통감사
DIM_REASON,사유코드 차원,1사유코드 (REASON_SK),DIMENSION,DW_LOAD_TS,최초 적재 시각,TIMESTAMP_NTZ,N,,,최초 적재 시각 (공통감사),공통감사
DIM_REASON,사유코드 차원,1사유코드 (REASON_SK),DIMENSION,DW_UPDATE_TS,최종 갱신 시각,TIMESTAMP_NTZ,Y,,,최종 갱신 시각 (공통감사),공통감사
DIM_REASON,사유코드 차원,1사유코드 (REASON_SK),DIMENSION,DW_BATCH_ID,적재 배치 식별자,VARCHAR,Y,,,적재 배치 식별자 = dbt invocation_id (공통감사),공통감사
DIM_SEND_TYPE,발송구분 차원,대 × 중 × 소 발송계층 (SEND_TYPE_SK),DIMENSION,SEND_TYPE_SK,발송구분 대리키,"NUMBER(38,0)",N,PK,,"발송구분 대리키 (ETL 해시, PK)",
DIM_SEND_TYPE,발송구분 차원,대 × 중 × 소 발송계층 (SEND_TYPE_SK),DIMENSION,SEND_TYPE_BK,발송구분 업무키 = 대>중>소 코드 경로,VARCHAR,N,BK,,발송구분 업무키 = 대>중>소 코드 경로(자연키). ⚠️중분류 코드는 단독으로 모호하다(코드 16종 vs 라벨 26종) → 반드시 전체 경로로 식별한다,
DIM_SEND_TYPE,발송구분 차원,대 × 중 × 소 발송계층 (SEND_TYPE_SK),DIMENSION,SEND_GBN_TOP,발송구분 대 코드 raw,VARCHAR,Y,,,발송구분 대 코드 raw ← CRM_SEND_REQUEST.SEND_GBN_TOP. ⚠️이 값은 코드가 아니라 CRM_CODE.CD_ID(코드그룹 ID) 자체다 — MS046 결연·MS047 회원·MS048 회비·MS049 서비스·MS050 사업보고 등 12종. 라벨=SEND_TYPE_L,
DIM_SEND_TYPE,발송구분 차원,대 × 중 × 소 발송계층 (SEND_TYPE_SK),DIMENSION,SEND_TYPE_L,발송구분(대)  분석 라벨,VARCHAR,Y,,,발송구분(대) (#133) 분석 라벨 ← SEND_GBN_TOP_NM. 🔴정본 #133 과 불일치(2026-08-04 실측): #133 은 6종(결연/회비/서비스/사업보고/참여/기타)인데 실측 라벨 **9종** — 추가 3종 = 회원만족(MS052)·회원서비스(MS054)·회원(MS047+MS053). #133 은 생략기호가 없어 완전열거로 읽힌다 → 불일치 실재. 문서20 §L 현업 확인 · 데이터 우선 보존(DEC-26). ⚠️대분류는 코드그룹과 1:1 이 아니다 — 결연=MS046+MS051 · 기타=MS0505+MS055 · 회원=MS047+MS053 (코드그룹 12종 → 라벨 9종). 🟢SEND_GBN_TOP 12종 전부 CRM_CODE.CD_ID 실재 확인,
DIM_SEND_TYPE,발송구분 차원,대 × 중 × 소 발송계층 (SEND_TYPE_SK),DIMENSION,SEND_GBN_MID,발송구분 중 코드 raw,VARCHAR,Y,,,"발송구분 중 코드 raw ← SEND_GBN_MID. 🔴 코드 단독 사용 금지 — 실측 코드 16종에 라벨 26종이 대응한다(부모 그룹에 따라 의미가 달라짐). 반드시 (대,중) 쌍으로 해석",
DIM_SEND_TYPE,발송구분 차원,대 × 중 × 소 발송계층 (SEND_TYPE_SK),DIMENSION,SEND_TYPE_M,발송구분(중)  분석 라벨,VARCHAR,Y,,,발송구분(중) (#134) 분석 라벨 ← SEND_GBN_MID_NM. 정본 값정의: 선물금/신규결연회원발송/회원서신/만18세아동종결/일반퇴소 등,
DIM_SEND_TYPE,발송구분 차원,대 × 중 × 소 발송계층 (SEND_TYPE_SK),DIMENSION,SEND_GBN_BOT,발송구분 소 코드 raw,VARCHAR,Y,,,"발송구분 소 코드 raw ← SEND_GBN_BOT (CRM_CODE.UPPER_CD_ID 계층 하위). 🔴 코드 단독 모호(코드 42종 vs 라벨 56종) → (대,중,소) 경로로 해석",
DIM_SEND_TYPE,발송구분 차원,대 × 중 × 소 발송계층 (SEND_TYPE_SK),DIMENSION,SEND_TYPE_S,발송구분(소)  분석 라벨,VARCHAR,Y,,,발송구분(소) (#135) 분석 라벨 ← SEND_GBN_BOT_NM. 정본 값정의: 선물금접수확인/신규결연우편물(PF)/결연100일/서신접수확인/첫출금안내(사단) 등,
DIM_SEND_TYPE,발송구분 차원,대 × 중 × 소 발송계층 (SEND_TYPE_SK),DIMENSION,DW_SOURCE_SYSTEM,원천 시스템 식별,VARCHAR,N,,,원천 시스템 식별 (공통감사),공통감사
DIM_SEND_TYPE,발송구분 차원,대 × 중 × 소 발송계층 (SEND_TYPE_SK),DIMENSION,DW_LOAD_TS,최초 적재 시각,TIMESTAMP_NTZ,N,,,최초 적재 시각 (공통감사),공통감사
DIM_SEND_TYPE,발송구분 차원,대 × 중 × 소 발송계층 (SEND_TYPE_SK),DIMENSION,DW_UPDATE_TS,최종 갱신 시각,TIMESTAMP_NTZ,Y,,,최종 갱신 시각 (공통감사),공통감사
DIM_SEND_TYPE,발송구분 차원,대 × 중 × 소 발송계층 (SEND_TYPE_SK),DIMENSION,DW_BATCH_ID,적재 배치 식별자,VARCHAR,Y,,,적재 배치 식별자 = dbt invocation_id (공통감사),공통감사
DIM_SERVICE,서비스 차원,1서비스 (SERVICE_SK),DIMENSION,SERVICE_SK,서비스 대리키,"NUMBER(38,0)",N,PK,,"서비스 대리키 (ETL 일련번호, PK)",
DIM_SERVICE,서비스 차원,1서비스 (SERVICE_SK),DIMENSION,SUBTYPE,발송/참여 subtype,VARCHAR,Y,,,발송/참여 subtype,
DIM_SERVICE,서비스 차원,1서비스 (SERVICE_SK),DIMENSION,CHANNEL,CHANNEL,VARCHAR,Y,,,CHANNEL.,
DIM_SERVICE,서비스 차원,1서비스 (SERVICE_SK),DIMENSION,DW_SOURCE_SYSTEM,원천 시스템 식별,VARCHAR,N,,,원천 시스템 식별 (공통감사),공통감사
DIM_SERVICE,서비스 차원,1서비스 (SERVICE_SK),DIMENSION,DW_LOAD_TS,최초 적재 시각,TIMESTAMP_NTZ,N,,,최초 적재 시각 (공통감사),공통감사
DIM_SERVICE,서비스 차원,1서비스 (SERVICE_SK),DIMENSION,DW_UPDATE_TS,최종 갱신 시각,TIMESTAMP_NTZ,Y,,,최종 갱신 시각 (공통감사),공통감사
DIM_SERVICE,서비스 차원,1서비스 (SERVICE_SK),DIMENSION,DW_BATCH_ID,적재 배치 식별자,VARCHAR,Y,,,적재 배치 식별자 = dbt invocation_id (공통감사),공통감사
DIM_SPONSORSHIP,후원사업 차원,1후원사업 (SPONSORSHIP_SK),DIMENSION,SPONSORSHIP_SK,후원사업 대리키,"NUMBER(38,0)",N,PK,,"후원사업 대리키 (ETL 일련번호, PK)",
DIM_SPONSORSHIP,후원사업 차원,1후원사업 (SPONSORSHIP_SK),DIMENSION,SPONSORSHIP_BK,"후원사업 업무키(BK, 자연키)",VARCHAR,N,BK,,"후원사업 업무키(BK, 자연키)",
DIM_SPONSORSHIP,후원사업 차원,1후원사업 (SPONSORSHIP_SK),DIMENSION,SPONSORSHIP_NAME,후원사업 전체,VARCHAR,Y,,,후원사업 전체(#123),
DIM_SPONSORSHIP,후원사업 차원,1후원사업 (SPONSORSHIP_SK),DIMENSION,SPONSORSHIP_ABBR,약칭,VARCHAR,Y,,,약칭 (#124). 코드id:CM003.,
DIM_SPONSORSHIP,후원사업 차원,1후원사업 (SPONSORSHIP_SK),DIMENSION,DW_SOURCE_SYSTEM,원천 시스템 식별,VARCHAR,N,,,원천 시스템 식별 (공통감사),공통감사
DIM_SPONSORSHIP,후원사업 차원,1후원사업 (SPONSORSHIP_SK),DIMENSION,DW_LOAD_TS,최초 적재 시각,TIMESTAMP_NTZ,N,,,최초 적재 시각 (공통감사),공통감사
DIM_SPONSORSHIP,후원사업 차원,1후원사업 (SPONSORSHIP_SK),DIMENSION,DW_UPDATE_TS,최종 갱신 시각,TIMESTAMP_NTZ,Y,,,최종 갱신 시각 (공통감사),공통감사
DIM_SPONSORSHIP,후원사업 차원,1후원사업 (SPONSORSHIP_SK),DIMENSION,DW_BATCH_ID,적재 배치 식별자,VARCHAR,Y,,,적재 배치 식별자 = dbt invocation_id (공통감사),공통감사
DIM_SPONSORSHIP,후원사업 차원,1후원사업 (SPONSORSHIP_SK),DIMENSION,SPONSORSHIP_DIV_CD,SPONSORSHIP_DIV_CD,VARCHAR,Y,,,SPONSORSHIP_DIV_CD. 코드id:CM035.,
DIM_SPONSORSHIP,후원사업 차원,1후원사업 (SPONSORSHIP_SK),DIMENSION,SPONSORSHIP_DIV_NAME,정기일시후원구분명,VARCHAR,Y,,,정기일시후원구분명. 코드id:CM035.,
DIM_SPONSORSHIP,후원사업 차원,1후원사업 (SPONSORSHIP_SK),DIMENSION,SPONSORSHIP_GROUP_NAME,후원약칭명,VARCHAR,Y,,,후원약칭명. 코드id:CM003.,
FACT_AD_BROADCAST,광고성과 위성(방송),AD_PERF_DK (코어 1:1),FACT,AD_PERF_DK,광고성과 불변키,VARCHAR,N,"PK,FK",FACT_AD_PERFORMANCE.AD_PERF_DK,"코어 1:1 조인키(GRAIN·PK, FK→FACT_AD_PERFORMANCE). staging 발급값 승계 — 재계산 금지",
FACT_AD_BROADCAST,광고성과 위성(방송),AD_PERF_DK (코어 1:1),FACT,TIME_BAND,시간대,VARCHAR,Y,,,시간대 ← VIDEO.TIME_RNG / REBRDC.TIME_RNG_DIV_NM(1순위)·BRDC_TIME(대체). 코어에서 이관(종전 CAST(NULL) 하드코딩),
FACT_AD_BROADCAST,광고성과 위성(방송),AD_PERF_DK (코어 1:1),FACT,CM_POSITION,CM위치,VARCHAR,Y,,,CM위치 ← VIDEO.CM_AREA [VIDEO 전용]. 코어에서 이관,
FACT_AD_BROADCAST,광고성과 위성(방송),AD_PERF_DK (코어 1:1),FACT,RT_TYPE,RT(재방송)유형,VARCHAR,Y,,,RT(재방송)유형 ← REBRDC.RE_BRDC_TY_NM [REBRDC 전용]. 코어에서 이관,
FACT_AD_BROADCAST,광고성과 위성(방송),AD_PERF_DK (코어 1:1),FACT,AD_START_TIME,광고시작시간,VARCHAR,Y,,,광고시작시간 ← VIDEO.AD_STRT_TIME [VIDEO 전용]. 코어에서 이관,
FACT_AD_BROADCAST,광고성과 위성(방송),AD_PERF_DK (코어 1:1),FACT,AD_END_TIME,광고종료시간,VARCHAR,Y,,,광고종료시간 ← VIDEO.AD_END_TIME [VIDEO 전용]. 신규 노출,
FACT_AD_BROADCAST,광고성과 위성(방송),AD_PERF_DK (코어 1:1),FACT,BROADCAST_DATE,송출일,DATE,Y,,,송출일 ← VIDEO.BRDC_DATE / REBRDC.DATE. ⚠️코어 PERF_DATE_SK(실적일)와 구분. 코어에서 이관,
FACT_AD_BROADCAST,광고성과 위성(방송),AD_PERF_DK (코어 1:1),FACT,PROGRAM_NM,프로그램/편성명,VARCHAR,Y,,,프로그램/편성명 ← VIDEO.SCHDL_NM / REBRDC.BRDC_NM,
FACT_AD_BROADCAST,광고성과 위성(방송),AD_PERF_DK (코어 1:1),FACT,CHANNEL_COMPANY,채널사,VARCHAR,Y,,,채널사 ← VIDEO.CHNNL_NM / REBRDC.CHNNL_CMPNY,
FACT_AD_BROADCAST,광고성과 위성(방송),AD_PERF_DK (코어 1:1),FACT,CHANNEL_COMPANY_TYPE,채널사유형,VARCHAR,Y,,,채널사유형 ← VIDEO.CHNNL_CMPNY_TY_NM [VIDEO 전용],
FACT_AD_BROADCAST,광고성과 위성(방송),AD_PERF_DK (코어 1:1),FACT,SPOT_TYPE,SPOT유형,VARCHAR,Y,,,SPOT유형 ← VIDEO.SPOT_TY [VIDEO 전용],
FACT_AD_BROADCAST,광고성과 위성(방송),AD_PERF_DK (코어 1:1),FACT,DURATION_SEC,광고 초수,"NUMBER(9,0)",Y,,,🔴 광고 초수 ← VIDEO.AD_SEC(TEXT→TRY_TO_NUMBER) [VIDEO 전용] — **현재 값 신뢰 금지(O29)**. 적재값이 초로 읽을 수 없는 크기라 「초」로 해석하면 오답이다(µs 해석 유력하나 미확정·현업 확인 대기 · 실측값은 문서10 §26). 원천 HH:MM:SS 표기가 캐스팅에서 무성 소실 → 유효 커버리지와 파싱 시 회복률은 문서10 §26. REBRDC NULL 은 결손 아니라 원천 부재,
FACT_AD_BROADCAST,광고성과 위성(방송),AD_PERF_DK (코어 1:1),FACT,DAY_DIV,요일구분 평일/주말,VARCHAR,Y,,,요일구분 평일/주말 ← VIDEO.DAY_DIV_NM [VIDEO 전용],
FACT_AD_BROADCAST,광고성과 위성(방송),AD_PERF_DK (코어 1:1),FACT,PRG_START_TIME,프로그램 시작시간,VARCHAR,Y,,,프로그램 시작시간 ← VIDEO.PRG_STRT_TIME [VIDEO 전용],
FACT_AD_BROADCAST,광고성과 위성(방송),AD_PERF_DK (코어 1:1),FACT,CTV_DIV,CTV구분,VARCHAR,Y,,,CTV구분 ← VIDEO.CTV_DIV_NM [VIDEO 전용],
FACT_AD_BROADCAST,광고성과 위성(방송),AD_PERF_DK (코어 1:1),FACT,BRDC_DIV,방송구분,VARCHAR,Y,,,방송구분 ← REBRDC.BRDC_DIV_NM [REBRDC 전용],
FACT_AD_BROADCAST,광고성과 위성(방송),AD_PERF_DK (코어 1:1),FACT,AD_CNT,광고횟수,"NUMBER(38,0)",Y,,,광고횟수 ← VIDEO·REBRDC.AD_CNT (가산),
FACT_AD_BROADCAST,광고성과 위성(방송),AD_PERF_DK (코어 1:1),FACT,CONV_CALL_CNT,전환콜,"NUMBER(18,4)",Y,,,전환콜 ← VIDEO.CONV_CALL_CNT [VIDEO 전용]. 코어 INBOUND_CALL(인입콜)과 별개 measure,
FACT_AD_BROADCAST,광고성과 위성(방송),AD_PERF_DK (코어 1:1),FACT,DVLP_MEMBER_CNT,개발회원수,"NUMBER(18,4)",Y,,,"개발회원수 ← REBRDC.DVLP_MBER_CNT [REBRDC 전용]. ⚠️O16 이관: 종전 코어 AGENCY_CONV_MEMBERS 로 혼입(대행사 전환이 아니라 재방송 개발실적). ⚠️소수 척도 유지 이유: 원천에 0.5 단위 값이 실존해 NUMBER(38,0) 은 반올림으로 총합을 왜곡한다(해당 행·왜곡 규모는 문서10 §26). 원천값 보존 우선",
FACT_AD_BROADCAST,광고성과 위성(방송),AD_PERF_DK (코어 1:1),FACT,DVLP_CNT,개발건수,"NUMBER(18,4)",Y,,,개발건수 ← REBRDC.DVLP_CNT [REBRDC 전용]. ⚠️O16 이관: 종전 코어 AGENCY_CONV_CNT 로 혼입(대행사 전환 아님),
FACT_AD_BROADCAST,광고성과 위성(방송),AD_PERF_DK (코어 1:1),FACT,AD_VIEW_RT_SRC,대행사 산정 광고시청률,"NUMBER(18,6)",Y,,,[비가산 N] 대행사 산정 광고시청률 ← VIDEO.AD_VIEW_RT [VIDEO 전용]. base 부재로 DW 재계산 불가,
FACT_AD_BROADCAST,광고성과 위성(방송),AD_PERF_DK (코어 1:1),FACT,CPC_SRC,대행사 산정 CPC,"NUMBER(18,6)",Y,,,[비가산 N] 대행사 산정 CPC ← VIDEO.CPC(TEXT) [VIDEO 전용]. DW 재계산=AD_COST/CLICKS (DEC-9 대조용),
FACT_AD_BROADCAST,광고성과 위성(방송),AD_PERF_DK (코어 1:1),FACT,DW_SOURCE_SYSTEM,원천 시스템 식별,VARCHAR,N,,,원천 시스템 식별 (공통감사),공통감사
FACT_AD_BROADCAST,광고성과 위성(방송),AD_PERF_DK (코어 1:1),FACT,DW_LOAD_TS,최초 적재 시각,TIMESTAMP_NTZ,N,,,최초 적재 시각 (공통감사),공통감사
FACT_AD_BROADCAST,광고성과 위성(방송),AD_PERF_DK (코어 1:1),FACT,DW_UPDATE_TS,최종 갱신 시각,TIMESTAMP_NTZ,Y,,,최종 갱신 시각 (공통감사),공통감사
FACT_AD_BROADCAST,광고성과 위성(방송),AD_PERF_DK (코어 1:1),FACT,DW_BATCH_ID,적재 배치 식별자,VARCHAR,Y,,,적재 배치 식별자 = dbt invocation_id (공통감사),공통감사
FACT_AD_BROADCAST_CASE,광고성과 위성(재방송 사례),AD_PERF_DK × CASE_SEQ,FACT,AD_PERF_DK,광고성과 불변키,VARCHAR,N,"PK,FK",FACT_AD_PERFORMANCE.AD_PERF_DK,GRAIN 1/2 · 코어 조인키(FK→FACT_AD_PERFORMANCE). staging 발급값 승계 — 재계산 금지,
FACT_AD_BROADCAST_CASE,광고성과 위성(재방송 사례),AD_PERF_DK × CASE_SEQ,FACT,CASE_SEQ,GRAIN 2/2 · 사례 순번 1~3,"NUMBER(2,0)",N,PK,,GRAIN 2/2 · 사례 순번 1~3 (원천 CASE1_*~CASE3_* 언피벗축),
FACT_AD_BROADCAST_CASE,광고성과 위성(재방송 사례),AD_PERF_DK × CASE_SEQ,FACT,BIZ_DIV,사업구분,VARCHAR,Y,,,사업구분 ← REBRDC.CASEn_BSNS_DIV_NM,
FACT_AD_BROADCAST_CASE,광고성과 위성(재방송 사례),AD_PERF_DK × CASE_SEQ,FACT,FAMILY_TYPE,가족유형,VARCHAR,Y,,,가족유형 ← REBRDC.CASEn_FAM_TY_NM,
FACT_AD_BROADCAST_CASE,광고성과 위성(재방송 사례),AD_PERF_DK × CASE_SEQ,FACT,APPEAL_POINT,어필포인트,VARCHAR,Y,,,어필포인트 ← REBRDC.CASEn_APPEAL_POINT_NM,
FACT_AD_BROADCAST_CASE,광고성과 위성(재방송 사례),AD_PERF_DK × CASE_SEQ,FACT,CASE_DIV,사례구분,VARCHAR,Y,,,사례구분 ← REBRDC.CASEn_CASE_DIV_NM,
FACT_AD_BROADCAST_CASE,광고성과 위성(재방송 사례),AD_PERF_DK × CASE_SEQ,FACT,DW_SOURCE_SYSTEM,원천 시스템 식별,VARCHAR,N,,,원천 시스템 식별 (공통감사),공통감사
FACT_AD_BROADCAST_CASE,광고성과 위성(재방송 사례),AD_PERF_DK × CASE_SEQ,FACT,DW_LOAD_TS,최초 적재 시각,TIMESTAMP_NTZ,N,,,최초 적재 시각 (공통감사),공통감사
FACT_AD_BROADCAST_CASE,광고성과 위성(재방송 사례),AD_PERF_DK × CASE_SEQ,FACT,DW_UPDATE_TS,최종 갱신 시각,TIMESTAMP_NTZ,Y,,,최종 갱신 시각 (공통감사),공통감사
FACT_AD_BROADCAST_CASE,광고성과 위성(재방송 사례),AD_PERF_DK × CASE_SEQ,FACT,DW_BATCH_ID,적재 배치 식별자,VARCHAR,Y,,,적재 배치 식별자 = dbt invocation_id (공통감사),공통감사
FACT_AD_DIGITAL,광고성과 위성(디지털),AD_PERF_DK (코어 1:1),FACT,AD_PERF_DK,광고성과 불변키,VARCHAR,N,"PK,FK",FACT_AD_PERFORMANCE.AD_PERF_DK,"코어 1:1 조인키(GRAIN·PK, FK→FACT_AD_PERFORMANCE). staging 발급값 승계 — 재계산 금지",
FACT_AD_DIGITAL,광고성과 위성(디지털),AD_PERF_DK (코어 1:1),FACT,PAGE_TYPE,페이지유형,VARCHAR,Y,,,페이지유형 ← DGT.PAGE_TYPE_NM,
FACT_AD_DIGITAL,광고성과 위성(디지털),AD_PERF_DK (코어 1:1),FACT,AD_GROUP_NM,광고그룹명,VARCHAR,Y,,,광고그룹명 ← DGT.AD_GRP_NM,
FACT_AD_DIGITAL,광고성과 위성(디지털),AD_PERF_DK (코어 1:1),FACT,GROUP_DIV,그룹구분,VARCHAR,Y,,,그룹구분 ← DGT.GRP_DIV_NM,
FACT_AD_DIGITAL,광고성과 위성(디지털),AD_PERF_DK (코어 1:1),FACT,CREATIVE_TYPE,소재유형,VARCHAR,Y,,,소재유형 ← DGT.MATR_TY_NM,
FACT_AD_DIGITAL,광고성과 위성(디지털),AD_PERF_DK (코어 1:1),FACT,AD_TYPE_NM,광고유형명(대행사 표기),VARCHAR,Y,,,광고유형명(대행사 표기) ← DGT.AD_TY_NM. ⚠️코어 AD_SOURCE_TYPE(원천 출처축 DIGITAL/VIDEO/REBROADCAST)과 다른 개념,
FACT_AD_DIGITAL,광고성과 위성(디지털),AD_PERF_DK (코어 1:1),FACT,READ_CNT,읽음수,"NUMBER(38,0)",Y,,,읽음수 ← DGT.READ_CNT (가산),
FACT_AD_DIGITAL,광고성과 위성(디지털),AD_PERF_DK (코어 1:1),FACT,MEDIA_POTENTIAL_CUST_CNT,매체 잠재고객수,"NUMBER(38,0)",Y,,,매체 잠재고객수 ← DGT.MEDIA_PTNT_CUST_CNT (가산),
FACT_AD_DIGITAL,광고성과 위성(디지털),AD_PERF_DK (코어 1:1),FACT,CRM_DEV_CNT,CRM 개발건수,"NUMBER(18,4)",Y,,,CRM 개발건수 ← DGT.CRM_DVLP_CNT (가산),
FACT_AD_DIGITAL,광고성과 위성(디지털),AD_PERF_DK (코어 1:1),FACT,CTR_SRC,대행사 산정 CTR,"NUMBER(18,6)",Y,,,[비가산 N] 대행사 산정 CTR ← DGT.CTR. DW 재계산=CLICKS/IMPRESSIONS,
FACT_AD_DIGITAL,광고성과 위성(디지털),AD_PERF_DK (코어 1:1),FACT,CVR_SRC,대행사 산정 CVR,"NUMBER(18,6)",Y,,,[비가산 N] 대행사 산정 CVR ← DGT.CVR. DW 재계산=AGENCY_CONV_MEMBERS/CLICKS (O5 확정),
FACT_AD_DIGITAL,광고성과 위성(디지털),AD_PERF_DK (코어 1:1),FACT,CPC_SRC,대행사 산정 CPC,"NUMBER(18,6)",Y,,,[비가산 N] 대행사 산정 CPC ← DGT.CPC. DW 재계산=AD_COST/CLICKS,
FACT_AD_DIGITAL,광고성과 위성(디지털),AD_PERF_DK (코어 1:1),FACT,CPM_SRC,대행사 산정 CPM,"NUMBER(18,6)",Y,,,[비가산 N] 대행사 산정 CPM ← DGT.CPM. DW 재계산=AD_COST/IMPRESSIONS×1000,
FACT_AD_DIGITAL,광고성과 위성(디지털),AD_PERF_DK (코어 1:1),FACT,CPA_SRC,대행사 산정 CPA,"NUMBER(18,6)",Y,,,[비가산 N] 대행사 산정 CPA ← DGT.CPA. DW 재계산=AD_COST/AGENCY_CONV_CNT,
FACT_AD_DIGITAL,광고성과 위성(디지털),AD_PERF_DK (코어 1:1),FACT,DEV_UNIT_PRICE_SRC,대행사 산정 개발단가,"NUMBER(18,2)",Y,,,[비가산 N] 대행사 산정 개발단가 ← DGT.DEV_UNIT_PRICE. DW 재계산=AD_COST/개발건수,
FACT_AD_DIGITAL,광고성과 위성(디지털),AD_PERF_DK (코어 1:1),FACT,VTR_SRC,대행사 산정 VTR,"NUMBER(18,6)",Y,,,[비가산 N] 대행사 산정 VTR ← DGT.VTR. base 부재로 재계산 불가(대조 대상 아닌 유일값),
FACT_AD_DIGITAL,광고성과 위성(디지털),AD_PERF_DK (코어 1:1),FACT,DW_SOURCE_SYSTEM,원천 시스템 식별,VARCHAR,N,,,원천 시스템 식별 (공통감사),공통감사
FACT_AD_DIGITAL,광고성과 위성(디지털),AD_PERF_DK (코어 1:1),FACT,DW_LOAD_TS,최초 적재 시각,TIMESTAMP_NTZ,N,,,최초 적재 시각 (공통감사),공통감사
FACT_AD_DIGITAL,광고성과 위성(디지털),AD_PERF_DK (코어 1:1),FACT,DW_UPDATE_TS,최종 갱신 시각,TIMESTAMP_NTZ,Y,,,최종 갱신 시각 (공통감사),공통감사
FACT_AD_DIGITAL,광고성과 위성(디지털),AD_PERF_DK (코어 1:1),FACT,DW_BATCH_ID,적재 배치 식별자,VARCHAR,Y,,,적재 배치 식별자 = dbt invocation_id (공통감사),공통감사
FACT_AD_PERFORMANCE,광고성과 코어 팩트,AD_PERF_DK (일자 × 마케팅캠페인 × 소재 × 기기),FACT,AD_PERF_DK,광고성과 불변키,VARCHAR,N,PK,,불변 비즈니스 식별자,
FACT_AD_PERFORMANCE,광고성과 코어 팩트,AD_PERF_DK (일자 × 마케팅캠페인 × 소재 × 기기),FACT,PERF_DATE_SK,"실적일 (분석축, FK→DIM_DATE)","NUMBER(8,0)",N,FK,DIM_DATE.DATE_SK,"실적일 (분석축, FK→DIM_DATE)",
FACT_AD_PERFORMANCE,광고성과 코어 팩트,AD_PERF_DK (일자 × 마케팅캠페인 × 소재 × 기기),FACT,CAMPAIGN_SK,대리키,"NUMBER(38,0)",N,FK,DIM_CAMPAIGN.CAMPAIGN_SK,대리키,
FACT_AD_PERFORMANCE,광고성과 코어 팩트,AD_PERF_DK (일자 × 마케팅캠페인 × 소재 × 기기),FACT,AD_CREATIVE_SK,대리키,"NUMBER(38,0)",N,FK,DIM_AD_CREATIVE.AD_CREATIVE_SK,대리키,
FACT_AD_PERFORMANCE,광고성과 코어 팩트,AD_PERF_DK (일자 × 마케팅캠페인 × 소재 × 기기),FACT,DEVICE_SK,대리키,"NUMBER(38,0)",N,FK,DIM_DEVICE.DEVICE_SK,대리키,
FACT_AD_PERFORMANCE,광고성과 코어 팩트,AD_PERF_DK (일자 × 마케팅캠페인 × 소재 × 기기),FACT,AD_COST,광고비(원),"NUMBER(18,2)",Y,,,광고비(원) . 원천별 컬럼 상이 (#6).,
FACT_AD_PERFORMANCE,광고성과 코어 팩트,AD_PERF_DK (일자 × 마케팅캠페인 × 소재 × 기기),FACT,IMPRESSIONS,노출수,"NUMBER(38,0)",Y,,,노출수 . DIGITAL 전용 (#23). [사유:원천 부재],
FACT_AD_PERFORMANCE,광고성과 코어 팩트,AD_PERF_DK (일자 × 마케팅캠페인 × 소재 × 기기),FACT,CLICKS,CLICKS,"NUMBER(38,0)",Y,,,CLICKS (#24).,
FACT_AD_PERFORMANCE,광고성과 코어 팩트,AD_PERF_DK (일자 × 마케팅캠페인 × 소재 × 기기),FACT,INBOUND_CALL,INBOUND_CALL,"NUMBER(38,0)",Y,,,INBOUND_CALL (#25).,
FACT_AD_PERFORMANCE,광고성과 코어 팩트,AD_PERF_DK (일자 × 마케팅캠페인 × 소재 × 기기),FACT,AGENCY_CONV_MEMBERS,대행사 전환수(명),"NUMBER(38,0)",Y,,,대행사 전환수(명).,
FACT_AD_PERFORMANCE,광고성과 코어 팩트,AD_PERF_DK (일자 × 마케팅캠페인 × 소재 × 기기),FACT,AGENCY_CONV_CNT,대행사 전환수(건/VU),"NUMBER(18,4)",Y,,,대행사 전환수(건/VU).,
FACT_AD_PERFORMANCE,광고성과 코어 팩트,AD_PERF_DK (일자 × 마케팅캠페인 × 소재 × 기기),FACT,DAY_OF_WEEK,"요일 (degen, AD_DATE 파생)",VARCHAR,Y,,,"요일 (degen, AD_DATE 파생)",
FACT_AD_PERFORMANCE,광고성과 코어 팩트,AD_PERF_DK (일자 × 마케팅캠페인 × 소재 × 기기),FACT,WEEK_OF_YEAR,"주차 (degen, AD_DATE 파생)","NUMBER(2,0)",Y,,,"주차 (degen, AD_DATE 파생)",
FACT_AD_PERFORMANCE,광고성과 코어 팩트,AD_PERF_DK (일자 × 마케팅캠페인 × 소재 × 기기),FACT,AD_SOURCE_TYPE,광고 원천유형,VARCHAR,Y,,,AD_SOURCE_TYPE.,
FACT_AD_PERFORMANCE,광고성과 코어 팩트,AD_PERF_DK (일자 × 마케팅캠페인 × 소재 × 기기),FACT,MKTG_CAMPAIGN_SK,대리키,"NUMBER(38,0)",Y,FK,DIM_MARKETING_CAMPAIGN.MKTG_CAMPAIGN_SK,대리키 (PK),
FACT_AD_PERFORMANCE,광고성과 코어 팩트,AD_PERF_DK (일자 × 마케팅캠페인 × 소재 × 기기),FACT,DW_SOURCE_SYSTEM,원천 시스템 식별,VARCHAR,N,,,원천 시스템 식별 (공통감사),공통감사
FACT_AD_PERFORMANCE,광고성과 코어 팩트,AD_PERF_DK (일자 × 마케팅캠페인 × 소재 × 기기),FACT,DW_LOAD_TS,최초 적재 시각,TIMESTAMP_NTZ,N,,,최초 적재 시각 (공통감사),공통감사
FACT_AD_PERFORMANCE,광고성과 코어 팩트,AD_PERF_DK (일자 × 마케팅캠페인 × 소재 × 기기),FACT,DW_UPDATE_TS,최종 갱신 시각,TIMESTAMP_NTZ,Y,,,최종 갱신 시각 (공통감사),공통감사
FACT_AD_PERFORMANCE,광고성과 코어 팩트,AD_PERF_DK (일자 × 마케팅캠페인 × 소재 × 기기),FACT,DW_BATCH_ID,적재 배치 식별자,VARCHAR,Y,,,적재 배치 식별자 = dbt invocation_id (공통감사),공통감사
FACT_BIGQUERY_BEHAVIOR,BigQuery 행동 팩트,DATE_SK × IDENTITY_SK × BIGQUERY_EVENT_SK × BIGQUERY_SOURCE_SK × DEVICE_SK × CAMPAIGN_SK × PAGE,FACT,DATE_SK,행동 발생일 YYYYMMDD (FK→DIM_DATE),"NUMBER(8,0)",N,FK,DIM_DATE.DATE_SK,행동 발생일 YYYYMMDD (FK→DIM_DATE),
FACT_BIGQUERY_BEHAVIOR,BigQuery 행동 팩트,DATE_SK × IDENTITY_SK × BIGQUERY_EVENT_SK × BIGQUERY_SOURCE_SK × DEVICE_SK × CAMPAIGN_SK × PAGE,FACT,IDENTITY_SK,대리키,"NUMBER(38,0)",N,FK,DIM_MEMBER_IDENTITY.IDENTITY_SK,대리키,
FACT_BIGQUERY_BEHAVIOR,BigQuery 행동 팩트,DATE_SK × IDENTITY_SK × BIGQUERY_EVENT_SK × BIGQUERY_SOURCE_SK × DEVICE_SK × CAMPAIGN_SK × PAGE,FACT,BIGQUERY_EVENT_SK,BigQuery 이벤트 대리키,"NUMBER(38,0)",N,FK,DIM_BIGQUERY_EVENT.BIGQUERY_EVENT_SK,BigQuery 이벤트 분류 (FK→DIM_BIGQUERY_EVENT),
FACT_BIGQUERY_BEHAVIOR,BigQuery 행동 팩트,DATE_SK × IDENTITY_SK × BIGQUERY_EVENT_SK × BIGQUERY_SOURCE_SK × DEVICE_SK × CAMPAIGN_SK × PAGE,FACT,BIGQUERY_SOURCE_SK,BigQuery 트래픽소스 대리키,"NUMBER(38,0)",N,FK,DIM_BIGQUERY_SOURCE.BIGQUERY_SOURCE_SK,유입 트래픽소스 (FK→DIM_BIGQUERY_SOURCE),
FACT_BIGQUERY_BEHAVIOR,BigQuery 행동 팩트,DATE_SK × IDENTITY_SK × BIGQUERY_EVENT_SK × BIGQUERY_SOURCE_SK × DEVICE_SK × CAMPAIGN_SK × PAGE,FACT,DEVICE_SK,접속 디바이스 (FK→DIM_DEVICE),"NUMBER(38,0)",N,FK,DIM_DEVICE.DEVICE_SK,접속 디바이스 (FK→DIM_DEVICE),
FACT_BIGQUERY_BEHAVIOR,BigQuery 행동 팩트,DATE_SK × IDENTITY_SK × BIGQUERY_EVENT_SK × BIGQUERY_SOURCE_SK × DEVICE_SK × CAMPAIGN_SK × PAGE,FACT,CAMPAIGN_SK,대리키,"NUMBER(38,0)",N,FK,DIM_CAMPAIGN.CAMPAIGN_SK,대리키,
FACT_BIGQUERY_BEHAVIOR,BigQuery 행동 팩트,DATE_SK × IDENTITY_SK × BIGQUERY_EVENT_SK × BIGQUERY_SOURCE_SK × DEVICE_SK × CAMPAIGN_SK × PAGE,FACT,PAGE_PATH,페이지경로,VARCHAR,N,,,페이지경로 (#105).,
FACT_BIGQUERY_BEHAVIOR,BigQuery 행동 팩트,DATE_SK × IDENTITY_SK × BIGQUERY_EVENT_SK × BIGQUERY_SOURCE_SK × DEVICE_SK × CAMPAIGN_SK × PAGE,FACT,PAGE_LOCATION,페이지위치,VARCHAR,Y,,,페이지위치 (#106).,
FACT_BIGQUERY_BEHAVIOR,BigQuery 행동 팩트,DATE_SK × IDENTITY_SK × BIGQUERY_EVENT_SK × BIGQUERY_SOURCE_SK × DEVICE_SK × CAMPAIGN_SK × PAGE,FACT,VISITS,방문수(명),"NUMBER(38,0)",Y,,,방문수(명) (#92).,
FACT_BIGQUERY_BEHAVIOR,BigQuery 행동 팩트,DATE_SK × IDENTITY_SK × BIGQUERY_EVENT_SK × BIGQUERY_SOURCE_SK × DEVICE_SK × CAMPAIGN_SK × PAGE,FACT,EVENT_CNT,이벤트수(명),"NUMBER(38,0)",Y,,,이벤트수(명) (#95).,
FACT_BIGQUERY_BEHAVIOR,BigQuery 행동 팩트,DATE_SK × IDENTITY_SK × BIGQUERY_EVENT_SK × BIGQUERY_SOURCE_SK × DEVICE_SK × CAMPAIGN_SK × PAGE,FACT,VIEW_CNT,조회수(명),"NUMBER(38,0)",Y,,,조회수(명) (#96).,
FACT_BIGQUERY_BEHAVIOR,BigQuery 행동 팩트,DATE_SK × IDENTITY_SK × BIGQUERY_EVENT_SK × BIGQUERY_SOURCE_SK × DEVICE_SK × CAMPAIGN_SK × PAGE,FACT,SESSION_CNT,세션수(명),"NUMBER(38,0)",Y,,,세션수(명) (#97).,
FACT_BIGQUERY_BEHAVIOR,BigQuery 행동 팩트,DATE_SK × IDENTITY_SK × BIGQUERY_EVENT_SK × BIGQUERY_SOURCE_SK × DEVICE_SK × CAMPAIGN_SK × PAGE,FACT,ENGAGED_SESSIONS,참여세션수,"NUMBER(38,0)",Y,,,참여세션수.,
FACT_BIGQUERY_BEHAVIOR,BigQuery 행동 팩트,DATE_SK × IDENTITY_SK × BIGQUERY_EVENT_SK × BIGQUERY_SOURCE_SK × DEVICE_SK × CAMPAIGN_SK × PAGE,FACT,SCROLL_DEPTH,스크롤깊이 AVG,"NUMBER(9,4)",Y,,,스크롤깊이 AVG (#107) — 비가산,
FACT_BIGQUERY_BEHAVIOR,BigQuery 행동 팩트,DATE_SK × IDENTITY_SK × BIGQUERY_EVENT_SK × BIGQUERY_SOURCE_SK × DEVICE_SK × CAMPAIGN_SK × PAGE,FACT,ACTIVE_USERS,활성사용자수(명),"NUMBER(38,0)",Y,,,활성사용자수(명) (#93) — 비가산,
FACT_BIGQUERY_BEHAVIOR,BigQuery 행동 팩트,DATE_SK × IDENTITY_SK × BIGQUERY_EVENT_SK × BIGQUERY_SOURCE_SK × DEVICE_SK × CAMPAIGN_SK × PAGE,FACT,TOTAL_USERS,총사용자(명),"NUMBER(38,0)",Y,,,총사용자(명) (#94) — 비가산,
FACT_BIGQUERY_BEHAVIOR,BigQuery 행동 팩트,DATE_SK × IDENTITY_SK × BIGQUERY_EVENT_SK × BIGQUERY_SOURCE_SK × DEVICE_SK × CAMPAIGN_SK × PAGE,FACT,AVG_SESSION_DURATION,평균세션시간,"NUMBER(9,4)",Y,,,평균세션시간 (#98) — 비가산,
FACT_BIGQUERY_BEHAVIOR,BigQuery 행동 팩트,DATE_SK × IDENTITY_SK × BIGQUERY_EVENT_SK × BIGQUERY_SOURCE_SK × DEVICE_SK × CAMPAIGN_SK × PAGE,FACT,BOUNCE_RATE,이탈율,"NUMBER(9,4)",Y,,,이탈율 (#108) — 비가산,
FACT_BIGQUERY_BEHAVIOR,BigQuery 행동 팩트,DATE_SK × IDENTITY_SK × BIGQUERY_EVENT_SK × BIGQUERY_SOURCE_SK × DEVICE_SK × CAMPAIGN_SK × PAGE,FACT,ENGAGEMENT_RATE,참여율,"NUMBER(9,4)",Y,,,참여율 — 비가산,
FACT_BIGQUERY_BEHAVIOR,BigQuery 행동 팩트,DATE_SK × IDENTITY_SK × BIGQUERY_EVENT_SK × BIGQUERY_SOURCE_SK × DEVICE_SK × CAMPAIGN_SK × PAGE,FACT,AVG_ENGAGEMENT_TIME_PER_SESSION,세션당 평균참여시간,"NUMBER(9,4)",Y,,,세션당 평균참여시간 — 비가산,
FACT_BIGQUERY_BEHAVIOR,BigQuery 행동 팩트,DATE_SK × IDENTITY_SK × BIGQUERY_EVENT_SK × BIGQUERY_SOURCE_SK × DEVICE_SK × CAMPAIGN_SK × PAGE,FACT,DW_SOURCE_SYSTEM,원천 시스템 식별,VARCHAR,N,,,원천 시스템 식별 (공통감사),공통감사
FACT_BIGQUERY_BEHAVIOR,BigQuery 행동 팩트,DATE_SK × IDENTITY_SK × BIGQUERY_EVENT_SK × BIGQUERY_SOURCE_SK × DEVICE_SK × CAMPAIGN_SK × PAGE,FACT,DW_LOAD_TS,최초 적재 시각,TIMESTAMP_NTZ,N,,,최초 적재 시각 (공통감사),공통감사
FACT_BIGQUERY_BEHAVIOR,BigQuery 행동 팩트,DATE_SK × IDENTITY_SK × BIGQUERY_EVENT_SK × BIGQUERY_SOURCE_SK × DEVICE_SK × CAMPAIGN_SK × PAGE,FACT,DW_UPDATE_TS,최종 갱신 시각,TIMESTAMP_NTZ,Y,,,최종 갱신 시각 (공통감사),공통감사
FACT_BIGQUERY_BEHAVIOR,BigQuery 행동 팩트,DATE_SK × IDENTITY_SK × BIGQUERY_EVENT_SK × BIGQUERY_SOURCE_SK × DEVICE_SK × CAMPAIGN_SK × PAGE,FACT,DW_BATCH_ID,적재 배치 식별자,VARCHAR,Y,,,적재 배치 식별자 = dbt invocation_id (공통감사),공통감사
FACT_BUDGET,예산 팩트,MONTH_KEY × ORG_SK × BUDGET_ITEM_SK,FACT,MONTH_KEY,월 conform 키 YYYYMM,"NUMBER(6,0)",N,FK,DIM_DATE(MONTH_KEY) ※비강제(월conform/비유일),월 conform 키 YYYYMM.,"타입(6,0)≠DATE_SK(8,0) — DIM_DATE 월초행/월 conform 뷰 경유 조인"
FACT_BUDGET,예산 팩트,MONTH_KEY × ORG_SK × BUDGET_ITEM_SK,FACT,ORG_SK,조직 (FK→DIM_ORG),"NUMBER(38,0)",N,FK,DIM_ORG.ORG_SK,조직 (FK→DIM_ORG),
FACT_BUDGET,예산 팩트,MONTH_KEY × ORG_SK × BUDGET_ITEM_SK,FACT,BUDGET_ITEM_SK,예산 세세목 (FK→DIM_BUDGET_ITEM),"NUMBER(38,0)",N,FK,DIM_BUDGET_ITEM.BUDGET_ITEM_SK,예산 세세목 (FK→DIM_BUDGET_ITEM),
FACT_BUDGET,예산 팩트,MONTH_KEY × ORG_SK × BUDGET_ITEM_SK,FACT,BUDGET_PROCEDURE,예산 편성 차수,VARCHAR,Y,,,예산 편성 차수 (연사업 / 추가경정 · DEC.,
FACT_BUDGET,예산 팩트,MONTH_KEY × ORG_SK × BUDGET_ITEM_SK,FACT,CAMPAIGN_SK,캠페인 (FK→DIM_CAMPAIGN),"NUMBER(38,0)",Y,FK,DIM_CAMPAIGN.CAMPAIGN_SK,캠페인 (FK→DIM_CAMPAIGN),선택 grain 미확정(O3)
FACT_BUDGET,예산 팩트,MONTH_KEY × ORG_SK × BUDGET_ITEM_SK,FACT,SPONSORSHIP_SK,후원사업 (선택 FK→DIM_SPONSORSHIP),"NUMBER(38,0)",Y,FK,DIM_SPONSORSHIP.SPONSORSHIP_SK,후원사업 (선택 FK→DIM_SPONSORSHIP),
FACT_BUDGET,예산 팩트,MONTH_KEY × ORG_SK × BUDGET_ITEM_SK,FACT,PLAN_BUDGET_MONTH,편성예산(월),"NUMBER(18,2)",Y,,,편성예산(월),
FACT_BUDGET,예산 팩트,MONTH_KEY × ORG_SK × BUDGET_ITEM_SK,FACT,EXEC_BUDGET_ERP,집행예산(ERP),"NUMBER(18,2)",Y,,,집행예산(ERP),
FACT_BUDGET,예산 팩트,MONTH_KEY × ORG_SK × BUDGET_ITEM_SK,FACT,EXEC_BUDGET_EST,집행예산(추정),"NUMBER(18,2)",Y,,,집행예산(추정),
FACT_BUDGET,예산 팩트,MONTH_KEY × ORG_SK × BUDGET_ITEM_SK,FACT,FUNDRAISING_COST,모금성비용,"NUMBER(18,2)",Y,,,모금성비용,
FACT_BUDGET,예산 팩트,MONTH_KEY × ORG_SK × BUDGET_ITEM_SK,FACT,AD_COST,광고비,"NUMBER(18,2)",Y,,,광고비,
FACT_BUDGET,예산 팩트,MONTH_KEY × ORG_SK × BUDGET_ITEM_SK,FACT,DW_SOURCE_SYSTEM,원천 시스템 식별,VARCHAR,N,,,원천 시스템 식별 (공통감사),공통감사
FACT_BUDGET,예산 팩트,MONTH_KEY × ORG_SK × BUDGET_ITEM_SK,FACT,DW_LOAD_TS,최초 적재 시각,TIMESTAMP_NTZ,N,,,최초 적재 시각 (공통감사),공통감사
FACT_BUDGET,예산 팩트,MONTH_KEY × ORG_SK × BUDGET_ITEM_SK,FACT,DW_UPDATE_TS,최종 갱신 시각,TIMESTAMP_NTZ,Y,,,최종 갱신 시각 (공통감사),공통감사
FACT_BUDGET,예산 팩트,MONTH_KEY × ORG_SK × BUDGET_ITEM_SK,FACT,DW_BATCH_ID,적재 배치 식별자,VARCHAR,Y,,,적재 배치 식별자 = dbt invocation_id (공통감사),공통감사
FACT_BUDGET_YEARLY,연 예산 팩트,YEAR × ORG_SK × BUDGET_ITEM_SK,FACT,BUDGET_YEAR,예산연도 YYYY,"NUMBER(4,0)",N,,,예산연도 YYYY.,
FACT_BUDGET_YEARLY,연 예산 팩트,YEAR × ORG_SK × BUDGET_ITEM_SK,FACT,ORG_SK,대리키,"NUMBER(38,0)",N,FK,DIM_ORG.ORG_SK,대리키,
FACT_BUDGET_YEARLY,연 예산 팩트,YEAR × ORG_SK × BUDGET_ITEM_SK,FACT,BUDGET_ITEM_SK,대리키,"NUMBER(38,0)",N,FK,DIM_BUDGET_ITEM.BUDGET_ITEM_SK,대리키,
FACT_BUDGET_YEARLY,연 예산 팩트,YEAR × ORG_SK × BUDGET_ITEM_SK,FACT,BUDGET_PROCEDURE,예산 편성 차수,VARCHAR,Y,,,예산 편성 차수 (연사업 / 추가경정 · DEC.,
FACT_BUDGET_YEARLY,연 예산 팩트,YEAR × ORG_SK × BUDGET_ITEM_SK,FACT,CAMPAIGN_SK,대리키,"NUMBER(38,0)",Y,FK,DIM_CAMPAIGN.CAMPAIGN_SK,대리키,
FACT_BUDGET_YEARLY,연 예산 팩트,YEAR × ORG_SK × BUDGET_ITEM_SK,FACT,SPONSORSHIP_SK,대리키,"NUMBER(38,0)",Y,FK,DIM_SPONSORSHIP.SPONSORSHIP_SK,대리키,
FACT_BUDGET_YEARLY,연 예산 팩트,YEAR × ORG_SK × BUDGET_ITEM_SK,FACT,PLAN_BUDGET_YEAR,PLAN_BUDGET_YEAR,"NUMBER(18,2)",Y,,,PLAN_BUDGET_YEAR.,
FACT_BUDGET_YEARLY,연 예산 팩트,YEAR × ORG_SK × BUDGET_ITEM_SK,FACT,CHN_BUDGET_YEAR,연 추경예산 = 원천 CHN_BDGT_TOT_AMT,"NUMBER(18,2)",Y,,,연 추경예산 = 원천 CHN_BDGT_TOT_AMT.,
FACT_BUDGET_YEARLY,연 예산 팩트,YEAR × ORG_SK × BUDGET_ITEM_SK,FACT,ADJ_BUDGET_YEAR,연 조정예산 = 원천 ADJ_BDGT_TOT_AMT,"NUMBER(18,2)",Y,,,연 조정예산 = 원천 ADJ_BDGT_TOT_AMT.,
FACT_BUDGET_YEARLY,연 예산 팩트,YEAR × ORG_SK × BUDGET_ITEM_SK,FACT,EXEC_BUDGET_YEAR,연 집행예산 = 원천 EXEC_TOT_AMT,"NUMBER(18,2)",Y,,,연 집행예산 = 원천 EXEC_TOT_AMT.,
FACT_BUDGET_YEARLY,연 예산 팩트,YEAR × ORG_SK × BUDGET_ITEM_SK,FACT,DW_SOURCE_SYSTEM,원천 시스템 식별,VARCHAR,N,,,원천 시스템 식별 (공통감사),공통감사
FACT_BUDGET_YEARLY,연 예산 팩트,YEAR × ORG_SK × BUDGET_ITEM_SK,FACT,DW_LOAD_TS,최초 적재 시각,TIMESTAMP_NTZ,N,,,최초 적재 시각 (공통감사),공통감사
FACT_BUDGET_YEARLY,연 예산 팩트,YEAR × ORG_SK × BUDGET_ITEM_SK,FACT,DW_UPDATE_TS,최종 갱신 시각,TIMESTAMP_NTZ,Y,,,최종 갱신 시각 (공통감사),공통감사
FACT_BUDGET_YEARLY,연 예산 팩트,YEAR × ORG_SK × BUDGET_ITEM_SK,FACT,DW_BATCH_ID,적재 배치 식별자,VARCHAR,Y,,,적재 배치 식별자 = dbt invocation_id (공통감사),공통감사
FACT_EVENT_ATTENDANCE,행사 출석/참여 팩트,1참여,FACT,DATE_SK,참여일 YYYYMMDD (FK→DIM_DATE),"NUMBER(8,0)",N,FK,DIM_DATE.DATE_SK,참여일 YYYYMMDD (FK→DIM_DATE),
FACT_EVENT_ATTENDANCE,행사 출석/참여 팩트,1참여,FACT,MEMBER_DK,참여 회원 (불변키),VARCHAR,N,DK,,참여 회원 (불변키),
FACT_EVENT_ATTENDANCE,행사 출석/참여 팩트,1참여,FACT,EVENT_SK,행사 (FK→DIM_EVENT),"NUMBER(38,0)",N,FK,DIM_EVENT.EVENT_SK,행사 (FK→DIM_EVENT),
FACT_EVENT_ATTENDANCE,행사 출석/참여 팩트,1참여,FACT,CAMPAIGN_SK,대리키,"NUMBER(38,0)",Y,FK,DIM_CAMPAIGN.CAMPAIGN_SK,대리키,
FACT_EVENT_ATTENDANCE,행사 출석/참여 팩트,1참여,FACT,SPONSORSHIP_SK,대리키,"NUMBER(38,0)",Y,FK,DIM_SPONSORSHIP.SPONSORSHIP_SK,대리키,
FACT_EVENT_ATTENDANCE,행사 출석/참여 팩트,1참여,FACT,TOTAL_CNT,총인원,"NUMBER(38,0)",Y,,,총인원.,
FACT_EVENT_ATTENDANCE,행사 출석/참여 팩트,1참여,FACT,WAIT_CNT,대기인원,"NUMBER(38,0)",Y,,,대기인원. 코드id:MS006.,
FACT_EVENT_ATTENDANCE,행사 출석/참여 팩트,1참여,FACT,CANCEL_CNT,취소인원,"NUMBER(38,0)",Y,,,취소인원. 코드id:MS006.,
FACT_EVENT_ATTENDANCE,행사 출석/참여 팩트,1참여,FACT,CONFIRM_CNT,신청확정인원,"NUMBER(38,0)",Y,,,신청확정인원.,
FACT_EVENT_ATTENDANCE,행사 출석/참여 팩트,1참여,FACT,PARTICIPATE_CNT,참여인원,"NUMBER(38,0)",Y,,,참여인원.,
FACT_EVENT_ATTENDANCE,행사 출석/참여 팩트,1참여,FACT,PARTICIPANT_CNT,참여자수,"NUMBER(38,0)",Y,,,참여자수.,
FACT_EVENT_ATTENDANCE,행사 출석/참여 팩트,1참여,FACT,ABSENT_CNT,불참인원,"NUMBER(38,0)",Y,,,불참인원. 코드id:MS006.,
FACT_EVENT_ATTENDANCE,행사 출석/참여 팩트,1참여,FACT,PARTICIPATION_TIMES,참여횟수,"NUMBER(38,0)",Y,,,참여횟수.,
FACT_EVENT_ATTENDANCE,행사 출석/참여 팩트,1참여,FACT,WAIT_TIMES,대기횟수,"NUMBER(38,0)",Y,,,대기횟수.,
FACT_EVENT_ATTENDANCE,행사 출석/참여 팩트,1참여,FACT,ABSENT_TIMES,불참횟수,"NUMBER(38,0)",Y,,,불참횟수.,
FACT_EVENT_ATTENDANCE,행사 출석/참여 팩트,1참여,FACT,CUM_APPLY_TIMES,누적신청 횟수,"NUMBER(38,0)",Y,,,누적신청 횟수.,
FACT_EVENT_ATTENDANCE,행사 출석/참여 팩트,1참여,FACT,REGULAR_DONATION,정기후원금(원),"NUMBER(18,2)",Y,,,정기후원금(원),
FACT_EVENT_ATTENDANCE,행사 출석/참여 팩트,1참여,FACT,WIN_FLAG,당첨여부,BOOLEAN,Y,,,당첨여부,
FACT_EVENT_ATTENDANCE,행사 출석/참여 팩트,1참여,FACT,SELF_PART_FLAG,본인참여,BOOLEAN,Y,,,본인참여. [사유:규칙 미확정],
FACT_EVENT_ATTENDANCE,행사 출석/참여 팩트,1참여,FACT,PART_STATUS,참여상태,VARCHAR,Y,,,참여상태. 코드id:MS304. [사유:규칙 미확정],
FACT_EVENT_ATTENDANCE,행사 출석/참여 팩트,1참여,FACT,PART_PATH,참여경로(05 3-5),VARCHAR,Y,,,참여경로(05 3-5),
FACT_EVENT_ATTENDANCE,행사 출석/참여 팩트,1참여,FACT,PART_CHANNEL,참여채널(05 3-5),VARCHAR,Y,,,참여채널(05 3-5),
FACT_EVENT_ATTENDANCE,행사 출석/참여 팩트,1참여,FACT,EVENT_BK,EVENT_BK,VARCHAR,Y,BK,,[DEC.,
FACT_EVENT_ATTENDANCE,행사 출석/참여 팩트,1참여,FACT,PARTCPT_SEQ,PARTCPT_SEQ,"NUMBER(38,0)",Y,,,[DEC.,
FACT_EVENT_ATTENDANCE,행사 출석/참여 팩트,1참여,FACT,DW_SOURCE_SYSTEM,원천 시스템 식별,VARCHAR,N,,,원천 시스템 식별 (공통감사),공통감사
FACT_EVENT_ATTENDANCE,행사 출석/참여 팩트,1참여,FACT,DW_LOAD_TS,최초 적재 시각,TIMESTAMP_NTZ,N,,,최초 적재 시각 (공통감사),공통감사
FACT_EVENT_ATTENDANCE,행사 출석/참여 팩트,1참여,FACT,DW_UPDATE_TS,최종 갱신 시각,TIMESTAMP_NTZ,Y,,,최종 갱신 시각 (공통감사),공통감사
FACT_EVENT_ATTENDANCE,행사 출석/참여 팩트,1참여,FACT,DW_BATCH_ID,적재 배치 식별자,VARCHAR,Y,,,적재 배치 식별자 = dbt invocation_id (공통감사),공통감사
FACT_EVENT_ATTENDANCE,행사 출석/참여 팩트,1참여,FACT,PART_STATUS_GROUP,PART_STATUS_GROUP,VARCHAR,Y,,,PART_STATUS_GROUP. 코드id:MS304.,
FACT_EVENT_ATTENDANCE,행사 출석/참여 팩트,1참여,FACT,PART_STATUS_NAME,참여상태 라벨 (CRM_CODE 조인),VARCHAR,Y,,,참여상태 라벨 (CRM_CODE 조인). 코드id:MS304.,
FACT_EVENT_ATTENDANCE,행사 출석/참여 팩트,1참여,FACT,PART_PATH_GROUP,PART_PATH_GROUP,VARCHAR,Y,,,PART_PATH_GROUP. 코드id:MS303.,
FACT_EVENT_ATTENDANCE,행사 출석/참여 팩트,1참여,FACT,PART_PATH_NAME,PART_PATH_NAME,VARCHAR,Y,,,PART_PATH_NAME.,
FACT_EVENT_ATTENDANCE,행사 출석/참여 팩트,1참여,FACT,PART_CHANNEL_GROUP,PART_CHANNEL_GROUP,VARCHAR,Y,,,PART_CHANNEL_GROUP. 코드id:MS302. [사유:원천 부재],
FACT_EVENT_ATTENDANCE,행사 출석/참여 팩트,1참여,FACT,PART_CHANNEL_NAME,PART_CHANNEL_NAME,VARCHAR,Y,,,PART_CHANNEL_NAME.,
FACT_EVENT_ATTENDANCE,행사 출석/참여 팩트,1참여,FACT,EVENT_KIND,행사 종류,VARCHAR,Y,,,원천 계열 판별 **코드**.,
FACT_EVENT_ATTENDANCE,행사 출석/참여 팩트,1참여,FACT,EVENT_KIND_NAME,원천 계열 판별 **라벨**,VARCHAR,Y,,,원천 계열 판별 **라벨**.,
FACT_MEMBER_COHORT,회원 획득 코호트 팩트,1회원 획득코호트 (MEMBER_DK),FACT,MEMBER_DK,불변 비즈니스 식별자,VARCHAR,N,PK,,불변 비즈니스 식별자,
FACT_MEMBER_COHORT,회원 획득 코호트 팩트,1회원 획득코호트 (MEMBER_DK),FACT,ACQ_CAMPAIGN_SK,대리키,"NUMBER(38,0)",Y,FK,DIM_CAMPAIGN.CAMPAIGN_SK,대리키,
FACT_MEMBER_COHORT,회원 획득 코호트 팩트,1회원 획득코호트 (MEMBER_DK),FACT,ACQ_DATE_SK,대리키,"NUMBER(8,0)",Y,FK,DIM_DATE.DATE_SK,대리키,
FACT_MEMBER_COHORT,회원 획득 코호트 팩트,1회원 획득코호트 (MEMBER_DK),FACT,ACQ_BASIS,ACQ_BASIS,VARCHAR,Y,,,ACQ_BASIS. 코드id:MM015.,
FACT_MEMBER_COHORT,회원 획득 코호트 팩트,1회원 획득코호트 (MEMBER_DK),FACT,ACQ_DVLP_DIV_CD,ACQ_DVLP_DIV_CD,VARCHAR,Y,,,ACQ_DVLP_DIV_CD. 코드id:MM015.,
FACT_MEMBER_COHORT,회원 획득 코호트 팩트,1회원 획득코호트 (MEMBER_DK),FACT,ACQ_AGE_CD,획득 시점 연령대 코드(CM014),"NUMBER(2,0)",Y,,,획득 시점 연령대 코드(CM014). 코드id:CM014.,
FACT_MEMBER_COHORT,회원 획득 코호트 팩트,1회원 획득코호트 (MEMBER_DK),FACT,ACQ_AGE_BAND,획득 시점 연령대명(CM014 라벨),VARCHAR,Y,,,획득 시점 연령대명(CM014 라벨). 코드id:CM014. [사유:부서차원 산출불가],
FACT_MEMBER_COHORT,회원 획득 코호트 팩트,1회원 획득코호트 (MEMBER_DK),FACT,ACQ_AREA_CD,ACQ_AREA_CD,VARCHAR,Y,,,ACQ_AREA_CD. 코드id:CM018.,
FACT_MEMBER_COHORT,회원 획득 코호트 팩트,1회원 획득코호트 (MEMBER_DK),FACT,ACQ_REGION,획득 시점 지역명(CM018 약칭),VARCHAR,Y,,,획득 시점 지역명(CM018 약칭). 코드id:CM018.,
FACT_MEMBER_COHORT,회원 획득 코호트 팩트,1회원 획득코호트 (MEMBER_DK),FACT,ACQ_SEX_CD,획득 시점 성별 코드(CM013),VARCHAR,Y,,,획득 시점 성별 코드(CM013). 라벨=ACQ_GENDER. 코드id:CM013.,
FACT_MEMBER_COHORT,회원 획득 코호트 팩트,1회원 획득코호트 (MEMBER_DK),FACT,ACQ_GENDER,ACQ_GENDER,VARCHAR,Y,,,ACQ_GENDER. 코드id:CM013.,
FACT_MEMBER_COHORT,회원 획득 코호트 팩트,1회원 획득코호트 (MEMBER_DK),FACT,ACQ_SPNSR_AMT,획득 사건의 후원금액,"NUMBER(18,0)",Y,,,획득 사건의 후원금액 (#38).,
FACT_MEMBER_COHORT,회원 획득 코호트 팩트,1회원 획득코호트 (MEMBER_DK),FACT,FIRST_STOP_DATE_SK,대리키,"NUMBER(8,0)",Y,FK,DIM_DATE.DATE_SK,대리키,
FACT_MEMBER_COHORT,회원 획득 코호트 팩트,1회원 획득코호트 (MEMBER_DK),FACT,FIRST_STOP_REASON_NM,최초 중단의 사유명(MM005 라벨),VARCHAR,Y,,,최초 중단의 사유명(MM005 라벨). 미중단 회원은 NULL. 코드id:MM005.,
FACT_MEMBER_COHORT,회원 획득 코호트 팩트,1회원 획득코호트 (MEMBER_DK),FACT,TENURE_DAYS,유지기간(일) = 최초 중단일 − 획득일,"NUMBER(9,0)",Y,,,유지기간(일) = 최초 중단일 − 획득일.,
FACT_MEMBER_COHORT,회원 획득 코호트 팩트,1회원 획득코호트 (MEMBER_DK),FACT,IS_12M_OBSERVABLE,IS_12M_OBSERVABLE,BOOLEAN,Y,,,IS_12M_OBSERVABLE.,
FACT_MEMBER_COHORT,회원 획득 코호트 팩트,1회원 획득코호트 (MEMBER_DK),FACT,ACQ_MEMBERS,획득 회원수,"NUMBER(38,0)",Y,,,획득 회원수.,
FACT_MEMBER_COHORT,회원 획득 코호트 팩트,1회원 획득코호트 (MEMBER_DK),FACT,STOPPED_MEMBERS,누적 이탈 회원수,"NUMBER(38,0)",Y,,,누적 이탈 회원수.,
FACT_MEMBER_COHORT,회원 획득 코호트 팩트,1회원 획득코호트 (MEMBER_DK),FACT,STOPPED_12M_MEMBERS,12개월 내 이탈 회원수,"NUMBER(38,0)",Y,,,12개월 내 이탈 회원수.,
FACT_MEMBER_COHORT,회원 획득 코호트 팩트,1회원 획득코호트 (MEMBER_DK),FACT,OBSERVABLE_12M_MEMBERS,12개월 이탈률의 분모 회원수,"NUMBER(38,0)",Y,,,12개월 이탈률의 분모 회원수.,
FACT_MEMBER_COHORT,회원 획득 코호트 팩트,1회원 획득코호트 (MEMBER_DK),FACT,ACQ_ORG_SK,대리키,"NUMBER(38,0)",Y,FK,DIM_ORG.ORG_SK,대리키 (PK),
FACT_MEMBER_COHORT,회원 획득 코호트 팩트,1회원 획득코호트 (MEMBER_DK),FACT,ACQ_SPONSORSHIP_SK,대리키,"NUMBER(38,0)",Y,FK,DIM_SPONSORSHIP.SPONSORSHIP_SK,대리키 (PK),
FACT_MEMBER_COHORT,회원 획득 코호트 팩트,1회원 획득코호트 (MEMBER_DK),FACT,ACQ_MBER_INFLOW_PATH_CD,획득 캠페인의 모집채널 코드(MM293),"NUMBER(10,0)",Y,,,획득 캠페인의 모집채널 코드(MM293). 코드id:MM293.,
FACT_MEMBER_COHORT,회원 획득 코호트 팩트,1회원 획득코호트 (MEMBER_DK),FACT,ACQ_MBER_INFLOW_PATH_NM,획득 캠페인의 모집채널명(MM293 라벨),VARCHAR,Y,,,획득 캠페인의 모집채널명(MM293 라벨). 코드id:MM293.,
FACT_MEMBER_COHORT,회원 획득 코호트 팩트,1회원 획득코호트 (MEMBER_DK),FACT,ACQ_CMPGN_CTGR_CD,획득 캠페인의 카테고리 코드(MM294),"NUMBER(10,0)",Y,,,획득 캠페인의 카테고리 코드(MM294). 코드id:MM294.,
FACT_MEMBER_COHORT,회원 획득 코호트 팩트,1회원 획득코호트 (MEMBER_DK),FACT,ACQ_CMPGN_CTGR_NM,ACQ_CMPGN_CTGR_NM,VARCHAR,Y,,,ACQ_CMPGN_CTGR_NM. 코드id:MM294.,
FACT_MEMBER_COHORT,회원 획득 코호트 팩트,1회원 획득코호트 (MEMBER_DK),FACT,ACQ_CMPGN_TYPE1_BSN,"획득 캠페인 유형1 코드(MM295, 국내/통합/해외)","NUMBER(10,0)",Y,,,"획득 캠페인 유형1 코드(MM295, 국내/통합/해외). 코드id:MM295.",
FACT_MEMBER_COHORT,회원 획득 코호트 팩트,1회원 획득코호트 (MEMBER_DK),FACT,ACQ_CMPGN_TYPE1_NM,획득 캠페인 유형1명(MM295 라벨: 국내/통합/해외),VARCHAR,Y,,,획득 캠페인 유형1명(MM295 라벨: 국내/통합/해외). 코드id:MM295.,
FACT_MEMBER_COHORT,회원 획득 코호트 팩트,1회원 획득코호트 (MEMBER_DK),FACT,ACQ_CMPGN_TYPE2_BSN,"획득 캠페인 유형2 코드(MM296, 굿즈/기타/사례/사업)","NUMBER(10,0)",Y,,,"획득 캠페인 유형2 코드(MM296, 굿즈/기타/사례/사업). 코드id:MM296.",
FACT_MEMBER_COHORT,회원 획득 코호트 팩트,1회원 획득코호트 (MEMBER_DK),FACT,ACQ_CMPGN_TYPE2_NM,획득 캠페인 유형2명(MM296 라벨: 굿즈/기타/사례/사업),VARCHAR,Y,,,획득 캠페인 유형2명(MM296 라벨: 굿즈/기타/사례/사업). 코드id:MM296.,
FACT_MEMBER_COHORT,회원 획득 코호트 팩트,1회원 획득코호트 (MEMBER_DK),FACT,ACQ_MKTG_CMPGN_CD,ACQ_MKTG_CMPGN_CD,"NUMBER(10,0)",Y,,,ACQ_MKTG_CMPGN_CD.,
FACT_MEMBER_COHORT,회원 획득 코호트 팩트,1회원 획득코호트 (MEMBER_DK),FACT,ACQ_MKTG_CMPGN_NM,획득 캠페인의 마케팅 캠페인명(Q16 라벨),VARCHAR,Y,,,획득 캠페인의 마케팅 캠페인명(Q16 라벨).,
FACT_MEMBER_COHORT,회원 획득 코호트 팩트,1회원 획득코호트 (MEMBER_DK),FACT,ACQ_CMMN_BRND,획득 캠페인의 MM297 공통브랜드 코드,"NUMBER(10,0)",Y,,,획득 캠페인의 MM297 공통브랜드 코드. 코드id:MM297.,
FACT_MEMBER_COHORT,회원 획득 코호트 팩트,1회원 획득코호트 (MEMBER_DK),FACT,ACQ_CMMN_BRND_NM,획득 캠페인의 MM297 공통브랜드명,VARCHAR,Y,,,획득 캠페인의 MM297 공통브랜드명. 코드id:MM297.,
FACT_MEMBER_COHORT,회원 획득 코호트 팩트,1회원 획득코호트 (MEMBER_DK),FACT,ACQ_MKTG_UTM,ACQ_MKTG_UTM,"NUMBER(10,0)",Y,,,ACQ_MKTG_UTM.,
FACT_MEMBER_COHORT,회원 획득 코호트 팩트,1회원 획득코호트 (MEMBER_DK),FACT,ACQ_MKTG_UTM_NM,ACQ_MKTG_UTM_NM,VARCHAR,Y,,,ACQ_MKTG_UTM_NM.,
FACT_MEMBER_COHORT,회원 획득 코호트 팩트,1회원 획득코호트 (MEMBER_DK),FACT,ACQ_SPNSR_DIV_CD,ACQ_SPNSR_DIV_CD,VARCHAR,Y,,,ACQ_SPNSR_DIV_CD. 코드id:CM035.,
FACT_MEMBER_COHORT,회원 획득 코호트 팩트,1회원 획득코호트 (MEMBER_DK),FACT,ACQ_SPNSR_DIV_NM,획득 캠페인의 후원구분명(CM035 라벨),VARCHAR,Y,,,획득 캠페인의 후원구분명(CM035 라벨). 코드id:CM035.,
FACT_MEMBER_COHORT,회원 획득 코호트 팩트,1회원 획득코호트 (MEMBER_DK),FACT,ACQ_CPR_DIV_CD,ACQ_CPR_DIV_CD,VARCHAR,Y,,,ACQ_CPR_DIV_CD. 코드id:CM019.,
FACT_MEMBER_COHORT,회원 획득 코호트 팩트,1회원 획득코호트 (MEMBER_DK),FACT,ACQ_CPR_DIV_NM,획득 캠페인의 법인구분명(CM019 라벨),VARCHAR,Y,,,획득 캠페인의 법인구분명(CM019 라벨). 코드id:CM019.,
FACT_MEMBER_COHORT,회원 획득 코호트 팩트,1회원 획득코호트 (MEMBER_DK),FACT,ACQ_BRAND,획득 캠페인의 브랜드명,VARCHAR,Y,,,획득 캠페인의 브랜드명 — 적재 시점 동결값,
FACT_MEMBER_COHORT,회원 획득 코호트 팩트,1회원 획득코호트 (MEMBER_DK),FACT,ACQ_PARENT_CAMPAIGN_NAME,ACQ_PARENT_CAMPAIGN_NAME,VARCHAR,Y,,,ACQ_PARENT_CAMPAIGN_NAME.,
FACT_MEMBER_COHORT,회원 획득 코호트 팩트,1회원 획득코호트 (MEMBER_DK),FACT,ACQ_PROMO_METHOD_NAME,획득 캠페인의 홍보방법명(CM008 라벨),VARCHAR,Y,,,획득 캠페인의 홍보방법명(CM008 라벨). 코드id:CM008.,
FACT_MEMBER_COHORT,회원 획득 코호트 팩트,1회원 획득코호트 (MEMBER_DK),FACT,DW_SOURCE_SYSTEM,원천 시스템 식별,VARCHAR,N,,,원천 시스템 식별 (공통감사),공통감사
FACT_MEMBER_COHORT,회원 획득 코호트 팩트,1회원 획득코호트 (MEMBER_DK),FACT,DW_LOAD_TS,최초 적재 시각,TIMESTAMP_NTZ,N,,,최초 적재 시각 (공통감사),공통감사
FACT_MEMBER_COHORT,회원 획득 코호트 팩트,1회원 획득코호트 (MEMBER_DK),FACT,DW_UPDATE_TS,최종 갱신 시각,TIMESTAMP_NTZ,Y,,,최종 갱신 시각 (공통감사),공통감사
FACT_MEMBER_COHORT,회원 획득 코호트 팩트,1회원 획득코호트 (MEMBER_DK),FACT,DW_BATCH_ID,적재 배치 식별자,VARCHAR,Y,,,적재 배치 식별자 = dbt invocation_id (공통감사),공통감사
FACT_MEMBER_DEV_ACHIEVEMENT,회원개발 목표 대비 실적 월 Conform 팩트,1달성,FACT,MONTH_KEY,월 conform 키 YYYYMM,"NUMBER(6,0)",N,PK,,월 conform 키 YYYYMM.,
FACT_MEMBER_DEV_ACHIEVEMENT,회원개발 목표 대비 실적 월 Conform 팩트,1달성,FACT,CAL_YEAR,FLOOR(MONTH_KEY/100),"NUMBER(4,0)",Y,,,FLOOR(MONTH_KEY/100) — 연도,
FACT_MEMBER_DEV_ACHIEVEMENT,회원개발 목표 대비 실적 월 Conform 팩트,1달성,FACT,CAL_MONTH,"MOD(MONTH_KEY,100)","NUMBER(2,0)",Y,,,"MOD(MONTH_KEY,100) — 월",
FACT_MEMBER_DEV_ACHIEVEMENT,회원개발 목표 대비 실적 월 Conform 팩트,1달성,FACT,ORG_SK,대리키,"NUMBER(38,0)",N,PK,,대리키 (PK),
FACT_MEMBER_DEV_ACHIEVEMENT,회원개발 목표 대비 실적 월 Conform 팩트,1달성,FACT,ORG_DEPARTMENT,부서명 (정본 ),VARCHAR,Y,,,부서명 (정본 #116) (#116).,
FACT_MEMBER_DEV_ACHIEVEMENT,회원개발 목표 대비 실적 월 Conform 팩트,1달성,FACT,ORG_DIVISION,DIM_ORG,VARCHAR,Y,,,DIM_ORG.DIVISION. [사유:규칙 미확정],
FACT_MEMBER_DEV_ACHIEVEMENT,회원개발 목표 대비 실적 월 Conform 팩트,1달성,FACT,ORG_TEAM,DIM_ORG,VARCHAR,Y,,,DIM_ORG.TEAM. [사유:산출보류],
FACT_MEMBER_DEV_ACHIEVEMENT,회원개발 목표 대비 실적 월 Conform 팩트,1달성,FACT,ORG_CORP,DIM_ORG,VARCHAR,Y,,,DIM_ORG.CORP. [사유:부서차원 산출불가],
FACT_MEMBER_DEV_ACHIEVEMENT,회원개발 목표 대비 실적 월 Conform 팩트,1달성,FACT,DEV_TYPE,DEV_TYPE,VARCHAR,N,PK,,DEV_TYPE (#121). 코드id:MM015.,
FACT_MEMBER_DEV_ACHIEVEMENT,회원개발 목표 대비 실적 월 Conform 팩트,1달성,FACT,DEV_TYPE_NAME,개발구분명 (MM015 라벨),VARCHAR,Y,,,개발구분명 (MM015 라벨). 코드는 DEV_TYPE,
FACT_MEMBER_DEV_ACHIEVEMENT,회원개발 목표 대비 실적 월 Conform 팩트,1달성,FACT,GOAL_CNT,월 회원개발목표(건),"NUMBER(18,4)",Y,,,월 회원개발목표(건).,
FACT_MEMBER_DEV_ACHIEVEMENT,회원개발 목표 대비 실적 월 Conform 팩트,1달성,FACT,ACTUAL_CNT,월 개발실적(건),"NUMBER(18,4)",Y,,,월 개발실적(건).,
FACT_MEMBER_DEV_ACHIEVEMENT,회원개발 목표 대비 실적 월 Conform 팩트,1달성,FACT,GOAL_CNT_YTD,(누계)월 목표(건),"NUMBER(18,4)",Y,,,(누계)월 목표(건).,
FACT_MEMBER_DEV_ACHIEVEMENT,회원개발 목표 대비 실적 월 Conform 팩트,1달성,FACT,ACTUAL_CNT_YTD,(누계)월 실적(건),"NUMBER(18,4)",Y,,,(누계)월 실적(건).,
FACT_MEMBER_DEV_ACHIEVEMENT,회원개발 목표 대비 실적 월 Conform 팩트,1달성,FACT,GOAL_CNT_YEAR,연 목표(건),"NUMBER(18,4)",Y,,,연 목표(건) (#3).,
FACT_MEMBER_DEV_ACHIEVEMENT,회원개발 목표 대비 실적 월 Conform 팩트,1달성,FACT,ACTUAL_CNT_YEAR,연 실적(건),"NUMBER(18,4)",Y,,,연 실적(건).,
FACT_MEMBER_DEV_ACHIEVEMENT,회원개발 목표 대비 실적 월 Conform 팩트,1달성,FACT,HAS_GOAL_ROW,목표 **행**의 존재 여부,BOOLEAN,Y,,,목표 **행**의 존재 여부.,
FACT_MEMBER_DEV_ACHIEVEMENT,회원개발 목표 대비 실적 월 Conform 팩트,1달성,FACT,HAS_POSITIVE_GOAL,**목표가 실제로 편성됐는지**(GOAL_CNT>0),BOOLEAN,Y,,,**목표가 실제로 편성됐는지**(GOAL_CNT>0).,
FACT_MEMBER_DEV_ACHIEVEMENT,회원개발 목표 대비 실적 월 Conform 팩트,1달성,FACT,HAS_ACTUAL,HAS_ACTUAL,BOOLEAN,Y,,,HAS_ACTUAL.,
FACT_MEMBER_DEV_ACHIEVEMENT,회원개발 목표 대비 실적 월 Conform 팩트,1달성,FACT,DW_SOURCE_SYSTEM,원천 시스템 식별,VARCHAR,N,,,원천 시스템 식별 (공통감사),공통감사
FACT_MEMBER_DEV_ACHIEVEMENT,회원개발 목표 대비 실적 월 Conform 팩트,1달성,FACT,DW_LOAD_TS,최초 적재 시각,TIMESTAMP_NTZ,N,,,최초 적재 시각 (공통감사),공통감사
FACT_MEMBER_DEV_ACHIEVEMENT,회원개발 목표 대비 실적 월 Conform 팩트,1달성,FACT,DW_UPDATE_TS,최종 갱신 시각,TIMESTAMP_NTZ,Y,,,최종 갱신 시각 (공통감사),공통감사
FACT_MEMBER_DEV_ACHIEVEMENT,회원개발 목표 대비 실적 월 Conform 팩트,1달성,FACT,DW_BATCH_ID,적재 배치 식별자,VARCHAR,Y,,,적재 배치 식별자 = dbt invocation_id (공통감사),공통감사
FACT_MEMBER_EVENT,회원 이벤트 팩트,DATE_SK × MEMBER_DK × EVENT_TYPE,FACT,DATE_SK,사건일,"NUMBER(8,0)",N,FK,DIM_DATE.DATE_SK,사건일,
FACT_MEMBER_EVENT,회원 이벤트 팩트,DATE_SK × MEMBER_DK × EVENT_TYPE,FACT,MEMBER_DK,상태전이 대상 회원 (불변키),VARCHAR,N,"DK,FK",DIM_MEMBER(MEMBER_DK) ※비강제(SCD2/비유일),상태전이 대상 회원 (불변키),SCD2 다중버전 — 현재행(IS_CURRENT) 경유 조인(중복 주의); [실측06-30]VARCHAR(10)
FACT_MEMBER_EVENT,회원 이벤트 팩트,DATE_SK × MEMBER_DK × EVENT_TYPE,FACT,EVENT_TYPE,EVENT_TYPE,VARCHAR,N,,,EVENT_TYPE.,
FACT_MEMBER_EVENT,회원 이벤트 팩트,DATE_SK × MEMBER_DK × EVENT_TYPE,FACT,CAMPAIGN_SK,캠페인 (FK→DIM_CAMPAIGN),"NUMBER(38,0)",Y,FK,DIM_CAMPAIGN.CAMPAIGN_SK,캠페인 (FK→DIM_CAMPAIGN),
FACT_MEMBER_EVENT,회원 이벤트 팩트,DATE_SK × MEMBER_DK × EVENT_TYPE,FACT,SPONSORSHIP_SK,후원사업 (FK→DIM_SPONSORSHIP),"NUMBER(38,0)",Y,FK,DIM_SPONSORSHIP.SPONSORSHIP_SK,후원사업 (FK→DIM_SPONSORSHIP),
FACT_MEMBER_EVENT,회원 이벤트 팩트,DATE_SK × MEMBER_DK × EVENT_TYPE,FACT,ORG_SK,대리키,"NUMBER(38,0)",Y,FK,DIM_ORG.ORG_SK,대리키,
FACT_MEMBER_EVENT,회원 이벤트 팩트,DATE_SK × MEMBER_DK × EVENT_TYPE,FACT,REASON_SK,중단/미납 사유 (FK→DIM_REASON),"NUMBER(38,0)",Y,FK,DIM_REASON.REASON_SK,중단/미납 사유 (FK→DIM_REASON),
FACT_MEMBER_EVENT,회원 이벤트 팩트,DATE_SK × MEMBER_DK × EVENT_TYPE,FACT,DVLP_DIV_CD,개발구분코드,VARCHAR,Y,,,개발구분코드. 코드id:MM015.,
FACT_MEMBER_EVENT,회원 이벤트 팩트,DATE_SK × MEMBER_DK × EVENT_TYPE,FACT,DVLP_DIV_NM,개발구분명,VARCHAR,Y,,,개발구분명. 코드id:MM015.,
FACT_MEMBER_EVENT,회원 이벤트 팩트,DATE_SK × MEMBER_DK × EVENT_TYPE,FACT,SPNSR_AMT,후원금액(원),"NUMBER(18,0)",Y,,,후원금액(원) (#38).,
FACT_MEMBER_EVENT,회원 이벤트 팩트,DATE_SK × MEMBER_DK × EVENT_TYPE,FACT,DEV_CNT,개발(건),"NUMBER(18,4)",Y,,,개발(건) (#149).,
FACT_MEMBER_EVENT,회원 이벤트 팩트,DATE_SK × MEMBER_DK × EVENT_TYPE,FACT,DEV_MEMBERS,「명」이 아니다,"NUMBER(38,0)",Y,,,「명」이 아니다 (#148).,
FACT_MEMBER_EVENT,회원 이벤트 팩트,DATE_SK × MEMBER_DK × EVENT_TYPE,FACT,STOP_CNT,중단(건),"NUMBER(18,4)",Y,,,중단(건) (#35),
FACT_MEMBER_EVENT,회원 이벤트 팩트,DATE_SK × MEMBER_DK × EVENT_TYPE,FACT,STOP_MEMBERS,「명」이 아니다,"NUMBER(38,0)",Y,,,「명」이 아니다.,
FACT_MEMBER_EVENT,회원 이벤트 팩트,DATE_SK × MEMBER_DK × EVENT_TYPE,FACT,UNPAID_STOP_CNT,미납중단(건),"NUMBER(18,4)",Y,,,미납중단(건),
FACT_MEMBER_EVENT,회원 이벤트 팩트,DATE_SK × MEMBER_DK × EVENT_TYPE,FACT,UNPAID_STOP_MEMBERS,미납중단(명),"NUMBER(38,0)",Y,,,미납중단(명).,
FACT_MEMBER_EVENT,회원 이벤트 팩트,DATE_SK × MEMBER_DK × EVENT_TYPE,FACT,JOIN_DATE,가입일,DATE,Y,,,가입일,
FACT_MEMBER_EVENT,회원 이벤트 팩트,DATE_SK × MEMBER_DK × EVENT_TYPE,FACT,STOP_DATE,중단일,DATE,Y,,,중단일,
FACT_MEMBER_EVENT,회원 이벤트 팩트,DATE_SK × MEMBER_DK × EVENT_TYPE,FACT,STOP_REASON,중단사유,VARCHAR,Y,,,중단사유,
FACT_MEMBER_EVENT,회원 이벤트 팩트,DATE_SK × MEMBER_DK × EVENT_TYPE,FACT,STOP_CHANNEL,중단채널,VARCHAR,Y,,,중단채널,
FACT_MEMBER_EVENT,회원 이벤트 팩트,DATE_SK × MEMBER_DK × EVENT_TYPE,FACT,STOP_REASON_NM,중단사유명,VARCHAR,Y,,,중단사유명 (#162). 코드id:MM005.,
FACT_MEMBER_EVENT,회원 이벤트 팩트,DATE_SK × MEMBER_DK × EVENT_TYPE,FACT,STOP_CHANNEL_NM,중단경로명,VARCHAR,Y,,,중단경로명. 코드id:MM287.,
FACT_MEMBER_EVENT,회원 이벤트 팩트,DATE_SK × MEMBER_DK × EVENT_TYPE,FACT,NEW_EXISTING_FLAG,신규기존,VARCHAR,Y,,,신규기존 (#113). [사유:원천 부재],
FACT_MEMBER_EVENT,회원 이벤트 팩트,DATE_SK × MEMBER_DK × EVENT_TYPE,FACT,AGE_AT_EVENT,연령대 코드 raw,"NUMBER(2,0)",Y,,,연령대 코드 raw. 코드id:CM014.,
FACT_MEMBER_EVENT,회원 이벤트 팩트,DATE_SK × MEMBER_DK × EVENT_TYPE,FACT,AGE_BAND_AT_EVENT,연령대명,VARCHAR,Y,,,연령대명. 코드id:CM014.,
FACT_MEMBER_EVENT,회원 이벤트 팩트,DATE_SK × MEMBER_DK × EVENT_TYPE,FACT,AREA_CD_AT_EVENT,지역 코드 raw,VARCHAR,Y,,,지역 코드 raw (#131). 코드id:CM018. [사유:부서차원 산출불가],
FACT_MEMBER_EVENT,회원 이벤트 팩트,DATE_SK × MEMBER_DK × EVENT_TYPE,FACT,REGION_AT_EVENT,지역명,VARCHAR,Y,,,지역명 (#131). 코드id:CM018.,
FACT_MEMBER_EVENT,회원 이벤트 팩트,DATE_SK × MEMBER_DK × EVENT_TYPE,FACT,SEX_AT_EVENT,성별 코드 raw,VARCHAR,Y,,,성별 코드 raw. 코드id:CM013.,
FACT_MEMBER_EVENT,회원 이벤트 팩트,DATE_SK × MEMBER_DK × EVENT_TYPE,FACT,GENDER_AT_EVENT,성별명,VARCHAR,Y,,,성별명. 코드id:CM013.,
FACT_MEMBER_EVENT,회원 이벤트 팩트,DATE_SK × MEMBER_DK × EVENT_TYPE,FACT,CAMPAIGN_STOP_CNT,캠페인 귀속 중단(건),"NUMBER(18,4)",Y,,,캠페인 귀속 중단(건). 코드id:MM015.,
FACT_MEMBER_EVENT,회원 이벤트 팩트,DATE_SK × MEMBER_DK × EVENT_TYPE,FACT,MBER_INFLOW_PATH_CD_AT_EVENT,개발인입경로코드(MM293),"NUMBER(10,0)",Y,,,개발인입경로코드(MM293). 코드id:MM293.,
FACT_MEMBER_EVENT,회원 이벤트 팩트,DATE_SK × MEMBER_DK × EVENT_TYPE,FACT,MBER_INFLOW_PATH_NM_AT_EVENT,개발인입경로명(MM293 라벨),VARCHAR,Y,,,개발인입경로명(MM293 라벨). 코드id:MM293.,
FACT_MEMBER_EVENT,회원 이벤트 팩트,DATE_SK × MEMBER_DK × EVENT_TYPE,FACT,CMPGN_CTGR_CD_AT_EVENT,캠페인 카테고리코드(MM294),"NUMBER(10,0)",Y,,,캠페인 카테고리코드(MM294). 코드id:MM294.,
FACT_MEMBER_EVENT,회원 이벤트 팩트,DATE_SK × MEMBER_DK × EVENT_TYPE,FACT,CMPGN_CTGR_NM_AT_EVENT,"캠페인 카테고리명(MM294 라벨, 현업 '주요캠페인' 축)",VARCHAR,Y,,,"캠페인 카테고리명(MM294 라벨, 현업 '주요캠페인' 축). 코드id:MM294.",
FACT_MEMBER_EVENT,회원 이벤트 팩트,DATE_SK × MEMBER_DK × EVENT_TYPE,FACT,CMPGN_TYPE1_BSN_AT_EVENT,"캠페인 유형1 코드(MM295, 국내/통합/해외)","NUMBER(10,0)",Y,,,"캠페인 유형1 코드(MM295, 국내/통합/해외). 코드id:MM295.",
FACT_MEMBER_EVENT,회원 이벤트 팩트,DATE_SK × MEMBER_DK × EVENT_TYPE,FACT,CMPGN_TYPE1_NM_AT_EVENT,캠페인 유형1명(MM295 라벨: 국내/통합/해외),VARCHAR,Y,,,캠페인 유형1명(MM295 라벨: 국내/통합/해외). 코드id:MM295.,
FACT_MEMBER_EVENT,회원 이벤트 팩트,DATE_SK × MEMBER_DK × EVENT_TYPE,FACT,CMPGN_TYPE2_BSN_AT_EVENT,"캠페인 유형2 코드(MM296, 굿즈/기타/사례/사업)","NUMBER(10,0)",Y,,,"캠페인 유형2 코드(MM296, 굿즈/기타/사례/사업). 코드id:MM296.",
FACT_MEMBER_EVENT,회원 이벤트 팩트,DATE_SK × MEMBER_DK × EVENT_TYPE,FACT,CMPGN_TYPE2_NM_AT_EVENT,캠페인 유형2명(MM296 라벨: 굿즈/기타/사례/사업),VARCHAR,Y,,,캠페인 유형2명(MM296 라벨: 굿즈/기타/사례/사업). 코드id:MM296.,
FACT_MEMBER_EVENT,회원 이벤트 팩트,DATE_SK × MEMBER_DK × EVENT_TYPE,FACT,MKTG_CMPGN_CD_AT_EVENT,MKTG_CMPGN_CD_AT_EVENT,"NUMBER(10,0)",Y,,,MKTG_CMPGN_CD_AT_EVENT.,
FACT_MEMBER_EVENT,회원 이벤트 팩트,DATE_SK × MEMBER_DK × EVENT_TYPE,FACT,MKTG_CMPGN_NM_AT_EVENT,마케팅 캠페인명(Q16 라벨),VARCHAR,Y,,,마케팅 캠페인명(Q16 라벨).,
FACT_MEMBER_EVENT,회원 이벤트 팩트,DATE_SK × MEMBER_DK × EVENT_TYPE,FACT,CMMN_BRND_AT_EVENT,MM297 공통브랜드 코드,"NUMBER(10,0)",Y,,,MM297 공통브랜드 코드. 코드id:MM297.,
FACT_MEMBER_EVENT,회원 이벤트 팩트,DATE_SK × MEMBER_DK × EVENT_TYPE,FACT,CMMN_BRND_NM_AT_EVENT,MM297 공통브랜드명,VARCHAR,Y,,,MM297 공통브랜드명. 코드id:MM297.,
FACT_MEMBER_EVENT,회원 이벤트 팩트,DATE_SK × MEMBER_DK × EVENT_TYPE,FACT,MKTG_UTM_AT_EVENT,UTM 코드(TC_MKTNG_DTL_CD U001),"NUMBER(10,0)",Y,,,UTM 코드(TC_MKTNG_DTL_CD U001).,
FACT_MEMBER_EVENT,회원 이벤트 팩트,DATE_SK × MEMBER_DK × EVENT_TYPE,FACT,MKTG_UTM_NM_AT_EVENT,UTM 라벨(TC_MKTNG_DTL_CD U001),VARCHAR,Y,,,UTM 라벨(TC_MKTNG_DTL_CD U001).,
FACT_MEMBER_EVENT,회원 이벤트 팩트,DATE_SK × MEMBER_DK × EVENT_TYPE,FACT,MKTG_CHANNEL_AT_EVENT,마케팅 채널 코드,"NUMBER(10,0)",Y,,,마케팅 채널 코드 — 사건 시점 동결값.,
FACT_MEMBER_EVENT,회원 이벤트 팩트,DATE_SK × MEMBER_DK × EVENT_TYPE,FACT,MKTG_CHANNEL_NM_AT_EVENT,마케팅 채널명,VARCHAR,Y,,,마케팅 채널명 — 사건 시점 동결값.,
FACT_MEMBER_EVENT,회원 이벤트 팩트,DATE_SK × MEMBER_DK × EVENT_TYPE,FACT,SPNSR_DIV_CD_AT_EVENT,후원구분 코드(CM035: 1=정기후원·2=일시후원),VARCHAR,Y,,,후원구분 코드(CM035: 1=정기후원·2=일시후원). 코드id:CM035.,
FACT_MEMBER_EVENT,회원 이벤트 팩트,DATE_SK × MEMBER_DK × EVENT_TYPE,FACT,SPNSR_DIV_NM_AT_EVENT,후원구분명(CM035 라벨),VARCHAR,Y,,,후원구분명(CM035 라벨). 코드id:CM035.,
FACT_MEMBER_EVENT,회원 이벤트 팩트,DATE_SK × MEMBER_DK × EVENT_TYPE,FACT,CPR_DIV_CD_AT_EVENT,법인구분 코드(CM019: A=통합·I=사단·S=사복),VARCHAR,Y,,,법인구분 코드(CM019: A=통합·I=사단·S=사복). 코드id:CM019.,
FACT_MEMBER_EVENT,회원 이벤트 팩트,DATE_SK × MEMBER_DK × EVENT_TYPE,FACT,CPR_DIV_NM_AT_EVENT,법인구분명(CM019 라벨),VARCHAR,Y,,,법인구분명(CM019 라벨). 코드id:CM019.,
FACT_MEMBER_EVENT,회원 이벤트 팩트,DATE_SK × MEMBER_DK × EVENT_TYPE,FACT,BRAND_AT_EVENT,브랜드명,VARCHAR,Y,,,브랜드명 — 사건 시점 동결값. 중단원천 행은 NULL,
FACT_MEMBER_EVENT,회원 이벤트 팩트,DATE_SK × MEMBER_DK × EVENT_TYPE,FACT,PARENT_CAMPAIGN_NAME_AT_EVENT,상위캠페인명(UPPER_CMPGN_CD 자기조인 라벨),VARCHAR,Y,,,상위캠페인명(UPPER_CMPGN_CD 자기조인 라벨).,
FACT_MEMBER_EVENT,회원 이벤트 팩트,DATE_SK × MEMBER_DK × EVENT_TYPE,FACT,PROMO_METHOD_NAME_AT_EVENT,홍보방법명(CM008 라벨),VARCHAR,Y,,,홍보방법명(CM008 라벨). 코드id:CM008.,
FACT_MEMBER_EVENT,회원 이벤트 팩트,DATE_SK × MEMBER_DK × EVENT_TYPE,FACT,DW_SOURCE_SYSTEM,원천 시스템 식별,VARCHAR,N,,,원천 시스템 식별 (공통감사),공통감사
FACT_MEMBER_EVENT,회원 이벤트 팩트,DATE_SK × MEMBER_DK × EVENT_TYPE,FACT,DW_LOAD_TS,최초 적재 시각,TIMESTAMP_NTZ,N,,,최초 적재 시각 (공통감사),공통감사
FACT_MEMBER_EVENT,회원 이벤트 팩트,DATE_SK × MEMBER_DK × EVENT_TYPE,FACT,DW_UPDATE_TS,최종 갱신 시각,TIMESTAMP_NTZ,Y,,,최종 갱신 시각 (공통감사),공통감사
FACT_MEMBER_EVENT,회원 이벤트 팩트,DATE_SK × MEMBER_DK × EVENT_TYPE,FACT,DW_BATCH_ID,적재 배치 식별자,VARCHAR,Y,,,적재 배치 식별자 = dbt invocation_id (공통감사),공통감사
FACT_MEMBER_FEE,회비 분해 팩트,MEMBER_DK × MONTH_KEY × SPONSORSHIP_SK × PAYMENT_SK,FACT,MONTH_KEY,월 conform 키 YYYYMM,"NUMBER(6,0)",Y,,,월 conform 키 YYYYMM.,
FACT_MEMBER_FEE,회비 분해 팩트,MEMBER_DK × MONTH_KEY × SPONSORSHIP_SK × PAYMENT_SK,FACT,MEMBER_DK,불변 비즈니스 식별자,VARCHAR,Y,DK,,불변 비즈니스 식별자,
FACT_MEMBER_FEE,회비 분해 팩트,MEMBER_DK × MONTH_KEY × SPONSORSHIP_SK × PAYMENT_SK,FACT,SPONSORSHIP_SK,대리키,"NUMBER(38,0)",Y,FK,DIM_SPONSORSHIP.SPONSORSHIP_SK,대리키 (PK),
FACT_MEMBER_FEE,회비 분해 팩트,MEMBER_DK × MONTH_KEY × SPONSORSHIP_SK × PAYMENT_SK,FACT,PAYMENT_SK,대리키,"NUMBER(38,0)",Y,FK,DIM_PAYMENT.PAYMENT_SK,대리키 (PK),
FACT_MEMBER_FEE,회비 분해 팩트,MEMBER_DK × MONTH_KEY × SPONSORSHIP_SK × PAYMENT_SK,FACT,FEE_DIV_CD,회비구분 코드(PM010),VARCHAR,Y,,,회비구분 코드(PM010). 코드id:PM010.,
FACT_MEMBER_FEE,회비 분해 팩트,MEMBER_DK × MONTH_KEY × SPONSORSHIP_SK × PAYMENT_SK,FACT,FEE_DIV_NAME,회비구분명: 정기·선물금·일시·긴급구호 (PM010 라벨),VARCHAR,Y,,,회비구분명: 정기·선물금·일시·긴급구호 (PM010 라벨). 코드id:PM010.,
FACT_MEMBER_FEE,회비 분해 팩트,MEMBER_DK × MONTH_KEY × SPONSORSHIP_SK × PAYMENT_SK,FACT,PAYMENT_TYPE,납입유형 = 회비/기부금,VARCHAR,Y,,,납입유형 = 회비/기부금.,
FACT_MEMBER_FEE,회비 분해 팩트,MEMBER_DK × MONTH_KEY × SPONSORSHIP_SK × PAYMENT_SK,FACT,SETLE_CD,SETLE_CD,VARCHAR,Y,,,SETLE_CD.,
FACT_MEMBER_FEE,회비 분해 팩트,MEMBER_DK × MONTH_KEY × SPONSORSHIP_SK × PAYMENT_SK,FACT,LAST_PAY_DATE_SK,대리키,"NUMBER(8,0)",Y,FK,DIM_DATE.DATE_SK,대리키,
FACT_MEMBER_FEE,회비 분해 팩트,MEMBER_DK × MONTH_KEY × SPONSORSHIP_SK × PAYMENT_SK,FACT,LAST_BILL_DATE_SK,해당 조합의 최종 청구일 (FK→DIM_DATE),"NUMBER(8,0)",Y,FK,DIM_DATE.DATE_SK,해당 조합의 최종 청구일 (FK→DIM_DATE),
FACT_MEMBER_FEE,회비 분해 팩트,MEMBER_DK × MONTH_KEY × SPONSORSHIP_SK × PAYMENT_SK,FACT,BILLED_AMT,BILLED_AMT,"NUMBER(38,2)",Y,,,BILLED_AMT.,
FACT_MEMBER_FEE,회비 분해 팩트,MEMBER_DK × MONTH_KEY × SPONSORSHIP_SK × PAYMENT_SK,FACT,PAID_FEE,납입 총액(원) = 회비 + 기부금,"NUMBER(38,2)",Y,,,납입 총액(원) = 회비 + 기부금.,
FACT_MEMBER_FEE,회비 분해 팩트,MEMBER_DK × MONTH_KEY × SPONSORSHIP_SK × PAYMENT_SK,FACT,PAID_FEE_BILLABLE,회비 납입액(원),"NUMBER(38,2)",Y,,,회비 납입액(원).,
FACT_MEMBER_FEE,회비 분해 팩트,MEMBER_DK × MONTH_KEY × SPONSORSHIP_SK × PAYMENT_SK,FACT,UNPAID_BILLED_AMT,미납 청구액(원),"NUMBER(38,2)",Y,,,미납 청구액(원).,
FACT_MEMBER_FEE,회비 분해 팩트,MEMBER_DK × MONTH_KEY × SPONSORSHIP_SK × PAYMENT_SK,FACT,BILLING_ROWS,집계된 원천 회비행 수,"NUMBER(38,0)",Y,,,집계된 원천 회비행 수.,
FACT_MEMBER_FEE,회비 분해 팩트,MEMBER_DK × MONTH_KEY × SPONSORSHIP_SK × PAYMENT_SK,FACT,UNPAID_FLAG,해당 조합에 미납 청구행이 하나라도 있는가(BOOLOR_AGG),BOOLEAN,Y,,,해당 조합에 미납 청구행이 하나라도 있는가(BOOLOR_AGG).,
FACT_MEMBER_FEE,회비 분해 팩트,MEMBER_DK × MONTH_KEY × SPONSORSHIP_SK × PAYMENT_SK,FACT,DW_SOURCE_SYSTEM,원천 시스템 식별,VARCHAR,N,,,원천 시스템 식별 (공통감사),공통감사
FACT_MEMBER_FEE,회비 분해 팩트,MEMBER_DK × MONTH_KEY × SPONSORSHIP_SK × PAYMENT_SK,FACT,DW_LOAD_TS,최초 적재 시각,TIMESTAMP_NTZ,N,,,최초 적재 시각 (공통감사),공통감사
FACT_MEMBER_FEE,회비 분해 팩트,MEMBER_DK × MONTH_KEY × SPONSORSHIP_SK × PAYMENT_SK,FACT,DW_UPDATE_TS,최종 갱신 시각,TIMESTAMP_NTZ,Y,,,최종 갱신 시각 (공통감사),공통감사
FACT_MEMBER_FEE,회비 분해 팩트,MEMBER_DK × MONTH_KEY × SPONSORSHIP_SK × PAYMENT_SK,FACT,DW_BATCH_ID,적재 배치 식별자,VARCHAR,Y,,,적재 배치 식별자 = dbt invocation_id (공통감사),공통감사
FACT_MEMBER_MONTHLY,회원 월 팩트,MONTH_KEY × MEMBER_DK,FACT,MONTH_KEY,YYYYMM,"NUMBER(6,0)",N,FK,DIM_DATE(MONTH_KEY) ※비강제(월conform/비유일),YYYYMM,"타입(6,0)≠DATE_SK(8,0) — DIM_DATE 월초행/월 conform 뷰 경유 조인; FMM PK/UNIQUE 미설정 — grain 미확정·ETL 멱등성 의존(O8)"
FACT_MEMBER_MONTHLY,회원 월 팩트,MONTH_KEY × MEMBER_DK,FACT,MEMBER_DK,월 스냅샷 대상 회원 (불변키),VARCHAR,N,"DK,FK",DIM_MEMBER(MEMBER_DK) ※비강제(SCD2/비유일),월 스냅샷 대상 회원 (불변키),SCD2 다중버전 — 현재행(IS_CURRENT) 경유 조인(중복 주의); FMM PK/UNIQUE 미설정 — grain 미확정·ETL 멱등성 의존(O8); [실측06-30]VARCHAR(10)
FACT_MEMBER_MONTHLY,회원 월 팩트,MONTH_KEY × MEMBER_DK,FACT,CAMPAIGN_SK,캠페인 (FK→DIM_CAMPAIGN),"NUMBER(38,0)",Y,FK,DIM_CAMPAIGN.CAMPAIGN_SK,캠페인 (FK→DIM_CAMPAIGN),
FACT_MEMBER_MONTHLY,회원 월 팩트,MONTH_KEY × MEMBER_DK,FACT,SPONSORSHIP_SK,후원사업 (FK→DIM_SPONSORSHIP),"NUMBER(38,0)",Y,FK,DIM_SPONSORSHIP.SPONSORSHIP_SK,후원사업 (FK→DIM_SPONSORSHIP),
FACT_MEMBER_MONTHLY,회원 월 팩트,MONTH_KEY × MEMBER_DK,FACT,PAYMENT_SK,납입/결제 유형 (FK→DIM_PAYMENT),"NUMBER(38,0)",Y,FK,DIM_PAYMENT.PAYMENT_SK,납입/결제 유형 (FK→DIM_PAYMENT),
FACT_MEMBER_MONTHLY,회원 월 팩트,MONTH_KEY × MEMBER_DK,FACT,REASON_SK,대리키,"NUMBER(38,0)",Y,FK,DIM_REASON.REASON_SK,대리키,
FACT_MEMBER_MONTHLY,회원 월 팩트,MONTH_KEY × MEMBER_DK,FACT,DEV_CNT,개발(건),"NUMBER(18,4)",Y,,,개발(건) (#4).,
FACT_MEMBER_MONTHLY,회원 월 팩트,MONTH_KEY × MEMBER_DK,FACT,DEV_MEMBERS,개발(명),"NUMBER(38,0)",Y,,,개발(명) (#148).,
FACT_MEMBER_MONTHLY,회원 월 팩트,MONTH_KEY × MEMBER_DK,FACT,STOP_CNT,중단(건),"NUMBER(18,4)",Y,,,중단(건) (#35).,
FACT_MEMBER_MONTHLY,회원 월 팩트,MONTH_KEY × MEMBER_DK,FACT,UNPAID_CNT,미납(건),"NUMBER(18,4)",Y,,,미납(건) (#36),미납 정의[C-3]: PAY_STAT_CD='F' OR NULL (납입기준; 회원상태 MM010 미납과 구분)
FACT_MEMBER_MONTHLY,회원 월 팩트,MONTH_KEY × MEMBER_DK,FACT,ACTIVE_CNT,활동(건),"NUMBER(18,4)",Y,,,활동(건) (#37·157) (#37).,
FACT_MEMBER_MONTHLY,회원 월 팩트,MONTH_KEY × MEMBER_DK,FACT,ACTIVE_MEMBERS,활동(명),"NUMBER(38,0)",Y,,,활동(명) (#156).,
FACT_MEMBER_MONTHLY,회원 월 팩트,MONTH_KEY × MEMBER_DK,FACT,ACTIVE_CUM_CNT,활동누계(건),"NUMBER(18,4)",Y,,,활동누계(건) (#159). [사유:산출보류],
FACT_MEMBER_MONTHLY,회원 월 팩트,MONTH_KEY × MEMBER_DK,FACT,ACTIVE_CUM_MEMBERS,활동누계(명),"NUMBER(38,0)",Y,,,활동누계(명) (#158).,
FACT_MEMBER_MONTHLY,회원 월 팩트,MONTH_KEY × MEMBER_DK,FACT,INCREASE_CNT,증액(건),"NUMBER(18,4)",Y,,,증액(건) (#151),
FACT_MEMBER_MONTHLY,회원 월 팩트,MONTH_KEY × MEMBER_DK,FACT,INCREASE_MEMBERS,증액(명),"NUMBER(38,0)",Y,,,증액(명) (#150),
FACT_MEMBER_MONTHLY,회원 월 팩트,MONTH_KEY × MEMBER_DK,FACT,DECREASE_CNT,감액(건) SUM(감액금액)/10000,"NUMBER(18,4)",Y,,,감액(건) SUM(감액금액)/10000 (#38),
FACT_MEMBER_MONTHLY,회원 월 팩트,MONTH_KEY × MEMBER_DK,FACT,CHURN_CNT,이탈(건) SUM(취소+감액)/10000 (신규),"NUMBER(18,4)",Y,,,이탈(건) SUM(취소+감액)/10000 (신규#20),
FACT_MEMBER_MONTHLY,회원 월 팩트,MONTH_KEY × MEMBER_DK,FACT,YEAR_START_ACTIVE_CNT,연도초 활동회원(건),"NUMBER(18,4)",Y,,,연도초 활동회원(건) (#49).,
FACT_MEMBER_MONTHLY,회원 월 팩트,MONTH_KEY × MEMBER_DK,FACT,YEAR_END_ACTIVE_CNT,연도말 활동회원(건),"NUMBER(18,4)",Y,,,연도말 활동회원(건) (#50).,
FACT_MEMBER_MONTHLY,회원 월 팩트,MONTH_KEY × MEMBER_DK,FACT,MONTH_END_ACTIVE_CNT,월말활동회원(건),"NUMBER(18,4)",Y,,,월말활동회원(건) (#52).,
FACT_MEMBER_MONTHLY,회원 월 팩트,MONTH_KEY × MEMBER_DK,FACT,PREV_MONTH_END_ACTIVE_CNT,전월말 활동회원(건),"NUMBER(18,4)",Y,,,전월말 활동회원(건) (#53).,
FACT_MEMBER_MONTHLY,회원 월 팩트,MONTH_KEY × MEMBER_DK,FACT,CAMPAIGN_UNPAID_CNT,캠페인별 미납(건),"NUMBER(18,4)",Y,,,캠페인별 미납(건) (#83),
FACT_MEMBER_MONTHLY,회원 월 팩트,MONTH_KEY × MEMBER_DK,FACT,STATUS_UNPAID_CNT,회원상태별 미납(건),"NUMBER(18,4)",Y,,,회원상태별 미납(건) (#84),
FACT_MEMBER_MONTHLY,회원 월 팩트,MONTH_KEY × MEMBER_DK,FACT,REGULAR_FEE,정기회비(원),"NUMBER(18,2)",Y,,,정기회비(원) (#66),
FACT_MEMBER_MONTHLY,회원 월 팩트,MONTH_KEY × MEMBER_DK,FACT,REGULAR_ONETIME_FEE,정기회원 일시회비(원),"NUMBER(18,2)",Y,,,정기회원 일시회비(원) (#67),
FACT_MEMBER_MONTHLY,회원 월 팩트,MONTH_KEY × MEMBER_DK,FACT,ONETIME_ONETIME_FEE,일시회원 일시회비(원),"NUMBER(18,2)",Y,,,일시회원 일시회비(원) (#68),
FACT_MEMBER_MONTHLY,회원 월 팩트,MONTH_KEY × MEMBER_DK,FACT,PAID_FEE,납입 **총액**(원) = 회비+기부금 (단일화),"NUMBER(18,2)",Y,,,납입 **총액**(원) = 회비+기부금 (#69·70 단일화) (#69).,
FACT_MEMBER_MONTHLY,회원 월 팩트,MONTH_KEY × MEMBER_DK,FACT,BILLED_AMT,BILLED_AMT,"NUMBER(18,2)",Y,,,BILLED_AMT (#71).,
FACT_MEMBER_MONTHLY,회원 월 팩트,MONTH_KEY × MEMBER_DK,FACT,PAID_FEE_BILLABLE,회비만 납입액(원),"NUMBER(18,2)",Y,,,회비만 납입액(원).,
FACT_MEMBER_MONTHLY,회원 월 팩트,MONTH_KEY × MEMBER_DK,FACT,UNPAID_BILLED_AMT,미납 청구액(원),"NUMBER(18,2)",Y,,,미납 청구액(원).,
FACT_MEMBER_MONTHLY,회원 월 팩트,MONTH_KEY × MEMBER_DK,FACT,INBOUND_CALL_CNT,인바운드콜수 (overview),"NUMBER(38,0)",Y,,,인바운드콜수 (overview).,비-CRM[C-8]: CRM에 없음·현업 별도 입력 → 외부원천 적재대기
FACT_MEMBER_MONTHLY,회원 월 팩트,MONTH_KEY × MEMBER_DK,FACT,TS_CALL_CNT,TS콜수 (overview),"NUMBER(38,0)",Y,,,TS콜수 (overview) — 비-CRM 별도 입력,비-CRM[C-8]: CRM에 없음·현업 별도 입력 → 외부원천 적재대기
FACT_MEMBER_MONTHLY,회원 월 팩트,MONTH_KEY × MEMBER_DK,FACT,DEV_TYPE,개발구분  전건 NULL 슬롯 유지,VARCHAR,Y,,,개발구분  전건 NULL 슬롯 유지 (#121). 코드id:MM015.,
FACT_MEMBER_MONTHLY,회원 월 팩트,MONTH_KEY × MEMBER_DK,FACT,NEW_FLAG,신규 여부,BOOLEAN,Y,,,신규  전건 NULL 슬롯 유지 (#32).,
FACT_MEMBER_MONTHLY,회원 월 팩트,MONTH_KEY × MEMBER_DK,FACT,INCREASE_FLAG,증액  전건 NULL 슬롯 유지,BOOLEAN,Y,,,증액  전건 NULL 슬롯 유지 (#33).,
FACT_MEMBER_MONTHLY,회원 월 팩트,MONTH_KEY × MEMBER_DK,FACT,REDONATE_FLAG,재후원  전건 NULL 슬롯 유지,BOOLEAN,Y,,,재후원  전건 NULL 슬롯 유지 (#34).,
FACT_MEMBER_MONTHLY,회원 월 팩트,MONTH_KEY × MEMBER_DK,FACT,JOIN_DATE,캠페인 가입일  전건 NULL 슬롯 유지,DATE,Y,,,캠페인 가입일  전건 NULL 슬롯 유지 (#27).,
FACT_MEMBER_MONTHLY,회원 월 팩트,MONTH_KEY × MEMBER_DK,FACT,STOP_DATE,가입캠페인 중단일  전건 NULL 슬롯 유지,DATE,Y,,,가입캠페인 중단일  전건 NULL 슬롯 유지 (#26).,
FACT_MEMBER_MONTHLY,회원 월 팩트,MONTH_KEY × MEMBER_DK,FACT,AMOUNT_BAND1,후원금액대1 5만,VARCHAR,Y,,,후원금액대1 5만 (#72). [사유:파생규칙 미확정],
FACT_MEMBER_MONTHLY,회원 월 팩트,MONTH_KEY × MEMBER_DK,FACT,AMOUNT_BAND2,후원금액대2 1만,VARCHAR,Y,,,후원금액대2 1만 (#73). [사유:파생규칙 미확정],
FACT_MEMBER_MONTHLY,회원 월 팩트,MONTH_KEY × MEMBER_DK,FACT,PERIOD_BAND1,후원기간대1 5년,VARCHAR,Y,,,후원기간대1 5년 (#74). [사유:파생규칙 미확정],
FACT_MEMBER_MONTHLY,회원 월 팩트,MONTH_KEY × MEMBER_DK,FACT,PERIOD_BAND2,후원기간대2 1년,VARCHAR,Y,,,후원기간대2 1년 (#75). [사유:파생규칙 미확정],
FACT_MEMBER_MONTHLY,회원 월 팩트,MONTH_KEY × MEMBER_DK,FACT,SPONSOR_MONTHS,후원기간(개월),"NUMBER(9,2)",Y,,,후원기간(개월) (#127),
FACT_MEMBER_MONTHLY,회원 월 팩트,MONTH_KEY × MEMBER_DK,FACT,SPONSOR_YEARS,후원기간(년),"NUMBER(9,2)",Y,,,후원기간(년) (#128),
FACT_MEMBER_MONTHLY,회원 월 팩트,MONTH_KEY × MEMBER_DK,FACT,PAID_MONTHS,납입개월수,"NUMBER(9,0)",Y,,,납입개월수 (#129),
FACT_MEMBER_MONTHLY,회원 월 팩트,MONTH_KEY × MEMBER_DK,FACT,NEW_EXISTING_FLAG,신규/기존 구분,VARCHAR,Y,,,신규/기존 구분. [사유:원천 부재],
FACT_MEMBER_MONTHLY,회원 월 팩트,MONTH_KEY × MEMBER_DK,FACT,UNPAID_FLAG_EOM,월말 미납회원 여부,BOOLEAN,Y,,,월말 미납회원 여부 (#80).,
FACT_MEMBER_MONTHLY,회원 월 팩트,MONTH_KEY × MEMBER_DK,FACT,AMT_INCREASE_CUM_CNT,AMT_INCREASE_CUM_CNT,"NUMBER(38,0)",Y,,,AMT_INCREASE_CUM_CNT (#151).,
FACT_MEMBER_MONTHLY,회원 월 팩트,MONTH_KEY × MEMBER_DK,FACT,AMT_DECREASE_CUM_CNT,AMT_DECREASE_CUM_CNT,"NUMBER(38,0)",Y,,,AMT_DECREASE_CUM_CNT (#38).,
FACT_MEMBER_MONTHLY,회원 월 팩트,MONTH_KEY × MEMBER_DK,FACT,PAID_SPONSOR_BIZ_CNT,유효 납입 후원사업 수,"NUMBER(38,0)",Y,,,PAID_SPONSOR_BIZ_CNT.,
FACT_MEMBER_MONTHLY,회원 월 팩트,MONTH_KEY × MEMBER_DK,FACT,IS_MULTI_PAID_BIZ,IS_MULTI_PAID_BIZ,BOOLEAN,Y,,,IS_MULTI_PAID_BIZ.,
FACT_MEMBER_MONTHLY,회원 월 팩트,MONTH_KEY × MEMBER_DK,FACT,IS_MULTI_SPONSORSHIP,IS_MULTI_SPONSORSHIP,BOOLEAN,Y,,,[DEC.,
FACT_MEMBER_MONTHLY,회원 월 팩트,MONTH_KEY × MEMBER_DK,FACT,HAS_BILLING,결제(billing) 행 존재 여부,BOOLEAN,N,,,결제(billing) 행 존재 여부.,
FACT_MEMBER_MONTHLY,회원 월 팩트,MONTH_KEY × MEMBER_DK,FACT,DW_SOURCE_SYSTEM,원천 시스템 식별,VARCHAR,N,,,원천 시스템 식별 (공통감사),공통감사
FACT_MEMBER_MONTHLY,회원 월 팩트,MONTH_KEY × MEMBER_DK,FACT,DW_LOAD_TS,최초 적재 시각,TIMESTAMP_NTZ,N,,,최초 적재 시각 (공통감사),공통감사
FACT_MEMBER_MONTHLY,회원 월 팩트,MONTH_KEY × MEMBER_DK,FACT,DW_UPDATE_TS,최종 갱신 시각,TIMESTAMP_NTZ,Y,,,최종 갱신 시각 (공통감사),공통감사
FACT_MEMBER_MONTHLY,회원 월 팩트,MONTH_KEY × MEMBER_DK,FACT,DW_BATCH_ID,적재 배치 식별자,VARCHAR,Y,,,적재 배치 식별자 = dbt invocation_id (공통감사),공통감사
FACT_MEMBER_MONTHLY,회원 월 팩트,MONTH_KEY × MEMBER_DK,FACT,UNPAID_FLAG_BOM,월초 미납회원 여부(=전월말 상태),BOOLEAN,Y,,,월초 미납회원 여부(=전월말 상태) (#80).,미납회원 판정원천 미확정: PAY_STAT_CD(C-3 납입기준) vs MM010 회원상태(신규/장기미납) — 확인필요
FACT_MEMBER_SPONSORSHIP_SPAN,회원×후원약정 기간 팩트,1약정,FACT,MEMBER_DK,회원 (불변키),VARCHAR,N,DK,,회원 (불변키). ※비강제 FK→DIM_MEMBER,
FACT_MEMBER_SPONSORSHIP_SPAN,회원×후원약정 기간 팩트,1약정,FACT,SPNSR_NO,후원번호(Q15),VARCHAR,N,,,후원번호(Q15).,
FACT_MEMBER_SPONSORSHIP_SPAN,회원×후원약정 기간 팩트,1약정,FACT,SPNSR_BSNS_NO,"후원사업번호(회원별 약정 일련번호, Q15)","NUMBER(19,0)",N,,,"후원사업번호(회원별 약정 일련번호, Q15).",
FACT_MEMBER_SPONSORSHIP_SPAN,회원×후원약정 기간 팩트,1약정,FACT,SPONSORSHIP_SK,대리키,"NUMBER(38,0)",Y,FK,DIM_SPONSORSHIP.SPONSORSHIP_SK,대리키,
FACT_MEMBER_SPONSORSHIP_SPAN,회원×후원약정 기간 팩트,1약정,FACT,CAMPAIGN_SK,대리키,"NUMBER(38,0)",Y,FK,DIM_CAMPAIGN.CAMPAIGN_SK,대리키,
FACT_MEMBER_SPONSORSHIP_SPAN,회원×후원약정 기간 팩트,1약정,FACT,IS_MULTI_CAMPAIGN,참고용 투명성 플래그,BOOLEAN,Y,,,참고용 투명성 플래그.,
FACT_MEMBER_SPONSORSHIP_SPAN,회원×후원약정 기간 팩트,1약정,FACT,START_MONTH_KEY,START_MONTH_KEY,"NUMBER(6,0)",Y,,,START_MONTH_KEY.,
FACT_MEMBER_SPONSORSHIP_SPAN,회원×후원약정 기간 팩트,1약정,FACT,DSCNTC_MONTH_KEY,중단 월키 YYYYMM,"NUMBER(6,0)",Y,,,중단 월키 YYYYMM.,
FACT_MEMBER_SPONSORSHIP_SPAN,회원×후원약정 기간 팩트,1약정,FACT,SPNSR_AMT,SPNSR_AMT,"NUMBER(38,0)",Y,,,SPNSR_AMT.,
FACT_MEMBER_SPONSORSHIP_SPAN,회원×후원약정 기간 팩트,1약정,FACT,ACQ_MBER_INFLOW_PATH_CD,대표캠페인의 모집채널 코드(MM293),"NUMBER(10,0)",Y,,,대표캠페인의 모집채널 코드(MM293). 코드id:MM293.,
FACT_MEMBER_SPONSORSHIP_SPAN,회원×후원약정 기간 팩트,1약정,FACT,ACQ_MBER_INFLOW_PATH_NM,대표캠페인의 모집채널명(MM293 라벨),VARCHAR,Y,,,대표캠페인의 모집채널명(MM293 라벨) — 동결값,
FACT_MEMBER_SPONSORSHIP_SPAN,회원×후원약정 기간 팩트,1약정,FACT,ACQ_CMPGN_CTGR_CD,대표캠페인의 카테고리 코드(MM294),"NUMBER(10,0)",Y,,,대표캠페인의 카테고리 코드(MM294). 코드id:MM294.,
FACT_MEMBER_SPONSORSHIP_SPAN,회원×후원약정 기간 팩트,1약정,FACT,ACQ_CMPGN_CTGR_NM,ACQ_CMPGN_CTGR_NM,VARCHAR,Y,,,ACQ_CMPGN_CTGR_NM. 코드id:MM294.,
FACT_MEMBER_SPONSORSHIP_SPAN,회원×후원약정 기간 팩트,1약정,FACT,ACQ_CMPGN_TYPE1_BSN,"대표캠페인 유형1 코드(MM295, 국내/통합/해외)","NUMBER(10,0)",Y,,,"대표캠페인 유형1 코드(MM295, 국내/통합/해외). 코드id:MM295.",
FACT_MEMBER_SPONSORSHIP_SPAN,회원×후원약정 기간 팩트,1약정,FACT,ACQ_CMPGN_TYPE1_NM,대표캠페인 유형1명(MM295 라벨),VARCHAR,Y,,,대표캠페인 유형1명(MM295 라벨) — 동결값,
FACT_MEMBER_SPONSORSHIP_SPAN,회원×후원약정 기간 팩트,1약정,FACT,ACQ_CMPGN_TYPE2_BSN,"대표캠페인 유형2 코드(MM296, 굿즈/기타/사례/사업)","NUMBER(10,0)",Y,,,"대표캠페인 유형2 코드(MM296, 굿즈/기타/사례/사업). 코드id:MM296.",
FACT_MEMBER_SPONSORSHIP_SPAN,회원×후원약정 기간 팩트,1약정,FACT,ACQ_CMPGN_TYPE2_NM,대표캠페인 유형2명(MM296 라벨),VARCHAR,Y,,,대표캠페인 유형2명(MM296 라벨) — 동결값,
FACT_MEMBER_SPONSORSHIP_SPAN,회원×후원약정 기간 팩트,1약정,FACT,ACQ_MKTG_CMPGN_CD,ACQ_MKTG_CMPGN_CD,"NUMBER(10,0)",Y,,,ACQ_MKTG_CMPGN_CD.,
FACT_MEMBER_SPONSORSHIP_SPAN,회원×후원약정 기간 팩트,1약정,FACT,ACQ_MKTG_CMPGN_NM,대표캠페인의 마케팅 캠페인명(Q16 라벨),VARCHAR,Y,,,대표캠페인의 마케팅 캠페인명(Q16 라벨) — 동결값,
FACT_MEMBER_SPONSORSHIP_SPAN,회원×후원약정 기간 팩트,1약정,FACT,ACQ_CMMN_BRND,대표캠페인의 MM297 공통브랜드 코드,"NUMBER(10,0)",Y,,,대표캠페인의 MM297 공통브랜드 코드. 코드id:MM297.,
FACT_MEMBER_SPONSORSHIP_SPAN,회원×후원약정 기간 팩트,1약정,FACT,ACQ_CMMN_BRND_NM,대표캠페인의 MM297 공통브랜드명,VARCHAR,Y,,,대표캠페인의 MM297 공통브랜드명 — 동결값,
FACT_MEMBER_SPONSORSHIP_SPAN,회원×후원약정 기간 팩트,1약정,FACT,ACQ_MKTG_UTM,ACQ_MKTG_UTM,"NUMBER(10,0)",Y,,,ACQ_MKTG_UTM.,
FACT_MEMBER_SPONSORSHIP_SPAN,회원×후원약정 기간 팩트,1약정,FACT,ACQ_MKTG_UTM_NM,ACQ_MKTG_UTM_NM,VARCHAR,Y,,,ACQ_MKTG_UTM_NM.,
FACT_MEMBER_SPONSORSHIP_SPAN,회원×후원약정 기간 팩트,1약정,FACT,ACQ_SPNSR_DIV_CD,대표캠페인의 후원구분 코드(CM035),VARCHAR,Y,,,대표캠페인의 후원구분 코드(CM035). 코드id:CM035.,
FACT_MEMBER_SPONSORSHIP_SPAN,회원×후원약정 기간 팩트,1약정,FACT,ACQ_SPNSR_DIV_NM,대표캠페인의 후원구분명(CM035 라벨),VARCHAR,Y,,,대표캠페인의 후원구분명(CM035 라벨) — 동결값,
FACT_MEMBER_SPONSORSHIP_SPAN,회원×후원약정 기간 팩트,1약정,FACT,ACQ_CPR_DIV_CD,대표캠페인의 법인구분 코드(CM019),VARCHAR,Y,,,대표캠페인의 법인구분 코드(CM019). 코드id:CM019.,
FACT_MEMBER_SPONSORSHIP_SPAN,회원×후원약정 기간 팩트,1약정,FACT,ACQ_CPR_DIV_NM,대표캠페인의 법인구분명(CM019 라벨),VARCHAR,Y,,,대표캠페인의 법인구분명(CM019 라벨) — 동결값,
FACT_MEMBER_SPONSORSHIP_SPAN,회원×후원약정 기간 팩트,1약정,FACT,ACQ_BRAND,대표캠페인의 브랜드명,VARCHAR,Y,,,대표캠페인의 브랜드명 — 동결값,
FACT_MEMBER_SPONSORSHIP_SPAN,회원×후원약정 기간 팩트,1약정,FACT,ACQ_PARENT_CAMPAIGN_NAME,ACQ_PARENT_CAMPAIGN_NAME,VARCHAR,Y,,,ACQ_PARENT_CAMPAIGN_NAME.,
FACT_MEMBER_SPONSORSHIP_SPAN,회원×후원약정 기간 팩트,1약정,FACT,ACQ_PROMO_METHOD_NAME,대표캠페인의 홍보방법명(CM008 라벨),VARCHAR,Y,,,대표캠페인의 홍보방법명(CM008 라벨) — 동결값,
FACT_MEMBER_SPONSORSHIP_SPAN,회원×후원약정 기간 팩트,1약정,FACT,DW_SOURCE_SYSTEM,원천 시스템 식별,VARCHAR,N,,,원천 시스템 식별 (공통감사),공통감사
FACT_MEMBER_SPONSORSHIP_SPAN,회원×후원약정 기간 팩트,1약정,FACT,DW_LOAD_TS,최초 적재 시각,TIMESTAMP_NTZ,N,,,최초 적재 시각 (공통감사),공통감사
FACT_MEMBER_SPONSORSHIP_SPAN,회원×후원약정 기간 팩트,1약정,FACT,DW_UPDATE_TS,최종 갱신 시각,TIMESTAMP_NTZ,Y,,,최종 갱신 시각 (공통감사),공통감사
FACT_MEMBER_SPONSORSHIP_SPAN,회원×후원약정 기간 팩트,1약정,FACT,DW_BATCH_ID,적재 배치 식별자,VARCHAR,Y,,,적재 배치 식별자 = dbt invocation_id (공통감사),공통감사
FACT_MESSAGE_DISPATCH,메시지 발송 및 결과 팩트,1발송,FACT,DATE_SK,발송일,"NUMBER(8,0)",N,FK,DIM_DATE.DATE_SK,발송일,
FACT_MESSAGE_DISPATCH,메시지 발송 및 결과 팩트,1발송,FACT,MEMBER_DK,발송 대상 회원 (불변키),VARCHAR,N,DK,,발송 대상 회원 (불변키),
FACT_MESSAGE_DISPATCH,메시지 발송 및 결과 팩트,1발송,FACT,SERVICE_SK,발송 서비스 유형 (FK→DIM_SERVICE),"NUMBER(38,0)",N,FK,DIM_SERVICE.SERVICE_SK,발송 서비스 유형 (FK→DIM_SERVICE),
FACT_MESSAGE_DISPATCH,메시지 발송 및 결과 팩트,1발송,FACT,CAMPAIGN_SK,캠페인 (FK→DIM_CAMPAIGN),"NUMBER(38,0)",N,FK,DIM_CAMPAIGN.CAMPAIGN_SK,캠페인 (FK→DIM_CAMPAIGN),
FACT_MESSAGE_DISPATCH,메시지 발송 및 결과 팩트,1발송,FACT,SEND_MEMBERS,「명」이 아니다,"NUMBER(38,0)",Y,,,「명」이 아니다 (#85).,
FACT_MESSAGE_DISPATCH,메시지 발송 및 결과 팩트,1발송,FACT,SUCCESS_MEMBERS,성공수(명),"NUMBER(38,0)",Y,,,성공수(명) (#86). 코드id:MS282. [사유:산출보류],
FACT_MESSAGE_DISPATCH,메시지 발송 및 결과 팩트,1발송,FACT,FAIL_MEMBERS,실패수(명),"NUMBER(38,0)",Y,,,실패수(명) (#87). [사유:산출보류],
FACT_MESSAGE_DISPATCH,메시지 발송 및 결과 팩트,1발송,FACT,OPEN_MEMBERS,오픈(명) (overview · SND_MEMBER_OPEN_LOG 축약),"NUMBER(38,0)",Y,,,오픈(명) (overview · SND_MEMBER_OPEN_LOG 축약).,
FACT_MESSAGE_DISPATCH,메시지 발송 및 결과 팩트,1발송,FACT,LETTER_PART_MEMBERS,서신참여(명),"NUMBER(38,0)",Y,,,서신참여(명) (#88),
FACT_MESSAGE_DISPATCH,메시지 발송 및 결과 팩트,1발송,FACT,LETTER_PART_CNT,서신참여(건),"NUMBER(18,4)",Y,,,서신참여(건) (#89),
FACT_MESSAGE_DISPATCH,메시지 발송 및 결과 팩트,1발송,FACT,GIFT_PART_MEMBERS,선물금참여(명),"NUMBER(38,0)",Y,,,선물금참여(명) (#90),
FACT_MESSAGE_DISPATCH,메시지 발송 및 결과 팩트,1발송,FACT,GIFT_PART_AMT,선물금참여(원),"NUMBER(18,2)",Y,,,선물금참여(원) (#91),
FACT_MESSAGE_DISPATCH,메시지 발송 및 결과 팩트,1발송,FACT,D5_LETTER_PART_MEMBERS,+5일차 서신참여(명),"NUMBER(38,0)",Y,,,+5일차 서신참여(명) (#139),
FACT_MESSAGE_DISPATCH,메시지 발송 및 결과 팩트,1발송,FACT,D5_LETTER_PART_CNT,+5일차 서신참여(건),"NUMBER(18,4)",Y,,,+5일차 서신참여(건) (#140),
FACT_MESSAGE_DISPATCH,메시지 발송 및 결과 팩트,1발송,FACT,D5_GIFT_PART_MEMBERS,+5일차 선물금참여(명),"NUMBER(38,0)",Y,,,+5일차 선물금참여(명) (#141),
FACT_MESSAGE_DISPATCH,메시지 발송 및 결과 팩트,1발송,FACT,D5_GIFT_PART_CNT,+5일차 선물금참여(건),"NUMBER(18,4)",Y,,,+5일차 선물금참여(건) (#142),
FACT_MESSAGE_DISPATCH,메시지 발송 및 결과 팩트,1발송,FACT,D5_INCREASE_PART_MEMBERS,+5일차 증액참여(명),"NUMBER(38,0)",Y,,,+5일차 증액참여(명) (#143),
FACT_MESSAGE_DISPATCH,메시지 발송 및 결과 팩트,1발송,FACT,D5_INCREASE_PART_CNT,+5일차 증액참여(건),"NUMBER(18,4)",Y,,,+5일차 증액참여(건) (#144),
FACT_MESSAGE_DISPATCH,메시지 발송 및 결과 팩트,1발송,FACT,D5_STOP_MEMBERS,+5일차 중단(명),"NUMBER(38,0)",Y,,,+5일차 중단(명) (#145),
FACT_MESSAGE_DISPATCH,메시지 발송 및 결과 팩트,1발송,FACT,D5_STOP_CNT,+5일차 중단(건),"NUMBER(18,4)",Y,,,+5일차 중단(건) (#146),
FACT_MESSAGE_DISPATCH,메시지 발송 및 결과 팩트,1발송,FACT,SERVICE_MEMBERS,서비스(명),"NUMBER(38,0)",Y,,,서비스(명) (#160),
FACT_MESSAGE_DISPATCH,메시지 발송 및 결과 팩트,1발송,FACT,SERVICE_CNT,서비스(건),"NUMBER(18,4)",Y,,,서비스(건) (#161),
FACT_MESSAGE_DISPATCH,메시지 발송 및 결과 팩트,1발송,FACT,SEND_TITLE,제목,VARCHAR,Y,,,제목(#136),
FACT_MESSAGE_DISPATCH,메시지 발송 및 결과 팩트,1발송,FACT,SEND_STATUS,발송상태,VARCHAR,Y,,,발송상태(#138),
FACT_MESSAGE_DISPATCH,메시지 발송 및 결과 팩트,1발송,FACT,SEND_STATUS2,발송상태2 (05 3-1),VARCHAR,Y,,,발송상태2 (05 3-1). [사유:처분 대기(문서50 §O59-P-1)],
FACT_MESSAGE_DISPATCH,메시지 발송 및 결과 팩트,1발송,FACT,SEND_TYPE,발송유형,VARCHAR,Y,,,발송유형.,
FACT_MESSAGE_DISPATCH,메시지 발송 및 결과 팩트,1발송,FACT,MAIL_RECEIVE_FLAG,메일수신여부,BOOLEAN,Y,,,메일수신여부. [사유:원천 미보유],
FACT_MESSAGE_DISPATCH,메시지 발송 및 결과 팩트,1발송,FACT,MEMBER_STOP_FLAG,결연회원 중단여부,BOOLEAN,Y,,,결연회원 중단여부. [사유:원천 미보유],
FACT_MESSAGE_DISPATCH,메시지 발송 및 결과 팩트,1발송,FACT,SEND_TYPE_SK,대리키,"NUMBER(38,0)",Y,FK,DIM_SEND_TYPE.SEND_TYPE_SK,대리키,
FACT_MESSAGE_DISPATCH,메시지 발송 및 결과 팩트,1발송,FACT,DW_SOURCE_SYSTEM,원천 시스템 식별,VARCHAR,N,,,원천 시스템 식별 (공통감사),공통감사
FACT_MESSAGE_DISPATCH,메시지 발송 및 결과 팩트,1발송,FACT,DW_LOAD_TS,최초 적재 시각,TIMESTAMP_NTZ,N,,,최초 적재 시각 (공통감사),공통감사
FACT_MESSAGE_DISPATCH,메시지 발송 및 결과 팩트,1발송,FACT,DW_UPDATE_TS,최종 갱신 시각,TIMESTAMP_NTZ,Y,,,최종 갱신 시각 (공통감사),공통감사
FACT_MESSAGE_DISPATCH,메시지 발송 및 결과 팩트,1발송,FACT,DW_BATCH_ID,적재 배치 식별자,VARCHAR,Y,,,적재 배치 식별자 = dbt invocation_id (공통감사),공통감사
FACT_MESSAGE_DISPATCH,메시지 발송 및 결과 팩트,1발송,FACT,SEND_STATUS_GROUP,SEND_STATUS_GROUP,VARCHAR,Y,,,SEND_STATUS_GROUP. 코드id:MS282.,
FACT_MESSAGE_DISPATCH,메시지 발송 및 결과 팩트,1발송,FACT,SEND_STATUS_NAME,축A 라벨 (CRM_CODE 조인),VARCHAR,Y,,,축A 라벨 (CRM_CODE 조인).,
FACT_MESSAGE_DISPATCH,메시지 발송 및 결과 팩트,1발송,FACT,SEND_RESULT_CD,축B(통신사 결과) 코드 raw,VARCHAR,Y,,,축B(통신사 결과) 코드 raw.,
FACT_MESSAGE_DISPATCH,메시지 발송 및 결과 팩트,1발송,FACT,SEND_RESULT_GROUP,축B 코드군 ID,VARCHAR,Y,,,축B 코드군 ID. 코드id:MS283.,
FACT_MESSAGE_DISPATCH,메시지 발송 및 결과 팩트,1발송,FACT,SEND_RESULT_NAME,SEND_RESULT_NAME,VARCHAR,Y,,,SEND_RESULT_NAME.,
FACT_TARGET_MEMBER_DEV,회원개발 부문 목표 팩트,1목표,FACT,MONTH_KEY,월 conform 키 YYYYMM,"NUMBER(6,0)",N,,,월 conform 키 YYYYMM.,
FACT_TARGET_MEMBER_DEV,회원개발 부문 목표 팩트,1목표,FACT,ORG_SK,대리키,"NUMBER(38,0)",N,FK,DIM_ORG.ORG_SK,대리키,
FACT_TARGET_MEMBER_DEV,회원개발 부문 목표 팩트,1목표,FACT,DEV_TYPE,개발구분(conform),VARCHAR,N,,,개발구분(#121 conform) (#121).,
FACT_TARGET_MEMBER_DEV,회원개발 부문 목표 팩트,1목표,FACT,GOAL_CNT,GOAL_CNT,"NUMBER(18,4)",Y,,,GOAL_CNT (#3).,
FACT_TARGET_MEMBER_DEV,회원개발 부문 목표 팩트,1목표,FACT,DW_SOURCE_SYSTEM,원천 시스템 식별,VARCHAR,N,,,원천 시스템 식별 (공통감사),공통감사
FACT_TARGET_MEMBER_DEV,회원개발 부문 목표 팩트,1목표,FACT,DW_LOAD_TS,최초 적재 시각,TIMESTAMP_NTZ,N,,,최초 적재 시각 (공통감사),공통감사
FACT_TARGET_MEMBER_DEV,회원개발 부문 목표 팩트,1목표,FACT,DW_UPDATE_TS,최종 갱신 시각,TIMESTAMP_NTZ,Y,,,최종 갱신 시각 (공통감사),공통감사
FACT_TARGET_MEMBER_DEV,회원개발 부문 목표 팩트,1목표,FACT,DW_BATCH_ID,적재 배치 식별자,VARCHAR,Y,,,적재 배치 식별자 = dbt invocation_id (공통감사),공통감사
FACT_TARGET_PROJECT,사업/프로젝트 목표 팩트,1목표,FACT,MONTH_KEY,월 conform 키 YYYYMM,"NUMBER(6,0)",N,,,월 conform 키 YYYYMM.,
FACT_TARGET_PROJECT,사업/프로젝트 목표 팩트,1목표,FACT,ORG_SK,조직 (FK→DIM_ORG),"NUMBER(38,0)",N,FK,DIM_ORG.ORG_SK,조직 (FK→DIM_ORG),
FACT_TARGET_PROJECT,사업/프로젝트 목표 팩트,1목표,FACT,SPONSORSHIP_SK,후원사업 (FK→DIM_SPONSORSHIP),"NUMBER(38,0)",N,FK,DIM_SPONSORSHIP.SPONSORSHIP_SK,후원사업 (FK→DIM_SPONSORSHIP),
FACT_TARGET_PROJECT,사업/프로젝트 목표 팩트,1목표,FACT,CAMPAIGN_SK,캠페인 (FK→DIM_CAMPAIGN),"NUMBER(38,0)",Y,FK,DIM_CAMPAIGN.CAMPAIGN_SK,캠페인 (FK→DIM_CAMPAIGN),
FACT_TARGET_PROJECT,사업/프로젝트 목표 팩트,1목표,FACT,ANNUAL_GOAL_CNT,연사업목표(건),"NUMBER(18,4)",Y,,,연사업목표(건) (#152),
FACT_TARGET_PROJECT,사업/프로젝트 목표 팩트,1목표,FACT,SUPP_GOAL_CNT,추경목표(건),"NUMBER(18,4)",Y,,,추경목표(건) (#153),
FACT_TARGET_PROJECT,사업/프로젝트 목표 팩트,1목표,FACT,ANNUAL_CUM_GOAL_CNT,연사업누계목표(건),"NUMBER(18,4)",Y,,,연사업누계목표(건) (#154),
FACT_TARGET_PROJECT,사업/프로젝트 목표 팩트,1목표,FACT,SUPP_CUM_GOAL_CNT,추경누계목표(건),"NUMBER(18,4)",Y,,,추경누계목표(건) (#155),
FACT_TARGET_PROJECT,사업/프로젝트 목표 팩트,1목표,FACT,DW_SOURCE_SYSTEM,원천 시스템 식별,VARCHAR,N,,,원천 시스템 식별 (공통감사),공통감사
FACT_TARGET_PROJECT,사업/프로젝트 목표 팩트,1목표,FACT,DW_LOAD_TS,최초 적재 시각,TIMESTAMP_NTZ,N,,,최초 적재 시각 (공통감사),공통감사
FACT_TARGET_PROJECT,사업/프로젝트 목표 팩트,1목표,FACT,DW_UPDATE_TS,최종 갱신 시각,TIMESTAMP_NTZ,Y,,,최종 갱신 시각 (공통감사),공통감사
FACT_TARGET_PROJECT,사업/프로젝트 목표 팩트,1목표,FACT,DW_BATCH_ID,적재 배치 식별자,VARCHAR,Y,,,적재 배치 식별자 = dbt invocation_id (공통감사),공통감사
WIDE_AD_BROADCAST,방송광고 위성 팩트 평탄화,AD_PERF_DK (방송광고 평탄화 1:1),WIDE,AD_PERF_DK,광고성과 불변키,VARCHAR,N,DK,,광고성과 행 식별자(grain) — 코어 WIDE_AD_PERFORMANCE 조인키,
WIDE_AD_BROADCAST,방송광고 위성 팩트 평탄화,AD_PERF_DK (방송광고 평탄화 1:1),WIDE,AD_SOURCE_TYPE,광고 원천유형,VARCHAR,Y,,,광고 원천유형 — 본 뷰는 방송 2종(**VIDEO·REBROADCAST**)만 담는다. 🔴두 원천은 보고 항목이 다르다: 전용 컬럼이 서로 배타적이며 NULL 은 결측이 아니라 개념 부재다. 디지털은 본 뷰에 없다 — 전 유형 집계는 코어 `WIDE_AD_PERFORMANCE`.,
WIDE_AD_BROADCAST,방송광고 위성 팩트 평탄화,AD_PERF_DK (방송광고 평탄화 1:1),WIDE,PERF_DATE_SK,광고 실적일 YYYYMMDD,"NUMBER(8,0)",N,,,광고 실적일 YYYYMMDD,
WIDE_AD_BROADCAST,방송광고 위성 팩트 평탄화,AD_PERF_DK (방송광고 평탄화 1:1),WIDE,AD_COST,광고비(원),"NUMBER(18,2)",Y,,,[코어] 광고비(원) — VIDEO=실집행·REBRDC=편성비용,
WIDE_AD_BROADCAST,방송광고 위성 팩트 평탄화,AD_PERF_DK (방송광고 평탄화 1:1),WIDE,INBOUND_CALL,인입콜수  채움이 **VIDEO 안에서 부분**다,"NUMBER(38,0)",Y,,,[코어] 인입콜수 🔴[O51-F 실측] 채움이 **VIDEO 안에서 부분**다. 커버리지를 모르고 비중·순위를 내면 결론이 뒤집힌다. 🔴채널·시간대별 인입콜 비교 시 미보고 행이 0 이 아니라 NULL 이므로 평균이 왜곡될 수 있다. 실측 규모는 이슈원장 §O51-F.,
WIDE_AD_BROADCAST,방송광고 위성 팩트 평탄화,AD_PERF_DK (방송광고 평탄화 1:1),WIDE,TIME_BAND,시간대,VARCHAR,Y,,,시간대,
WIDE_AD_BROADCAST,방송광고 위성 팩트 평탄화,AD_PERF_DK (방송광고 평탄화 1:1),WIDE,CM_POSITION,CM위치 (VIDEO 전용),VARCHAR,Y,,,CM위치 (VIDEO 전용),
WIDE_AD_BROADCAST,방송광고 위성 팩트 평탄화,AD_PERF_DK (방송광고 평탄화 1:1),WIDE,RT_TYPE,RT(재방송)유형 (REBRDC 전용),VARCHAR,Y,,,RT(재방송)유형 (REBRDC 전용),
WIDE_AD_BROADCAST,방송광고 위성 팩트 평탄화,AD_PERF_DK (방송광고 평탄화 1:1),WIDE,AD_START_TIME,광고시작시간 (VIDEO 전용),VARCHAR,Y,,,광고시작시간 (VIDEO 전용),
WIDE_AD_BROADCAST,방송광고 위성 팩트 평탄화,AD_PERF_DK (방송광고 평탄화 1:1),WIDE,AD_END_TIME,광고종료시간 (VIDEO 전용)  채움이 **VIDEO 안에서 부분**다,VARCHAR,Y,,,광고종료시간 (VIDEO 전용) 🔴[O51-F 실측] 채움이 **VIDEO 안에서 부분**다. 커버리지를 모르고 비중·순위를 내면 결론이 뒤집힌다. ⚠️시작시간은 더 많이 채워져 있어 **시작·종료를 함께 요구하면 표본이 줄어든다**. 실측 규모는 이슈원장 §O51-F.,
WIDE_AD_BROADCAST,방송광고 위성 팩트 평탄화,AD_PERF_DK (방송광고 평탄화 1:1),WIDE,BROADCAST_DATE,송출일,DATE,Y,,,송출일 — 실적일(PERF_DATE_SK)과 다를 수 있음,
WIDE_AD_BROADCAST,방송광고 위성 팩트 평탄화,AD_PERF_DK (방송광고 평탄화 1:1),WIDE,PROGRAM_NM,프로그램/편성명,VARCHAR,Y,,,프로그램/편성명,
WIDE_AD_BROADCAST,방송광고 위성 팩트 평탄화,AD_PERF_DK (방송광고 평탄화 1:1),WIDE,CHANNEL_COMPANY,채널사,VARCHAR,Y,,,채널사,
WIDE_AD_BROADCAST,방송광고 위성 팩트 평탄화,AD_PERF_DK (방송광고 평탄화 1:1),WIDE,CHANNEL_COMPANY_TYPE,채널사유형 (VIDEO 전용),VARCHAR,Y,,,채널사유형 (VIDEO 전용),
WIDE_AD_BROADCAST,방송광고 위성 팩트 평탄화,AD_PERF_DK (방송광고 평탄화 1:1),WIDE,SPOT_TYPE,SPOT유형 (VIDEO 전용)  채움이 **VIDEO 안에서 부분**다,VARCHAR,Y,,,SPOT유형 (VIDEO 전용) 🔴[O51-F 실측] 채움이 **VIDEO 안에서 부분**다. 커버리지를 모르고 비중·순위를 내면 결론이 뒤집힌다. 실측 규모는 이슈원장 §O51-F.,
WIDE_AD_BROADCAST,방송광고 위성 팩트 평탄화,AD_PERF_DK (방송광고 평탄화 1:1),WIDE,DURATION_SEC,광고 초수 (VIDEO 전용),"NUMBER(9,0)",Y,,,광고 초수 (VIDEO 전용),
WIDE_AD_BROADCAST,방송광고 위성 팩트 평탄화,AD_PERF_DK (방송광고 평탄화 1:1),WIDE,DAY_DIV,요일구분 평일/주말 (VIDEO 전용),VARCHAR,Y,,,요일구분 평일/주말 (VIDEO 전용),
WIDE_AD_BROADCAST,방송광고 위성 팩트 평탄화,AD_PERF_DK (방송광고 평탄화 1:1),WIDE,PRG_START_TIME,프로그램 시작시간 (VIDEO 전용),VARCHAR,Y,,,프로그램 시작시간 (VIDEO 전용),
WIDE_AD_BROADCAST,방송광고 위성 팩트 평탄화,AD_PERF_DK (방송광고 평탄화 1:1),WIDE,CTV_DIV,CTV구분 (VIDEO 전용)  채움이 **VIDEO 안에서도 소수**다,VARCHAR,Y,,,CTV구분 (VIDEO 전용) 🔴[O51-F 실측] 채움이 **VIDEO 안에서도 소수**다. 커버리지를 모르고 비중·순위를 내면 결론이 뒤집힌다. 실측 규모는 이슈원장 §O51-F.,
WIDE_AD_BROADCAST,방송광고 위성 팩트 평탄화,AD_PERF_DK (방송광고 평탄화 1:1),WIDE,BRDC_DIV,방송구분 (REBRDC 전용)  채움이 **REBROADCAST 안에서도 일부**다,VARCHAR,Y,,,방송구분 (REBRDC 전용) 🔴[O51-F 실측] 채움이 **REBROADCAST 안에서도 일부**다. 커버리지를 모르고 비중·순위를 내면 결론이 뒤집힌다. 실측 규모는 이슈원장 §O51-F.,
WIDE_AD_BROADCAST,방송광고 위성 팩트 평탄화,AD_PERF_DK (방송광고 평탄화 1:1),WIDE,AD_CNT,광고횟수,"NUMBER(38,0)",Y,,,광고횟수,
WIDE_AD_BROADCAST,방송광고 위성 팩트 평탄화,AD_PERF_DK (방송광고 평탄화 1:1),WIDE,CONV_CALL_CNT,전환콜 (VIDEO 전용),"NUMBER(18,4)",Y,,,전환콜 (VIDEO 전용) — 인입콜과 별개 🔴🔴[O51-F 실측] **전건 NULL — 원천 자체가 비어 있다**(`BRONZE_AGENCY.VIDEO_AD_CMPGN_DTLS.CONV_CALL_CNT`). 결측이 아니라 **대행사가 항목을 보고하지 않는다**: 0 이나 '해당없음' 으로 대체 해석하지 말 것(P21). 필터 조건으로 쓰면 전건이 탈락한다. 🔴🔴종전 문서가 *「VIDEO 는 개발실적 대신 전환콜을 보고한다」* 고 적었으나 **그 컬럼도 원천에서 전건 비어 있다** — 즉 VIDEO 구간은 개발도 전환콜도 측정할 수 없다(AD-5 보강). REBROADCAST 원천에는 컬럼 자체가 없다. 실측 규모는 이슈원장 §O51-F.,
WIDE_AD_BROADCAST,방송광고 위성 팩트 평탄화,AD_PERF_DK (방송광고 평탄화 1:1),WIDE,DVLP_MEMBER_CNT,개발회원수 (REBRDC 전용),"NUMBER(18,4)",Y,,,개발회원수 (REBRDC 전용) — ⚠️GA 전환이 아님(O16 분리) ⚠️**REBROADCAST 전용** — 다른 원천 행은 개념 자체가 없어 NULL 이며 결측이 아니다. ⚠️GA 전환이 아니다(O16 분리) — 재방송 개발실적이다.,
WIDE_AD_BROADCAST,방송광고 위성 팩트 평탄화,AD_PERF_DK (방송광고 평탄화 1:1),WIDE,DVLP_CNT,개발건수 (REBRDC 전용),"NUMBER(18,4)",Y,,,개발건수 (REBRDC 전용) — ⚠️GA 전환이 아님(O16 분리) ⚠️**REBROADCAST 전용** — 다른 원천 행은 개념 자체가 없어 NULL 이며 결측이 아니다. ⚠️GA 전환이 아니다(O16 분리) — 재방송 개발실적이다.,
WIDE_AD_BROADCAST,방송광고 위성 팩트 평탄화,AD_PERF_DK (방송광고 평탄화 1:1),WIDE,AD_VIEW_RT_SRC,광고시청률(대행사 산정),"NUMBER(18,6)",Y,,,"광고시청률(대행사 산정) — 비가산 N, 재합산 금지. ⚠️**VIDEO 전용** — 다른 원천 행은 개념 자체가 없어 NULL 이며 결측이 아니다.",
WIDE_AD_BROADCAST,방송광고 위성 팩트 평탄화,AD_PERF_DK (방송광고 평탄화 1:1),WIDE,CPC_SRC,CPC(대행사 산정),"NUMBER(18,6)",Y,,,"CPC(대행사 산정) — 비가산 N, 재합산 금지. ⚠️**VIDEO 전용** — 다른 원천 행은 개념 자체가 없어 NULL 이며 결측이 아니다.",
WIDE_AD_BROADCAST,방송광고 위성 팩트 평탄화,AD_PERF_DK (방송광고 평탄화 1:1),WIDE,DW_SOURCE_SYSTEM,원천 시스템 식별,VARCHAR,N,,,원천 시스템 식별,공통감사
WIDE_AD_BROADCAST,방송광고 위성 팩트 평탄화,AD_PERF_DK (방송광고 평탄화 1:1),WIDE,PERF_FULL_DATE,실적일 일자,DATE,Y,,,DIM_DATE.FULL_DATE — 실적일 일자,
WIDE_AD_BROADCAST,방송광고 위성 팩트 평탄화,AD_PERF_DK (방송광고 평탄화 1:1),WIDE,PERF_YEAR,실적일 년,"NUMBER(4,0)",Y,,,DIM_DATE.YEAR — 실적일 년,
WIDE_AD_BROADCAST,방송광고 위성 팩트 평탄화,AD_PERF_DK (방송광고 평탄화 1:1),WIDE,PERF_MONTH,실적일 월,"NUMBER(2,0)",Y,,,DIM_DATE.MONTH — 실적일 월,
WIDE_AD_BROADCAST,방송광고 위성 팩트 평탄화,AD_PERF_DK (방송광고 평탄화 1:1),WIDE,PERF_QUARTER,실적일 분기,"NUMBER(1,0)",Y,,,DIM_DATE.QUARTER — 실적일 분기,
WIDE_AD_BROADCAST,방송광고 위성 팩트 평탄화,AD_PERF_DK (방송광고 평탄화 1:1),WIDE,PERF_IS_HOLIDAY,실적일 휴일여부  **휴일축이 미주입이다,BOOLEAN,Y,,,"DIM_DATE.IS_HOLIDAY — 실적일 휴일여부 🔴🔴[O51-F 실측] **휴일축이 미주입이다 — 전건 `FALSE`.** `DIM_DATE.IS_HOLIDAY` 에 TRUE 가 하나도 없다. NULL 이 아니라 FALSE 라서 **집계가 성공한 것처럼 보이고**, 「휴일 대비 평일 성과」 질의가 **전건 평일**로 응답된다. ⇒ 이 컬럼으로 휴일 분석을 하지 말 것(기지 **HOL-1** — 공휴일 원천이 전 스키마에 없어 외부 입고 대기). 실측 규모는 이슈원장 §O51-F.",
WIDE_AD_BROADCAST,방송광고 위성 팩트 평탄화,AD_PERF_DK (방송광고 평탄화 1:1),WIDE,CAMPAIGN_NAME,캠페인명  **전건 `'(미매핑)'` 센티넬**,VARCHAR,Y,,,DIM_CAMPAIGN.CAMPAIGN_NAME — 캠페인명 🔴🔴[O51-F 실측] **전건 `'(미매핑)'` 센티넬** — NULL 이 아니라 **문자열**이라 GROUP BY 하면 단일 그룹이 생겨 **집계에 성공한 것처럼 보인다.** 원인 = `FACT_AD_PERFORMANCE.CAMPAIGN_SK` 의 실측값이 센티넬 하나뿐이다. ⇒ 이 컬럼으로 분해를 시도하지 말 것 — 「캠페인별」·「부서별」 요구에 **조용히 총계 1행**이 돌아온다. 🟢대안 = 마케팅캠페인 축(`MKTG_CAMPAIGN_SK`)은 살아 있다(O45) — 광고↔개발 결합은 그 grain 에서 한다. 실측 규모는 이슈원장 §O51-F.,
WIDE_AD_BROADCAST,방송광고 위성 팩트 평탄화,AD_PERF_DK (방송광고 평탄화 1:1),WIDE,AD_MEDIA_NAME,매체명  **이 뷰에서 전건 NULL**,VARCHAR,Y,,,"DIM_AD_CREATIVE.MEDIA_NAME — 매체명 🔴🔴[O51-F 실측] **이 뷰에서 전건 NULL** — 원인은 차원이 아니라 **팩트 FK 가 전건 센티넬**이다: `FACT_AD_PERFORMANCE.AD_CREATIVE_SK` 의 실측값이 센티넬 하나뿐이다. ⇒ **이 축으로는 분해가 불가능하다.** 차원 자체는 채워져 있다. 🔴🔴 원천에는 있는 축이다 — SILVER `AGENCY_AD_PERFORMANCE.MEDIA_CHANNEL_NM`·`CREATIVE_NM` 과 BRONZE 매체명은 **전건 채워져 있다.** GOLD 에서만 소실됐다 — 팩트 FK 가 0 하드코딩이다(기지 **P52·O38-C**, 연결키는 **Q10** 소관). 실측 규모는 이슈원장 §O51-F.",
WIDE_AD_BROADCAST,방송광고 위성 팩트 평탄화,AD_PERF_DK (방송광고 평탄화 1:1),WIDE,AD_CREATIVE,소재  **이 뷰에서 전건 NULL**,VARCHAR,Y,,,"DIM_AD_CREATIVE.CREATIVE — 소재 🔴🔴[O51-F 실측] **이 뷰에서 전건 NULL** — 원인은 차원이 아니라 **팩트 FK 가 전건 센티넬**이다: `FACT_AD_PERFORMANCE.AD_CREATIVE_SK` 의 실측값이 센티넬 하나뿐이다. ⇒ **이 축으로는 분해가 불가능하다.** 차원 자체는 채워져 있다. 🔴🔴 원천에는 있는 축이다 — SILVER `AGENCY_AD_PERFORMANCE.MEDIA_CHANNEL_NM`·`CREATIVE_NM` 과 BRONZE 매체명은 **전건 채워져 있다.** GOLD 에서만 소실됐다 — 팩트 FK 가 0 하드코딩이다(기지 **P52·O38-C**, 연결키는 **Q10** 소관). 실측 규모는 이슈원장 §O51-F.",
WIDE_AD_BROADCAST_CASE,재방송 사례 위성 팩트 평탄화,AD_PERF_DK × CASE_SEQ (재방송사례 평탄화),WIDE,AD_PERF_DK,광고성과 불변키,VARCHAR,N,DK,,grain 1/2 · 광고성과 행 식별자 — 코어 WIDE_AD_PERFORMANCE 조인키(1:N),
WIDE_AD_BROADCAST_CASE,재방송 사례 위성 팩트 평탄화,AD_PERF_DK × CASE_SEQ (재방송사례 평탄화),WIDE,CASE_SEQ,grain 2/2 · 사례 순번 1~3,"NUMBER(2,0)",N,,,grain 2/2 · 사례 순번 1~3 (원천 CASE1~CASE3 언피벗축),
WIDE_AD_BROADCAST_CASE,재방송 사례 위성 팩트 평탄화,AD_PERF_DK × CASE_SEQ (재방송사례 평탄화),WIDE,AD_SOURCE_TYPE,광고 원천유형,VARCHAR,Y,,,"광고 원천유형 — 본 뷰는 REBROADCAST 만 🔴[O51-F 실측] **단일값 REBROADCAST 뿐이다** — 본 뷰는 재방송 사례 전용이라 VIDEO 사례가 없다. GROUP BY 대상이 아니며, **이 뷰로 VIDEO 대비 재방송을 비교하면 재방송만 보고 결론을 낸다.** 원천유형 비교는 코어 `WIDE_AD_PERFORMANCE` 에서 한다. 실측 규모는 이슈원장 §O51-F.",
WIDE_AD_BROADCAST_CASE,재방송 사례 위성 팩트 평탄화,AD_PERF_DK × CASE_SEQ (재방송사례 평탄화),WIDE,PERF_DATE_SK,광고 실적일 YYYYMMDD,"NUMBER(8,0)",N,,,광고 실적일 YYYYMMDD,
WIDE_AD_BROADCAST_CASE,재방송 사례 위성 팩트 평탄화,AD_PERF_DK × CASE_SEQ (재방송사례 평탄화),WIDE,BIZ_DIV,사례 사업구분,VARCHAR,Y,,,사례 사업구분,
WIDE_AD_BROADCAST_CASE,재방송 사례 위성 팩트 평탄화,AD_PERF_DK × CASE_SEQ (재방송사례 평탄화),WIDE,FAMILY_TYPE,사례 가족유형,VARCHAR,Y,,,사례 가족유형,
WIDE_AD_BROADCAST_CASE,재방송 사례 위성 팩트 평탄화,AD_PERF_DK × CASE_SEQ (재방송사례 평탄화),WIDE,APPEAL_POINT,사례 어필포인트,VARCHAR,Y,,,사례 어필포인트,
WIDE_AD_BROADCAST_CASE,재방송 사례 위성 팩트 평탄화,AD_PERF_DK × CASE_SEQ (재방송사례 평탄화),WIDE,CASE_DIV,사례구분,VARCHAR,Y,,,사례구분,
WIDE_AD_BROADCAST_CASE,재방송 사례 위성 팩트 평탄화,AD_PERF_DK × CASE_SEQ (재방송사례 평탄화),WIDE,RT_TYPE,RT(재방송)유형,VARCHAR,Y,,,RT(재방송)유형 — 위성 FAD_B 에서 동반,
WIDE_AD_BROADCAST_CASE,재방송 사례 위성 팩트 평탄화,AD_PERF_DK × CASE_SEQ (재방송사례 평탄화),WIDE,PROGRAM_NM,프로그램/편성명,VARCHAR,Y,,,프로그램/편성명 — 위성 FAD_B 에서 동반,
WIDE_AD_BROADCAST_CASE,재방송 사례 위성 팩트 평탄화,AD_PERF_DK × CASE_SEQ (재방송사례 평탄화),WIDE,CHANNEL_COMPANY,채널사,VARCHAR,Y,,,채널사 — 위성 FAD_B 에서 동반,
WIDE_AD_BROADCAST_CASE,재방송 사례 위성 팩트 평탄화,AD_PERF_DK × CASE_SEQ (재방송사례 평탄화),WIDE,BROADCAST_DATE,송출일,DATE,Y,,,송출일 — 위성 FAD_B 에서 동반,
WIDE_AD_BROADCAST_CASE,재방송 사례 위성 팩트 평탄화,AD_PERF_DK × CASE_SEQ (재방송사례 평탄화),WIDE,DW_SOURCE_SYSTEM,원천 시스템 식별,VARCHAR,N,,,원천 시스템 식별,공통감사
WIDE_AD_BROADCAST_CASE,재방송 사례 위성 팩트 평탄화,AD_PERF_DK × CASE_SEQ (재방송사례 평탄화),WIDE,PERF_FULL_DATE,실적일 일자,DATE,Y,,,DIM_DATE.FULL_DATE — 실적일 일자,
WIDE_AD_BROADCAST_CASE,재방송 사례 위성 팩트 평탄화,AD_PERF_DK × CASE_SEQ (재방송사례 평탄화),WIDE,PERF_YEAR,실적일 년,"NUMBER(4,0)",Y,,,DIM_DATE.YEAR — 실적일 년,
WIDE_AD_BROADCAST_CASE,재방송 사례 위성 팩트 평탄화,AD_PERF_DK × CASE_SEQ (재방송사례 평탄화),WIDE,PERF_MONTH,실적일 월,"NUMBER(2,0)",Y,,,DIM_DATE.MONTH — 실적일 월,
WIDE_AD_BROADCAST_CASE,재방송 사례 위성 팩트 평탄화,AD_PERF_DK × CASE_SEQ (재방송사례 평탄화),WIDE,PERF_QUARTER,실적일 분기,"NUMBER(1,0)",Y,,,DIM_DATE.QUARTER — 실적일 분기,
WIDE_AD_BROADCAST_CASE,재방송 사례 위성 팩트 평탄화,AD_PERF_DK × CASE_SEQ (재방송사례 평탄화),WIDE,CAMPAIGN_NAME,캠페인명  **전건 `'(미매핑)'` 센티넬**,VARCHAR,Y,,,DIM_CAMPAIGN.CAMPAIGN_NAME — 캠페인명 🔴🔴[O51-F 실측] **전건 `'(미매핑)'` 센티넬** — NULL 이 아니라 **문자열**이라 GROUP BY 하면 단일 그룹이 생겨 **집계에 성공한 것처럼 보인다.** 원인 = `FACT_AD_PERFORMANCE.CAMPAIGN_SK` 의 실측값이 센티넬 하나뿐이다. ⇒ 이 컬럼으로 분해를 시도하지 말 것 — 「캠페인별」·「부서별」 요구에 **조용히 총계 1행**이 돌아온다. 실측 규모는 이슈원장 §O51-F.,
WIDE_AD_COMBINED,광고 팩트 통합 소비뷰,AD_PERF_DK (광고 3종 1:1 통합),WIDE,AD_PERF_DK,광고성과 불변키,VARCHAR,N,DK,,행 식별자(GRAIN·PK) MD5(AD_SOURCE_TYPE|ROW_HASH|DUP_SEQ). 위성 3종 조인키. 발급지점=SILVER.AGENCY_AD_ROW_* (DEC-11),
WIDE_AD_COMBINED,광고 팩트 통합 소비뷰,AD_PERF_DK (광고 3종 1:1 통합),WIDE,PERF_DATE_SK,"실적일 (분석축, FK→DIM_DATE)","NUMBER(8,0)",N,,,"실적일 (분석축, FK→DIM_DATE)",
WIDE_AD_COMBINED,광고 팩트 통합 소비뷰,AD_PERF_DK (광고 3종 1:1 통합),WIDE,CAMPAIGN_SK,"캠페인 (분석축, FK→DIM_CAMPAIGN)","NUMBER(38,0)",N,,,"캠페인 (분석축, FK→DIM_CAMPAIGN). ⚠️현재 0 스캐폴드 — Q10 이름매칭 대기",
WIDE_AD_COMBINED,광고 팩트 통합 소비뷰,AD_PERF_DK (광고 3종 1:1 통합),WIDE,MKTG_CAMPAIGN_SK,마케팅캠페인 대리키 (FK→DIM_MARKETING_CAMPAIGN),"NUMBER(38,0)",Y,,,[O45] 마케팅캠페인 대리키 (FK→DIM_MARKETING_CAMPAIGN). 광고↔CRM 결합축. 🔴미도달 행은 0(미매핑) 버킷이며 이 버킷을 「미집행」으로 읽지 말 것 — 도달률 실측은 이슈원장 §O45. 🔴개발캠페인(CAMPAIGN_SK) grain 결합 금지 — 광고비가 대규모로 팬아웃한다(배수 실측 = 이슈원장 §O45).,
WIDE_AD_COMBINED,광고 팩트 통합 소비뷰,AD_PERF_DK (광고 3종 1:1 통합),WIDE,AD_CREATIVE_SK,"광고소재/매체 (분석축, FK→DIM_AD_CREATIVE)","NUMBER(38,0)",N,,,"광고소재/매체 (분석축, FK→DIM_AD_CREATIVE). ⚠️현재 0 스캐폴드 — 부분키 매칭 설계 대기",
WIDE_AD_COMBINED,광고 팩트 통합 소비뷰,AD_PERF_DK (광고 3종 1:1 통합),WIDE,DEVICE_SK,"디바이스 (분석축, FK→DIM_DEVICE)","NUMBER(38,0)",N,,,"디바이스 (분석축, FK→DIM_DEVICE). DEC-10 실배선: 실기기 해시SK / 방송=(해당없음) / 미매핑=0",
WIDE_AD_COMBINED,광고 팩트 통합 소비뷰,AD_PERF_DK (광고 3종 1:1 통합),WIDE,AD_COST,광고비(원),"NUMBER(18,2)",Y,,,광고비(원) (#6). 원천별 컬럼 상이 — COST_TYPE 은 SILVER 보유,
WIDE_AD_COMBINED,광고 팩트 통합 소비뷰,AD_PERF_DK (광고 3종 1:1 통합),WIDE,IMPRESSIONS,노출수,"NUMBER(38,0)",Y,,,노출수 (#23). DIGITAL 전용(방송 원천 부재),
WIDE_AD_COMBINED,광고 팩트 통합 소비뷰,AD_PERF_DK (광고 3종 1:1 통합),WIDE,CLICKS,"클릭수(행동 횟수, ≠회원명)","NUMBER(38,0)",Y,,,"클릭수(행동 횟수, ≠회원명) (#24). DIGITAL 전용. CTR 분자 공#9",
WIDE_AD_COMBINED,광고 팩트 통합 소비뷰,AD_PERF_DK (광고 3종 1:1 통합),WIDE,INBOUND_CALL,인입콜,"NUMBER(38,0)",Y,,,"인입콜 (#25). REBRDC(TEXT→TRY_TO_NUMBER)·VIDEO 보유, DGT 부재",
WIDE_AD_COMBINED,광고 팩트 통합 소비뷰,AD_PERF_DK (광고 3종 1:1 통합),WIDE,AGENCY_CONV_MEMBERS,대행사 전환수(명),"NUMBER(38,0)",Y,,,대행사 전환수(명) — **DIGITAL 전용**. ⚠️O16 교정(2026-07-28): 종전에 REBRDC 개발회원수가 혼입돼 있었다 — 재방송 개발실적은 FACT_AD_BROADCAST.DVLP_MEMBER_CNT 로 이관했다. 혼입 규모 = 이슈원장 §O16.,
WIDE_AD_COMBINED,광고 팩트 통합 소비뷰,AD_PERF_DK (광고 3종 1:1 통합),WIDE,AGENCY_CONV_CNT,대행사 전환수(건/VU),"NUMBER(18,4)",Y,,,대행사 전환수(건/VU) — **DIGITAL 전용**. ⚠️O16 교정(2026-07-28): 종전에 REBRDC 개발건수가 혼입돼 있었고 그 비중이 과반이었다 → FACT_AD_BROADCAST.DVLP_CNT 로 이관. 혼입 규모 = 이슈원장 §O16. ⚠️합계가 소수로 나오므로 건수가 아니다 — 어의 현업확인 잔여(O5).,
WIDE_AD_COMBINED,광고 팩트 통합 소비뷰,AD_PERF_DK (광고 3종 1:1 통합),WIDE,DAY_OF_WEEK,"요일 (degen, AD_DATE 파생)",VARCHAR,Y,,,"요일 (degen, AD_DATE 파생)",
WIDE_AD_COMBINED,광고 팩트 통합 소비뷰,AD_PERF_DK (광고 3종 1:1 통합),WIDE,WEEK_OF_YEAR,"주차 (degen, AD_DATE 파생)","NUMBER(2,0)",Y,,,"주차 (degen, AD_DATE 파생)",
WIDE_AD_COMBINED,광고 팩트 통합 소비뷰,AD_PERF_DK (광고 3종 1:1 통합),WIDE,AD_SOURCE_TYPE,광고 원천유형,VARCHAR,Y,,,광고유형 DIGITAL/VIDEO/REBROADCAST (degen). 출처 명시축(DEC-8·§3-A-4) — DW_SOURCE_SYSTEM(시스템 출처)과 2단 추적. DEVICE_TYPE=(해당없음) 행의 방송 여부 판별 수단,
WIDE_AD_COMBINED,광고 팩트 통합 소비뷰,AD_PERF_DK (광고 3종 1:1 통합),WIDE,PAGE_TYPE,페이지유형,VARCHAR,Y,,,페이지유형 ← DGT.PAGE_TYPE_NM ⚠️[WIDE_AD_COMBINED] 디지털 원천 전용 컬럼이다 — 방송행(AD_SOURCE_TYPE 이 디지털이 아닌 행)은 **NULL 이며 그것은 결측이 아니라 원천 부재**다(위성 완전분할). 혼합 집계 전에 AD_SOURCE_TYPE 으로 스코프할 것.,
WIDE_AD_COMBINED,광고 팩트 통합 소비뷰,AD_PERF_DK (광고 3종 1:1 통합),WIDE,AD_GROUP_NM,광고그룹명,VARCHAR,Y,,,광고그룹명 ← DGT.AD_GRP_NM ⚠️[WIDE_AD_COMBINED] 디지털 원천 전용 컬럼이다 — 방송행(AD_SOURCE_TYPE 이 디지털이 아닌 행)은 **NULL 이며 그것은 결측이 아니라 원천 부재**다(위성 완전분할). 혼합 집계 전에 AD_SOURCE_TYPE 으로 스코프할 것.,
WIDE_AD_COMBINED,광고 팩트 통합 소비뷰,AD_PERF_DK (광고 3종 1:1 통합),WIDE,GROUP_DIV,그룹구분,VARCHAR,Y,,,그룹구분 ← DGT.GRP_DIV_NM ⚠️[WIDE_AD_COMBINED] 디지털 원천 전용 컬럼이다 — 방송행(AD_SOURCE_TYPE 이 디지털이 아닌 행)은 **NULL 이며 그것은 결측이 아니라 원천 부재**다(위성 완전분할). 혼합 집계 전에 AD_SOURCE_TYPE 으로 스코프할 것.,
WIDE_AD_COMBINED,광고 팩트 통합 소비뷰,AD_PERF_DK (광고 3종 1:1 통합),WIDE,CREATIVE_TYPE,소재유형,VARCHAR,Y,,,소재유형 ← DGT.MATR_TY_NM ⚠️[WIDE_AD_COMBINED] 디지털 원천 전용 컬럼이다 — 방송행(AD_SOURCE_TYPE 이 디지털이 아닌 행)은 **NULL 이며 그것은 결측이 아니라 원천 부재**다(위성 완전분할). 혼합 집계 전에 AD_SOURCE_TYPE 으로 스코프할 것.,
WIDE_AD_COMBINED,광고 팩트 통합 소비뷰,AD_PERF_DK (광고 3종 1:1 통합),WIDE,AD_TYPE_NM,광고유형명(대행사 표기),VARCHAR,Y,,,광고유형명(대행사 표기) ← DGT.AD_TY_NM. ⚠️코어 AD_SOURCE_TYPE(원천 출처축 DIGITAL/VIDEO/REBROADCAST)과 다른 개념 ⚠️[WIDE_AD_COMBINED] 디지털 원천 전용 컬럼이다 — 방송행(AD_SOURCE_TYPE 이 디지털이 아닌 행)은 **NULL 이며 그것은 결측이 아니라 원천 부재**다(위성 완전분할). 혼합 집계 전에 AD_SOURCE_TYPE 으로 스코프할 것.,
WIDE_AD_COMBINED,광고 팩트 통합 소비뷰,AD_PERF_DK (광고 3종 1:1 통합),WIDE,READ_CNT,읽음수,"NUMBER(38,0)",Y,,,읽음수 ← DGT.READ_CNT (가산) ⚠️[WIDE_AD_COMBINED] 디지털 원천 전용 컬럼이다 — 방송행(AD_SOURCE_TYPE 이 디지털이 아닌 행)은 **NULL 이며 그것은 결측이 아니라 원천 부재**다(위성 완전분할). 혼합 집계 전에 AD_SOURCE_TYPE 으로 스코프할 것.,
WIDE_AD_COMBINED,광고 팩트 통합 소비뷰,AD_PERF_DK (광고 3종 1:1 통합),WIDE,MEDIA_POTENTIAL_CUST_CNT,매체 잠재고객수,"NUMBER(38,0)",Y,,,매체 잠재고객수 ← DGT.MEDIA_PTNT_CUST_CNT (가산) ⚠️[WIDE_AD_COMBINED] 디지털 원천 전용 컬럼이다 — 방송행(AD_SOURCE_TYPE 이 디지털이 아닌 행)은 **NULL 이며 그것은 결측이 아니라 원천 부재**다(위성 완전분할). 혼합 집계 전에 AD_SOURCE_TYPE 으로 스코프할 것. 🆕🔴🔴[2026-09-01 O129 보강] **디지털행도 전건 NULL 이다** — 원천 `BRONZE_AGENCY.DGT_AD_CMPGN_DTLS.MEDIA_PTNT_CUST_CNT` 는 컬럼은 실재하고 **값이 전건 공백**(대행사 미보고)이다. ⇒ 🔴 스코프를 디지털로 좁혀도 값은 나오지 않는다 — 이 컬럼은 현재 **어떤 스코프에서도 집계 불가**다(0/'해당없음' 대체 해석 금지 · P21). 정본 = 문서30 §7-C.,
WIDE_AD_COMBINED,광고 팩트 통합 소비뷰,AD_PERF_DK (광고 3종 1:1 통합),WIDE,CRM_DEV_CNT,CRM 개발건수,"NUMBER(18,4)",Y,,,CRM 개발건수 ← DGT.CRM_DVLP_CNT (가산) ⚠️[WIDE_AD_COMBINED] 디지털 원천 전용 컬럼이다 — 방송행(AD_SOURCE_TYPE 이 디지털이 아닌 행)은 **NULL 이며 그것은 결측이 아니라 원천 부재**다(위성 완전분할). 혼합 집계 전에 AD_SOURCE_TYPE 으로 스코프할 것.,
WIDE_AD_COMBINED,광고 팩트 통합 소비뷰,AD_PERF_DK (광고 3종 1:1 통합),WIDE,CTR_SRC,대행사 산정 CTR,"NUMBER(18,6)",Y,,,[비가산 N] 대행사 산정 CTR ← DGT.CTR. DW 재계산=CLICKS/IMPRESSIONS ⚠️[WIDE_AD_COMBINED] 디지털 원천 전용 컬럼이다 — 방송행(AD_SOURCE_TYPE 이 디지털이 아닌 행)은 **NULL 이며 그것은 결측이 아니라 원천 부재**다(위성 완전분할). 혼합 집계 전에 AD_SOURCE_TYPE 으로 스코프할 것.,
WIDE_AD_COMBINED,광고 팩트 통합 소비뷰,AD_PERF_DK (광고 3종 1:1 통합),WIDE,CVR_SRC,대행사 산정 CVR,"NUMBER(18,6)",Y,,,[비가산 N] 대행사 산정 CVR ← DGT.CVR. DW 재계산=AGENCY_CONV_MEMBERS/CLICKS (O5 확정) ⚠️[WIDE_AD_COMBINED] 디지털 원천 전용 컬럼이다 — 방송행(AD_SOURCE_TYPE 이 디지털이 아닌 행)은 **NULL 이며 그것은 결측이 아니라 원천 부재**다(위성 완전분할). 혼합 집계 전에 AD_SOURCE_TYPE 으로 스코프할 것.,
WIDE_AD_COMBINED,광고 팩트 통합 소비뷰,AD_PERF_DK (광고 3종 1:1 통합),WIDE,CPC_SRC,대행사 산정 CPC,"NUMBER(18,6)",Y,,,[비가산 N] 대행사 산정 CPC ← DGT.CPC. DW 재계산=AD_COST/CLICKS ⚠️[WIDE_AD_COMBINED] 디지털 원천 전용 컬럼이다 — 방송행(AD_SOURCE_TYPE 이 디지털이 아닌 행)은 **NULL 이며 그것은 결측이 아니라 원천 부재**다(위성 완전분할). 혼합 집계 전에 AD_SOURCE_TYPE 으로 스코프할 것.,
WIDE_AD_COMBINED,광고 팩트 통합 소비뷰,AD_PERF_DK (광고 3종 1:1 통합),WIDE,CPM_SRC,대행사 산정 CPM,"NUMBER(18,6)",Y,,,[비가산 N] 대행사 산정 CPM ← DGT.CPM. DW 재계산=AD_COST/IMPRESSIONS×1000 ⚠️[WIDE_AD_COMBINED] 디지털 원천 전용 컬럼이다 — 방송행(AD_SOURCE_TYPE 이 디지털이 아닌 행)은 **NULL 이며 그것은 결측이 아니라 원천 부재**다(위성 완전분할). 혼합 집계 전에 AD_SOURCE_TYPE 으로 스코프할 것.,
WIDE_AD_COMBINED,광고 팩트 통합 소비뷰,AD_PERF_DK (광고 3종 1:1 통합),WIDE,CPA_SRC,대행사 산정 CPA,"NUMBER(18,6)",Y,,,[비가산 N] 대행사 산정 CPA ← DGT.CPA. DW 재계산=AD_COST/AGENCY_CONV_CNT ⚠️[WIDE_AD_COMBINED] 디지털 원천 전용 컬럼이다 — 방송행(AD_SOURCE_TYPE 이 디지털이 아닌 행)은 **NULL 이며 그것은 결측이 아니라 원천 부재**다(위성 완전분할). 혼합 집계 전에 AD_SOURCE_TYPE 으로 스코프할 것.,
WIDE_AD_COMBINED,광고 팩트 통합 소비뷰,AD_PERF_DK (광고 3종 1:1 통합),WIDE,DEV_UNIT_PRICE_SRC,대행사 산정 개발단가,"NUMBER(18,2)",Y,,,[비가산 N] 대행사 산정 개발단가 ← DGT.DEV_UNIT_PRICE. DW 재계산=AD_COST/개발건수 ⚠️[WIDE_AD_COMBINED] 디지털 원천 전용 컬럼이다 — 방송행(AD_SOURCE_TYPE 이 디지털이 아닌 행)은 **NULL 이며 그것은 결측이 아니라 원천 부재**다(위성 완전분할). 혼합 집계 전에 AD_SOURCE_TYPE 으로 스코프할 것.,
WIDE_AD_COMBINED,광고 팩트 통합 소비뷰,AD_PERF_DK (광고 3종 1:1 통합),WIDE,VTR_SRC,대행사 산정 VTR,"NUMBER(18,6)",Y,,,[비가산 N] 대행사 산정 VTR ← DGT.VTR. base 부재로 재계산 불가(대조 대상 아닌 유일값) ⚠️[WIDE_AD_COMBINED] 디지털 원천 전용 컬럼이다 — 방송행(AD_SOURCE_TYPE 이 디지털이 아닌 행)은 **NULL 이며 그것은 결측이 아니라 원천 부재**다(위성 완전분할). 혼합 집계 전에 AD_SOURCE_TYPE 으로 스코프할 것.,
WIDE_AD_COMBINED,광고 팩트 통합 소비뷰,AD_PERF_DK (광고 3종 1:1 통합),WIDE,TIME_BAND,시간대,VARCHAR,Y,,,시간대 ← VIDEO.TIME_RNG / REBRDC.TIME_RNG_DIV_NM(1순위)·BRDC_TIME(대체). 코어에서 이관(종전 CAST(NULL) 하드코딩) ⚠️[WIDE_AD_COMBINED] 방송 원천 전용 컬럼이다 — 디지털행은 **NULL 이며 결측이 아니라 원천 부재**다. 혼합 집계 전에 AD_SOURCE_TYPE 으로 스코프할 것.,
WIDE_AD_COMBINED,광고 팩트 통합 소비뷰,AD_PERF_DK (광고 3종 1:1 통합),WIDE,CM_POSITION,CM위치,VARCHAR,Y,,,CM위치 ← VIDEO.CM_AREA [VIDEO 전용]. 코어에서 이관 ⚠️[WIDE_AD_COMBINED] 방송 원천 전용 컬럼이다 — 디지털행은 **NULL 이며 결측이 아니라 원천 부재**다. 혼합 집계 전에 AD_SOURCE_TYPE 으로 스코프할 것.,
WIDE_AD_COMBINED,광고 팩트 통합 소비뷰,AD_PERF_DK (광고 3종 1:1 통합),WIDE,RT_TYPE,RT(재방송)유형,VARCHAR,Y,,,RT(재방송)유형 ← REBRDC.RE_BRDC_TY_NM [REBRDC 전용]. 코어에서 이관 ⚠️[WIDE_AD_COMBINED] 방송 원천 전용 컬럼이다 — 디지털행은 **NULL 이며 결측이 아니라 원천 부재**다. 혼합 집계 전에 AD_SOURCE_TYPE 으로 스코프할 것.,
WIDE_AD_COMBINED,광고 팩트 통합 소비뷰,AD_PERF_DK (광고 3종 1:1 통합),WIDE,AD_START_TIME,광고시작시간,VARCHAR,Y,,,"광고시작시간 ← VIDEO.AD_STRT_TIME [VIDEO 전용]. 코어에서 이관 🔴🔴[WIDE_AD_COMBINED] **VIDEO(본방송) 전용이다** — 재방송(REBRDC) 원천에는 이 컬럼이 **아예 없다**(BRONZE `REBRDC_AD_CMPGN_DTLS` 에 시각 컬럼 부재 · 보유 항목은 방송시간·방송월뿐). 따라서 재방송행의 NULL 은 적재 지연이 아니라 **해당 없음**이다(P20 3분류). 시각 기반 분석은 VIDEO 로 스코프하고, 재방송을 포함한 시간대 분석은 TIME_BAND 를 쓸 것. 전용축 판정 근거 = 이슈원장 §429.",
WIDE_AD_COMBINED,광고 팩트 통합 소비뷰,AD_PERF_DK (광고 3종 1:1 통합),WIDE,AD_END_TIME,광고종료시간,VARCHAR,Y,,,"광고종료시간 ← VIDEO.AD_END_TIME [VIDEO 전용]. 신규 노출 🔴🔴[WIDE_AD_COMBINED] **VIDEO(본방송) 전용이다** — 재방송(REBRDC) 원천에는 이 컬럼이 **아예 없다**(BRONZE `REBRDC_AD_CMPGN_DTLS` 에 시각 컬럼 부재 · 보유 항목은 방송시간·방송월뿐). 따라서 재방송행의 NULL 은 적재 지연이 아니라 **해당 없음**이다(P20 3분류). 시각 기반 분석은 VIDEO 로 스코프하고, 재방송을 포함한 시간대 분석은 TIME_BAND 를 쓸 것. 전용축 판정 근거 = 이슈원장 §429.",
WIDE_AD_COMBINED,광고 팩트 통합 소비뷰,AD_PERF_DK (광고 3종 1:1 통합),WIDE,BROADCAST_DATE,송출일,DATE,Y,,,송출일 ← VIDEO.BRDC_DATE / REBRDC.DATE. ⚠️코어 PERF_DATE_SK(실적일)와 구분. 코어에서 이관 🔴[WIDE_AD_COMBINED] **송출일이며 코어의 실적일(PERF_DATE_SK)과 다른 축**이다 — 둘을 같은 시간축으로 섞지 말 것. 🟢본방송(VIDEO)·재방송(REBRDC) **양 원천 모두에 있다**(BRONZE `VIDEO_AD_CMPGN_DTLS.BRDC_DATE` · `REBRDC_AD_CMPGN_DTLS.DATE`) — 같은 방송 위성의 시각 3컬럼(AD_START_TIME·AD_END_TIME·PRG_START_TIME)이 VIDEO 전용인 것과 **다르다**. ⇒ 재방송을 포함한 **일자 단위** 방송 분석은 이 컬럼으로 가능하다. 디지털행은 원천 부재로 NULL.,
WIDE_AD_COMBINED,광고 팩트 통합 소비뷰,AD_PERF_DK (광고 3종 1:1 통합),WIDE,PROGRAM_NM,프로그램/편성명,VARCHAR,Y,,,프로그램/편성명 ← VIDEO.SCHDL_NM / REBRDC.BRDC_NM ⚠️[WIDE_AD_COMBINED] 방송 원천 전용 컬럼이다 — 디지털행은 **NULL 이며 결측이 아니라 원천 부재**다. 혼합 집계 전에 AD_SOURCE_TYPE 으로 스코프할 것.,
WIDE_AD_COMBINED,광고 팩트 통합 소비뷰,AD_PERF_DK (광고 3종 1:1 통합),WIDE,CHANNEL_COMPANY,채널사,VARCHAR,Y,,,채널사 ← VIDEO.CHNNL_NM / REBRDC.CHNNL_CMPNY ⚠️[WIDE_AD_COMBINED] 방송 원천 전용 컬럼이다 — 디지털행은 **NULL 이며 결측이 아니라 원천 부재**다. 혼합 집계 전에 AD_SOURCE_TYPE 으로 스코프할 것.,
WIDE_AD_COMBINED,광고 팩트 통합 소비뷰,AD_PERF_DK (광고 3종 1:1 통합),WIDE,CHANNEL_COMPANY_TYPE,채널사유형,VARCHAR,Y,,,채널사유형 ← VIDEO.CHNNL_CMPNY_TY_NM [VIDEO 전용] ⚠️[WIDE_AD_COMBINED] 방송 원천 전용 컬럼이다 — 디지털행은 **NULL 이며 결측이 아니라 원천 부재**다. 혼합 집계 전에 AD_SOURCE_TYPE 으로 스코프할 것.,
WIDE_AD_COMBINED,광고 팩트 통합 소비뷰,AD_PERF_DK (광고 3종 1:1 통합),WIDE,SPOT_TYPE,SPOT유형,VARCHAR,Y,,,SPOT유형 ← VIDEO.SPOT_TY [VIDEO 전용] ⚠️[WIDE_AD_COMBINED] 방송 원천 전용 컬럼이다 — 디지털행은 **NULL 이며 결측이 아니라 원천 부재**다. 혼합 집계 전에 AD_SOURCE_TYPE 으로 스코프할 것.,
WIDE_AD_COMBINED,광고 팩트 통합 소비뷰,AD_PERF_DK (광고 3종 1:1 통합),WIDE,DURATION_SEC,광고 초수,"NUMBER(9,0)",Y,,,🔴 광고 초수 ← VIDEO.AD_SEC(TEXT→TRY_TO_NUMBER) [VIDEO 전용] — **현재 값 신뢰 금지(O29)**. 적재값의 스케일이 「초」로 읽으면 맞지 않는다(µs 해석 유력하나 미확정·현업 확인 대기). 원천 HH:MM:SS 형식 행이 캐스팅에서 무성 소실돼 유효 커버리지가 매우 낮다(파싱하면 대부분 회복) — 규모 실측은 이슈원장 §O29. REBRDC NULL 은 결손이 아니라 원천 부재. ⚠️[WIDE_AD_COMBINED] 방송 원천 전용 컬럼이다 — 디지털행은 **NULL 이며 결측이 아니라 원천 부재**다. 혼합 집계 전에 AD_SOURCE_TYPE 으로 스코프할 것.,
WIDE_AD_COMBINED,광고 팩트 통합 소비뷰,AD_PERF_DK (광고 3종 1:1 통합),WIDE,DAY_DIV,요일구분 평일/주말,VARCHAR,Y,,,요일구분 평일/주말 ← VIDEO.DAY_DIV_NM [VIDEO 전용] ⚠️[WIDE_AD_COMBINED] 방송 원천 전용 컬럼이다 — 디지털행은 **NULL 이며 결측이 아니라 원천 부재**다. 혼합 집계 전에 AD_SOURCE_TYPE 으로 스코프할 것.,
WIDE_AD_COMBINED,광고 팩트 통합 소비뷰,AD_PERF_DK (광고 3종 1:1 통합),WIDE,PRG_START_TIME,프로그램 시작시간,VARCHAR,Y,,,"프로그램 시작시간 ← VIDEO.PRG_STRT_TIME [VIDEO 전용] 🔴🔴[WIDE_AD_COMBINED] **VIDEO(본방송) 전용이다** — 재방송(REBRDC) 원천에는 이 컬럼이 **아예 없다**(BRONZE `REBRDC_AD_CMPGN_DTLS` 에 시각 컬럼 부재 · 보유 항목은 방송시간·방송월뿐). 따라서 재방송행의 NULL 은 적재 지연이 아니라 **해당 없음**이다(P20 3분류). 시각 기반 분석은 VIDEO 로 스코프하고, 재방송을 포함한 시간대 분석은 TIME_BAND 를 쓸 것. 전용축 판정 근거 = 이슈원장 §429.",
WIDE_AD_COMBINED,광고 팩트 통합 소비뷰,AD_PERF_DK (광고 3종 1:1 통합),WIDE,CTV_DIV,CTV구분,VARCHAR,Y,,,CTV구분 ← VIDEO.CTV_DIV_NM [VIDEO 전용] ⚠️[WIDE_AD_COMBINED] 방송 원천 전용 컬럼이다 — 디지털행은 **NULL 이며 결측이 아니라 원천 부재**다. 혼합 집계 전에 AD_SOURCE_TYPE 으로 스코프할 것.,
WIDE_AD_COMBINED,광고 팩트 통합 소비뷰,AD_PERF_DK (광고 3종 1:1 통합),WIDE,BRDC_DIV,방송구분,VARCHAR,Y,,,방송구분 ← REBRDC.BRDC_DIV_NM [REBRDC 전용] ⚠️[WIDE_AD_COMBINED] 방송 원천 전용 컬럼이다 — 디지털행은 **NULL 이며 결측이 아니라 원천 부재**다. 혼합 집계 전에 AD_SOURCE_TYPE 으로 스코프할 것.,
WIDE_AD_COMBINED,광고 팩트 통합 소비뷰,AD_PERF_DK (광고 3종 1:1 통합),WIDE,AD_CNT,광고횟수,"NUMBER(38,0)",Y,,,광고횟수 ← VIDEO·REBRDC.AD_CNT (가산) ⚠️[WIDE_AD_COMBINED] 방송 원천 전용 컬럼이다 — 디지털행은 **NULL 이며 결측이 아니라 원천 부재**다. 혼합 집계 전에 AD_SOURCE_TYPE 으로 스코프할 것.,
WIDE_AD_COMBINED,광고 팩트 통합 소비뷰,AD_PERF_DK (광고 3종 1:1 통합),WIDE,CONV_CALL_CNT,전환콜,"NUMBER(18,4)",Y,,,전환콜 ← VIDEO.CONV_CALL_CNT [VIDEO 전용]. 코어 INBOUND_CALL(인입콜)과 별개 measure ⚠️[WIDE_AD_COMBINED] 방송 원천 전용 컬럼이다 — 디지털행은 **NULL 이며 결측이 아니라 원천 부재**다. 혼합 집계 전에 AD_SOURCE_TYPE 으로 스코프할 것. 🆕🔴🔴[2026-09-01 O129 보강] **VIDEO 행도 전건 NULL 이다** — 원천 `BRONZE_AGENCY.VIDEO_AD_CMPGN_DTLS.CONV_CALL_CNT` 는 컬럼은 실재하고 **값이 전건 공백**(대행사 미보고)이다(REBROADCAST 원천에는 컬럼 자체가 없다). ⇒ 🔴 스코프를 VIDEO 로 좁혀도 값은 나오지 않는다 — **어떤 스코프에서도 집계 불가**다. ⚠️ 인입콜(`REBRDC.INBOUND_CALL_CNT`)은 채워져 있으니 **두 축을 혼동하지 말 것**. 정본 = 문서30 §7-C.,
WIDE_AD_COMBINED,광고 팩트 통합 소비뷰,AD_PERF_DK (광고 3종 1:1 통합),WIDE,DVLP_MEMBER_CNT,개발회원수,"NUMBER(18,4)",Y,,,개발회원수 ← REBRDC.DVLP_MBER_CNT [REBRDC 전용]. ⚠️O16 이관: 종전에 코어 AGENCY_CONV_MEMBERS 로 혼입돼 있었다(대행사 전환이 아니라 재방송 개발실적). ⚠️소수 척도를 유지하는 이유 = 원천에 0.5 단위 값이 실존해 정수 타입으로 내리면 반올림이 총합을 왜곡한다 — 해당 행·왜곡 규모는 이슈원장 §O16. 원천값 보존 우선. ⚠️[WIDE_AD_COMBINED] 방송 원천 전용 컬럼이다 — 디지털행은 **NULL 이며 결측이 아니라 원천 부재**다. 혼합 집계 전에 AD_SOURCE_TYPE 으로 스코프할 것.,
WIDE_AD_COMBINED,광고 팩트 통합 소비뷰,AD_PERF_DK (광고 3종 1:1 통합),WIDE,DVLP_CNT,개발건수,"NUMBER(18,4)",Y,,,개발건수 ← REBRDC.DVLP_CNT [REBRDC 전용]. ⚠️O16 이관: 종전 코어 AGENCY_CONV_CNT 로 혼입(대행사 전환 아님) ⚠️[WIDE_AD_COMBINED] 방송 원천 전용 컬럼이다 — 디지털행은 **NULL 이며 결측이 아니라 원천 부재**다. 혼합 집계 전에 AD_SOURCE_TYPE 으로 스코프할 것.,
WIDE_AD_COMBINED,광고 팩트 통합 소비뷰,AD_PERF_DK (광고 3종 1:1 통합),WIDE,BRDC_AD_VIEW_RT_SRC,대행사 산정 광고시청률,"NUMBER(18,6)",Y,,,[비가산 N] 대행사 산정 광고시청률 ← VIDEO.AD_VIEW_RT [VIDEO 전용]. base 부재로 DW 재계산 불가 ⚠️[WIDE_AD_COMBINED] 방송 원천 전용 컬럼이다 — 디지털행은 **NULL 이며 결측이 아니라 원천 부재**다. 혼합 집계 전에 AD_SOURCE_TYPE 으로 스코프할 것. ⚠️[WIDE_AD_COMBINED] 디지털 위성에 동명 컬럼이 있어 **BRDC_ 접두**를 붙였다 — 이 컬럼은 방송 원천값이다. 디지털 쪽 동명 컬럼과 같은 표에서 비교하지 말 것.,
WIDE_AD_COMBINED,광고 팩트 통합 소비뷰,AD_PERF_DK (광고 3종 1:1 통합),WIDE,BRDC_CPC_SRC,대행사 산정 CPC,"NUMBER(18,6)",Y,,,[비가산 N] 대행사 산정 CPC ← VIDEO.CPC(TEXT) [VIDEO 전용]. DW 재계산=AD_COST/CLICKS (DEC-9 대조용) ⚠️[WIDE_AD_COMBINED] 방송 원천 전용 컬럼이다 — 디지털행은 **NULL 이며 결측이 아니라 원천 부재**다. 혼합 집계 전에 AD_SOURCE_TYPE 으로 스코프할 것. ⚠️[WIDE_AD_COMBINED] 디지털 위성에 동명 컬럼이 있어 **BRDC_ 접두**를 붙였다 — 이 컬럼은 방송 원천값이다. 디지털 쪽 동명 컬럼과 같은 표에서 비교하지 말 것.,
WIDE_AD_DIGITAL,디지털광고 위성 팩트 평탄화,AD_PERF_DK (디지털광고 평탄화 1:1),WIDE,AD_PERF_DK,광고성과 불변키,VARCHAR,N,DK,,광고성과 행 식별자(grain) — 코어 WIDE_AD_PERFORMANCE 조인키,
WIDE_AD_DIGITAL,디지털광고 위성 팩트 평탄화,AD_PERF_DK (디지털광고 평탄화 1:1),WIDE,AD_SOURCE_TYPE,광고 원천유형,VARCHAR,Y,,,"광고 원천유형. 🔴본 뷰는 **DIGITAL 단일값**이다(위성이 원천유형으로 수직분할되어 있다) — GROUP BY 대상이 아니며, 유형 간 비교는 코어 `WIDE_AD_PERFORMANCE` 에서 한다.",
WIDE_AD_DIGITAL,디지털광고 위성 팩트 평탄화,AD_PERF_DK (디지털광고 평탄화 1:1),WIDE,PERF_DATE_SK,광고 실적일 YYYYMMDD,"NUMBER(8,0)",N,,,광고 실적일 YYYYMMDD,
WIDE_AD_DIGITAL,디지털광고 위성 팩트 평탄화,AD_PERF_DK (디지털광고 평탄화 1:1),WIDE,AD_COST,광고비(원),"NUMBER(18,2)",Y,,,[코어] 광고비(원),
WIDE_AD_DIGITAL,디지털광고 위성 팩트 평탄화,AD_PERF_DK (디지털광고 평탄화 1:1),WIDE,IMPRESSIONS,노출수,"NUMBER(38,0)",Y,,,[코어] 노출수 — CTR 분모,
WIDE_AD_DIGITAL,디지털광고 위성 팩트 평탄화,AD_PERF_DK (디지털광고 평탄화 1:1),WIDE,CLICKS,클릭수,"NUMBER(38,0)",Y,,,[코어] 클릭수 — CTR 분자,
WIDE_AD_DIGITAL,디지털광고 위성 팩트 평탄화,AD_PERF_DK (디지털광고 평탄화 1:1),WIDE,AGENCY_CONV_MEMBERS,대행사 전환수(명),"NUMBER(38,0)",Y,,,[코어] 대행사 전환수(명) — CVR 분자(O16 교정 후 디지털 전용),
WIDE_AD_DIGITAL,디지털광고 위성 팩트 평탄화,AD_PERF_DK (디지털광고 평탄화 1:1),WIDE,AGENCY_CONV_CNT,대행사 전환수(건/VU),"NUMBER(18,4)",Y,,,[코어] 대행사 전환수(건/VU) — CPA 분모(O16 교정 후 디지털 전용) 🔴[O51-F 실측] 채움이 **부분**다. 커버리지를 모르고 비중·순위를 내면 결론이 뒤집힌다. 🔴비율 metric 의 분모로 쓸 때는 분자 커버리지를 먼저 맞출 것 — 분모만 부분이면 조용히 과대계상된다(P18). 실측 규모는 이슈원장 §O51-F.,
WIDE_AD_DIGITAL,디지털광고 위성 팩트 평탄화,AD_PERF_DK (디지털광고 평탄화 1:1),WIDE,PAGE_TYPE,페이지유형  채움이 **극히 일부**다,VARCHAR,Y,,,페이지유형 🔴[O51-F 실측] 채움이 **극히 일부**다. 커버리지를 모르고 비중·순위를 내면 결론이 뒤집힌다. 실측 규모는 이슈원장 §O51-F.,
WIDE_AD_DIGITAL,디지털광고 위성 팩트 평탄화,AD_PERF_DK (디지털광고 평탄화 1:1),WIDE,AD_GROUP_NM,광고그룹명  채움이 **극히 일부**다,VARCHAR,Y,,,광고그룹명 🔴[O51-F 실측] 채움이 **극히 일부**다. 커버리지를 모르고 비중·순위를 내면 결론이 뒤집힌다. 실측 규모는 이슈원장 §O51-F.,
WIDE_AD_DIGITAL,디지털광고 위성 팩트 평탄화,AD_PERF_DK (디지털광고 평탄화 1:1),WIDE,GROUP_DIV,그룹구분  채움이 **극히 일부**다,VARCHAR,Y,,,그룹구분 🔴[O51-F 실측] 채움이 **극히 일부**다. 커버리지를 모르고 비중·순위를 내면 결론이 뒤집힌다. 실측 규모는 이슈원장 §O51-F.,
WIDE_AD_DIGITAL,디지털광고 위성 팩트 평탄화,AD_PERF_DK (디지털광고 평탄화 1:1),WIDE,CREATIVE_TYPE,소재유형  채움이 **부분**다,VARCHAR,Y,,,소재유형(원천 표기) 🔴[O51-F 실측] 채움이 **부분**다. 커버리지를 모르고 비중·순위를 내면 결론이 뒤집힌다. 실측 규모는 이슈원장 §O51-F.,
WIDE_AD_DIGITAL,디지털광고 위성 팩트 평탄화,AD_PERF_DK (디지털광고 평탄화 1:1),WIDE,AD_TYPE_NM,광고유형명(대행사 표기),VARCHAR,Y,,,광고유형명(대행사 표기). [O51-F BRONZE 실측] 실적재 값 = **하단DA·DA·CPT·BSA·SA·CPM**. 🔴`AD_SOURCE_TYPE`(VIDEO/REBROADCAST/DIGITAL)과 **다른 개념**이다 — 이름이 비슷해 혼용되기 쉽다.,
WIDE_AD_DIGITAL,디지털광고 위성 팩트 평탄화,AD_PERF_DK (디지털광고 평탄화 1:1),WIDE,READ_CNT,읽음수  채움이 **소수**다,"NUMBER(38,0)",Y,,,읽음수 🔴[O51-F 실측] 채움이 **소수**다. 커버리지를 모르고 비중·순위를 내면 결론이 뒤집힌다. 실측 규모는 이슈원장 §O51-F.,
WIDE_AD_DIGITAL,디지털광고 위성 팩트 평탄화,AD_PERF_DK (디지털광고 평탄화 1:1),WIDE,MEDIA_POTENTIAL_CUST_CNT,매체 잠재고객수  **전건 NULL,"NUMBER(38,0)",Y,,,매체 잠재고객수 🔴🔴[O51-F 실측] **전건 NULL — 원천 자체가 비어 있다**(`BRONZE_AGENCY.DGT_AD_CMPGN_DTLS.MEDIA_PTNT_CUST_CNT`). 결측이 아니라 **대행사가 항목을 보고하지 않는다**: 0 이나 '해당없음' 으로 대체 해석하지 말 것(P21). 필터 조건으로 쓰면 전건이 탈락한다. 실측 규모는 이슈원장 §O51-F.,
WIDE_AD_DIGITAL,디지털광고 위성 팩트 평탄화,AD_PERF_DK (디지털광고 평탄화 1:1),WIDE,CRM_DEV_CNT,CRM 개발건수,"NUMBER(18,4)",Y,,,CRM 개발건수,
WIDE_AD_DIGITAL,디지털광고 위성 팩트 평탄화,AD_PERF_DK (디지털광고 평탄화 1:1),WIDE,CTR_SRC,CTR(대행사 산정),"NUMBER(18,6)",Y,,,CTR(대행사 산정) — 비가산 N. DW 재계산=SUM(CLICKS)/SUM(IMPRESSIONS) 🔴[O51-F 실측] 채움이 **소수**다. 커버리지를 모르고 비중·순위를 내면 결론이 뒤집힌다. 🟢DW 재계산은 전건 가능하다 — 집계에는 base 를 쓸 것. 실측 규모는 이슈원장 §O51-F.,
WIDE_AD_DIGITAL,디지털광고 위성 팩트 평탄화,AD_PERF_DK (디지털광고 평탄화 1:1),WIDE,CVR_SRC,CVR(대행사 산정),"NUMBER(18,6)",Y,,,CVR(대행사 산정) — 비가산 N. DW 재계산=SUM(AGENCY_CONV_MEMBERS)/SUM(CLICKS) 🔴[O51-F 실측] 채움이 **소수**다. 커버리지를 모르고 비중·순위를 내면 결론이 뒤집힌다. 🟢DW 재계산은 전건 가능하다 — 집계에는 base 를 쓸 것. 실측 규모는 이슈원장 §O51-F.,
WIDE_AD_DIGITAL,디지털광고 위성 팩트 평탄화,AD_PERF_DK (디지털광고 평탄화 1:1),WIDE,CPC_SRC,CPC(대행사 산정),"NUMBER(18,6)",Y,,,CPC(대행사 산정) — 비가산 N. DW 재계산=SUM(AD_COST)/SUM(CLICKS) 🔴[O51-F 실측] 채움이 **소수**다. 커버리지를 모르고 비중·순위를 내면 결론이 뒤집힌다. 🟢DW 재계산은 전건 가능하다 — 집계에는 base 를 쓸 것. 실측 규모는 이슈원장 §O51-F.,
WIDE_AD_DIGITAL,디지털광고 위성 팩트 평탄화,AD_PERF_DK (디지털광고 평탄화 1:1),WIDE,CPM_SRC,CPM(대행사 산정),"NUMBER(18,6)",Y,,,CPM(대행사 산정) — 비가산 N. DW 재계산=SUM(AD_COST)/SUM(IMPRESSIONS)*1000 🔴[O51-F 실측] 채움이 **소수**다. 커버리지를 모르고 비중·순위를 내면 결론이 뒤집힌다. 🟢DW 재계산은 전건 가능하다 — 집계에는 base 를 쓸 것. 실측 규모는 이슈원장 §O51-F.,
WIDE_AD_DIGITAL,디지털광고 위성 팩트 평탄화,AD_PERF_DK (디지털광고 평탄화 1:1),WIDE,CPA_SRC,CPA(대행사 산정),"NUMBER(18,6)",Y,,,CPA(대행사 산정) — 비가산 N. DW 재계산=SUM(AD_COST)/SUM(AGENCY_CONV_CNT) 🔴[O51-F 실측] 채움이 **소수**다. 커버리지를 모르고 비중·순위를 내면 결론이 뒤집힌다. 🟢DW 재계산은 전건 가능하다 — 집계에는 base 를 쓸 것. 실측 규모는 이슈원장 §O51-F.,
WIDE_AD_DIGITAL,디지털광고 위성 팩트 평탄화,AD_PERF_DK (디지털광고 평탄화 1:1),WIDE,DEV_UNIT_PRICE_SRC,개발단가(대행사 산정),"NUMBER(18,2)",Y,,,개발단가(대행사 산정) — 비가산 N 🔴[O51-F 실측] 채움이 **소수**다. 커버리지를 모르고 비중·순위를 내면 결론이 뒤집힌다. ⚠️원천 포맷 변경으로 개발건수와 **상호배타**다(AD-3) — 개발단가는 두 컬럼이 기간을 보완하는 관계이며 교차검증 관계가 아니다. 실측 규모는 이슈원장 §O51-F.,
WIDE_AD_DIGITAL,디지털광고 위성 팩트 평탄화,AD_PERF_DK (디지털광고 평탄화 1:1),WIDE,VTR_SRC,VTR(대행사 산정),"NUMBER(18,6)",Y,,,"VTR(대행사 산정) — 비가산 N, base 부재로 재계산 불가 🔴[O51-F 실측] 채움이 **소수**다. 커버리지를 모르고 비중·순위를 내면 결론이 뒤집힌다. base 가 원천에 없어 DW 재계산도 불가하다. 실측 규모는 이슈원장 §O51-F.",
WIDE_AD_DIGITAL,디지털광고 위성 팩트 평탄화,AD_PERF_DK (디지털광고 평탄화 1:1),WIDE,DW_SOURCE_SYSTEM,원천 시스템 식별,VARCHAR,N,,,원천 시스템 식별,공통감사
WIDE_AD_DIGITAL,디지털광고 위성 팩트 평탄화,AD_PERF_DK (디지털광고 평탄화 1:1),WIDE,PERF_FULL_DATE,실적일 일자,DATE,Y,,,DIM_DATE.FULL_DATE — 실적일 일자,
WIDE_AD_DIGITAL,디지털광고 위성 팩트 평탄화,AD_PERF_DK (디지털광고 평탄화 1:1),WIDE,PERF_YEAR,실적일 년,"NUMBER(4,0)",Y,,,DIM_DATE.YEAR — 실적일 년,
WIDE_AD_DIGITAL,디지털광고 위성 팩트 평탄화,AD_PERF_DK (디지털광고 평탄화 1:1),WIDE,PERF_MONTH,실적일 월,"NUMBER(2,0)",Y,,,DIM_DATE.MONTH — 실적일 월,
WIDE_AD_DIGITAL,디지털광고 위성 팩트 평탄화,AD_PERF_DK (디지털광고 평탄화 1:1),WIDE,PERF_QUARTER,실적일 분기,"NUMBER(1,0)",Y,,,DIM_DATE.QUARTER — 실적일 분기,
WIDE_AD_DIGITAL,디지털광고 위성 팩트 평탄화,AD_PERF_DK (디지털광고 평탄화 1:1),WIDE,PERF_IS_HOLIDAY,실적일 휴일여부  **휴일축이 미주입이다,BOOLEAN,Y,,,"DIM_DATE.IS_HOLIDAY — 실적일 휴일여부 🔴🔴[O51-F 실측] **휴일축이 미주입이다 — 전건 `FALSE`.** `DIM_DATE.IS_HOLIDAY` 에 TRUE 가 하나도 없다. NULL 이 아니라 FALSE 라서 **집계가 성공한 것처럼 보이고**, 「휴일 대비 평일 성과」 질의가 **전건 평일**로 응답된다. ⇒ 이 컬럼으로 휴일 분석을 하지 말 것(기지 **HOL-1** — 공휴일 원천이 전 스키마에 없어 외부 입고 대기). 실측 규모는 이슈원장 §O51-F.",
WIDE_AD_DIGITAL,디지털광고 위성 팩트 평탄화,AD_PERF_DK (디지털광고 평탄화 1:1),WIDE,CAMPAIGN_NAME,캠페인명  **전건 `'(미매핑)'` 센티넬**,VARCHAR,Y,,,DIM_CAMPAIGN.CAMPAIGN_NAME — 캠페인명 🔴🔴[O51-F 실측] **전건 `'(미매핑)'` 센티넬** — NULL 이 아니라 **문자열**이라 GROUP BY 하면 단일 그룹이 생겨 **집계에 성공한 것처럼 보인다.** 원인 = `FACT_AD_PERFORMANCE.CAMPAIGN_SK` 의 실측값이 센티넬 하나뿐이다. ⇒ 이 컬럼으로 분해를 시도하지 말 것 — 「캠페인별」·「부서별」 요구에 **조용히 총계 1행**이 돌아온다. 🟢대안 = 마케팅캠페인 축(`MKTG_CAMPAIGN_SK`)은 살아 있다(O45) — 광고↔개발 결합은 그 grain 에서 한다. 실측 규모는 이슈원장 §O51-F.,
WIDE_AD_DIGITAL,디지털광고 위성 팩트 평탄화,AD_PERF_DK (디지털광고 평탄화 1:1),WIDE,AD_MEDIA_NAME,매체명  **이 뷰에서 전건 NULL**,VARCHAR,Y,,,"DIM_AD_CREATIVE.MEDIA_NAME — 매체명 🔴🔴[O51-F 실측] **이 뷰에서 전건 NULL** — 원인은 차원이 아니라 **팩트 FK 가 전건 센티넬**이다: `FACT_AD_PERFORMANCE.AD_CREATIVE_SK` 의 실측값이 센티넬 하나뿐이다. ⇒ **이 축으로는 분해가 불가능하다.** 차원 자체는 채워져 있다. 🔴🔴 원천에는 있는 축이다 — SILVER `AGENCY_AD_PERFORMANCE.MEDIA_CHANNEL_NM`·`CREATIVE_NM` 과 BRONZE 매체명은 **전건 채워져 있다.** GOLD 에서만 소실됐다 — 팩트 FK 가 0 하드코딩이다(기지 **P52·O38-C**, 연결키는 **Q10** 소관). 실측 규모는 이슈원장 §O51-F.",
WIDE_AD_DIGITAL,디지털광고 위성 팩트 평탄화,AD_PERF_DK (디지털광고 평탄화 1:1),WIDE,AD_CREATIVE,소재  **이 뷰에서 전건 NULL**,VARCHAR,Y,,,"DIM_AD_CREATIVE.CREATIVE — 소재 🔴🔴[O51-F 실측] **이 뷰에서 전건 NULL** — 원인은 차원이 아니라 **팩트 FK 가 전건 센티넬**이다: `FACT_AD_PERFORMANCE.AD_CREATIVE_SK` 의 실측값이 센티넬 하나뿐이다. ⇒ **이 축으로는 분해가 불가능하다.** 차원 자체는 채워져 있다. 🔴🔴 원천에는 있는 축이다 — SILVER `AGENCY_AD_PERFORMANCE.MEDIA_CHANNEL_NM`·`CREATIVE_NM` 과 BRONZE 매체명은 **전건 채워져 있다.** GOLD 에서만 소실됐다 — 팩트 FK 가 0 하드코딩이다(기지 **P52·O38-C**, 연결키는 **Q10** 소관). 실측 규모는 이슈원장 §O51-F.",
WIDE_AD_DIGITAL,디지털광고 위성 팩트 평탄화,AD_PERF_DK (디지털광고 평탄화 1:1),WIDE,DEVICE_TYPE,기기 유형,VARCHAR,Y,,,DIM_DEVICE.DEVICE_TYPE — M / PC (디지털은 기기 실존),
WIDE_AD_PERFORMANCE,광고 성과 코어 팩트 평탄화,AD_PERF_DK (광고성과 코어 평탄화),WIDE,AD_PERF_DK,광고성과 불변키,VARCHAR,N,DK,,광고성과 행 식별자(grain) — 위성 뷰 조인키,
WIDE_AD_PERFORMANCE,광고 성과 코어 팩트 평탄화,AD_PERF_DK (광고성과 코어 평탄화),WIDE,PERF_DATE_SK,광고 실적일 YYYYMMDD,"NUMBER(8,0)",N,,,광고 실적일 YYYYMMDD,
WIDE_AD_PERFORMANCE,광고 성과 코어 팩트 평탄화,AD_PERF_DK (광고성과 코어 평탄화),WIDE,AD_COST,광고비(원),"NUMBER(18,2)",Y,,,광고비(원),
WIDE_AD_PERFORMANCE,광고 성과 코어 팩트 평탄화,AD_PERF_DK (광고성과 코어 평탄화),WIDE,IMPRESSIONS,노출수(디지털 전용),"NUMBER(38,0)",Y,,,노출수(디지털 전용),
WIDE_AD_PERFORMANCE,광고 성과 코어 팩트 평탄화,AD_PERF_DK (광고성과 코어 평탄화),WIDE,CLICKS,클릭수(디지털 전용),"NUMBER(38,0)",Y,,,클릭수(디지털 전용),
WIDE_AD_PERFORMANCE,광고 성과 코어 팩트 평탄화,AD_PERF_DK (광고성과 코어 평탄화),WIDE,INBOUND_CALL,인입콜수,"NUMBER(38,0)",Y,,,인입콜수,
WIDE_AD_PERFORMANCE,광고 성과 코어 팩트 평탄화,AD_PERF_DK (광고성과 코어 평탄화),WIDE,AGENCY_CONV_MEMBERS,대행사 전환수(명),"NUMBER(38,0)",Y,,,대행사 전환수(명) — 디지털 전용(O16 교정: 재방송 개발실적 제외),
WIDE_AD_PERFORMANCE,광고 성과 코어 팩트 평탄화,AD_PERF_DK (광고성과 코어 평탄화),WIDE,AGENCY_CONV_CNT,대행사 전환수(건/VU),"NUMBER(18,4)",Y,,,대행사 전환수(건/VU) — 디지털 전용(O16 교정: 재방송 개발실적 제외),
WIDE_AD_PERFORMANCE,광고 성과 코어 팩트 평탄화,AD_PERF_DK (광고성과 코어 평탄화),WIDE,DAY_OF_WEEK,요일(팩트 degen),VARCHAR,Y,,,요일(팩트 degen),
WIDE_AD_PERFORMANCE,광고 성과 코어 팩트 평탄화,AD_PERF_DK (광고성과 코어 평탄화),WIDE,WEEK_OF_YEAR,주차(팩트 degen),"NUMBER(2,0)",Y,,,주차(팩트 degen),
WIDE_AD_PERFORMANCE,광고 성과 코어 팩트 평탄화,AD_PERF_DK (광고성과 코어 평탄화),WIDE,AD_SOURCE_TYPE,광고 원천유형,VARCHAR,Y,,,"광고 원천유형 DIGITAL/VIDEO/REBROADCAST — 출처 명시축(팩트 degen, DEC-8)",
WIDE_AD_PERFORMANCE,광고 성과 코어 팩트 평탄화,AD_PERF_DK (광고성과 코어 평탄화),WIDE,DW_SOURCE_SYSTEM,원천 시스템 식별,VARCHAR,N,,,원천 시스템 식별 (GA4/AGENCY/GADS),공통감사
WIDE_AD_PERFORMANCE,광고 성과 코어 팩트 평탄화,AD_PERF_DK (광고성과 코어 평탄화),WIDE,PERF_FULL_DATE,실적일 일자,DATE,Y,,,DIM_DATE.FULL_DATE — 실적일 일자,
WIDE_AD_PERFORMANCE,광고 성과 코어 팩트 평탄화,AD_PERF_DK (광고성과 코어 평탄화),WIDE,PERF_YEAR,실적일 년,"NUMBER(4,0)",Y,,,DIM_DATE.YEAR — 실적일 년,
WIDE_AD_PERFORMANCE,광고 성과 코어 팩트 평탄화,AD_PERF_DK (광고성과 코어 평탄화),WIDE,PERF_MONTH,실적일 월,"NUMBER(2,0)",Y,,,DIM_DATE.MONTH — 실적일 월,
WIDE_AD_PERFORMANCE,광고 성과 코어 팩트 평탄화,AD_PERF_DK (광고성과 코어 평탄화),WIDE,PERF_QUARTER,실적일 분기,"NUMBER(1,0)",Y,,,DIM_DATE.QUARTER — 실적일 분기,
WIDE_AD_PERFORMANCE,광고 성과 코어 팩트 평탄화,AD_PERF_DK (광고성과 코어 평탄화),WIDE,PERF_IS_HOLIDAY,실적일 휴일여부  **휴일축이 미주입이다,BOOLEAN,Y,,,"DIM_DATE.IS_HOLIDAY — 실적일 휴일여부 🔴🔴[O51-F 실측] **휴일축이 미주입이다 — 전건 `FALSE`.** `DIM_DATE.IS_HOLIDAY` 에 TRUE 가 하나도 없다. NULL 이 아니라 FALSE 라서 **집계가 성공한 것처럼 보이고**, 「휴일 대비 평일 성과」 질의가 **전건 평일**로 응답된다. ⇒ 이 컬럼으로 휴일 분석을 하지 말 것(기지 **HOL-1** — 공휴일 원천이 전 스키마에 없어 외부 입고 대기). 실측 규모는 이슈원장 §O51-F.",
WIDE_AD_PERFORMANCE,광고 성과 코어 팩트 평탄화,AD_PERF_DK (광고성과 코어 평탄화),WIDE,CAMPAIGN_BK,캠페인 업무키  **전건 `'(미매핑)'` 센티넬**,VARCHAR,Y,BK,,DIM_CAMPAIGN.CAMPAIGN_BK — 캠페인 업무키 🔴🔴[O51-F 실측] **전건 `'(미매핑)'` 센티넬** — NULL 이 아니라 **문자열**이라 GROUP BY 하면 단일 그룹이 생겨 **집계에 성공한 것처럼 보인다.** 원인 = `FACT_AD_PERFORMANCE.CAMPAIGN_SK` 의 실측값이 센티넬 하나뿐이다. ⇒ 이 컬럼으로 분해를 시도하지 말 것 — 「캠페인별」·「부서별」 요구에 **조용히 총계 1행**이 돌아온다. 실측 규모는 이슈원장 §O51-F.,
WIDE_AD_PERFORMANCE,광고 성과 코어 팩트 평탄화,AD_PERF_DK (광고성과 코어 평탄화),WIDE,CAMPAIGN_BRAND,공통브랜드   **이 뷰에서 전건 NULL**,VARCHAR,Y,,,DIM_CAMPAIGN.BRAND — 공통브랜드 (#117) 🔴🔴[O51-F 실측] **이 뷰에서 전건 NULL** — 원인은 차원이 아니라 **팩트 FK 가 전건 센티넬**이다: `FACT_AD_PERFORMANCE.CAMPAIGN_SK` 의 실측값이 센티넬 하나뿐이다. ⇒ **이 축으로는 분해가 불가능하다.** 차원 자체는 채워져 있다. 실측 규모는 이슈원장 §O51-F.,
WIDE_AD_PERFORMANCE,광고 성과 코어 팩트 평탄화,AD_PERF_DK (광고성과 코어 평탄화),WIDE,CAMPAIGN_PARENT,공통상위캠페인   **이 뷰에서 전건 NULL**,VARCHAR,Y,,,DIM_CAMPAIGN.PARENT_CAMPAIGN — 공통상위캠페인 (#119) 🔴🔴[O51-F 실측] **이 뷰에서 전건 NULL** — 원인은 차원이 아니라 **팩트 FK 가 전건 센티넬**이다: `FACT_AD_PERFORMANCE.CAMPAIGN_SK` 의 실측값이 센티넬 하나뿐이다. ⇒ **이 축으로는 분해가 불가능하다.** 차원 자체는 채워져 있다. 실측 규모는 이슈원장 §O51-F.,
WIDE_AD_PERFORMANCE,광고 성과 코어 팩트 평탄화,AD_PERF_DK (광고성과 코어 평탄화),WIDE,CAMPAIGN_NAME,캠페인명   **전건 `'(미매핑)'` 센티넬**,VARCHAR,Y,,,DIM_CAMPAIGN.CAMPAIGN_NAME — 캠페인명 (#120) 🔴🔴[O51-F 실측] **전건 `'(미매핑)'` 센티넬** — NULL 이 아니라 **문자열**이라 GROUP BY 하면 단일 그룹이 생겨 **집계에 성공한 것처럼 보인다.** 원인 = `FACT_AD_PERFORMANCE.CAMPAIGN_SK` 의 실측값이 센티넬 하나뿐이다. ⇒ 이 컬럼으로 분해를 시도하지 말 것 — 「캠페인별」·「부서별」 요구에 **조용히 총계 1행**이 돌아온다. 실측 규모는 이슈원장 §O51-F.,
WIDE_AD_PERFORMANCE,광고 성과 코어 팩트 평탄화,AD_PERF_DK (광고성과 코어 평탄화),WIDE,CAMPAIGN_PROMO_METHOD,홍보방법   **이 뷰에서 전건 NULL**,VARCHAR,Y,,,DIM_CAMPAIGN.PROMO_METHOD — 홍보방법 (#118) 🔴🔴[O51-F 실측] **이 뷰에서 전건 NULL** — 원인은 차원이 아니라 **팩트 FK 가 전건 센티넬**이다: `FACT_AD_PERFORMANCE.CAMPAIGN_SK` 의 실측값이 센티넬 하나뿐이다. ⇒ **이 축으로는 분해가 불가능하다.** 차원 자체는 채워져 있다. 실측 규모는 이슈원장 §O51-F.,
WIDE_AD_PERFORMANCE,광고 성과 코어 팩트 평탄화,AD_PERF_DK (광고성과 코어 평탄화),WIDE,CAMPAIGN_TYPE,캠페인 유형,VARCHAR,Y,,,DIM_CAMPAIGN.CAMPAIGN_TYPE — 캠페인 유형 (#17) 🔴🔴[O51-F 실측] **이 뷰에서 전건 NULL** — 원인은 차원이 아니라 **팩트 FK 가 전건 센티넬**이다: `FACT_AD_PERFORMANCE.CAMPAIGN_SK` 의 실측값이 센티넬 하나뿐이다. ⇒ **이 축으로는 분해가 불가능하다.** 차원 자체는 채워져 있다. 실측 규모는 이슈원장 §O51-F.,
WIDE_AD_PERFORMANCE,광고 성과 코어 팩트 평탄화,AD_PERF_DK (광고성과 코어 평탄화),WIDE,AD_CREATIVE_BK,광고소재 업무키  **전건 `'(미매핑)'` 센티넬**,VARCHAR,Y,BK,,"DIM_AD_CREATIVE.AD_CREATIVE_BK — 광고소재 업무키 🔴🔴[O51-F 실측] **전건 `'(미매핑)'` 센티넬** — NULL 이 아니라 **문자열**이라 GROUP BY 하면 단일 그룹이 생겨 **집계에 성공한 것처럼 보인다.** 원인 = `FACT_AD_PERFORMANCE.AD_CREATIVE_SK` 의 실측값이 센티넬 하나뿐이다. ⇒ 이 컬럼으로 분해를 시도하지 말 것 — 「캠페인별」·「부서별」 요구에 **조용히 총계 1행**이 돌아온다. 🔴🔴 원천에는 있는 축이다 — SILVER `AGENCY_AD_PERFORMANCE.MEDIA_CHANNEL_NM`·`CREATIVE_NM` 과 BRONZE 매체명은 **전건 채워져 있다.** GOLD 에서만 소실됐다 — 팩트 FK 가 0 하드코딩이다(기지 **P52·O38-C**, 연결키는 **Q10** 소관). 실측 규모는 이슈원장 §O51-F.",
WIDE_AD_PERFORMANCE,광고 성과 코어 팩트 평탄화,AD_PERF_DK (광고성과 코어 평탄화),WIDE,AD_MEDIA_NAME,매체명   **이 뷰에서 전건 NULL**,VARCHAR,Y,,,"DIM_AD_CREATIVE.MEDIA_NAME — 매체명 (#11) 🔴🔴[O51-F 실측] **이 뷰에서 전건 NULL** — 원인은 차원이 아니라 **팩트 FK 가 전건 센티넬**이다: `FACT_AD_PERFORMANCE.AD_CREATIVE_SK` 의 실측값이 센티넬 하나뿐이다. ⇒ **이 축으로는 분해가 불가능하다.** 차원 자체는 채워져 있다. 🔴🔴 원천에는 있는 축이다 — SILVER `AGENCY_AD_PERFORMANCE.MEDIA_CHANNEL_NM`·`CREATIVE_NM` 과 BRONZE 매체명은 **전건 채워져 있다.** GOLD 에서만 소실됐다 — 팩트 FK 가 0 하드코딩이다(기지 **P52·O38-C**, 연결키는 **Q10** 소관). 실측 규모는 이슈원장 §O51-F.",
WIDE_AD_PERFORMANCE,광고 성과 코어 팩트 평탄화,AD_PERF_DK (광고성과 코어 평탄화),WIDE,AD_PLATFORM,플랫폼   **이 뷰에서 전건 NULL**,VARCHAR,Y,,,DIM_AD_CREATIVE.PLATFORM — 플랫폼 (#12) 🔴🔴[O51-F 실측] **이 뷰에서 전건 NULL** — 원인은 차원이 아니라 **팩트 FK 가 전건 센티넬**이다: `FACT_AD_PERFORMANCE.AD_CREATIVE_SK` 의 실측값이 센티넬 하나뿐이다. ⇒ **이 축으로는 분해가 불가능하다.** 차원 자체는 채워져 있다. 실측 규모는 이슈원장 §O51-F.,
WIDE_AD_PERFORMANCE,광고 성과 코어 팩트 평탄화,AD_PERF_DK (광고성과 코어 평탄화),WIDE,AD_PLATFORM_TYPE,플랫폼/매체유형   **이 뷰에서 전건 NULL**,VARCHAR,Y,,,DIM_AD_CREATIVE.PLATFORM_TYPE — 플랫폼/매체유형 (#13) 🔴🔴[O51-F 실측] **이 뷰에서 전건 NULL**. 🆕🔴🔴[2026-09-01 O129 정정] 종전 문안의 *「원인은 차원이 아니라 팩트 FK 가 전건 센티넬이다 · 차원 자체는 채워져 있다」* 는 **이 컬럼에 대해 거짓이었다**(O51-F 오버레이가 여러 컬럼에 같은 문안을 도포한 결과 · O96 이 재검증 대상으로 지목한 그 건이다). 원인이 **두 개**다: ① 팩트 FK 가 전건 센티넬(`FACT_AD_PERFORMANCE.AD_CREATIVE_SK`) ② **차원 컬럼 자체가 전건 NULL**(`GOLD.DIM_AD_CREATIVE.PLATFORM_TYPE`). ⇒ 🔴 **FK 를 고쳐도 이 축은 채워지지 않는다.** 사유 = BRONZE AGENCY 3테이블에 「매체유형」 축이 없다(인접 유형축은 전부 다른 목적지에 배선돼 대체물이 아니다) ⇒ 요건 #13 은 현업 확인 대상. 정본 = 문서30 §7-C-1.,
WIDE_AD_PERFORMANCE,광고 성과 코어 팩트 평탄화,AD_PERF_DK (광고성과 코어 평탄화),WIDE,AD_CREATIVE,소재   **이 뷰에서 전건 NULL**,VARCHAR,Y,,,"DIM_AD_CREATIVE.CREATIVE — 소재 (#20) 🔴🔴[O51-F 실측] **이 뷰에서 전건 NULL** — 원인은 차원이 아니라 **팩트 FK 가 전건 센티넬**이다: `FACT_AD_PERFORMANCE.AD_CREATIVE_SK` 의 실측값이 센티넬 하나뿐이다. ⇒ **이 축으로는 분해가 불가능하다.** 차원 자체는 채워져 있다. 🔴🔴 원천에는 있는 축이다 — SILVER `AGENCY_AD_PERFORMANCE.MEDIA_CHANNEL_NM`·`CREATIVE_NM` 과 BRONZE 매체명은 **전건 채워져 있다.** GOLD 에서만 소실됐다 — 팩트 FK 가 0 하드코딩이다(기지 **P52·O38-C**, 연결키는 **Q10** 소관). 실측 규모는 이슈원장 §O51-F.",
WIDE_AD_PERFORMANCE,광고 성과 코어 팩트 평탄화,AD_PERF_DK (광고성과 코어 평탄화),WIDE,AD_CREATIVE_TYPE,소재 광고유형 (AD_SOURCE_TYPE 과 다른 개념)  **이 뷰에서 전건 NULL**,VARCHAR,Y,,,"DIM_AD_CREATIVE.AD_TYPE — 소재 광고유형 (⚠️AD_SOURCE_TYPE 과 다른 개념) 🔴🔴[O51-F 실측] **이 뷰에서 전건 NULL** — 원인은 차원이 아니라 **팩트 FK 가 전건 센티넬**이다: `FACT_AD_PERFORMANCE.AD_CREATIVE_SK` 의 실측값이 센티넬 하나뿐이다. ⇒ **이 축으로는 분해가 불가능하다.** 차원 자체는 채워져 있다. 🔴🔴 원천에는 있는 축이다 — SILVER `AGENCY_AD_PERFORMANCE.MEDIA_CHANNEL_NM`·`CREATIVE_NM` 과 BRONZE 매체명은 **전건 채워져 있다.** GOLD 에서만 소실됐다 — 팩트 FK 가 0 하드코딩이다(기지 **P52·O38-C**, 연결키는 **Q10** 소관). 실측 규모는 이슈원장 §O51-F.",
WIDE_AD_PERFORMANCE,광고 성과 코어 팩트 평탄화,AD_PERF_DK (광고성과 코어 평탄화),WIDE,AD_TARGET_GROUP,타겟그룹  **이 뷰에서 전건 NULL**,VARCHAR,Y,,,DIM_AD_CREATIVE.TARGET_GROUP — 타겟그룹 🔴🔴[O51-F 실측] **이 뷰에서 전건 NULL**. 🆕🔴🔴[2026-09-01 O129 정정] 종전 문안의 *「차원 자체는 채워져 있다」* 는 **이 컬럼에 대해 거짓이었다**(O51-F 도포본 · O96 이 재검증 대상으로 지목한 그 건이다). 원인이 **두 개**다: ① 팩트 FK 가 전건 센티넬(`FACT_AD_PERFORMANCE.AD_CREATIVE_SK`) ② **차원 컬럼 자체가 전건 NULL**(`GOLD.DIM_AD_CREATIVE.TARGET_GROUP`). ⇒ 🔴 **FK 를 고쳐도 이 축은 채워지지 않는다.** 사유 = 원천 트랙이 **GA4** 다(잠재고객=타겟그룹은 원천표기 GA → `GA4_USER` 정제 예정 · phase-2 미착수) ⇒ **대행사 축으로는 영구히 NULL** 이다. 정본 = 문서30 §7-C-1.,
WIDE_AD_PERFORMANCE,광고 성과 코어 팩트 평탄화,AD_PERF_DK (광고성과 코어 평탄화),WIDE,DEVICE_TYPE,기기 유형,VARCHAR,Y,,,DIM_DEVICE.DEVICE_TYPE — PC / M / (해당없음)방송 / (unknown),
WIDE_AD_PERFORMANCE,광고 성과 코어 팩트 평탄화,AD_PERF_DK (광고성과 코어 평탄화),WIDE,DEVICE_SCOPE_DESC,기기축 적용범위 자기설명(DEC-10),VARCHAR,Y,,,DIM_DEVICE.DEVICE_SCOPE_DESC — 기기축 적용범위 자기설명(DEC-10),
WIDE_BIGQUERY_BEHAVIOR,BigQuery 행동 팩트 평탄화,DATE_SK × IDENTITY × BIGQUERY_EVENT × BIGQUERY_SOURCE × DEVICE × CAMPAIGN × PAGE,WIDE,DATE_SK,행동 발생일 YYYYMMDD,"NUMBER(8,0)",N,,,행동 발생일 YYYYMMDD,
WIDE_BIGQUERY_BEHAVIOR,BigQuery 행동 팩트 평탄화,DATE_SK × IDENTITY × BIGQUERY_EVENT × BIGQUERY_SOURCE × DEVICE × CAMPAIGN × PAGE,WIDE,PAGE_PATH,페이지경로+쿼리,VARCHAR,N,,,페이지경로+쿼리 (#105),
WIDE_BIGQUERY_BEHAVIOR,BigQuery 행동 팩트 평탄화,DATE_SK × IDENTITY × BIGQUERY_EVENT × BIGQUERY_SOURCE × DEVICE × CAMPAIGN × PAGE,WIDE,PAGE_LOCATION,페이지위치(URL 전체),VARCHAR,Y,,,페이지위치(URL 전체),
WIDE_BIGQUERY_BEHAVIOR,BigQuery 행동 팩트 평탄화,DATE_SK × IDENTITY × BIGQUERY_EVENT × BIGQUERY_SOURCE × DEVICE × CAMPAIGN × PAGE,WIDE,VISITS,방문수,"NUMBER(38,0)",Y,,,방문수,
WIDE_BIGQUERY_BEHAVIOR,BigQuery 행동 팩트 평탄화,DATE_SK × IDENTITY × BIGQUERY_EVENT × BIGQUERY_SOURCE × DEVICE × CAMPAIGN × PAGE,WIDE,EVENT_CNT,이벤트수,"NUMBER(38,0)",Y,,,이벤트수,
WIDE_BIGQUERY_BEHAVIOR,BigQuery 행동 팩트 평탄화,DATE_SK × IDENTITY × BIGQUERY_EVENT × BIGQUERY_SOURCE × DEVICE × CAMPAIGN × PAGE,WIDE,VIEW_CNT,조회수,"NUMBER(38,0)",Y,,,조회수,
WIDE_BIGQUERY_BEHAVIOR,BigQuery 행동 팩트 평탄화,DATE_SK × IDENTITY × BIGQUERY_EVENT × BIGQUERY_SOURCE × DEVICE × CAMPAIGN × PAGE,WIDE,SESSION_CNT,세션수,"NUMBER(38,0)",Y,,,세션수,
WIDE_BIGQUERY_BEHAVIOR,BigQuery 행동 팩트 평탄화,DATE_SK × IDENTITY × BIGQUERY_EVENT × BIGQUERY_SOURCE × DEVICE × CAMPAIGN × PAGE,WIDE,ENGAGED_SESSIONS,참여세션수,"NUMBER(38,0)",Y,,,참여세션수,
WIDE_BIGQUERY_BEHAVIOR,BigQuery 행동 팩트 평탄화,DATE_SK × IDENTITY × BIGQUERY_EVENT × BIGQUERY_SOURCE × DEVICE × CAMPAIGN × PAGE,WIDE,SCROLL_DEPTH,스크롤깊이,"NUMBER(9,4)",Y,,,[비가산] 스크롤깊이 — 재합산 금지,
WIDE_BIGQUERY_BEHAVIOR,BigQuery 행동 팩트 평탄화,DATE_SK × IDENTITY × BIGQUERY_EVENT × BIGQUERY_SOURCE × DEVICE × CAMPAIGN × PAGE,WIDE,ACTIVE_USERS,활성사용자,"NUMBER(38,0)",Y,,,[비가산] 활성사용자 — 재합산 금지,
WIDE_BIGQUERY_BEHAVIOR,BigQuery 행동 팩트 평탄화,DATE_SK × IDENTITY × BIGQUERY_EVENT × BIGQUERY_SOURCE × DEVICE × CAMPAIGN × PAGE,WIDE,TOTAL_USERS,총사용자,"NUMBER(38,0)",Y,,,[비가산] 총사용자 — 재합산 금지,
WIDE_BIGQUERY_BEHAVIOR,BigQuery 행동 팩트 평탄화,DATE_SK × IDENTITY × BIGQUERY_EVENT × BIGQUERY_SOURCE × DEVICE × CAMPAIGN × PAGE,WIDE,AVG_SESSION_DURATION,평균세션시간,"NUMBER(9,4)",Y,,,[비가산] 평균세션시간 — 재합산 금지 (#98) 🔴🔴[O51-F 실측] **전건 NULL — 원천 자체가 비어 있다**(`BRONZE_BIGQUERY 세션 지표`). 결측이 아니라 **대행사가 항목을 보고하지 않는다**: 0 이나 '해당없음' 으로 대체 해석하지 말 것(P21). 필터 조건으로 쓰면 전건이 탈락한다. BigQuery 원천 적재 범위 자체가 좁다(G-5 하드블로커). 실측 규모는 이슈원장 §O51-F.,
WIDE_BIGQUERY_BEHAVIOR,BigQuery 행동 팩트 평탄화,DATE_SK × IDENTITY × BIGQUERY_EVENT × BIGQUERY_SOURCE × DEVICE × CAMPAIGN × PAGE,WIDE,BOUNCE_RATE,이탈율,"NUMBER(9,4)",Y,,,[비가산] 이탈율 — 재합산 금지 (#108) 🔴🔴[O51-F 실측] **전건 NULL — 원천 자체가 비어 있다**(`BRONZE_BIGQUERY 세션 지표`). 결측이 아니라 **대행사가 항목을 보고하지 않는다**: 0 이나 '해당없음' 으로 대체 해석하지 말 것(P21). 필터 조건으로 쓰면 전건이 탈락한다. BigQuery 원천 적재 범위 자체가 좁다(G-5 하드블로커). 실측 규모는 이슈원장 §O51-F.,
WIDE_BIGQUERY_BEHAVIOR,BigQuery 행동 팩트 평탄화,DATE_SK × IDENTITY × BIGQUERY_EVENT × BIGQUERY_SOURCE × DEVICE × CAMPAIGN × PAGE,WIDE,ENGAGEMENT_RATE,참여율,"NUMBER(9,4)",Y,,,[비가산] 참여율 — 재합산 금지,
WIDE_BIGQUERY_BEHAVIOR,BigQuery 행동 팩트 평탄화,DATE_SK × IDENTITY × BIGQUERY_EVENT × BIGQUERY_SOURCE × DEVICE × CAMPAIGN × PAGE,WIDE,AVG_ENGAGEMENT_TIME_PER_SESSION,세션당 평균참여시간,"NUMBER(9,4)",Y,,,[비가산] 세션당 평균참여시간 — 재합산 금지,
WIDE_BIGQUERY_BEHAVIOR,BigQuery 행동 팩트 평탄화,DATE_SK × IDENTITY × BIGQUERY_EVENT × BIGQUERY_SOURCE × DEVICE × CAMPAIGN × PAGE,WIDE,DW_SOURCE_SYSTEM,원천 시스템 식별,VARCHAR,N,,,원천 시스템 식별,공통감사
WIDE_BIGQUERY_BEHAVIOR,BigQuery 행동 팩트 평탄화,DATE_SK × IDENTITY × BIGQUERY_EVENT × BIGQUERY_SOURCE × DEVICE × CAMPAIGN × PAGE,WIDE,FULL_DATE,실제 일자,DATE,Y,,,DIM_DATE.FULL_DATE — 실제 일자,
WIDE_BIGQUERY_BEHAVIOR,BigQuery 행동 팩트 평탄화,DATE_SK × IDENTITY × BIGQUERY_EVENT × BIGQUERY_SOURCE × DEVICE × CAMPAIGN × PAGE,WIDE,YEAR,년  **단일값이다,"NUMBER(4,0)",Y,,,"DIM_DATE.YEAR — 년 🔴🔴[O51-F 실측] **단일값이다 — BigQuery 실적재가 한 해의 일부 구간뿐이다**(G-5 하드블로커). 연도별·계절별 추이를 이 뷰로 산출하면 **구간 하나를 전체로 오독**한다. ⇒ 기간 비교는 광고·회원 팩트로 하고, BigQuery 지표는 해당 구간 내부 분석에만 쓸 것. 실측 규모는 이슈원장 §O51-F.",
WIDE_BIGQUERY_BEHAVIOR,BigQuery 행동 팩트 평탄화,DATE_SK × IDENTITY × BIGQUERY_EVENT × BIGQUERY_SOURCE × DEVICE × CAMPAIGN × PAGE,WIDE,MONTH,월,"NUMBER(2,0)",Y,,,DIM_DATE.MONTH — 월,
WIDE_BIGQUERY_BEHAVIOR,BigQuery 행동 팩트 평탄화,DATE_SK × IDENTITY × BIGQUERY_EVENT × BIGQUERY_SOURCE × DEVICE × CAMPAIGN × PAGE,WIDE,DAY_OF_WEEK,요일,VARCHAR,Y,,,DIM_DATE.DAY_OF_WEEK — 요일,
WIDE_BIGQUERY_BEHAVIOR,BigQuery 행동 팩트 평탄화,DATE_SK × IDENTITY × BIGQUERY_EVENT × BIGQUERY_SOURCE × DEVICE × CAMPAIGN × PAGE,WIDE,WEEK_OF_YEAR,주차,"NUMBER(2,0)",Y,,,DIM_DATE.WEEK_OF_YEAR — 주차,
WIDE_BIGQUERY_BEHAVIOR,BigQuery 행동 팩트 평탄화,DATE_SK × IDENTITY × BIGQUERY_EVENT × BIGQUERY_SOURCE × DEVICE × CAMPAIGN × PAGE,WIDE,IS_HOLIDAY,휴일여부  **휴일축이 미주입이다,BOOLEAN,Y,,,"DIM_DATE.IS_HOLIDAY — 휴일여부 🔴🔴[O51-F 실측] **휴일축이 미주입이다 — 전건 `FALSE`.** `DIM_DATE.IS_HOLIDAY` 에 TRUE 가 하나도 없다. NULL 이 아니라 FALSE 라서 **집계가 성공한 것처럼 보이고**, 「휴일 대비 평일 성과」 질의가 **전건 평일**로 응답된다. ⇒ 이 컬럼으로 휴일 분석을 하지 말 것(기지 **HOL-1** — 공휴일 원천이 전 스키마에 없어 외부 입고 대기). 실측 규모는 이슈원장 §O51-F.",
WIDE_BIGQUERY_BEHAVIOR,BigQuery 행동 팩트 평탄화,DATE_SK × IDENTITY × BIGQUERY_EVENT × BIGQUERY_SOURCE × DEVICE × CAMPAIGN × PAGE,WIDE,IDENTITY_MEMBER_DK,불변 회원키,VARCHAR,Y,DK,,DIM_MEMBER_IDENTITY.MEMBER_DK — 불변 회원키,
WIDE_BIGQUERY_BEHAVIOR,BigQuery 행동 팩트 평탄화,DATE_SK × IDENTITY × BIGQUERY_EVENT × BIGQUERY_SOURCE × DEVICE × CAMPAIGN × PAGE,WIDE,IDENTITY_MEMBER_NO,회원번호,VARCHAR,Y,,,DIM_MEMBER_IDENTITY.MEMBER_NO — 회원번호 (#110),
WIDE_BIGQUERY_BEHAVIOR,BigQuery 행동 팩트 평탄화,DATE_SK × IDENTITY × BIGQUERY_EVENT × BIGQUERY_SOURCE × DEVICE × CAMPAIGN × PAGE,WIDE,IDENTITY_MEMNUM,memnum   **이 뷰에서 전건 NULL**,VARCHAR,Y,,,DIM_MEMBER_IDENTITY.MEMNUM — memnum (#111) 🔴🔴[O51-F 실측] **이 뷰에서 전건 NULL** — 원인은 차원이 아니라 **팩트 FK 가 전건 센티넬**이다: `FACT_BIGQUERY_BEHAVIOR.IDENTITY_SK` 의 실측값이 센티넬 하나뿐이다. ⇒ **이 축으로는 분해가 불가능하다.** 차원 자체는 채워져 있다. 🔴익명 세션이 다수라 회원번호가 붙지 않는다 — 회원 귀속 분석은 `IDENTITY_SK` 를 `DIM_MEMBER_IDENTITY` 브리지로 풀어야 하며 unknown 비중을 분모에서 제외할지 먼저 정할 것(O49). 실측 규모는 이슈원장 §O51-F.,
WIDE_BIGQUERY_BEHAVIOR,BigQuery 행동 팩트 평탄화,DATE_SK × IDENTITY × BIGQUERY_EVENT × BIGQUERY_SOURCE × DEVICE × CAMPAIGN × PAGE,WIDE,IDENTITY_BIGQUERY_MEMBER_ID,BigQuery member_id,VARCHAR,Y,,,DIM_MEMBER_IDENTITY.BIGQUERY_MEMBER_ID — BigQuery member_id (#112),
WIDE_BIGQUERY_BEHAVIOR,BigQuery 행동 팩트 평탄화,DATE_SK × IDENTITY × BIGQUERY_EVENT × BIGQUERY_SOURCE × DEVICE × CAMPAIGN × PAGE,WIDE,BIGQUERY_EVENT_CATEGORY,BigQuery 이벤트 카테고리,VARCHAR,Y,,,DIM_BIGQUERY_EVENT.EVENT_CATEGORY — 이벤트 카테고리 (#99),
WIDE_BIGQUERY_BEHAVIOR,BigQuery 행동 팩트 평탄화,DATE_SK × IDENTITY × BIGQUERY_EVENT × BIGQUERY_SOURCE × DEVICE × CAMPAIGN × PAGE,WIDE,BIGQUERY_EVENT_LABEL,BigQuery 이벤트 라벨,VARCHAR,Y,,,DIM_BIGQUERY_EVENT.EVENT_LABEL — 이벤트 라벨 (#100),
WIDE_BIGQUERY_BEHAVIOR,BigQuery 행동 팩트 평탄화,DATE_SK × IDENTITY × BIGQUERY_EVENT × BIGQUERY_SOURCE × DEVICE × CAMPAIGN × PAGE,WIDE,BIGQUERY_EVENT_ACTION,BigQuery 이벤트 액션,VARCHAR,Y,,,DIM_BIGQUERY_EVENT.EVENT_ACTION — 이벤트 액션 (#101),
WIDE_BIGQUERY_BEHAVIOR,BigQuery 행동 팩트 평탄화,DATE_SK × IDENTITY × BIGQUERY_EVENT × BIGQUERY_SOURCE × DEVICE × CAMPAIGN × PAGE,WIDE,BIGQUERY_UTM_SOURCE,BigQuery UTM 소스,VARCHAR,Y,,,DIM_BIGQUERY_SOURCE.UTM_SOURCE — source,
WIDE_BIGQUERY_BEHAVIOR,BigQuery 행동 팩트 평탄화,DATE_SK × IDENTITY × BIGQUERY_EVENT × BIGQUERY_SOURCE × DEVICE × CAMPAIGN × PAGE,WIDE,BIGQUERY_UTM_MEDIUM,BigQuery UTM 매체,VARCHAR,Y,,,DIM_BIGQUERY_SOURCE.UTM_MEDIUM — medium,
WIDE_BIGQUERY_BEHAVIOR,BigQuery 행동 팩트 평탄화,DATE_SK × IDENTITY × BIGQUERY_EVENT × BIGQUERY_SOURCE × DEVICE × CAMPAIGN × PAGE,WIDE,BIGQUERY_UTM_CONTENT,BigQuery UTM 콘텐츠,VARCHAR,Y,,,DIM_BIGQUERY_SOURCE.UTM_CONTENT — 세션 수동 광고 콘텐츠 (#103),
WIDE_BIGQUERY_BEHAVIOR,BigQuery 행동 팩트 평탄화,DATE_SK × IDENTITY × BIGQUERY_EVENT × BIGQUERY_SOURCE × DEVICE × CAMPAIGN × PAGE,WIDE,BIGQUERY_UTM_TERM,BigQuery UTM 검색어,VARCHAR,Y,,,DIM_BIGQUERY_SOURCE.UTM_TERM — 세션 수동 검색어 (#104),
WIDE_BIGQUERY_BEHAVIOR,BigQuery 행동 팩트 평탄화,DATE_SK × IDENTITY × BIGQUERY_EVENT × BIGQUERY_SOURCE × DEVICE × CAMPAIGN × PAGE,WIDE,BIGQUERY_SOURCE_MEDIUM,BigQuery 소스/매체,VARCHAR,Y,,,DIM_BIGQUERY_SOURCE.SOURCE_MEDIUM — 세션 소스/매체 (#109),
WIDE_BIGQUERY_BEHAVIOR,BigQuery 행동 팩트 평탄화,DATE_SK × IDENTITY × BIGQUERY_EVENT × BIGQUERY_SOURCE × DEVICE × CAMPAIGN × PAGE,WIDE,DEVICE_TYPE,기기 유형,VARCHAR,Y,,,DIM_DEVICE.DEVICE_TYPE — PC / M / APP,
WIDE_BIGQUERY_BEHAVIOR,BigQuery 행동 팩트 평탄화,DATE_SK × IDENTITY × BIGQUERY_EVENT × BIGQUERY_SOURCE × DEVICE × CAMPAIGN × PAGE,WIDE,CAMPAIGN_BK,캠페인 업무키  **전건 `'(미매핑)'` 센티넬**,VARCHAR,Y,BK,,DIM_CAMPAIGN.CAMPAIGN_BK — 캠페인 업무키 🔴🔴[O51-F 실측] **전건 `'(미매핑)'` 센티넬** — NULL 이 아니라 **문자열**이라 GROUP BY 하면 단일 그룹이 생겨 **집계에 성공한 것처럼 보인다.** 원인 = `FACT_BIGQUERY_BEHAVIOR.CAMPAIGN_SK` 의 실측값이 센티넬 하나뿐이다. ⇒ 이 컬럼으로 분해를 시도하지 말 것 — 「캠페인별」·「부서별」 요구에 **조용히 총계 1행**이 돌아온다. 실측 규모는 이슈원장 §O51-F.,
WIDE_BIGQUERY_BEHAVIOR,BigQuery 행동 팩트 평탄화,DATE_SK × IDENTITY × BIGQUERY_EVENT × BIGQUERY_SOURCE × DEVICE × CAMPAIGN × PAGE,WIDE,CAMPAIGN_BRAND,공통브랜드   **이 뷰에서 전건 NULL**,VARCHAR,Y,,,DIM_CAMPAIGN.BRAND — 공통브랜드 (#117) 🔴🔴[O51-F 실측] **이 뷰에서 전건 NULL** — 원인은 차원이 아니라 **팩트 FK 가 전건 센티넬**이다: `FACT_BIGQUERY_BEHAVIOR.CAMPAIGN_SK` 의 실측값이 센티넬 하나뿐이다. ⇒ **이 축으로는 분해가 불가능하다.** 차원 자체는 채워져 있다. 실측 규모는 이슈원장 §O51-F.,
WIDE_BIGQUERY_BEHAVIOR,BigQuery 행동 팩트 평탄화,DATE_SK × IDENTITY × BIGQUERY_EVENT × BIGQUERY_SOURCE × DEVICE × CAMPAIGN × PAGE,WIDE,CAMPAIGN_NAME,캠페인명   **전건 `'(미매핑)'` 센티넬**,VARCHAR,Y,,,DIM_CAMPAIGN.CAMPAIGN_NAME — 캠페인명 (#120) 🔴🔴[O51-F 실측] **전건 `'(미매핑)'` 센티넬** — NULL 이 아니라 **문자열**이라 GROUP BY 하면 단일 그룹이 생겨 **집계에 성공한 것처럼 보인다.** 원인 = `FACT_BIGQUERY_BEHAVIOR.CAMPAIGN_SK` 의 실측값이 센티넬 하나뿐이다. ⇒ 이 컬럼으로 분해를 시도하지 말 것 — 「캠페인별」·「부서별」 요구에 **조용히 총계 1행**이 돌아온다. 실측 규모는 이슈원장 §O51-F.,
WIDE_BUDGET,예산 팩트 평탄화,MONTH_KEY × ORG × BUDGET_ITEM,WIDE,MONTH_KEY,예산월 YYYYMM,"NUMBER(6,0)",N,,,예산월 YYYYMM,
WIDE_BUDGET,예산 팩트 평탄화,MONTH_KEY × ORG × BUDGET_ITEM,WIDE,CAL_YEAR,FLOOR(MONTH_KEY/100),"NUMBER(13,0)",Y,,,FLOOR(MONTH_KEY/100) — 연도,
WIDE_BUDGET,예산 팩트 평탄화,MONTH_KEY × ORG × BUDGET_ITEM,WIDE,CAL_MONTH,"MOD(MONTH_KEY,100)","NUMBER(6,0)",Y,,,"MOD(MONTH_KEY,100) — 월",
WIDE_BUDGET,예산 팩트 평탄화,MONTH_KEY × ORG × BUDGET_ITEM,WIDE,PLAN_BUDGET_MONTH,"편성예산(월, 원)","NUMBER(18,2)",Y,,,"편성예산(월, 원). 🔴🔴 **[2026-08-29 O114-B] 이 컬럼을 12개월 합산해도 `FACT_BUDGET_YEARLY.PLAN_BUDGET_YEAR` 와 일치하지 않는다** — 원천 원장의 **월 배분이 부분적**이어서 연 총액의 상당 부분이 월 컬럼에 배분되지 않는다(원천 특성 · 모델 결함 아님 · 실측 규모는 이슈원장·이력 소관 `R2-6`). ⇒ 🔴 **「편성예산」을 답할 때 월·연 중 어느 축인지 밝혀라** — 밝히지 않으면 두 답이 갈린다. 🟢 대비: **집행은 연=월 정합**이다(`EXEC_BUDGET_ERP` 월합 = `FACT_BUDGET_YEARLY.EXEC_BUDGET_YEAR`). 🔴🔴 **또한 이 값은 예산 편성 차수(본예산 `연사업` / `추가경정`)가 합산된 값이다** — 원천이 신설한 `BDGT_PRCD_NM` 이 `BUDGET_ITEM_DK` 산식에 없어 두 차수가 같은 과목 키로 붕괴한다 ⇒ **차수별 분해는 현재 불가능**하다(처방 = `99_NEXT §0-UUU ▣UUU6` · `DEC-44`).",
WIDE_BUDGET,예산 팩트 평탄화,MONTH_KEY × ORG × BUDGET_ITEM,WIDE,EXEC_BUDGET_ERP,"집행예산(ERP 월, 원)","NUMBER(18,2)",Y,,,"집행예산(ERP 월, 원)",
WIDE_BUDGET,예산 팩트 평탄화,MONTH_KEY × ORG × BUDGET_ITEM,WIDE,EXEC_BUDGET_EST,"집행예산(추정, 원)  **전건 NULL","NUMBER(18,2)",Y,,,"집행예산(추정, 원) 🔴🔴[O51-F 실측] **전건 NULL — 원천 자체가 비어 있다**(`ERP 집행 추정 원천`). 결측이 아니라 **대행사가 항목을 보고하지 않는다**: 0 이나 '해당없음' 으로 대체 해석하지 말 것(P21). 필터 조건으로 쓰면 전건이 탈락한다. 🔴외부 원천 미입고(E-1/E-4 하드블로커). 실측 규모는 이슈원장 §O51-F.",
WIDE_BUDGET,예산 팩트 평탄화,MONTH_KEY × ORG × BUDGET_ITEM,WIDE,FUNDRAISING_COST,모금성비용(원)  **전건 NULL,"NUMBER(18,2)",Y,,,모금성비용(원) 🔴🔴[O51-F 실측] **전건 NULL — 원천 자체가 비어 있다**(`ERP 모금성비용 원천`). 결측이 아니라 **대행사가 항목을 보고하지 않는다**: 0 이나 '해당없음' 으로 대체 해석하지 말 것(P21). 필터 조건으로 쓰면 전건이 탈락한다. 🔴외부 원천 미입고(**E-1** 하드블로커) — 모금성비용은 원천 확정 대기다. 실측 규모는 이슈원장 §O51-F.,
WIDE_BUDGET,예산 팩트 평탄화,MONTH_KEY × ORG × BUDGET_ITEM,WIDE,AD_COST,광고비(원)  **전건 NULL,"NUMBER(18,2)",Y,,,광고비(원) 🔴🔴[O51-F 실측] **전건 NULL — 원천 자체가 비어 있다**(`ERP 예산 원장의 광고비 컬럼`). 결측이 아니라 **대행사가 항목을 보고하지 않는다**: 0 이나 '해당없음' 으로 대체 해석하지 말 것(P21). 필터 조건으로 쓰면 전건이 탈락한다. 🔴예산 원장에는 광고비 항목이 없다(**E-4**) — 광고비는 대행사 원천(`WIDE_AD_PERFORMANCE`)에서 가져오며 **예산과 같은 표에 합산하지 말 것**(원천이 다르다 · 순서9-K 표 분리 근거). 실측 규모는 이슈원장 §O51-F.,
WIDE_BUDGET,예산 팩트 평탄화,MONTH_KEY × ORG × BUDGET_ITEM,WIDE,DW_SOURCE_SYSTEM,원천 시스템 식별,VARCHAR,N,,,원천 시스템 식별,공통감사
WIDE_BUDGET,예산 팩트 평탄화,MONTH_KEY × ORG × BUDGET_ITEM,WIDE,ORG_CORP,법인,VARCHAR,Y,,,DIM_ORG.CORP — 법인 (#114). 🔴DIM_ORG 는 **SCD1**(DEC-2)이라 as-was 가 아니다 — 조직 개편 시 과거 사건에도 **현재 조직명**이 붙는다(조직 변경이력 원천·as-was 요구가 없어 SCD1 로 확정). 🔴🔴[O51-F 실측] **전건 NULL** — 원인은 팩트가 아니라 **차원 컬럼 자체가 비어 있다**: `DIM_ORG.CORP`. `DIM_ORG` 는 DEPARTMENT 만 채워져 있고 상위 계층 유도 규칙이 미확정이다(CONF-4). 실측 규모는 이슈원장 §O51-F.,
WIDE_BUDGET,예산 팩트 평탄화,MONTH_KEY × ORG × BUDGET_ITEM,WIDE,ORG_DIVISION,본부/지부,VARCHAR,Y,,,DIM_ORG.DIVISION — 본부/지부 (#115). 🔴SCD1(DEC-2) — current-value 이며 as-was 가 아니다. 🔴🔴[O51-F 실측] **전건 NULL** — 원인은 팩트가 아니라 **차원 컬럼 자체가 비어 있다**: `DIM_ORG.DIVISION`. `DIM_ORG` 는 DEPARTMENT 만 채워져 있고 상위 계층 유도 규칙이 미확정이다(CONF-4). 실측 규모는 이슈원장 §O51-F.,
WIDE_BUDGET,예산 팩트 평탄화,MONTH_KEY × ORG × BUDGET_ITEM,WIDE,ORG_DEPARTMENT,부서,VARCHAR,Y,,,DIM_ORG.DEPARTMENT — 부서 (#116). 🔴SCD1(DEC-2) — current-value 이며 as-was 가 아니다. 🔴🔴「부서」는 축이 둘이다 — 이 컬럼은 **사건 부서**이고 획득 부서는 DIM_MEMBER_ACQUISITION.ACQ_DEPARTMENT 다(O34). 🔴🔴[O51-F 실측] **전건 `'(미매핑)'` 센티넬** — NULL 이 아니라 **문자열**이라 GROUP BY 하면 단일 그룹이 생겨 **집계에 성공한 것처럼 보인다.** 원인 = `FACT_BUDGET.ORG_SK` 의 실측값이 센티넬 하나뿐이다. ⇒ 이 컬럼으로 분해를 시도하지 말 것 — 「캠페인별」·「부서별」 요구에 **조용히 총계 1행**이 돌아온다. 🔴🔴예산 원장은 **부서별 분해가 현재 불가능**하다 — 「부서별 예산·집행」 요구에 총계 1행이 돌아온다. 실측 규모는 이슈원장 §O51-F.,
WIDE_BUDGET,예산 팩트 평탄화,MONTH_KEY × ORG × BUDGET_ITEM,WIDE,ORG_TEAM,팀,VARCHAR,Y,,,DIM_ORG.TEAM — 팀. 🔴SCD1(DEC-2) — current-value 이며 as-was 가 아니다. 🔴🔴[O51-F 실측] **전건 NULL** — 원인은 팩트가 아니라 **차원 컬럼 자체가 비어 있다**: `DIM_ORG.TEAM`. `DIM_ORG` 는 DEPARTMENT 만 채워져 있고 상위 계층 유도 규칙이 미확정이다(CONF-4). 실측 규모는 이슈원장 §O51-F.,
WIDE_BUDGET,예산 팩트 평탄화,MONTH_KEY × ORG × BUDGET_ITEM,WIDE,BUDGET_ITEM_NAME,세세목명,VARCHAR,Y,,,DIM_BUDGET_ITEM.BUDGET_ITEM_NAME — 세세목명,
WIDE_BUDGET,예산 팩트 평탄화,MONTH_KEY × ORG × BUDGET_ITEM,WIDE,BUDGET_CATEGORY,예산구분,VARCHAR,Y,,,DIM_BUDGET_ITEM.BUDGET_CATEGORY — 예산구분,
WIDE_BUDGET,예산 팩트 평탄화,MONTH_KEY × ORG × BUDGET_ITEM,WIDE,CAMPAIGN_BK,캠페인 업무키  **전건 `'(미매핑)'` 센티넬**,VARCHAR,Y,BK,,DIM_CAMPAIGN.CAMPAIGN_BK — 캠페인 업무키 🔴🔴[O51-F 실측] **전건 `'(미매핑)'` 센티넬** — NULL 이 아니라 **문자열**이라 GROUP BY 하면 단일 그룹이 생겨 **집계에 성공한 것처럼 보인다.** 원인 = `FACT_BUDGET.CAMPAIGN_SK` 의 실측값이 센티넬 하나뿐이다. ⇒ 이 컬럼으로 분해를 시도하지 말 것 — 「캠페인별」·「부서별」 요구에 **조용히 총계 1행**이 돌아온다. 실측 규모는 이슈원장 §O51-F.,
WIDE_BUDGET,예산 팩트 평탄화,MONTH_KEY × ORG × BUDGET_ITEM,WIDE,CAMPAIGN_BRAND,공통브랜드   **이 뷰에서 전건 NULL**,VARCHAR,Y,,,DIM_CAMPAIGN.BRAND — 공통브랜드 (#117) 🔴🔴[O51-F 실측] **이 뷰에서 전건 NULL** — 원인은 차원이 아니라 **팩트 FK 가 전건 센티넬**이다: `FACT_BUDGET.CAMPAIGN_SK` 의 실측값이 센티넬 하나뿐이다. ⇒ **이 축으로는 분해가 불가능하다.** 차원 자체는 채워져 있다. 실측 규모는 이슈원장 §O51-F.,
WIDE_BUDGET,예산 팩트 평탄화,MONTH_KEY × ORG × BUDGET_ITEM,WIDE,CAMPAIGN_NAME,캠페인명   **전건 `'(미매핑)'` 센티넬**,VARCHAR,Y,,,DIM_CAMPAIGN.CAMPAIGN_NAME — 캠페인명 (#120) 🔴🔴[O51-F 실측] **전건 `'(미매핑)'` 센티넬** — NULL 이 아니라 **문자열**이라 GROUP BY 하면 단일 그룹이 생겨 **집계에 성공한 것처럼 보인다.** 원인 = `FACT_BUDGET.CAMPAIGN_SK` 의 실측값이 센티넬 하나뿐이다. ⇒ 이 컬럼으로 분해를 시도하지 말 것 — 「캠페인별」·「부서별」 요구에 **조용히 총계 1행**이 돌아온다. 실측 규모는 이슈원장 §O51-F.,
WIDE_BUDGET,예산 팩트 평탄화,MONTH_KEY × ORG × BUDGET_ITEM,WIDE,SPONSORSHIP_BK,후원사업 업무키  **이 뷰에서 전건 NULL**,VARCHAR,Y,BK,,DIM_SPONSORSHIP.SPONSORSHIP_BK — 후원사업 업무키 🔴🔴[O51-F 실측] **이 뷰에서 전건 NULL** — 원인은 차원이 아니라 **팩트 FK 가 전건 센티넬**이다: `FACT_BUDGET.SPONSORSHIP_SK` 의 실측값이 센티넬 하나뿐이다. ⇒ **이 축으로는 분해가 불가능하다.** 차원 자체는 채워져 있다. 실측 규모는 이슈원장 §O51-F.,
WIDE_BUDGET,예산 팩트 평탄화,MONTH_KEY × ORG × BUDGET_ITEM,WIDE,SPONSORSHIP_NAME,후원사업 전체   **이 뷰에서 전건 NULL**,VARCHAR,Y,,,DIM_SPONSORSHIP.SPONSORSHIP_NAME — 후원사업 전체 (#123) 🔴🔴[O51-F 실측] **이 뷰에서 전건 NULL** — 원인은 차원이 아니라 **팩트 FK 가 전건 센티넬**이다: `FACT_BUDGET.SPONSORSHIP_SK` 의 실측값이 센티넬 하나뿐이다. ⇒ **이 축으로는 분해가 불가능하다.** 차원 자체는 채워져 있다. 실측 규모는 이슈원장 §O51-F.,
WIDE_TARGET_BIZ,사업목표 팩트 평탄화,MONTH_KEY × ORG × SPONSORSHIP,WIDE,MONTH_KEY,목표월 YYYYMM  **본 뷰는 현재 0행이다**(E-6 외부 원천 미입고),"NUMBER(6,0)",N,,,목표월 YYYYMM 🔴[O51-F 실측] **본 뷰는 현재 0행이다**(E-6 외부 원천 미입고) — 이 컬럼이 비어 있는 것은 컬럼 결함이 아니라 **뷰 전체에 행이 없어서**다. 입고되면 자동으로 채워진다. ⚠️0행 뷰는 집계가 NULL·0 을 반환하므로 「값이 0이다」로 오독하지 말 것. 실측 규모는 이슈원장 §O51-F.,
WIDE_TARGET_BIZ,사업목표 팩트 평탄화,MONTH_KEY × ORG × SPONSORSHIP,WIDE,CAL_YEAR,FLOOR(MONTH_KEY/100),"NUMBER(13,0)",Y,,,FLOOR(MONTH_KEY/100) — 연도 🔴[O51-F 실측] **본 뷰는 현재 0행이다**(E-6 외부 원천 미입고) — 이 컬럼이 비어 있는 것은 컬럼 결함이 아니라 **뷰 전체에 행이 없어서**다. 입고되면 자동으로 채워진다. ⚠️0행 뷰는 집계가 NULL·0 을 반환하므로 「값이 0이다」로 오독하지 말 것. 실측 규모는 이슈원장 §O51-F.,
WIDE_TARGET_BIZ,사업목표 팩트 평탄화,MONTH_KEY × ORG × SPONSORSHIP,WIDE,CAL_MONTH,"MOD(MONTH_KEY,100)","NUMBER(6,0)",Y,,,"MOD(MONTH_KEY,100) — 월 🔴[O51-F 실측] **본 뷰는 현재 0행이다**(E-6 외부 원천 미입고) — 이 컬럼이 비어 있는 것은 컬럼 결함이 아니라 **뷰 전체에 행이 없어서**다. 입고되면 자동으로 채워진다. ⚠️0행 뷰는 집계가 NULL·0 을 반환하므로 「값이 0이다」로 오독하지 말 것. 실측 규모는 이슈원장 §O51-F.",
WIDE_TARGET_BIZ,사업목표 팩트 평탄화,MONTH_KEY × ORG × SPONSORSHIP,WIDE,ANNUAL_GOAL_CNT,연사업목표(건)   **본 뷰는 현재 0행이다**(E-6 외부 원천 미입고),"NUMBER(18,4)",Y,,,연사업목표(건) (#152) 🔴[O51-F 실측] **본 뷰는 현재 0행이다**(E-6 외부 원천 미입고) — 이 컬럼이 비어 있는 것은 컬럼 결함이 아니라 **뷰 전체에 행이 없어서**다. 입고되면 자동으로 채워진다. ⚠️0행 뷰는 집계가 NULL·0 을 반환하므로 「값이 0이다」로 오독하지 말 것. 실측 규모는 이슈원장 §O51-F.,
WIDE_TARGET_BIZ,사업목표 팩트 평탄화,MONTH_KEY × ORG × SPONSORSHIP,WIDE,SUPP_GOAL_CNT,추경목표(건)   **본 뷰는 현재 0행이다**(E-6 외부 원천 미입고),"NUMBER(18,4)",Y,,,추경목표(건) (#153) 🔴[O51-F 실측] **본 뷰는 현재 0행이다**(E-6 외부 원천 미입고) — 이 컬럼이 비어 있는 것은 컬럼 결함이 아니라 **뷰 전체에 행이 없어서**다. 입고되면 자동으로 채워진다. ⚠️0행 뷰는 집계가 NULL·0 을 반환하므로 「값이 0이다」로 오독하지 말 것. 실측 규모는 이슈원장 §O51-F.,
WIDE_TARGET_BIZ,사업목표 팩트 평탄화,MONTH_KEY × ORG × SPONSORSHIP,WIDE,ANNUAL_CUM_GOAL_CNT,연사업누계목표(건)   **본 뷰는 현재 0행이다**(E-6 외부 원천 미입고),"NUMBER(18,4)",Y,,,연사업누계목표(건) (#154) 🔴[O51-F 실측] **본 뷰는 현재 0행이다**(E-6 외부 원천 미입고) — 이 컬럼이 비어 있는 것은 컬럼 결함이 아니라 **뷰 전체에 행이 없어서**다. 입고되면 자동으로 채워진다. ⚠️0행 뷰는 집계가 NULL·0 을 반환하므로 「값이 0이다」로 오독하지 말 것. 실측 규모는 이슈원장 §O51-F.,
WIDE_TARGET_BIZ,사업목표 팩트 평탄화,MONTH_KEY × ORG × SPONSORSHIP,WIDE,SUPP_CUM_GOAL_CNT,추경누계목표(건)   **본 뷰는 현재 0행이다**(E-6 외부 원천 미입고),"NUMBER(18,4)",Y,,,추경누계목표(건) (#155) 🔴[O51-F 실측] **본 뷰는 현재 0행이다**(E-6 외부 원천 미입고) — 이 컬럼이 비어 있는 것은 컬럼 결함이 아니라 **뷰 전체에 행이 없어서**다. 입고되면 자동으로 채워진다. ⚠️0행 뷰는 집계가 NULL·0 을 반환하므로 「값이 0이다」로 오독하지 말 것. 실측 규모는 이슈원장 §O51-F.,
WIDE_TARGET_BIZ,사업목표 팩트 평탄화,MONTH_KEY × ORG × SPONSORSHIP,WIDE,DW_SOURCE_SYSTEM,원천 시스템 식별,VARCHAR,N,,,원천 시스템 식별 🔴[O51-F 실측] **본 뷰는 현재 0행이다**(E-6 외부 원천 미입고) — 이 컬럼이 비어 있는 것은 컬럼 결함이 아니라 **뷰 전체에 행이 없어서**다. 입고되면 자동으로 채워진다. ⚠️0행 뷰는 집계가 NULL·0 을 반환하므로 「값이 0이다」로 오독하지 말 것. 실측 규모는 이슈원장 §O51-F.,공통감사
WIDE_TARGET_BIZ,사업목표 팩트 평탄화,MONTH_KEY × ORG × SPONSORSHIP,WIDE,ORG_CORP,법인,VARCHAR,Y,,,DIM_ORG.CORP — 법인 (#114). 🔴DIM_ORG 는 **SCD1**(DEC-2)이라 as-was 가 아니다 — 조직 개편 시 과거 사건에도 **현재 조직명**이 붙는다(조직 변경이력 원천·as-was 요구가 없어 SCD1 로 확정). 🔴[O51-F 실측] **본 뷰는 현재 0행이다**(E-6 외부 원천 미입고) — 이 컬럼이 비어 있는 것은 컬럼 결함이 아니라 **뷰 전체에 행이 없어서**다. 입고되면 자동으로 채워진다. ⚠️0행 뷰는 집계가 NULL·0 을 반환하므로 「값이 0이다」로 오독하지 말 것. 실측 규모는 이슈원장 §O51-F.,
WIDE_TARGET_BIZ,사업목표 팩트 평탄화,MONTH_KEY × ORG × SPONSORSHIP,WIDE,ORG_DIVISION,본부/지부,VARCHAR,Y,,,DIM_ORG.DIVISION — 본부/지부 (#115). 🔴SCD1(DEC-2) — current-value 이며 as-was 가 아니다. 🔴[O51-F 실측] **본 뷰는 현재 0행이다**(E-6 외부 원천 미입고) — 이 컬럼이 비어 있는 것은 컬럼 결함이 아니라 **뷰 전체에 행이 없어서**다. 입고되면 자동으로 채워진다. ⚠️0행 뷰는 집계가 NULL·0 을 반환하므로 「값이 0이다」로 오독하지 말 것. 실측 규모는 이슈원장 §O51-F.,
WIDE_TARGET_BIZ,사업목표 팩트 평탄화,MONTH_KEY × ORG × SPONSORSHIP,WIDE,ORG_DEPARTMENT,부서,VARCHAR,Y,,,DIM_ORG.DEPARTMENT — 부서 (#116). 🔴SCD1(DEC-2) — current-value 이며 as-was 가 아니다. 🔴🔴「부서」는 축이 둘이다 — 이 컬럼은 **사건 부서**이고 획득 부서는 DIM_MEMBER_ACQUISITION.ACQ_DEPARTMENT 다(O34). 🔴[O51-F 실측] **본 뷰는 현재 0행이다**(E-6 외부 원천 미입고) — 이 컬럼이 비어 있는 것은 컬럼 결함이 아니라 **뷰 전체에 행이 없어서**다. 입고되면 자동으로 채워진다. ⚠️0행 뷰는 집계가 NULL·0 을 반환하므로 「값이 0이다」로 오독하지 말 것. 실측 규모는 이슈원장 §O51-F.,
WIDE_TARGET_BIZ,사업목표 팩트 평탄화,MONTH_KEY × ORG × SPONSORSHIP,WIDE,ORG_TEAM,팀,VARCHAR,Y,,,DIM_ORG.TEAM — 팀. 🔴SCD1(DEC-2) — current-value 이며 as-was 가 아니다. 🔴[O51-F 실측] **본 뷰는 현재 0행이다**(E-6 외부 원천 미입고) — 이 컬럼이 비어 있는 것은 컬럼 결함이 아니라 **뷰 전체에 행이 없어서**다. 입고되면 자동으로 채워진다. ⚠️0행 뷰는 집계가 NULL·0 을 반환하므로 「값이 0이다」로 오독하지 말 것. 실측 규모는 이슈원장 §O51-F.,
WIDE_TARGET_BIZ,사업목표 팩트 평탄화,MONTH_KEY × ORG × SPONSORSHIP,WIDE,SPONSORSHIP_BK,후원사업 업무키  **본 뷰는 현재 0행이다**(E-6 외부 원천 미입고),VARCHAR,Y,BK,,DIM_SPONSORSHIP.SPONSORSHIP_BK — 후원사업 업무키 🔴[O51-F 실측] **본 뷰는 현재 0행이다**(E-6 외부 원천 미입고) — 이 컬럼이 비어 있는 것은 컬럼 결함이 아니라 **뷰 전체에 행이 없어서**다. 입고되면 자동으로 채워진다. ⚠️0행 뷰는 집계가 NULL·0 을 반환하므로 「값이 0이다」로 오독하지 말 것. 실측 규모는 이슈원장 §O51-F.,
WIDE_TARGET_BIZ,사업목표 팩트 평탄화,MONTH_KEY × ORG × SPONSORSHIP,WIDE,SPONSORSHIP_NAME,후원사업 전체   **본 뷰는 현재 0행이다**(E-6 외부 원천 미입고),VARCHAR,Y,,,DIM_SPONSORSHIP.SPONSORSHIP_NAME — 후원사업 전체 (#123) 🔴[O51-F 실측] **본 뷰는 현재 0행이다**(E-6 외부 원천 미입고) — 이 컬럼이 비어 있는 것은 컬럼 결함이 아니라 **뷰 전체에 행이 없어서**다. 입고되면 자동으로 채워진다. ⚠️0행 뷰는 집계가 NULL·0 을 반환하므로 「값이 0이다」로 오독하지 말 것. 실측 규모는 이슈원장 §O51-F.,
WIDE_TARGET_BIZ,사업목표 팩트 평탄화,MONTH_KEY × ORG × SPONSORSHIP,WIDE,CAMPAIGN_BK,캠페인 업무키  **본 뷰는 현재 0행이다**(E-6 외부 원천 미입고),VARCHAR,Y,BK,,DIM_CAMPAIGN.CAMPAIGN_BK — 캠페인 업무키 🔴[O51-F 실측] **본 뷰는 현재 0행이다**(E-6 외부 원천 미입고) — 이 컬럼이 비어 있는 것은 컬럼 결함이 아니라 **뷰 전체에 행이 없어서**다. 입고되면 자동으로 채워진다. ⚠️0행 뷰는 집계가 NULL·0 을 반환하므로 「값이 0이다」로 오독하지 말 것. 실측 규모는 이슈원장 §O51-F.,
WIDE_TARGET_BIZ,사업목표 팩트 평탄화,MONTH_KEY × ORG × SPONSORSHIP,WIDE,CAMPAIGN_BRAND,공통브랜드   **본 뷰는 현재 0행이다**(E-6 외부 원천 미입고),VARCHAR,Y,,,DIM_CAMPAIGN.BRAND — 공통브랜드 (#117) 🔴[O51-F 실측] **본 뷰는 현재 0행이다**(E-6 외부 원천 미입고) — 이 컬럼이 비어 있는 것은 컬럼 결함이 아니라 **뷰 전체에 행이 없어서**다. 입고되면 자동으로 채워진다. ⚠️0행 뷰는 집계가 NULL·0 을 반환하므로 「값이 0이다」로 오독하지 말 것. 실측 규모는 이슈원장 §O51-F.,
WIDE_TARGET_BIZ,사업목표 팩트 평탄화,MONTH_KEY × ORG × SPONSORSHIP,WIDE,CAMPAIGN_NAME,캠페인명   **본 뷰는 현재 0행이다**(E-6 외부 원천 미입고),VARCHAR,Y,,,DIM_CAMPAIGN.CAMPAIGN_NAME — 캠페인명 (#120) 🔴[O51-F 실측] **본 뷰는 현재 0행이다**(E-6 외부 원천 미입고) — 이 컬럼이 비어 있는 것은 컬럼 결함이 아니라 **뷰 전체에 행이 없어서**다. 입고되면 자동으로 채워진다. ⚠️0행 뷰는 집계가 NULL·0 을 반환하므로 「값이 0이다」로 오독하지 말 것. 실측 규모는 이슈원장 §O51-F.,
WIDE_TARGET_DEV,회원개발 목표 팩트 평탄화,MONTH_KEY × ORG × DEV_TYPE,WIDE,MONTH_KEY,목표월 YYYYMM,"NUMBER(6,0)",N,,,목표월 YYYYMM,
WIDE_TARGET_DEV,회원개발 목표 팩트 평탄화,MONTH_KEY × ORG × DEV_TYPE,WIDE,CAL_YEAR,FLOOR(MONTH_KEY/100),"NUMBER(13,0)",Y,,,FLOOR(MONTH_KEY/100) — 연도,
WIDE_TARGET_DEV,회원개발 목표 팩트 평탄화,MONTH_KEY × ORG × DEV_TYPE,WIDE,CAL_MONTH,"MOD(MONTH_KEY,100)","NUMBER(6,0)",Y,,,"MOD(MONTH_KEY,100) — 월",
WIDE_TARGET_DEV,회원개발 목표 팩트 평탄화,MONTH_KEY × ORG × DEV_TYPE,WIDE,DEV_TYPE,개발구분 (conform),VARCHAR,N,,,개발구분 (#121 conform),
WIDE_TARGET_DEV,회원개발 목표 팩트 평탄화,MONTH_KEY × ORG × DEV_TYPE,WIDE,GOAL_CNT,회원개발목표(건) (CRM TM_CM_MBER_DVLP_GOAL),"NUMBER(18,4)",Y,,,회원개발목표(건) (CRM TM_CM_MBER_DVLP_GOAL),
WIDE_TARGET_DEV,회원개발 목표 팩트 평탄화,MONTH_KEY × ORG × DEV_TYPE,WIDE,DW_SOURCE_SYSTEM,원천 시스템 식별,VARCHAR,N,,,원천 시스템 식별,공통감사
WIDE_TARGET_DEV,회원개발 목표 팩트 평탄화,MONTH_KEY × ORG × DEV_TYPE,WIDE,ORG_CORP,법인,VARCHAR,Y,,,DIM_ORG.CORP — 법인 (#114). 🔴DIM_ORG 는 **SCD1**(DEC-2)이라 as-was 가 아니다 — 조직 개편 시 과거 사건에도 **현재 조직명**이 붙는다(조직 변경이력 원천·as-was 요구가 없어 SCD1 로 확정). 🔴🔴[O51-F 실측] **전건 NULL** — 원인은 팩트가 아니라 **차원 컬럼 자체가 비어 있다**: `DIM_ORG.CORP`. `DIM_ORG` 는 DEPARTMENT 만 채워져 있고 상위 계층 유도 규칙이 미확정이다(CONF-4). 실측 규모는 이슈원장 §O51-F.,
WIDE_TARGET_DEV,회원개발 목표 팩트 평탄화,MONTH_KEY × ORG × DEV_TYPE,WIDE,ORG_DIVISION,본부/지부,VARCHAR,Y,,,DIM_ORG.DIVISION — 본부/지부 (#115). 🔴SCD1(DEC-2) — current-value 이며 as-was 가 아니다. 🔴🔴[O51-F 실측] **전건 NULL** — 원인은 팩트가 아니라 **차원 컬럼 자체가 비어 있다**: `DIM_ORG.DIVISION`. `DIM_ORG` 는 DEPARTMENT 만 채워져 있고 상위 계층 유도 규칙이 미확정이다(CONF-4). 실측 규모는 이슈원장 §O51-F.,
WIDE_TARGET_DEV,회원개발 목표 팩트 평탄화,MONTH_KEY × ORG × DEV_TYPE,WIDE,ORG_DEPARTMENT,부서,VARCHAR,Y,,,DIM_ORG.DEPARTMENT — 부서 (#116). 🔴SCD1(DEC-2) — current-value 이며 as-was 가 아니다. 🔴🔴「부서」는 축이 둘이다 — 이 컬럼은 **사건 부서**이고 획득 부서는 DIM_MEMBER_ACQUISITION.ACQ_DEPARTMENT 다(O34).,
WIDE_TARGET_DEV,회원개발 목표 팩트 평탄화,MONTH_KEY × ORG × DEV_TYPE,WIDE,ORG_TEAM,팀,VARCHAR,Y,,,DIM_ORG.TEAM — 팀. 🔴SCD1(DEC-2) — current-value 이며 as-was 가 아니다. 🔴🔴[O51-F 실측] **전건 NULL** — 원인은 팩트가 아니라 **차원 컬럼 자체가 비어 있다**: `DIM_ORG.TEAM`. `DIM_ORG` 는 DEPARTMENT 만 채워져 있고 상위 계층 유도 규칙이 미확정이다(CONF-4). 실측 규모는 이슈원장 §O51-F.,
