테이블명,테이블 한글명,GRAIN,테이블유형,컬럼명,컬럼 한글명,타입,NULLABLE,키,FK_타깃,설명,주의_제약(DDL)
AGENCY_AD_BROADCAST,방송광고 고유속성 위성,AD_PERF_DK (코어 1:1),광고,AD_PERF_DK,광고성과 불변키,VARCHAR,N,PK,,코어 1:1 조인키(staging 발급값 승계),
AGENCY_AD_BROADCAST,방송광고 고유속성 위성,AD_PERF_DK (코어 1:1),광고,TIME_BAND,시간대,VARCHAR,Y,,,시간대,
AGENCY_AD_BROADCAST,방송광고 고유속성 위성,AD_PERF_DK (코어 1:1),광고,CM_POSITION,CM위치,VARCHAR,Y,,,CM위치 [VIDEO 전용],
AGENCY_AD_BROADCAST,방송광고 고유속성 위성,AD_PERF_DK (코어 1:1),광고,RT_TYPE,RT(재방송)유형,VARCHAR,Y,,,RT(재방송)유형 [REBRDC 전용],
AGENCY_AD_BROADCAST,방송광고 고유속성 위성,AD_PERF_DK (코어 1:1),광고,AD_START_TIME,광고시작시간,VARCHAR,Y,,,광고시작시간 [VIDEO 전용],
AGENCY_AD_BROADCAST,방송광고 고유속성 위성,AD_PERF_DK (코어 1:1),광고,AD_END_TIME,광고종료시간,VARCHAR,Y,,,광고종료시간 [VIDEO 전용],
AGENCY_AD_BROADCAST,방송광고 고유속성 위성,AD_PERF_DK (코어 1:1),광고,BROADCAST_DATE,송출일,DATE,Y,,,송출일,
AGENCY_AD_BROADCAST,방송광고 고유속성 위성,AD_PERF_DK (코어 1:1),광고,PROGRAM_NM,프로그램/편성명,VARCHAR,Y,,,프로그램/편성명,
AGENCY_AD_BROADCAST,방송광고 고유속성 위성,AD_PERF_DK (코어 1:1),광고,CHANNEL_COMPANY,채널사,VARCHAR,Y,,,채널사,
AGENCY_AD_BROADCAST,방송광고 고유속성 위성,AD_PERF_DK (코어 1:1),광고,CHANNEL_COMPANY_TYPE,채널사유형,VARCHAR,Y,,,채널사유형 [VIDEO 전용],
AGENCY_AD_BROADCAST,방송광고 고유속성 위성,AD_PERF_DK (코어 1:1),광고,SPOT_TYPE,SPOT유형,VARCHAR,Y,,,SPOT유형 [VIDEO 전용],
AGENCY_AD_BROADCAST,방송광고 고유속성 위성,AD_PERF_DK (코어 1:1),광고,DURATION_SEC,광고 초수,"NUMBER(9,0)",Y,,,광고 초수. [사유:규칙 미확정],
AGENCY_AD_BROADCAST,방송광고 고유속성 위성,AD_PERF_DK (코어 1:1),광고,DAY_DIV,요일구분 평일/주말,VARCHAR,Y,,,요일구분 평일/주말 [VIDEO 전용],
AGENCY_AD_BROADCAST,방송광고 고유속성 위성,AD_PERF_DK (코어 1:1),광고,PRG_START_TIME,프로그램 시작시간,VARCHAR,Y,,,프로그램 시작시간 [VIDEO 전용],
AGENCY_AD_BROADCAST,방송광고 고유속성 위성,AD_PERF_DK (코어 1:1),광고,CTV_DIV,CTV구분,VARCHAR,Y,,,CTV구분 [VIDEO 전용],
AGENCY_AD_BROADCAST,방송광고 고유속성 위성,AD_PERF_DK (코어 1:1),광고,BRDC_DIV,방송구분,VARCHAR,Y,,,방송구분 [REBRDC 전용],
AGENCY_AD_BROADCAST,방송광고 고유속성 위성,AD_PERF_DK (코어 1:1),광고,AD_CNT,광고횟수 (가산),FLOAT,Y,,,광고횟수 (가산),
AGENCY_AD_BROADCAST,방송광고 고유속성 위성,AD_PERF_DK (코어 1:1),광고,CONV_CALL_CNT,전환콜,FLOAT,Y,,,전환콜 [VIDEO 전용],
AGENCY_AD_BROADCAST,방송광고 고유속성 위성,AD_PERF_DK (코어 1:1),광고,DVLP_MEMBER_CNT,개발회원수,FLOAT,Y,,,개발회원수 [REBRDC 전용.,
AGENCY_AD_BROADCAST,방송광고 고유속성 위성,AD_PERF_DK (코어 1:1),광고,DVLP_CNT,개발건수,FLOAT,Y,,,개발건수 [REBRDC 전용.,
AGENCY_AD_BROADCAST,방송광고 고유속성 위성,AD_PERF_DK (코어 1:1),광고,AD_VIEW_RT_SRC,광고시청률,FLOAT,Y,,,[비가산] 광고시청률 [VIDEO 전용],
AGENCY_AD_BROADCAST,방송광고 고유속성 위성,AD_PERF_DK (코어 1:1),광고,CPC_SRC,대행사 산정 CPC,FLOAT,Y,,,[비가산] 대행사 산정 CPC [VIDEO 전용],
AGENCY_AD_BROADCAST,방송광고 고유속성 위성,AD_PERF_DK (코어 1:1),광고,DW_SOURCE_SYSTEM,원천 시스템 식별,VARCHAR,N,,,원천 시스템 식별 (공통감사),공통감사
AGENCY_AD_BROADCAST,방송광고 고유속성 위성,AD_PERF_DK (코어 1:1),광고,DW_SOURCE_TABLE,원천 테이블 식별,VARCHAR,Y,,,원천 테이블 식별 (공통감사),공통감사
AGENCY_AD_BROADCAST,방송광고 고유속성 위성,AD_PERF_DK (코어 1:1),광고,DW_LOAD_TS,최초 적재 시각,TIMESTAMP_NTZ,N,,,최초 적재 시각 (공통감사),공통감사
AGENCY_AD_BROADCAST,방송광고 고유속성 위성,AD_PERF_DK (코어 1:1),광고,DW_UPDATE_TS,최종 갱신 시각,TIMESTAMP_NTZ,Y,,,최종 갱신 시각 (공통감사),공통감사
AGENCY_AD_BROADCAST,방송광고 고유속성 위성,AD_PERF_DK (코어 1:1),광고,DW_BATCH_ID,적재 배치 식별자,VARCHAR,Y,,,적재 배치 식별자 = dbt invocation_id (공통감사),공통감사
AGENCY_AD_BROADCAST_CASE,재방송 사례 언피벗 위성,AD_PERF_DK × CASE_SEQ,광고,AD_PERF_DK,광고성과 불변키,VARCHAR,N,PK,,코어 조인키(1:N),
AGENCY_AD_BROADCAST_CASE,재방송 사례 언피벗 위성,AD_PERF_DK × CASE_SEQ,광고,CASE_SEQ,사례 순번 1~3,"NUMBER(2,0)",N,PK,,사례 순번 1~3,
AGENCY_AD_BROADCAST_CASE,재방송 사례 언피벗 위성,AD_PERF_DK × CASE_SEQ,광고,BIZ_DIV,사업구분,VARCHAR,Y,,,사업구분,
AGENCY_AD_BROADCAST_CASE,재방송 사례 언피벗 위성,AD_PERF_DK × CASE_SEQ,광고,FAMILY_TYPE,가족유형,VARCHAR,Y,,,가족유형,
AGENCY_AD_BROADCAST_CASE,재방송 사례 언피벗 위성,AD_PERF_DK × CASE_SEQ,광고,APPEAL_POINT,어필포인트,VARCHAR,Y,,,어필포인트,
AGENCY_AD_BROADCAST_CASE,재방송 사례 언피벗 위성,AD_PERF_DK × CASE_SEQ,광고,CASE_DIV,사례구분,VARCHAR,Y,,,사례구분,
AGENCY_AD_BROADCAST_CASE,재방송 사례 언피벗 위성,AD_PERF_DK × CASE_SEQ,광고,DW_SOURCE_SYSTEM,원천 시스템 식별,VARCHAR,N,,,원천 시스템 식별 (공통감사),공통감사
AGENCY_AD_BROADCAST_CASE,재방송 사례 언피벗 위성,AD_PERF_DK × CASE_SEQ,광고,DW_SOURCE_TABLE,원천 테이블 식별,VARCHAR,Y,,,원천 테이블 식별 (공통감사),공통감사
AGENCY_AD_BROADCAST_CASE,재방송 사례 언피벗 위성,AD_PERF_DK × CASE_SEQ,광고,DW_LOAD_TS,최초 적재 시각,TIMESTAMP_NTZ,N,,,최초 적재 시각 (공통감사),공통감사
AGENCY_AD_BROADCAST_CASE,재방송 사례 언피벗 위성,AD_PERF_DK × CASE_SEQ,광고,DW_UPDATE_TS,최종 갱신 시각,TIMESTAMP_NTZ,Y,,,최종 갱신 시각 (공통감사),공통감사
AGENCY_AD_BROADCAST_CASE,재방송 사례 언피벗 위성,AD_PERF_DK × CASE_SEQ,광고,DW_BATCH_ID,적재 배치 식별자,VARCHAR,Y,,,적재 배치 식별자 = dbt invocation_id (공통감사),공통감사
AGENCY_AD_CREATIVE,광고 소재/매체 차원,1소재 (CREATIVE_DK),광고,CREATIVE_DK,불변 비즈니스 식별자,VARCHAR,N,PK,,불변 비즈니스 식별자,
AGENCY_AD_CREATIVE,광고 소재/매체 차원,1소재 (CREATIVE_DK),광고,SOURCE_SYSTEM,소스 시스템 (DIGITAL/REBROADCAST/VIDEO),VARCHAR,N,,,소스 시스템 (DIGITAL/REBROADCAST/VIDEO).,
AGENCY_AD_CREATIVE,광고 소재/매체 차원,1소재 (CREATIVE_DK),광고,MEDIA_CHANNEL_NM,매체/채널명,VARCHAR,Y,,,매체/채널명,
AGENCY_AD_CREATIVE,광고 소재/매체 차원,1소재 (CREATIVE_DK),광고,CREATIVE_NM,소재명,VARCHAR,Y,,,소재명,
AGENCY_AD_CREATIVE,광고 소재/매체 차원,1소재 (CREATIVE_DK),광고,CREATIVE_TYPE_NM,소재유형/RT유형/캠페인유형,VARCHAR,Y,,,소재유형/RT유형/캠페인유형,
AGENCY_AD_CREATIVE,광고 소재/매체 차원,1소재 (CREATIVE_DK),광고,CM_AREA_NM,CM위치 (VIDEO),VARCHAR,Y,,,CM위치 (VIDEO),
AGENCY_AD_CREATIVE,광고 소재/매체 차원,1소재 (CREATIVE_DK),광고,AD_SEC_NM,초수 (VIDEO),VARCHAR,Y,,,초수 (VIDEO),
AGENCY_AD_CREATIVE,광고 소재/매체 차원,1소재 (CREATIVE_DK),광고,DW_SOURCE_SYSTEM,원천 시스템 식별,VARCHAR,N,,,원천 시스템 식별 (공통감사),공통감사
AGENCY_AD_CREATIVE,광고 소재/매체 차원,1소재 (CREATIVE_DK),광고,DW_SOURCE_TABLE,원천 테이블 식별,VARCHAR,Y,,,원천 테이블 식별 (공통감사),공통감사
AGENCY_AD_CREATIVE,광고 소재/매체 차원,1소재 (CREATIVE_DK),광고,DW_LOAD_TS,최초 적재 시각,TIMESTAMP_NTZ,N,,,최초 적재 시각 (공통감사),공통감사
AGENCY_AD_CREATIVE,광고 소재/매체 차원,1소재 (CREATIVE_DK),광고,DW_UPDATE_TS,최종 갱신 시각,TIMESTAMP_NTZ,Y,,,최종 갱신 시각 (공통감사),공통감사
AGENCY_AD_CREATIVE,광고 소재/매체 차원,1소재 (CREATIVE_DK),광고,DW_BATCH_ID,적재 배치 식별자,VARCHAR,Y,,,적재 배치 식별자 = dbt invocation_id (공통감사),공통감사
AGENCY_AD_DIGITAL,디지털광고 고유속성 위성,AD_PERF_DK (코어 1:1),광고,AD_PERF_DK,광고성과 불변키,VARCHAR,N,PK,,코어 1:1 조인키(staging 발급값 승계),
AGENCY_AD_DIGITAL,디지털광고 고유속성 위성,AD_PERF_DK (코어 1:1),광고,PAGE_TYPE_NM,페이지유형,VARCHAR,Y,,,페이지유형,
AGENCY_AD_DIGITAL,디지털광고 고유속성 위성,AD_PERF_DK (코어 1:1),광고,AD_GRP_NM,광고그룹명,VARCHAR,Y,,,광고그룹명,
AGENCY_AD_DIGITAL,디지털광고 고유속성 위성,AD_PERF_DK (코어 1:1),광고,GRP_DIV_NM,그룹구분,VARCHAR,Y,,,그룹구분,
AGENCY_AD_DIGITAL,디지털광고 고유속성 위성,AD_PERF_DK (코어 1:1),광고,MATR_TY_NM,소재유형,VARCHAR,Y,,,소재유형,
AGENCY_AD_DIGITAL,디지털광고 고유속성 위성,AD_PERF_DK (코어 1:1),광고,AD_TY_NM,광고유형명(대행사 표기),VARCHAR,Y,,,광고유형명(대행사 표기),
AGENCY_AD_DIGITAL,디지털광고 고유속성 위성,AD_PERF_DK (코어 1:1),광고,READ_CNT,읽음수 (가산),FLOAT,Y,,,읽음수 (가산),
AGENCY_AD_DIGITAL,디지털광고 고유속성 위성,AD_PERF_DK (코어 1:1),광고,MEDIA_PTNT_CUST_CNT,매체 잠재고객수 (가산),FLOAT,Y,,,매체 잠재고객수 (가산),
AGENCY_AD_DIGITAL,디지털광고 고유속성 위성,AD_PERF_DK (코어 1:1),광고,CRM_DVLP_CNT,CRM 개발건수 (가산),FLOAT,Y,,,CRM 개발건수 (가산). [사유:규칙 미확정],
AGENCY_AD_DIGITAL,디지털광고 고유속성 위성,AD_PERF_DK (코어 1:1),광고,CTR_SRC,대행사 산정 CTR,FLOAT,Y,,,[비가산] 대행사 산정 CTR,
AGENCY_AD_DIGITAL,디지털광고 고유속성 위성,AD_PERF_DK (코어 1:1),광고,CVR_SRC,대행사 산정 CVR,FLOAT,Y,,,[비가산] 대행사 산정 CVR,
AGENCY_AD_DIGITAL,디지털광고 고유속성 위성,AD_PERF_DK (코어 1:1),광고,CPC_SRC,대행사 산정 CPC,FLOAT,Y,,,[비가산] 대행사 산정 CPC,
AGENCY_AD_DIGITAL,디지털광고 고유속성 위성,AD_PERF_DK (코어 1:1),광고,CPM_SRC,대행사 산정 CPM,FLOAT,Y,,,[비가산] 대행사 산정 CPM,
AGENCY_AD_DIGITAL,디지털광고 고유속성 위성,AD_PERF_DK (코어 1:1),광고,CPA_SRC,대행사 산정 CPA,FLOAT,Y,,,[비가산] 대행사 산정 CPA,
AGENCY_AD_DIGITAL,디지털광고 고유속성 위성,AD_PERF_DK (코어 1:1),광고,DEV_UNIT_PRICE_SRC,대행사 산정 개발단가,FLOAT,Y,,,대행사 산정 개발단가.,
AGENCY_AD_DIGITAL,디지털광고 고유속성 위성,AD_PERF_DK (코어 1:1),광고,VTR_SRC,대행사 산정 VTR (재계산 불가),FLOAT,Y,,,[비가산] 대행사 산정 VTR (재계산 불가),
AGENCY_AD_DIGITAL,디지털광고 고유속성 위성,AD_PERF_DK (코어 1:1),광고,DW_SOURCE_SYSTEM,원천 시스템 식별,VARCHAR,N,,,원천 시스템 식별 (공통감사),공통감사
AGENCY_AD_DIGITAL,디지털광고 고유속성 위성,AD_PERF_DK (코어 1:1),광고,DW_SOURCE_TABLE,원천 테이블 식별,VARCHAR,Y,,,원천 테이블 식별 (공통감사),공통감사
AGENCY_AD_DIGITAL,디지털광고 고유속성 위성,AD_PERF_DK (코어 1:1),광고,DW_LOAD_TS,최초 적재 시각,TIMESTAMP_NTZ,N,,,최초 적재 시각 (공통감사),공통감사
AGENCY_AD_DIGITAL,디지털광고 고유속성 위성,AD_PERF_DK (코어 1:1),광고,DW_UPDATE_TS,최종 갱신 시각,TIMESTAMP_NTZ,Y,,,최종 갱신 시각 (공통감사),공통감사
AGENCY_AD_DIGITAL,디지털광고 고유속성 위성,AD_PERF_DK (코어 1:1),광고,DW_BATCH_ID,적재 배치 식별자,VARCHAR,Y,,,적재 배치 식별자 = dbt invocation_id (공통감사),공통감사
AGENCY_AD_PERFORMANCE,광고성과 3소스 통합,AD_PERF_DK (소스 × 일자 × 소재 × 캠페인),광고,AD_PERF_DK,광고성과 불변키,VARCHAR,N,DK,,불변 비즈니스 식별자,
AGENCY_AD_PERFORMANCE,광고성과 3소스 통합,AD_PERF_DK (소스 × 일자 × 소재 × 캠페인),광고,AD_SOURCE_TYPE,광고 원천유형,VARCHAR,N,,,AD_SOURCE_TYPE.,
AGENCY_AD_PERFORMANCE,광고성과 3소스 통합,AD_PERF_DK (소스 × 일자 × 소재 × 캠페인),광고,SOURCE_SYSTEM,소스 시스템,VARCHAR,N,,,소스 시스템.,
AGENCY_AD_PERFORMANCE,광고성과 3소스 통합,AD_PERF_DK (소스 × 일자 × 소재 × 캠페인),광고,AD_DATE,광고 집행일자,DATE,Y,,,광고 집행일자,
AGENCY_AD_PERFORMANCE,광고성과 3소스 통합,AD_PERF_DK (소스 × 일자 × 소재 × 캠페인),광고,AD_YEAR,광고 집행연도 YYYY,"NUMBER(4,0)",Y,,,광고 집행연도 YYYY,
AGENCY_AD_PERFORMANCE,광고성과 3소스 통합,AD_PERF_DK (소스 × 일자 × 소재 × 캠페인),광고,AD_MONTH,광고 집행월 1~12,"NUMBER(2,0)",Y,,,광고 집행월 1~12,
AGENCY_AD_PERFORMANCE,광고성과 3소스 통합,AD_PERF_DK (소스 × 일자 × 소재 × 캠페인),광고,CAMPAIGN_NM,캠페인명,VARCHAR,Y,,,캠페인명,
AGENCY_AD_PERFORMANCE,광고성과 3소스 통합,AD_PERF_DK (소스 × 일자 × 소재 × 캠페인),광고,UPPER_CAMPAIGN_NM,상위 캠페인명,VARCHAR,Y,,,상위 캠페인명,
AGENCY_AD_PERFORMANCE,광고성과 3소스 통합,AD_PERF_DK (소스 × 일자 × 소재 × 캠페인),광고,MEDIA_CHANNEL_NM,매체/채널명,VARCHAR,Y,,,매체/채널명,
AGENCY_AD_PERFORMANCE,광고성과 3소스 통합,AD_PERF_DK (소스 × 일자 × 소재 × 캠페인),광고,DEVICE_NM,디바이스 (DGT만),VARCHAR,Y,,,디바이스 (DGT만),
AGENCY_AD_PERFORMANCE,광고성과 3소스 통합,AD_PERF_DK (소스 × 일자 × 소재 × 캠페인),광고,CREATIVE_NM,소재명,VARCHAR,Y,,,소재명,
AGENCY_AD_PERFORMANCE,광고성과 3소스 통합,AD_PERF_DK (소스 × 일자 × 소재 × 캠페인),광고,PROGRAM_NM,프로그램명 (REBRDC/VIDEO),VARCHAR,Y,,,프로그램명 (REBRDC/VIDEO),
AGENCY_AD_PERFORMANCE,광고성과 3소스 통합,AD_PERF_DK (소스 × 일자 × 소재 × 캠페인),광고,IMPRESSION_CNT,노출수 (DGT만),"NUMBER(38,4)",Y,,,노출수 (DGT만),
AGENCY_AD_PERFORMANCE,광고성과 3소스 통합,AD_PERF_DK (소스 × 일자 × 소재 × 캠페인),광고,CLICK_CNT,클릭수 (DGT만),"NUMBER(38,4)",Y,,,클릭수 (DGT만),
AGENCY_AD_PERFORMANCE,광고성과 3소스 통합,AD_PERF_DK (소스 × 일자 × 소재 × 캠페인),광고,CONV_MEMBER_CNT,GA 전환 명수 (DIGITAL 전용),"NUMBER(38,4)",Y,,,GA 전환 명수 (DIGITAL 전용),
AGENCY_AD_PERFORMANCE,광고성과 3소스 통합,AD_PERF_DK (소스 × 일자 × 소재 × 캠페인),광고,CONV_UNIT_CNT,GA 전환 VU/건수 (DIGITAL 전용),"NUMBER(38,4)",Y,,,GA 전환 VU/건수 (DIGITAL 전용),
AGENCY_AD_PERFORMANCE,광고성과 3소스 통합,AD_PERF_DK (소스 × 일자 × 소재 × 캠페인),광고,INBOUND_CALL_CNT,인입콜 수 (REBRDC+VIDEO),"NUMBER(38,4)",Y,,,인입콜 수 (REBRDC+VIDEO),
AGENCY_AD_PERFORMANCE,광고성과 3소스 통합,AD_PERF_DK (소스 × 일자 × 소재 × 캠페인),광고,CONV_CALL_CNT,VIDEO 전환콜,"NUMBER(38,4)",Y,,,VIDEO 전환콜,
AGENCY_AD_PERFORMANCE,광고성과 3소스 통합,AD_PERF_DK (소스 × 일자 × 소재 × 캠페인),광고,AD_CNT,광고횟수 (REBRDC/VIDEO),"NUMBER(38,4)",Y,,,광고횟수 (REBRDC/VIDEO),
AGENCY_AD_PERFORMANCE,광고성과 3소스 통합,AD_PERF_DK (소스 × 일자 × 소재 × 캠페인),광고,AD_COST,광고비 (소스별 컬럼 상이),"NUMBER(38,4)",Y,,,광고비 (소스별 컬럼 상이),
AGENCY_AD_PERFORMANCE,광고성과 3소스 통합,AD_PERF_DK (소스 × 일자 × 소재 × 캠페인),광고,COST_TYPE,비용유형 (GA/편성/집행),VARCHAR,Y,,,비용유형 (GA/편성/집행),
AGENCY_AD_PERFORMANCE,광고성과 3소스 통합,AD_PERF_DK (소스 × 일자 × 소재 × 캠페인),광고,DW_SOURCE_SYSTEM,원천 시스템 식별,VARCHAR,N,,,원천 시스템 식별 (공통감사),공통감사
AGENCY_AD_PERFORMANCE,광고성과 3소스 통합,AD_PERF_DK (소스 × 일자 × 소재 × 캠페인),광고,DW_SOURCE_TABLE,원천 테이블 식별,VARCHAR,Y,,,원천 테이블 식별 (공통감사),공통감사
AGENCY_AD_PERFORMANCE,광고성과 3소스 통합,AD_PERF_DK (소스 × 일자 × 소재 × 캠페인),광고,DW_LOAD_TS,최초 적재 시각,TIMESTAMP_NTZ,N,,,최초 적재 시각 (공통감사),공통감사
AGENCY_AD_PERFORMANCE,광고성과 3소스 통합,AD_PERF_DK (소스 × 일자 × 소재 × 캠페인),광고,DW_UPDATE_TS,최종 갱신 시각,TIMESTAMP_NTZ,Y,,,최종 갱신 시각 (공통감사),공통감사
AGENCY_AD_PERFORMANCE,광고성과 3소스 통합,AD_PERF_DK (소스 × 일자 × 소재 × 캠페인),광고,DW_BATCH_ID,적재 배치 식별자,VARCHAR,Y,,,적재 배치 식별자 = dbt invocation_id (공통감사),공통감사
AGENCY_AD_ROW_DGT,디지털광고 원천 무손실 staging,1행 (원천 staging row),광고,AD_PERF_DK,광고성과 불변키,VARCHAR,N,PK,,행 식별자 — 본 테이블이 발급 단일지점,
AGENCY_AD_ROW_DGT,디지털광고 원천 무손실 staging,1행 (원천 staging row),광고,AD_SOURCE_TYPE,광고 원천유형,VARCHAR,N,,,광고유형 상수 DIGITAL,
AGENCY_AD_ROW_DGT,디지털광고 원천 무손실 staging,1행 (원천 staging row),광고,ROW_HASH,원천 전컬럼 해시,VARCHAR,Y,,,원천 전컬럼 해시,
AGENCY_AD_ROW_DGT,디지털광고 원천 무손실 staging,1행 (원천 staging row),광고,DUP_SEQ,전컬럼 중복 그룹 내 순번,"NUMBER(9,0)",Y,,,전컬럼 중복 그룹 내 순번,
AGENCY_AD_ROW_DGT,디지털광고 원천 무손실 staging,1행 (원천 staging row),광고,TIME,시각 텍스트,VARCHAR,Y,,,[원천보존] 시각 텍스트,
AGENCY_AD_ROW_DGT,디지털광고 원천 무손실 staging,1행 (원천 staging row),광고,YEAR,연도 텍스트,VARCHAR,Y,,,[원천보존] 연도 텍스트,
AGENCY_AD_ROW_DGT,디지털광고 원천 무손실 staging,1행 (원천 staging row),광고,CPR_NM,협력사명,VARCHAR,Y,,,[원천보존] 협력사명,
AGENCY_AD_ROW_DGT,디지털광고 원천 무손실 staging,1행 (원천 staging row),광고,DMST_OVSEA_DIV_NM,국내/해외 구분,VARCHAR,Y,,,[원천보존] 국내/해외 구분,
AGENCY_AD_ROW_DGT,디지털광고 원천 무손실 staging,1행 (원천 staging row),광고,BSNS_CASE_DIV_NM,사업/사례 구분,VARCHAR,Y,,,[원천보존] 사업/사례 구분,
AGENCY_AD_ROW_DGT,디지털광고 원천 무손실 staging,1행 (원천 staging row),광고,CMPGN_TY_NM,캠페인 유형명,VARCHAR,Y,,,[원천보존] 캠페인유형명,
AGENCY_AD_ROW_DGT,디지털광고 원천 무손실 staging,1행 (원천 staging row),광고,AD_TY_NM,광고유형명,VARCHAR,Y,,,[원천보존] 광고유형명,
AGENCY_AD_ROW_DGT,디지털광고 원천 무손실 staging,1행 (원천 staging row),광고,MONTH,월 텍스트,VARCHAR,Y,,,[원천보존] 월 텍스트,
AGENCY_AD_ROW_DGT,디지털광고 원천 무손실 staging,1행 (원천 staging row),광고,DEVICE,기기 M/PC,VARCHAR,Y,,,[원천보존] 기기 M/PC,
AGENCY_AD_ROW_DGT,디지털광고 원천 무손실 staging,1행 (원천 staging row),광고,MEDIA_NM,매체명,VARCHAR,Y,,,[원천보존] 매체명,
AGENCY_AD_ROW_DGT,디지털광고 원천 무손실 staging,1행 (원천 staging row),광고,WEEK,주차 텍스트,VARCHAR,Y,,,[원천보존] 주차 텍스트,
AGENCY_AD_ROW_DGT,디지털광고 원천 무손실 staging,1행 (원천 staging row),광고,DAY,일 텍스트,VARCHAR,Y,,,[원천보존] 일 텍스트,
AGENCY_AD_ROW_DGT,디지털광고 원천 무손실 staging,1행 (원천 staging row),광고,DOW,요일 텍스트,VARCHAR,Y,,,[원천보존] 요일 텍스트,
AGENCY_AD_ROW_DGT,디지털광고 원천 무손실 staging,1행 (원천 staging row),광고,CMPGN_NM,캠페인명,VARCHAR,Y,,,[원천보존] 캠페인명,
AGENCY_AD_ROW_DGT,디지털광고 원천 무손실 staging,1행 (원천 staging row),광고,MATR,소재명,VARCHAR,Y,,,[원천보존] 소재명,
AGENCY_AD_ROW_DGT,디지털광고 원천 무손실 staging,1행 (원천 staging row),광고,MATR_TY_NM,소재유형명,VARCHAR,Y,,,[원천보존] 소재유형명,
AGENCY_AD_ROW_DGT,디지털광고 원천 무손실 staging,1행 (원천 staging row),광고,EXPS_CNT,노출수,FLOAT,Y,,,[원천보존] 노출수,
AGENCY_AD_ROW_DGT,디지털광고 원천 무손실 staging,1행 (원천 staging row),광고,CLICK_CNT,클릭수,FLOAT,Y,,,[원천보존] 클릭수,
AGENCY_AD_ROW_DGT,디지털광고 원천 무손실 staging,1행 (원천 staging row),광고,GA_AD_COST,GA 광고비,FLOAT,Y,,,[원천보존] GA 광고비,
AGENCY_AD_ROW_DGT,디지털광고 원천 무손실 staging,1행 (원천 staging row),광고,GA_CONV_MBER_CNT,GA 전환 회원수,FLOAT,Y,,,[원천보존] GA 전환 회원수,
AGENCY_AD_ROW_DGT,디지털광고 원천 무손실 staging,1행 (원천 staging row),광고,CONV_VU_CNT,GA 전환 VU수,FLOAT,Y,,,[원천보존] GA 전환 VU수,
AGENCY_AD_ROW_DGT,디지털광고 원천 무손실 staging,1행 (원천 staging row),광고,CPA,대행사 산정 CPA (비가산),FLOAT,Y,,,[원천보존] 대행사 산정 CPA (비가산),
AGENCY_AD_ROW_DGT,디지털광고 원천 무손실 staging,1행 (원천 staging row),광고,DEV_UNIT_PRICE,대행사 산정 개발단가 (비가산),FLOAT,Y,,,[원천보존] 대행사 산정 개발단가 (비가산),
AGENCY_AD_ROW_DGT,디지털광고 원천 무손실 staging,1행 (원천 staging row),광고,CTR,대행사 산정 CTR (비가산),FLOAT,Y,,,[원천보존] 대행사 산정 CTR (비가산),
AGENCY_AD_ROW_DGT,디지털광고 원천 무손실 staging,1행 (원천 staging row),광고,CVR,대행사 산정 CVR (비가산),FLOAT,Y,,,[원천보존] 대행사 산정 CVR (비가산),
AGENCY_AD_ROW_DGT,디지털광고 원천 무손실 staging,1행 (원천 staging row),광고,CPC,대행사 산정 CPC (비가산),FLOAT,Y,,,[원천보존] 대행사 산정 CPC (비가산),
AGENCY_AD_ROW_DGT,디지털광고 원천 무손실 staging,1행 (원천 staging row),광고,CPM,대행사 산정 CPM (비가산),FLOAT,Y,,,[원천보존] 대행사 산정 CPM (비가산),
AGENCY_AD_ROW_DGT,디지털광고 원천 무손실 staging,1행 (원천 staging row),광고,UPPER_CMPGN_NM,상위 캠페인명,VARCHAR,Y,,,[원천보존] 상위 캠페인명,
AGENCY_AD_ROW_DGT,디지털광고 원천 무손실 staging,1행 (원천 staging row),광고,READ_CNT,읽음수,FLOAT,Y,,,[원천보존] 읽음수,
AGENCY_AD_ROW_DGT,디지털광고 원천 무손실 staging,1행 (원천 staging row),광고,MEDIA_PTNT_CUST_CNT,매체 잠재고객수,FLOAT,Y,,,[원천보존] 매체 잠재고객수,
AGENCY_AD_ROW_DGT,디지털광고 원천 무손실 staging,1행 (원천 staging row),광고,DATE,실적일,DATE,Y,,,[원천보존] 실적일,
AGENCY_AD_ROW_DGT,디지털광고 원천 무손실 staging,1행 (원천 staging row),광고,VTR,대행사 산정 VTR (비가산),FLOAT,Y,,,[원천보존] 대행사 산정 VTR (비가산),
AGENCY_AD_ROW_DGT,디지털광고 원천 무손실 staging,1행 (원천 staging row),광고,PAGE_TYPE_NM,페이지유형,VARCHAR,Y,,,[원천보존] 페이지유형,
AGENCY_AD_ROW_DGT,디지털광고 원천 무손실 staging,1행 (원천 staging row),광고,CRM_DVLP_CNT,CRM 개발건수,FLOAT,Y,,,[원천보존] CRM 개발건수,
AGENCY_AD_ROW_DGT,디지털광고 원천 무손실 staging,1행 (원천 staging row),광고,AD_GRP_NM,광고그룹명,VARCHAR,Y,,,[원천보존] 광고그룹명,
AGENCY_AD_ROW_DGT,디지털광고 원천 무손실 staging,1행 (원천 staging row),광고,GRP_DIV_NM,그룹구분,VARCHAR,Y,,,[원천보존] 그룹구분,
AGENCY_AD_ROW_DGT,디지털광고 원천 무손실 staging,1행 (원천 staging row),광고,DW_SOURCE_SYSTEM,원천 시스템 식별,VARCHAR,N,,,원천 시스템 식별 (공통감사),공통감사
AGENCY_AD_ROW_DGT,디지털광고 원천 무손실 staging,1행 (원천 staging row),광고,DW_SOURCE_TABLE,원천 테이블 식별,VARCHAR,Y,,,원천 테이블 식별 (공통감사),공통감사
AGENCY_AD_ROW_DGT,디지털광고 원천 무손실 staging,1행 (원천 staging row),광고,DW_LOAD_TS,최초 적재 시각,TIMESTAMP_NTZ,N,,,최초 적재 시각 (공통감사),공통감사
AGENCY_AD_ROW_DGT,디지털광고 원천 무손실 staging,1행 (원천 staging row),광고,DW_UPDATE_TS,최종 갱신 시각,TIMESTAMP_NTZ,Y,,,최종 갱신 시각 (공통감사),공통감사
AGENCY_AD_ROW_DGT,디지털광고 원천 무손실 staging,1행 (원천 staging row),광고,DW_BATCH_ID,적재 배치 식별자,VARCHAR,Y,,,적재 배치 식별자 = dbt invocation_id (공통감사),공통감사
AGENCY_AD_ROW_REBRDC,재방송광고 원천 무손실 staging,1행 (원천 staging row),광고,AD_PERF_DK,광고성과 불변키,VARCHAR,N,PK,,행 식별자 — 본 테이블이 발급 단일지점,
AGENCY_AD_ROW_REBRDC,재방송광고 원천 무손실 staging,1행 (원천 staging row),광고,AD_SOURCE_TYPE,광고 원천유형,VARCHAR,N,,,광고유형 상수 REBROADCAST,
AGENCY_AD_ROW_REBRDC,재방송광고 원천 무손실 staging,1행 (원천 staging row),광고,ROW_HASH,원천 전컬럼 해시,VARCHAR,Y,,,원천 전컬럼 해시,
AGENCY_AD_ROW_REBRDC,재방송광고 원천 무손실 staging,1행 (원천 staging row),광고,DUP_SEQ,전컬럼 중복 그룹 내 순번(실측 중복 0),"NUMBER(9,0)",Y,,,전컬럼 중복 그룹 내 순번(실측 중복 0).,
AGENCY_AD_ROW_REBRDC,재방송광고 원천 무손실 staging,1행 (원천 staging row),광고,RE_BRDC_TY_NM,재방송유형명,VARCHAR,Y,,,[원천보존] 재방송유형명,
AGENCY_AD_ROW_REBRDC,재방송광고 원천 무손실 staging,1행 (원천 staging row),광고,DIV_NM,구분명,VARCHAR,Y,,,[원천보존] 구분명,
AGENCY_AD_ROW_REBRDC,재방송광고 원천 무손실 staging,1행 (원천 staging row),광고,YEAR,연도 텍스트,VARCHAR,Y,,,[원천보존] 연도 텍스트,
AGENCY_AD_ROW_REBRDC,재방송광고 원천 무손실 staging,1행 (원천 staging row),광고,BRDC_MT,방송월 텍스트,VARCHAR,Y,,,[원천보존] 방송월 텍스트,
AGENCY_AD_ROW_REBRDC,재방송광고 원천 무손실 staging,1행 (원천 staging row),광고,CHNNL_CMPNY,채널사,VARCHAR,Y,,,[원천보존] 채널사,
AGENCY_AD_ROW_REBRDC,재방송광고 원천 무손실 staging,1행 (원천 staging row),광고,BRDC_NM,방송명,VARCHAR,Y,,,[원천보존] 방송명,
AGENCY_AD_ROW_REBRDC,재방송광고 원천 무손실 staging,1행 (원천 staging row),광고,BRDC_DIV_NM,방송구분,VARCHAR,Y,,,[원천보존] 방송구분,
AGENCY_AD_ROW_REBRDC,재방송광고 원천 무손실 staging,1행 (원천 staging row),광고,DATE,실적일/송출일,DATE,Y,,,[원천보존] 실적일/송출일,
AGENCY_AD_ROW_REBRDC,재방송광고 원천 무손실 staging,1행 (원천 staging row),광고,DOW,요일 텍스트,VARCHAR,Y,,,[원천보존] 요일 텍스트,
AGENCY_AD_ROW_REBRDC,재방송광고 원천 무손실 staging,1행 (원천 staging row),광고,BRDC_TIME,방송시각,VARCHAR,Y,,,[원천보존] 방송시각,
AGENCY_AD_ROW_REBRDC,재방송광고 원천 무손실 staging,1행 (원천 staging row),광고,INBOUND_CALL_CNT,인입콜수(TEXT),VARCHAR,Y,,,[원천보존] 인입콜수(TEXT),
AGENCY_AD_ROW_REBRDC,재방송광고 원천 무손실 staging,1행 (원천 staging row),광고,DVLP_MBER_CNT,개발회원수,FLOAT,Y,,,[원천보존] 개발회원수,
AGENCY_AD_ROW_REBRDC,재방송광고 원천 무손실 staging,1행 (원천 staging row),광고,DVLP_CNT,개발건수,FLOAT,Y,,,[원천보존] 개발건수,
AGENCY_AD_ROW_REBRDC,재방송광고 원천 무손실 staging,1행 (원천 staging row),광고,BRDC_SCHDL_COST,편성비용,FLOAT,Y,,,[원천보존] 편성비용,
AGENCY_AD_ROW_REBRDC,재방송광고 원천 무손실 staging,1행 (원천 staging row),광고,WEEK,주차 텍스트,VARCHAR,Y,,,[원천보존] 주차 텍스트,
AGENCY_AD_ROW_REBRDC,재방송광고 원천 무손실 staging,1행 (원천 staging row),광고,AD_CNT,광고횟수,FLOAT,Y,,,[원천보존] 광고횟수,
AGENCY_AD_ROW_REBRDC,재방송광고 원천 무손실 staging,1행 (원천 staging row),광고,TIME_RNG_DIV_NM,시간대구분명,VARCHAR,Y,,,[원천보존] 시간대구분명,
AGENCY_AD_ROW_REBRDC,재방송광고 원천 무손실 staging,1행 (원천 staging row),광고,CELEB_NM,출연자명 (PII 판정 대기 O14),VARCHAR,Y,,,출연자명 (PII 판정 대기 O14).,
AGENCY_AD_ROW_REBRDC,재방송광고 원천 무손실 staging,1행 (원천 staging row),광고,DMST_OVSEA_DIV_NM,국내/해외 구분,VARCHAR,Y,,,[원천보존] 국내/해외 구분,
AGENCY_AD_ROW_REBRDC,재방송광고 원천 무손실 staging,1행 (원천 staging row),광고,CASE1_BSNS_DIV_NM,사례1 사업구분,VARCHAR,Y,,,[원천보존] 사례1 사업구분,
AGENCY_AD_ROW_REBRDC,재방송광고 원천 무손실 staging,1행 (원천 staging row),광고,CASE1_FAM_TY_NM,사례1 가족유형,VARCHAR,Y,,,[원천보존] 사례1 가족유형,
AGENCY_AD_ROW_REBRDC,재방송광고 원천 무손실 staging,1행 (원천 staging row),광고,CASE1_APPEAL_POINT_NM,사례1 어필포인트,VARCHAR,Y,,,[원천보존] 사례1 어필포인트,
AGENCY_AD_ROW_REBRDC,재방송광고 원천 무손실 staging,1행 (원천 staging row),광고,CASE1_CHILD_NM,사례1 아동명 (PII 미적재),VARCHAR,Y,,,[원천보존] 사례1 아동명 (PII 미적재),
AGENCY_AD_ROW_REBRDC,재방송광고 원천 무손실 staging,1행 (원천 staging row),광고,CASE1_CASE_DIV_NM,사례1 사례구분,VARCHAR,Y,,,[원천보존] 사례1 사례구분,
AGENCY_AD_ROW_REBRDC,재방송광고 원천 무손실 staging,1행 (원천 staging row),광고,CASE2_BSNS_DIV_NM,사례2 사업구분,VARCHAR,Y,,,[원천보존] 사례2 사업구분,
AGENCY_AD_ROW_REBRDC,재방송광고 원천 무손실 staging,1행 (원천 staging row),광고,CASE2_FAM_TY_NM,사례2 가족유형,VARCHAR,Y,,,[원천보존] 사례2 가족유형,
AGENCY_AD_ROW_REBRDC,재방송광고 원천 무손실 staging,1행 (원천 staging row),광고,CASE2_APPEAL_POINT_NM,사례2 어필포인트,VARCHAR,Y,,,[원천보존] 사례2 어필포인트,
AGENCY_AD_ROW_REBRDC,재방송광고 원천 무손실 staging,1행 (원천 staging row),광고,CASE2_CHILD_NM,사례2 아동명 (PII 미적재),VARCHAR,Y,,,[원천보존] 사례2 아동명 (PII 미적재),
AGENCY_AD_ROW_REBRDC,재방송광고 원천 무손실 staging,1행 (원천 staging row),광고,CASE2_CASE_DIV_NM,사례2 사례구분,VARCHAR,Y,,,[원천보존] 사례2 사례구분,
AGENCY_AD_ROW_REBRDC,재방송광고 원천 무손실 staging,1행 (원천 staging row),광고,CASE3_BSNS_DIV_NM,사례3 사업구분,VARCHAR,Y,,,[원천보존] 사례3 사업구분,
AGENCY_AD_ROW_REBRDC,재방송광고 원천 무손실 staging,1행 (원천 staging row),광고,CASE3_FAM_TY_NM,사례3 가족유형,VARCHAR,Y,,,[원천보존] 사례3 가족유형,
AGENCY_AD_ROW_REBRDC,재방송광고 원천 무손실 staging,1행 (원천 staging row),광고,CASE3_APPEAL_POINT_NM,사례3 어필포인트,VARCHAR,Y,,,[원천보존] 사례3 어필포인트,
AGENCY_AD_ROW_REBRDC,재방송광고 원천 무손실 staging,1행 (원천 staging row),광고,CASE3_CHILD_NM,사례3 아동명 (PII 미적재),VARCHAR,Y,,,[원천보존] 사례3 아동명 (PII 미적재),
AGENCY_AD_ROW_REBRDC,재방송광고 원천 무손실 staging,1행 (원천 staging row),광고,CASE3_CASE_DIV_NM,사례3 사례구분,VARCHAR,Y,,,[원천보존] 사례3 사례구분,
AGENCY_AD_ROW_REBRDC,재방송광고 원천 무손실 staging,1행 (원천 staging row),광고,DW_SOURCE_SYSTEM,원천 시스템 식별,VARCHAR,N,,,원천 시스템 식별 (공통감사),공통감사
AGENCY_AD_ROW_REBRDC,재방송광고 원천 무손실 staging,1행 (원천 staging row),광고,DW_SOURCE_TABLE,원천 테이블 식별,VARCHAR,Y,,,원천 테이블 식별 (공통감사),공통감사
AGENCY_AD_ROW_REBRDC,재방송광고 원천 무손실 staging,1행 (원천 staging row),광고,DW_LOAD_TS,최초 적재 시각,TIMESTAMP_NTZ,N,,,최초 적재 시각 (공통감사),공통감사
AGENCY_AD_ROW_REBRDC,재방송광고 원천 무손실 staging,1행 (원천 staging row),광고,DW_UPDATE_TS,최종 갱신 시각,TIMESTAMP_NTZ,Y,,,최종 갱신 시각 (공통감사),공통감사
AGENCY_AD_ROW_REBRDC,재방송광고 원천 무손실 staging,1행 (원천 staging row),광고,DW_BATCH_ID,적재 배치 식별자,VARCHAR,Y,,,적재 배치 식별자 = dbt invocation_id (공통감사),공통감사
AGENCY_AD_ROW_VIDEO,방송광고 원천 무손실 staging,1행 (원천 staging row),광고,AD_PERF_DK,광고성과 불변키,VARCHAR,N,PK,,행 식별자 — 본 테이블이 발급 단일지점,
AGENCY_AD_ROW_VIDEO,방송광고 원천 무손실 staging,1행 (원천 staging row),광고,AD_SOURCE_TYPE,광고 원천유형,VARCHAR,N,,,광고유형 상수 VIDEO,
AGENCY_AD_ROW_VIDEO,방송광고 원천 무손실 staging,1행 (원천 staging row),광고,ROW_HASH,원천 전컬럼 해시,VARCHAR,Y,,,원천 전컬럼 해시,
AGENCY_AD_ROW_VIDEO,방송광고 원천 무손실 staging,1행 (원천 staging row),광고,DUP_SEQ,전컬럼 중복 그룹 내 순번(최대 3중복),"NUMBER(9,0)",Y,,,전컬럼 중복 그룹 내 순번(최대 3중복),
AGENCY_AD_ROW_VIDEO,방송광고 원천 무손실 staging,1행 (원천 staging row),광고,CHNNL_NM,채널명,VARCHAR,Y,,,[원천보존] 채널명,
AGENCY_AD_ROW_VIDEO,방송광고 원천 무손실 staging,1행 (원천 staging row),광고,DOW,요일 텍스트,VARCHAR,Y,,,[원천보존] 요일 텍스트,
AGENCY_AD_ROW_VIDEO,방송광고 원천 무손실 staging,1행 (원천 staging row),광고,BRDC_DATE,송출일,DATE,Y,,,[원천보존] 송출일,
AGENCY_AD_ROW_VIDEO,방송광고 원천 무손실 staging,1행 (원천 staging row),광고,TIME_RNG,시간대,VARCHAR,Y,,,[원천보존] 시간대,
AGENCY_AD_ROW_VIDEO,방송광고 원천 무손실 staging,1행 (원천 staging row),광고,DAY_DIV_NM,요일구분(평일/주말),VARCHAR,Y,,,[원천보존] 요일구분(평일/주말),
AGENCY_AD_ROW_VIDEO,방송광고 원천 무손실 staging,1행 (원천 staging row),광고,PRG_STRT_TIME,프로그램 시작시간,VARCHAR,Y,,,[원천보존] 프로그램 시작시간,
AGENCY_AD_ROW_VIDEO,방송광고 원천 무손실 staging,1행 (원천 staging row),광고,SCHDL_NM,편성명,VARCHAR,Y,,,[원천보존] 편성명,
AGENCY_AD_ROW_VIDEO,방송광고 원천 무손실 staging,1행 (원천 staging row),광고,CM,CM 구분,VARCHAR,Y,,,[원천보존] CM 구분,
AGENCY_AD_ROW_VIDEO,방송광고 원천 무손실 staging,1행 (원천 staging row),광고,CM_AREA,CM위치,VARCHAR,Y,,,[원천보존] CM위치,
AGENCY_AD_ROW_VIDEO,방송광고 원천 무손실 staging,1행 (원천 staging row),광고,AD_STRT_TIME,광고시작시간,VARCHAR,Y,,,[원천보존] 광고시작시간,
AGENCY_AD_ROW_VIDEO,방송광고 원천 무손실 staging,1행 (원천 staging row),광고,AD_END_TIME,광고종료시간,VARCHAR,Y,,,[원천보존] 광고종료시간,
AGENCY_AD_ROW_VIDEO,방송광고 원천 무손실 staging,1행 (원천 staging row),광고,SPOT_TY,SPOT유형,VARCHAR,Y,,,[원천보존] SPOT유형,
AGENCY_AD_ROW_VIDEO,방송광고 원천 무손실 staging,1행 (원천 staging row),광고,AD_VIEW_RT,광고시청률 (비가산),FLOAT,Y,,,[원천보존] 광고시청률 (비가산),
AGENCY_AD_ROW_VIDEO,방송광고 원천 무손실 staging,1행 (원천 staging row),광고,AD_CNT,광고횟수,"NUMBER(38,0)",Y,,,[원천보존] 광고횟수,
AGENCY_AD_ROW_VIDEO,방송광고 원천 무손실 staging,1행 (원천 staging row),광고,AD_SEC,광고 초수(TEXT),VARCHAR,Y,,,[원천보존] 광고 초수(TEXT),
AGENCY_AD_ROW_VIDEO,방송광고 원천 무손실 staging,1행 (원천 staging row),광고,ACTL_PUR_AD_COST_KRW,실집행 광고비(원),"NUMBER(38,0)",Y,,,[원천보존] 실집행 광고비(원),
AGENCY_AD_ROW_VIDEO,방송광고 원천 무손실 staging,1행 (원천 staging row),광고,INBOUND_CALL_CNT,인입콜수,"NUMBER(38,0)",Y,,,[원천보존] 인입콜수,
AGENCY_AD_ROW_VIDEO,방송광고 원천 무손실 staging,1행 (원천 staging row),광고,CPC,"대행사 산정 CPC(TEXT, 비가산)",VARCHAR,Y,,,"[원천보존] 대행사 산정 CPC(TEXT, 비가산)",
AGENCY_AD_ROW_VIDEO,방송광고 원천 무손실 staging,1행 (원천 staging row),광고,UPPER_CMPGN_NM,상위 캠페인명,VARCHAR,Y,,,[원천보존] 상위 캠페인명,
AGENCY_AD_ROW_VIDEO,방송광고 원천 무손실 staging,1행 (원천 staging row),광고,MATR_NM,소재명,VARCHAR,Y,,,[원천보존] 소재명,
AGENCY_AD_ROW_VIDEO,방송광고 원천 무손실 staging,1행 (원천 staging row),광고,CMPGN_TY_NM,캠페인 유형명,VARCHAR,Y,,,[원천보존] 캠페인유형명,
AGENCY_AD_ROW_VIDEO,방송광고 원천 무손실 staging,1행 (원천 staging row),광고,DUR_PD_MATR_CHN,기간/소재 채널,VARCHAR,Y,,,[원천보존] 기간/소재 채널,
AGENCY_AD_ROW_VIDEO,방송광고 원천 무손실 staging,1행 (원천 staging row),광고,CHNNL_CMPNY_TY_NM,채널사유형,VARCHAR,Y,,,[원천보존] 채널사유형,
AGENCY_AD_ROW_VIDEO,방송광고 원천 무손실 staging,1행 (원천 staging row),광고,WEEK,주차 텍스트,VARCHAR,Y,,,[원천보존] 주차 텍스트,
AGENCY_AD_ROW_VIDEO,방송광고 원천 무손실 staging,1행 (원천 staging row),광고,CONV_CALL_CNT,전환콜,FLOAT,Y,,,[원천보존] 전환콜,
AGENCY_AD_ROW_VIDEO,방송광고 원천 무손실 staging,1행 (원천 staging row),광고,BRDC_MT,방송월 텍스트,VARCHAR,Y,,,[원천보존] 방송월 텍스트,
AGENCY_AD_ROW_VIDEO,방송광고 원천 무손실 staging,1행 (원천 staging row),광고,YEAR,연도 텍스트,VARCHAR,Y,,,[원천보존] 연도 텍스트,
AGENCY_AD_ROW_VIDEO,방송광고 원천 무손실 staging,1행 (원천 staging row),광고,CTV_DIV_NM,CTV구분,VARCHAR,Y,,,[원천보존] CTV구분,
AGENCY_AD_ROW_VIDEO,방송광고 원천 무손실 staging,1행 (원천 staging row),광고,MKT_CMPGN_NM,마케팅 캠페인명,VARCHAR,Y,,,[원천보존] 마케팅 캠페인명,
AGENCY_AD_ROW_VIDEO,방송광고 원천 무손실 staging,1행 (원천 staging row),광고,SPNSR_BSNS_NM,후원사업명,VARCHAR,Y,,,[원천보존] 후원사업명,
AGENCY_AD_ROW_VIDEO,방송광고 원천 무손실 staging,1행 (원천 staging row),광고,DMST_OVSEA_DIV_NM,국내/해외 구분,VARCHAR,Y,,,[원천보존] 국내/해외 구분,
AGENCY_AD_ROW_VIDEO,방송광고 원천 무손실 staging,1행 (원천 staging row),광고,BSNS_CASE_DIV_NM,사업/사례 구분,VARCHAR,Y,,,[원천보존] 사업/사례 구분,
AGENCY_AD_ROW_VIDEO,방송광고 원천 무손실 staging,1행 (원천 staging row),광고,DW_SOURCE_SYSTEM,원천 시스템 식별,VARCHAR,N,,,원천 시스템 식별 (공통감사),공통감사
AGENCY_AD_ROW_VIDEO,방송광고 원천 무손실 staging,1행 (원천 staging row),광고,DW_SOURCE_TABLE,원천 테이블 식별,VARCHAR,Y,,,원천 테이블 식별 (공통감사),공통감사
AGENCY_AD_ROW_VIDEO,방송광고 원천 무손실 staging,1행 (원천 staging row),광고,DW_LOAD_TS,최초 적재 시각,TIMESTAMP_NTZ,N,,,최초 적재 시각 (공통감사),공통감사
AGENCY_AD_ROW_VIDEO,방송광고 원천 무손실 staging,1행 (원천 staging row),광고,DW_UPDATE_TS,최종 갱신 시각,TIMESTAMP_NTZ,Y,,,최종 갱신 시각 (공통감사),공통감사
AGENCY_AD_ROW_VIDEO,방송광고 원천 무손실 staging,1행 (원천 staging row),광고,DW_BATCH_ID,적재 배치 식별자,VARCHAR,Y,,,적재 배치 식별자 = dbt invocation_id (공통감사),공통감사
BIGQUERY_BASIC,GA4 기반 테이블,EVENT_DT × EVENT_SEQ (1이벤트),GA4,USER_PSEUDO_ID,세션 스파인,VARCHAR,N,PK,,세션 스파인 (PK),
BIGQUERY_BASIC,GA4 기반 테이블,EVENT_DT × EVENT_SEQ (1이벤트),GA4,EVENT_TIMESTAMP,UTC microsec,"NUMBER(38,0)",N,PK,,UTC microsec (PK),
BIGQUERY_BASIC,GA4 기반 테이블,EVENT_DT × EVENT_SEQ (1이벤트),GA4,EVENT_NAME,행사명/이벤트명,VARCHAR,N,PK,,이벤트명 (PK),
BIGQUERY_BASIC,GA4 기반 테이블,EVENT_DT × EVENT_SEQ (1이벤트),GA4,EVENT_SEQ,이벤트 순번,"NUMBER(38,0)",N,PK,,EVENT_SEQ.,
BIGQUERY_BASIC,GA4 기반 테이블,EVENT_DT × EVENT_SEQ (1이벤트),GA4,EVENT_DATE,원본 YYYYMMDD,VARCHAR,Y,,,원본 YYYYMMDD,
BIGQUERY_BASIC,GA4 기반 테이블,EVENT_DT × EVENT_SEQ (1이벤트),GA4,EVENT_DT,업무일자 DATE,DATE,N,,,업무일자 DATE.,
BIGQUERY_BASIC,GA4 기반 테이블,EVENT_DT × EVENT_SEQ (1이벤트),GA4,EVENT_TS,파생 TIMESTAMP,TIMESTAMP_NTZ,Y,,,파생 TIMESTAMP,
BIGQUERY_BASIC,GA4 기반 테이블,EVENT_DT × EVENT_SEQ (1이벤트),GA4,USER_ID,GA4 user_id 원본(불변 보존),VARCHAR,Y,,,GA4 user_id 원본(불변 보존). USER_ID 사용.,
BIGQUERY_BASIC,GA4 기반 테이블,EVENT_DT × EVENT_SEQ (1이벤트),GA4,ID_SCHEME,식별자 체계,VARCHAR,Y,,,ID_SCHEME.,
BIGQUERY_BASIC,GA4 기반 테이블,EVENT_DT × EVENT_SEQ (1이벤트),GA4,GA_SESSION_ID,GA 세션ID(EP_GA_SESSION_ID TRY_CAST),"NUMBER(38,0)",Y,,,GA 세션ID(EP_GA_SESSION_ID TRY_CAST).,
BIGQUERY_BASIC,GA4 기반 테이블,EVENT_DT × EVENT_SEQ (1이벤트),GA4,GA_SESSION_NUMBER,GA 세션 번호,"NUMBER(38,0)",Y,,,GA_SESSION_NUMBER.,
BIGQUERY_BASIC,GA4 기반 테이블,EVENT_DT × EVENT_SEQ (1이벤트),GA4,GA_SESSION_KEY,"파생 세션 자연키 = user_pseudo_id ∥ """,VARCHAR,Y,,,"파생 세션 자연키 = user_pseudo_id ∥ "".",
BIGQUERY_BASIC,GA4 기반 테이블,EVENT_DT × EVENT_SEQ (1이벤트),GA4,SESSION_ENGAGED,세션 engaged 여부(EP_SESSION_ENGAGED),VARCHAR,Y,,,세션 engaged 여부(EP_SESSION_ENGAGED).,
BIGQUERY_BASIC,GA4 기반 테이블,EVENT_DT × EVENT_SEQ (1이벤트),GA4,ENGAGEMENT_TIME_MSEC,참여 시간(밀리초),"NUMBER(38,0)",Y,,,ENGAGEMENT_TIME_MSEC.,
BIGQUERY_BASIC,GA4 기반 테이블,EVENT_DT × EVENT_SEQ (1이벤트),GA4,PAGE_LOCATION,페이지 URL(EP_PAGE_LOCATION),VARCHAR,Y,,,페이지 URL(EP_PAGE_LOCATION),
BIGQUERY_BASIC,GA4 기반 테이블,EVENT_DT × EVENT_SEQ (1이벤트),GA4,PAGE_TITLE,페이지 제목(EP_PAGE_TITLE),VARCHAR,Y,,,페이지 제목(EP_PAGE_TITLE),
BIGQUERY_BASIC,GA4 기반 테이블,EVENT_DT × EVENT_SEQ (1이벤트),GA4,PAGE_REFERRER,리퍼러 URL(EP_PAGE_REFERRER),VARCHAR,Y,,,리퍼러 URL(EP_PAGE_REFERRER),
BIGQUERY_BASIC,GA4 기반 테이블,EVENT_DT × EVENT_SEQ (1이벤트),GA4,EVENT_CATEGORY,이벤트 카테고리,VARCHAR,Y,,,EVENT_CATEGORY.,
BIGQUERY_BASIC,GA4 기반 테이블,EVENT_DT × EVENT_SEQ (1이벤트),GA4,EVENT_ACTION,"이벤트 액션(EP_EVENT_ACTION, 센티넬 NULLIF)",VARCHAR,Y,,,"이벤트 액션(EP_EVENT_ACTION, 센티넬 NULLIF).",
BIGQUERY_BASIC,GA4 기반 테이블,EVENT_DT × EVENT_SEQ (1이벤트),GA4,EVENT_LABEL,"이벤트 라벨(EP_EVENT_LABEL, 센티넬 NULLIF)",VARCHAR,Y,,,"이벤트 라벨(EP_EVENT_LABEL, 센티넬 NULLIF).",
BIGQUERY_BASIC,GA4 기반 테이블,EVENT_DT × EVENT_SEQ (1이벤트),GA4,PERCENT_SCROLLED,스크롤 비율,"NUMBER(38,0)",Y,,,PERCENT_SCROLLED.,
BIGQUERY_BASIC,GA4 기반 테이블,EVENT_DT × EVENT_SEQ (1이벤트),GA4,LINK_URL,클릭 링크 URL(EP_LINK_URL),VARCHAR,Y,,,클릭 링크 URL(EP_LINK_URL),
BIGQUERY_BASIC,GA4 기반 테이블,EVENT_DT × EVENT_SEQ (1이벤트),GA4,LINK_TEXT,클릭 링크 텍스트(EP_LINK_TEXT),VARCHAR,Y,,,클릭 링크 텍스트(EP_LINK_TEXT),
BIGQUERY_BASIC,GA4 기반 테이블,EVENT_DT × EVENT_SEQ (1이벤트),GA4,DEVICE_TYPE,기기 유형,VARCHAR,Y,,,DEVICE_TYPE.,
BIGQUERY_BASIC,GA4 기반 테이블,EVENT_DT × EVENT_SEQ (1이벤트),GA4,DEVICE_CATEGORY,디바이스 카테고리(원본),VARCHAR,Y,,,디바이스 카테고리(원본),
BIGQUERY_BASIC,GA4 기반 테이블,EVENT_DT × EVENT_SEQ (1이벤트),GA4,OS,운영체제(DEVICE_OPERATING_SYSTEM),VARCHAR,Y,,,운영체제(DEVICE_OPERATING_SYSTEM),
BIGQUERY_BASIC,GA4 기반 테이블,EVENT_DT × EVENT_SEQ (1이벤트),GA4,BROWSER,브라우저(DEVICE_WEB_INFO_BROWSER),VARCHAR,Y,,,브라우저(DEVICE_WEB_INFO_BROWSER),
BIGQUERY_BASIC,GA4 기반 테이블,EVENT_DT × EVENT_SEQ (1이벤트),GA4,LANGUAGE,언어(DEVICE_LANGUAGE),VARCHAR,Y,,,언어(DEVICE_LANGUAGE),
BIGQUERY_BASIC,GA4 기반 테이블,EVENT_DT × EVENT_SEQ (1이벤트),GA4,PLATFORM,플랫폼(원본),VARCHAR,Y,,,플랫폼(원본),
BIGQUERY_BASIC,GA4 기반 테이블,EVENT_DT × EVENT_SEQ (1이벤트),GA4,IS_ACTIVE_USER,활성 사용자 여부(원본),BOOLEAN,Y,,,활성 사용자 여부(원본),
BIGQUERY_BASIC,GA4 기반 테이블,EVENT_DT × EVENT_SEQ (1이벤트),GA4,GEO_COUNTRY,국가(원본),VARCHAR,Y,,,국가(원본),
BIGQUERY_BASIC,GA4 기반 테이블,EVENT_DT × EVENT_SEQ (1이벤트),GA4,GEO_CITY,도시(원본),VARCHAR,Y,,,도시(원본),
BIGQUERY_BASIC,GA4 기반 테이블,EVENT_DT × EVENT_SEQ (1이벤트),GA4,UTM_SOURCE,UTM 소스,VARCHAR,Y,,,UTM_SOURCE.,
BIGQUERY_BASIC,GA4 기반 테이블,EVENT_DT × EVENT_SEQ (1이벤트),GA4,UTM_MEDIUM,UTM 매체,VARCHAR,Y,,,UTM_MEDIUM.,
BIGQUERY_BASIC,GA4 기반 테이블,EVENT_DT × EVENT_SEQ (1이벤트),GA4,UTM_CAMPAIGN,UTM 캠페인,VARCHAR,Y,,,UTM_CAMPAIGN.,
BIGQUERY_BASIC,GA4 기반 테이블,EVENT_DT × EVENT_SEQ (1이벤트),GA4,UTM_CONTENT,UTM 콘텐츠,VARCHAR,Y,,,UTM content(STSLC_MC_CONTENT),
BIGQUERY_BASIC,GA4 기반 테이블,EVENT_DT × EVENT_SEQ (1이벤트),GA4,UTM_TERM,UTM 검색어,VARCHAR,Y,,,UTM term(STSLC_MC_TERM),
BIGQUERY_BASIC,GA4 기반 테이블,EVENT_DT × EVENT_SEQ (1이벤트),GA4,SOURCE_MEDIUM,SOURCE_MEDIUM,VARCHAR,Y,,,SOURCE_MEDIUM.,
BIGQUERY_BASIC,GA4 기반 테이블,EVENT_DT × EVENT_SEQ (1이벤트),GA4,XCHAN_SOURCE,크로스채널 소스,VARCHAR,Y,,,XCHAN_SOURCE.,
BIGQUERY_BASIC,GA4 기반 테이블,EVENT_DT × EVENT_SEQ (1이벤트),GA4,XCHAN_MEDIUM,크로스채널 매체,VARCHAR,Y,,,XCHAN_MEDIUM.,
BIGQUERY_BASIC,GA4 기반 테이블,EVENT_DT × EVENT_SEQ (1이벤트),GA4,XCHAN_CAMPAIGN,크로스채널 캠페인,VARCHAR,Y,,,XCHAN_CAMPAIGN.,
BIGQUERY_BASIC,GA4 기반 테이블,EVENT_DT × EVENT_SEQ (1이벤트),GA4,DEFAULT_CHANNEL_GROUP,DEFAULT_CHANNEL_GROUP,VARCHAR,Y,,,DEFAULT_CHANNEL_GROUP.,
BIGQUERY_BASIC,GA4 기반 테이블,EVENT_DT × EVENT_SEQ (1이벤트),GA4,GAC_AD_GROUP_ID,GAC_AD_GROUP_ID,VARCHAR,Y,,,GAC_AD_GROUP_ID.,
BIGQUERY_BASIC,GA4 기반 테이블,EVENT_DT × EVENT_SEQ (1이벤트),GA4,GAC_AD_GROUP_NAME,GAC_AD_GROUP_NAME,VARCHAR,Y,,,GAC_AD_GROUP_NAME.,
BIGQUERY_BASIC,GA4 기반 테이블,EVENT_DT × EVENT_SEQ (1이벤트),GA4,GAC_CAMPAIGN_NAME,GAC_CAMPAIGN_NAME,VARCHAR,Y,,,GAC_CAMPAIGN_NAME.,
BIGQUERY_BASIC,GA4 기반 테이블,EVENT_DT × EVENT_SEQ (1이벤트),GA4,BATCH_ORDERING_ID,BATCH_ORDERING_ID,"NUMBER(38,0)",Y,,,BATCH_ORDERING_ID.,
BIGQUERY_BASIC,GA4 기반 테이블,EVENT_DT × EVENT_SEQ (1이벤트),GA4,DW_SOURCE_SYSTEM,원천 시스템 식별,VARCHAR,N,,,원천 시스템 식별 (공통감사),공통감사
BIGQUERY_BASIC,GA4 기반 테이블,EVENT_DT × EVENT_SEQ (1이벤트),GA4,DW_SOURCE_TABLE,원천 테이블 식별,VARCHAR,Y,,,원천 테이블 식별 (공통감사),공통감사
BIGQUERY_BASIC,GA4 기반 테이블,EVENT_DT × EVENT_SEQ (1이벤트),GA4,DW_LOAD_TS,최초 적재 시각,TIMESTAMP_NTZ,N,,,최초 적재 시각 (공통감사),공통감사
BIGQUERY_BASIC,GA4 기반 테이블,EVENT_DT × EVENT_SEQ (1이벤트),GA4,DW_UPDATE_TS,최종 갱신 시각,TIMESTAMP_NTZ,Y,,,최종 갱신 시각 (공통감사),공통감사
BIGQUERY_BASIC,GA4 기반 테이블,EVENT_DT × EVENT_SEQ (1이벤트),GA4,DW_BATCH_ID,적재 배치 식별자,VARCHAR,Y,,,적재 배치 식별자 = dbt invocation_id (공통감사),공통감사
BIGQUERY_DEVICE,GA 디바이스,1디바이스,GA4,DEVICE_TYPE,기기 유형,VARCHAR,N,,,디바이스 유형 파생. 실측값 PC/M 2종만(APP 휴면·O2).,
BIGQUERY_DEVICE,GA 디바이스,1디바이스,GA4,PLATFORM,플랫폼,VARCHAR,Y,,,플랫폼. 실측값 WEB 단일(ANDROID/IOS 미입고). [사유:원천 미입고],
BIGQUERY_DEVICE,GA 디바이스,1디바이스,GA4,DEVICE_CATEGORY,디바이스 카테고리 (원본),VARCHAR,Y,,,디바이스 카테고리 (원본),
BIGQUERY_DEVICE,GA 디바이스,1디바이스,GA4,OS,운영체제,VARCHAR,Y,,,운영체제,
BIGQUERY_DEVICE,GA 디바이스,1디바이스,GA4,BROWSER,브라우저,VARCHAR,Y,,,브라우저,
BIGQUERY_DEVICE,GA 디바이스,1디바이스,GA4,LANGUAGE,언어,VARCHAR,Y,,,언어,
BIGQUERY_DEVICE,GA 디바이스,1디바이스,GA4,DW_SOURCE_SYSTEM,원천 시스템 식별,VARCHAR,N,,,원천 시스템 식별 (공통감사),공통감사
BIGQUERY_DEVICE,GA 디바이스,1디바이스,GA4,DW_SOURCE_TABLE,원천 테이블 식별,VARCHAR,Y,,,원천 테이블 식별 (공통감사),공통감사
BIGQUERY_DEVICE,GA 디바이스,1디바이스,GA4,DW_LOAD_TS,최초 적재 시각,TIMESTAMP_NTZ,N,,,최초 적재 시각 (공통감사),공통감사
BIGQUERY_DEVICE,GA 디바이스,1디바이스,GA4,DW_UPDATE_TS,최종 갱신 시각,TIMESTAMP_NTZ,Y,,,최종 갱신 시각 (공통감사),공통감사
BIGQUERY_DEVICE,GA 디바이스,1디바이스,GA4,DW_BATCH_ID,적재 배치 식별자,VARCHAR,Y,,,적재 배치 식별자 = dbt invocation_id (공통감사),공통감사
BIGQUERY_EVENT,GA 이벤트 팩트 소스,EVENT_DT × EVENT_SEQ (1이벤트),GA4,USER_PSEUDO_ID,세션 스파인,VARCHAR,N,PK,,세션 스파인 (PK),
BIGQUERY_EVENT,GA 이벤트 팩트 소스,EVENT_DT × EVENT_SEQ (1이벤트),GA4,EVENT_TIMESTAMP,UTC microsec,"NUMBER(38,0)",N,PK,,UTC microsec (PK),
BIGQUERY_EVENT,GA 이벤트 팩트 소스,EVENT_DT × EVENT_SEQ (1이벤트),GA4,EVENT_NAME,행사명/이벤트명,VARCHAR,N,PK,,이벤트명 (PK),
BIGQUERY_EVENT,GA 이벤트 팩트 소스,EVENT_DT × EVENT_SEQ (1이벤트),GA4,EVENT_SEQ,이벤트 순번,"NUMBER(38,0)",N,PK,,동일 3키 내 순번 .  GA4.,
BIGQUERY_EVENT,GA 이벤트 팩트 소스,EVENT_DT × EVENT_SEQ (1이벤트),GA4,BATCH_ORDERING_ID,배치 내 정렬 ID,"NUMBER(38,0)",Y,,,배치 내 정렬 ID.,
BIGQUERY_EVENT,GA 이벤트 팩트 소스,EVENT_DT × EVENT_SEQ (1이벤트),GA4,EVENT_DATE,원본 YYYYMMDD,VARCHAR,Y,,,원본 YYYYMMDD,
BIGQUERY_EVENT,GA 이벤트 팩트 소스,EVENT_DT × EVENT_SEQ (1이벤트),GA4,EVENT_DT,파생 DATE,DATE,N,,,파생 DATE.,
BIGQUERY_EVENT,GA 이벤트 팩트 소스,EVENT_DT × EVENT_SEQ (1이벤트),GA4,EVENT_TS,파생 TIMESTAMP,TIMESTAMP_NTZ,Y,,,파생 TIMESTAMP,
BIGQUERY_EVENT,GA 이벤트 팩트 소스,EVENT_DT × EVENT_SEQ (1이벤트),GA4,USER_ID,GA4 user_id 원본(불변 보존),VARCHAR,Y,,,GA4 user_id 원본(불변 보존).  GA4.,
BIGQUERY_EVENT,GA 이벤트 팩트 소스,EVENT_DT × EVENT_SEQ (1이벤트),GA4,ID_SCHEME,식별자 체계,VARCHAR,Y,,,ID_SCHEME.,
BIGQUERY_EVENT,GA 이벤트 팩트 소스,EVENT_DT × EVENT_SEQ (1이벤트),GA4,GA_SESSION_ID,GA 세션ID,"NUMBER(38,0)",Y,,,GA 세션ID,
BIGQUERY_EVENT,GA 이벤트 팩트 소스,EVENT_DT × EVENT_SEQ (1이벤트),GA4,GA_SESSION_NUMBER,GA 세션 번호,"NUMBER(38,0)",Y,,,GA 세션 번호,
BIGQUERY_EVENT,GA 이벤트 팩트 소스,EVENT_DT × EVENT_SEQ (1이벤트),GA4,GA_SESSION_KEY,파생 세션 자연키,VARCHAR,Y,,,"파생 세션 자연키 (복합 = pseudo ∥ "".",
BIGQUERY_EVENT,GA 이벤트 팩트 소스,EVENT_DT × EVENT_SEQ (1이벤트),GA4,USER_ID_FILLED,파생 세션 전파 회원번호,VARCHAR,Y,,,파생 세션 전파 회원번호.  GA4.,
BIGQUERY_EVENT,GA 이벤트 팩트 소스,EVENT_DT × EVENT_SEQ (1이벤트),GA4,ID_RESOLUTION,ID_RESOLUTION,VARCHAR,Y,,,ID_RESOLUTION.,
BIGQUERY_EVENT,GA 이벤트 팩트 소스,EVENT_DT × EVENT_SEQ (1이벤트),GA4,SESSION_ENGAGED,세션 engaged 여부,VARCHAR,Y,,,세션 engaged 여부,
BIGQUERY_EVENT,GA 이벤트 팩트 소스,EVENT_DT × EVENT_SEQ (1이벤트),GA4,ENGAGEMENT_TIME_MSEC,참여 시간(밀리초),"NUMBER(38,0)",Y,,,참여시간 msec (비가산 raw),
BIGQUERY_EVENT,GA 이벤트 팩트 소스,EVENT_DT × EVENT_SEQ (1이벤트),GA4,PAGE_LOCATION,페이지 URL,VARCHAR,Y,,,페이지 URL,
BIGQUERY_EVENT,GA 이벤트 팩트 소스,EVENT_DT × EVENT_SEQ (1이벤트),GA4,PAGE_TITLE,페이지 제목,VARCHAR,Y,,,페이지 제목,
BIGQUERY_EVENT,GA 이벤트 팩트 소스,EVENT_DT × EVENT_SEQ (1이벤트),GA4,PAGE_REFERRER,리퍼러 URL,VARCHAR,Y,,,리퍼러 URL,
BIGQUERY_EVENT,GA 이벤트 팩트 소스,EVENT_DT × EVENT_SEQ (1이벤트),GA4,EVENT_CATEGORY,이벤트 카테고리,VARCHAR,Y,,,이벤트 카테고리,
BIGQUERY_EVENT,GA 이벤트 팩트 소스,EVENT_DT × EVENT_SEQ (1이벤트),GA4,EVENT_ACTION,이벤트 액션,VARCHAR,Y,,,이벤트 액션,
BIGQUERY_EVENT,GA 이벤트 팩트 소스,EVENT_DT × EVENT_SEQ (1이벤트),GA4,EVENT_LABEL,이벤트 라벨 (혼합타입),VARCHAR,Y,,,이벤트 라벨 (혼합타입),
BIGQUERY_EVENT,GA 이벤트 팩트 소스,EVENT_DT × EVENT_SEQ (1이벤트),GA4,PERCENT_SCROLLED,스크롤 비율,"NUMBER(38,0)",Y,,,스크롤 비율,
BIGQUERY_EVENT,GA 이벤트 팩트 소스,EVENT_DT × EVENT_SEQ (1이벤트),GA4,LINK_URL,클릭 링크 URL,VARCHAR,Y,,,클릭 링크 URL,
BIGQUERY_EVENT,GA 이벤트 팩트 소스,EVENT_DT × EVENT_SEQ (1이벤트),GA4,LINK_TEXT,클릭 링크 텍스트,VARCHAR,Y,,,클릭 링크 텍스트,
BIGQUERY_EVENT,GA 이벤트 팩트 소스,EVENT_DT × EVENT_SEQ (1이벤트),GA4,DEVICE_TYPE,기기 유형,VARCHAR,Y,,,디바이스 유형 파생. 실측값 M/PC/(unknown).,
BIGQUERY_EVENT,GA 이벤트 팩트 소스,EVENT_DT × EVENT_SEQ (1이벤트),GA4,DEVICE_CATEGORY,DEVICE_CATEGORY,VARCHAR,Y,,,DEVICE_CATEGORY.,
BIGQUERY_EVENT,GA 이벤트 팩트 소스,EVENT_DT × EVENT_SEQ (1이벤트),GA4,OS,운영체제,VARCHAR,Y,,,운영체제,
BIGQUERY_EVENT,GA 이벤트 팩트 소스,EVENT_DT × EVENT_SEQ (1이벤트),GA4,GEO_COUNTRY,국가,VARCHAR,Y,,,국가,
BIGQUERY_EVENT,GA 이벤트 팩트 소스,EVENT_DT × EVENT_SEQ (1이벤트),GA4,GEO_CITY,도시,VARCHAR,Y,,,도시,
BIGQUERY_EVENT,GA 이벤트 팩트 소스,EVENT_DT × EVENT_SEQ (1이벤트),GA4,UTM_SOURCE,UTM 소스,VARCHAR,Y,,,UTM source,
BIGQUERY_EVENT,GA 이벤트 팩트 소스,EVENT_DT × EVENT_SEQ (1이벤트),GA4,UTM_MEDIUM,UTM 매체,VARCHAR,Y,,,UTM medium,
BIGQUERY_EVENT,GA 이벤트 팩트 소스,EVENT_DT × EVENT_SEQ (1이벤트),GA4,UTM_CAMPAIGN,UTM 캠페인,VARCHAR,Y,,,UTM campaign,
BIGQUERY_EVENT,GA 이벤트 팩트 소스,EVENT_DT × EVENT_SEQ (1이벤트),GA4,DEFAULT_CHANNEL_GROUP,기본 채널그룹,VARCHAR,Y,,,기본 채널그룹,
BIGQUERY_EVENT,GA 이벤트 팩트 소스,EVENT_DT × EVENT_SEQ (1이벤트),GA4,PLATFORM,플랫폼,VARCHAR,Y,,,플랫폼. 전 기간 실측 WEB 단독(ANDROID/IOS 0건).,
BIGQUERY_EVENT,GA 이벤트 팩트 소스,EVENT_DT × EVENT_SEQ (1이벤트),GA4,IS_ACTIVE_USER,활성 사용자 여부,BOOLEAN,Y,,,활성 사용자 여부,
BIGQUERY_EVENT,GA 이벤트 팩트 소스,EVENT_DT × EVENT_SEQ (1이벤트),GA4,SRC_TABLE,원본 일별 테이블명 계보 (기반 테이블 승계),VARCHAR,Y,,,원본 일별 테이블명 계보 (기반 테이블 승계),
BIGQUERY_EVENT,GA 이벤트 팩트 소스,EVENT_DT × EVENT_SEQ (1이벤트),GA4,SRC_FILE_NAME,파일 단위 계보 (기반 테이블 승계),VARCHAR,Y,,,파일 단위 계보 (기반 테이블 승계),
BIGQUERY_EVENT,GA 이벤트 팩트 소스,EVENT_DT × EVENT_SEQ (1이벤트),GA4,DW_SOURCE_SYSTEM,원천 시스템 식별,VARCHAR,N,,,원천 시스템 식별 (공통감사),공통감사
BIGQUERY_EVENT,GA 이벤트 팩트 소스,EVENT_DT × EVENT_SEQ (1이벤트),GA4,DW_SOURCE_TABLE,원천 테이블 식별,VARCHAR,Y,,,원천 테이블 식별 (공통감사),공통감사
BIGQUERY_EVENT,GA 이벤트 팩트 소스,EVENT_DT × EVENT_SEQ (1이벤트),GA4,DW_LOAD_TS,최초 적재 시각,TIMESTAMP_NTZ,N,,,최초 적재 시각 (공통감사),공통감사
BIGQUERY_EVENT,GA 이벤트 팩트 소스,EVENT_DT × EVENT_SEQ (1이벤트),GA4,DW_UPDATE_TS,최종 갱신 시각,TIMESTAMP_NTZ,Y,,,최종 갱신 시각 (공통감사),공통감사
BIGQUERY_EVENT,GA 이벤트 팩트 소스,EVENT_DT × EVENT_SEQ (1이벤트),GA4,DW_BATCH_ID,적재 배치 식별자,VARCHAR,Y,,,적재 배치 식별자 = dbt invocation_id (공통감사),공통감사
BIGQUERY_EVENT_DIM,GA 이벤트분류,1이벤트명/파라미터,GA4,EVENT_NAME,행사명/이벤트명,VARCHAR,N,,,이벤트명 (그레인 핵심키),
BIGQUERY_EVENT_DIM,GA 이벤트분류,1이벤트명/파라미터,GA4,EVENT_CATEGORY,이벤트 카테고리,VARCHAR,Y,,,이벤트 카테고리,
BIGQUERY_EVENT_DIM,GA 이벤트분류,1이벤트명/파라미터,GA4,EVENT_LABEL,이벤트 라벨 (혼합타입),VARCHAR,Y,,,이벤트 라벨 (혼합타입),
BIGQUERY_EVENT_DIM,GA 이벤트분류,1이벤트명/파라미터,GA4,EVENT_ACTION,이벤트 액션,VARCHAR,Y,,,이벤트 액션,
BIGQUERY_EVENT_DIM,GA 이벤트분류,1이벤트명/파라미터,GA4,DW_SOURCE_SYSTEM,원천 시스템 식별,VARCHAR,N,,,원천 시스템 식별 (공통감사),공통감사
BIGQUERY_EVENT_DIM,GA 이벤트분류,1이벤트명/파라미터,GA4,DW_SOURCE_TABLE,원천 테이블 식별,VARCHAR,Y,,,원천 테이블 식별 (공통감사),공통감사
BIGQUERY_EVENT_DIM,GA 이벤트분류,1이벤트명/파라미터,GA4,DW_LOAD_TS,최초 적재 시각,TIMESTAMP_NTZ,N,,,최초 적재 시각 (공통감사),공통감사
BIGQUERY_EVENT_DIM,GA 이벤트분류,1이벤트명/파라미터,GA4,DW_UPDATE_TS,최종 갱신 시각,TIMESTAMP_NTZ,Y,,,최종 갱신 시각 (공통감사),공통감사
BIGQUERY_EVENT_DIM,GA 이벤트분류,1이벤트명/파라미터,GA4,DW_BATCH_ID,적재 배치 식별자,VARCHAR,Y,,,적재 배치 식별자 = dbt invocation_id (공통감사),공통감사
BIGQUERY_IDENTITY,GA 신원,USER_PSEUDO_ID × ID_SCHEME (1신원),GA4,USER_PSEUDO_ID,세션 스파인,VARCHAR,N,PK,,세션 스파인 (PK),
BIGQUERY_IDENTITY,GA 신원,USER_PSEUDO_ID × ID_SCHEME (1신원),GA4,GA_MEMBER_ID,GA_MEMBER_ID,VARCHAR,Y,,,GA_MEMBER_ID.,
BIGQUERY_IDENTITY,GA 신원,USER_PSEUDO_ID × ID_SCHEME (1신원),GA4,ID_SCHEME,식별자 체계,VARCHAR,Y,,,매칭 분모의 정본(GA4.,
BIGQUERY_IDENTITY,GA 신원,USER_PSEUDO_ID × ID_SCHEME (1신원),GA4,MEMBER_TYPE,회원구분 ONCE(S+8자리) / FDRM(7자리),VARCHAR,Y,,,회원구분 ONCE(S+8자리) / FDRM(7자리).,
BIGQUERY_IDENTITY,GA 신원,USER_PSEUDO_ID × ID_SCHEME (1신원),GA4,MBER_NO,정기 회원번호,VARCHAR,Y,,,정기 회원번호. ID_SCHEME=MBER_NO 일 때만 채움.,
BIGQUERY_IDENTITY,GA 신원,USER_PSEUDO_ID × ID_SCHEME (1신원),GA4,ONCE_MBER_NO,ONCE_MBER_NO,VARCHAR,Y,,,ONCE_MBER_NO.,
BIGQUERY_IDENTITY,GA 신원,USER_PSEUDO_ID × ID_SCHEME (1신원),GA4,ID_RESOLUTION,ID_RESOLUTION,VARCHAR,Y,,,ID_RESOLUTION.,
BIGQUERY_IDENTITY,GA 신원,USER_PSEUDO_ID × ID_SCHEME (1신원),GA4,DW_SOURCE_SYSTEM,원천 시스템 식별,VARCHAR,N,,,원천 시스템 식별 (공통감사),공통감사
BIGQUERY_IDENTITY,GA 신원,USER_PSEUDO_ID × ID_SCHEME (1신원),GA4,DW_SOURCE_TABLE,원천 테이블 식별,VARCHAR,Y,,,원천 테이블 식별 (공통감사),공통감사
BIGQUERY_IDENTITY,GA 신원,USER_PSEUDO_ID × ID_SCHEME (1신원),GA4,DW_LOAD_TS,최초 적재 시각,TIMESTAMP_NTZ,N,,,최초 적재 시각 (공통감사),공통감사
BIGQUERY_IDENTITY,GA 신원,USER_PSEUDO_ID × ID_SCHEME (1신원),GA4,DW_UPDATE_TS,최종 갱신 시각,TIMESTAMP_NTZ,Y,,,최종 갱신 시각 (공통감사),공통감사
BIGQUERY_IDENTITY,GA 신원,USER_PSEUDO_ID × ID_SCHEME (1신원),GA4,DW_BATCH_ID,적재 배치 식별자,VARCHAR,Y,,,적재 배치 식별자 = dbt invocation_id (공통감사),공통감사
BIGQUERY_REFINED_DATA,BigQuery 정제 데이터,1이벤트 (원천 staging row),GA4,BATCH_EVENT_INDEX,동일 배치 안에서 이벤트가 기록된 순번,"NUMBER(38,0)",Y,,,동일 배치 안에서 이벤트가 기록된 순번,
BIGQUERY_REFINED_DATA,BigQuery 정제 데이터,1이벤트 (원천 staging row),GA4,EVENT_DATE,이벤트가 발생하거나 기록된 날짜,VARCHAR,Y,,,이벤트가 발생하거나 기록된 날짜,
BIGQUERY_REFINED_DATA,BigQuery 정제 데이터,1이벤트 (원천 staging row),GA4,EVENT_TIMESTAMP,이벤트가 발생한 시각을 나타내는 타임스탬프,"NUMBER(38,0)",Y,,,이벤트가 발생한 시각을 나타내는 타임스탬프,
BIGQUERY_REFINED_DATA,BigQuery 정제 데이터,1이벤트 (원천 staging row),GA4,EVENT_NAME,행사명/이벤트명,VARCHAR,Y,,,사용자 행동 또는 전환을 구분하는 이벤트명,
BIGQUERY_REFINED_DATA,BigQuery 정제 데이터,1이벤트 (원천 staging row),GA4,EVENT_VALUE_IN_USD,이벤트 값이 미국 달러 기준으로 환산된 금액,VARCHAR,Y,,,이벤트 값이 미국 달러 기준으로 환산된 금액,
BIGQUERY_REFINED_DATA,BigQuery 정제 데이터,1이벤트 (원천 staging row),GA4,EVENT_BUNDLE_SEQUENCE_ID,이벤트 번들의 순차 식별값,"NUMBER(38,0)",Y,,,이벤트 번들의 순차 식별값,
BIGQUERY_REFINED_DATA,BigQuery 정제 데이터,1이벤트 (원천 staging row),GA4,IS_ACTIVE_USER,활성 사용자 여부를 나타내는 값,BOOLEAN,Y,,,활성 사용자 여부를 나타내는 값,
BIGQUERY_REFINED_DATA,BigQuery 정제 데이터,1이벤트 (원천 staging row),GA4,USER_ID,서비스에서 설정한 사용자 식별자,VARCHAR,Y,,,서비스에서 설정한 사용자 식별자,
BIGQUERY_REFINED_DATA,BigQuery 정제 데이터,1이벤트 (원천 staging row),GA4,USER_PSEUDO_ID,GA4가 부여한 익명 사용자 또는 기기 기반 식별자,VARCHAR,Y,,,GA4가 부여한 익명 사용자 또는 기기 기반 식별자,
BIGQUERY_REFINED_DATA,BigQuery 정제 데이터,1이벤트 (원천 staging row),GA4,USER_FIRST_TOUCH_TIMESTAMP,사용자가 처음 유입되거나 처음 접속한 시점,"NUMBER(38,0)",Y,,,사용자가 처음 유입되거나 처음 접속한 시점,
BIGQUERY_REFINED_DATA,BigQuery 정제 데이터,1이벤트 (원천 staging row),GA4,EP_CAMPAIGN,캠페인명,VARCHAR,Y,,,캠페인명,
BIGQUERY_REFINED_DATA,BigQuery 정제 데이터,1이벤트 (원천 staging row),GA4,EP_CAMPAIGN_ID,캠페인 식별값,VARCHAR,Y,,,캠페인 식별값,
BIGQUERY_REFINED_DATA,BigQuery 정제 데이터,1이벤트 (원천 staging row),GA4,EP_CHANGE_DONATION_UP,후원 증액 또는 변경 이벤트 여부로 해석 가능한 값,VARCHAR,Y,,,후원 증액 또는 변경 이벤트 여부로 해석 가능한 값,
BIGQUERY_REFINED_DATA,BigQuery 정제 데이터,1이벤트 (원천 staging row),GA4,EP_CHANGE_DONATION_UP_AMOUNT,후원 증액 또는 변경 금액으로 해석 가능한 값,VARCHAR,Y,,,후원 증액 또는 변경 금액으로 해석 가능한 값,
BIGQUERY_REFINED_DATA,BigQuery 정제 데이터,1이벤트 (원천 staging row),GA4,EP_CONTENT,광고 소재 또는 콘텐츠 구분값,VARCHAR,Y,,,광고 소재 또는 콘텐츠 구분값,
BIGQUERY_REFINED_DATA,BigQuery 정제 데이터,1이벤트 (원천 staging row),GA4,EP_CURRENCY,금액 데이터의 통화 단위,VARCHAR,Y,,,금액 데이터의 통화 단위,
BIGQUERY_REFINED_DATA,BigQuery 정제 데이터,1이벤트 (원천 staging row),GA4,EP_DONATION_ONCE,일시후원 여부를 나타내는 값,VARCHAR,Y,,,일시후원 여부를 나타내는 값,
BIGQUERY_REFINED_DATA,BigQuery 정제 데이터,1이벤트 (원천 staging row),GA4,EP_DONATION_ONCE_AMOUNT,일시후원 금액,VARCHAR,Y,,,일시후원 금액,
BIGQUERY_REFINED_DATA,BigQuery 정제 데이터,1이벤트 (원천 staging row),GA4,EP_DONATION_REGULAR,정기후원 여부를 나타내는 값,VARCHAR,Y,,,정기후원 여부를 나타내는 값,
BIGQUERY_REFINED_DATA,BigQuery 정제 데이터,1이벤트 (원천 staging row),GA4,EP_DONATION_REGULAR_AMOUNT,정기후원 금액,VARCHAR,Y,,,정기후원 금액,
BIGQUERY_REFINED_DATA,BigQuery 정제 데이터,1이벤트 (원천 staging row),GA4,EP_ENGAGED_SESSION_EVENT,참여 세션으로 판단되는 이벤트 여부,VARCHAR,Y,,,참여 세션으로 판단되는 이벤트 여부,
BIGQUERY_REFINED_DATA,BigQuery 정제 데이터,1이벤트 (원천 staging row),GA4,EP_ENGAGEMENT_TIME_MSEC,사용자의 참여 시간 또는 체류 시간을 밀리초 단위로 기록한 값,VARCHAR,Y,,,사용자의 참여 시간 또는 체류 시간을 밀리초 단위로 기록한 값,
BIGQUERY_REFINED_DATA,BigQuery 정제 데이터,1이벤트 (원천 staging row),GA4,EP_ENTRANCES,해당 페이지 또는 이벤트가 세션 진입에 해당하는지 나타내는 값,VARCHAR,Y,,,해당 페이지 또는 이벤트가 세션 진입에 해당하는지 나타내는 값,
BIGQUERY_REFINED_DATA,BigQuery 정제 데이터,1이벤트 (원천 staging row),GA4,EP_EVENT_ACTION,이벤트의 구체적인 사용자 행동명,VARCHAR,Y,,,이벤트의 구체적인 사용자 행동명,
BIGQUERY_REFINED_DATA,BigQuery 정제 데이터,1이벤트 (원천 staging row),GA4,EP_EVENT_CATEGORY,이벤트를 분류하는 상위 카테고리,VARCHAR,Y,,,이벤트를 분류하는 상위 카테고리,
BIGQUERY_REFINED_DATA,BigQuery 정제 데이터,1이벤트 (원천 staging row),GA4,EP_EVENT_LABEL,이벤트의 세부 라벨 또는 보조 설명값,VARCHAR,Y,,,이벤트의 세부 라벨 또는 보조 설명값,
BIGQUERY_REFINED_DATA,BigQuery 정제 데이터,1이벤트 (원천 staging row),GA4,EP_GA_SESSION_ID,GA4 세션 식별자,VARCHAR,Y,,,GA4 세션 식별자,
BIGQUERY_REFINED_DATA,BigQuery 정제 데이터,1이벤트 (원천 staging row),GA4,EP_GA_SESSION_NUMBER,사용자 기준 세션 순번,VARCHAR,Y,,,사용자 기준 세션 순번,
BIGQUERY_REFINED_DATA,BigQuery 정제 데이터,1이벤트 (원천 staging row),GA4,EP_GAD_CAMPAIGNID,Google Ads 캠페인 ID로 활용 가능한 값,VARCHAR,Y,,,Google Ads 캠페인 ID로 활용 가능한 값,
BIGQUERY_REFINED_DATA,BigQuery 정제 데이터,1이벤트 (원천 staging row),GA4,EP_GAD_SOURCE,Google Ads 유입 소스 관련 식별값,VARCHAR,Y,,,Google Ads 유입 소스 관련 식별값,
BIGQUERY_REFINED_DATA,BigQuery 정제 데이터,1이벤트 (원천 staging row),GA4,EP_GCLID,Google 광고 클릭을 식별하는 클릭 ID,VARCHAR,Y,,,Google 광고 클릭을 식별하는 클릭 ID,
BIGQUERY_REFINED_DATA,BigQuery 정제 데이터,1이벤트 (원천 staging row),GA4,EP_LINK_CLASSES,클릭된 링크 또는 버튼의 CSS 클래스 정보,VARCHAR,Y,,,클릭된 링크 또는 버튼의 CSS 클래스 정보,
BIGQUERY_REFINED_DATA,BigQuery 정제 데이터,1이벤트 (원천 staging row),GA4,EP_LINK_DOMAIN,클릭된 링크의 도메인,VARCHAR,Y,,,클릭된 링크의 도메인,
BIGQUERY_REFINED_DATA,BigQuery 정제 데이터,1이벤트 (원천 staging row),GA4,EP_LINK_ID,클릭된 링크 또는 버튼의 ID,VARCHAR,Y,,,클릭된 링크 또는 버튼의 ID,
BIGQUERY_REFINED_DATA,BigQuery 정제 데이터,1이벤트 (원천 staging row),GA4,EP_LINK_IMAGE,클릭된 이미지 링크 또는 이미지 URL,VARCHAR,Y,,,클릭된 이미지 링크 또는 이미지 URL,
BIGQUERY_REFINED_DATA,BigQuery 정제 데이터,1이벤트 (원천 staging row),GA4,EP_LINK_TEXT,클릭된 링크 또는 버튼의 표시 문구,VARCHAR,Y,,,클릭된 링크 또는 버튼의 표시 문구,
BIGQUERY_REFINED_DATA,BigQuery 정제 데이터,1이벤트 (원천 staging row),GA4,EP_LINK_TITLE,클릭된 링크의 title 속성 또는 보조 설명,VARCHAR,Y,,,클릭된 링크의 title 속성 또는 보조 설명,
BIGQUERY_REFINED_DATA,BigQuery 정제 데이터,1이벤트 (원천 staging row),GA4,EP_LINK_URL,클릭된 링크의 목적지 URL,VARCHAR,Y,,,클릭된 링크의 목적지 URL,
BIGQUERY_REFINED_DATA,BigQuery 정제 데이터,1이벤트 (원천 staging row),GA4,EP_MEDIUM,유입 매체 또는 채널 유형,VARCHAR,Y,,,유입 매체 또는 채널 유형,
BIGQUERY_REFINED_DATA,BigQuery 정제 데이터,1이벤트 (원천 staging row),GA4,EP_OUTBOUND,외부 링크 이동 여부를 나타내는 값,VARCHAR,Y,,,외부 링크 이동 여부를 나타내는 값,
BIGQUERY_REFINED_DATA,BigQuery 정제 데이터,1이벤트 (원천 staging row),GA4,EP_PAGE_LOCATION,이벤트가 발생한 페이지 URL,VARCHAR,Y,,,이벤트가 발생한 페이지 URL,
BIGQUERY_REFINED_DATA,BigQuery 정제 데이터,1이벤트 (원천 staging row),GA4,EP_PAGE_REFERRER,해당 페이지로 오기 전 참조 URL,VARCHAR,Y,,,해당 페이지로 오기 전 참조 URL,
BIGQUERY_REFINED_DATA,BigQuery 정제 데이터,1이벤트 (원천 staging row),GA4,EP_PAGE_TITLE,이벤트가 발생한 페이지 제목,VARCHAR,Y,,,이벤트가 발생한 페이지 제목,
BIGQUERY_REFINED_DATA,BigQuery 정제 데이터,1이벤트 (원천 staging row),GA4,EP_PAYMENT_TYPE,결제수단,VARCHAR,Y,,,결제수단,
BIGQUERY_REFINED_DATA,BigQuery 정제 데이터,1이벤트 (원천 staging row),GA4,EP_PERCENT_SCROLLED,페이지 스크롤 도달 비율,VARCHAR,Y,,,페이지 스크롤 도달 비율,
BIGQUERY_REFINED_DATA,BigQuery 정제 데이터,1이벤트 (원천 staging row),GA4,EP_PROMOTION_ID,프로모션 또는 배너 식별값,VARCHAR,Y,,,프로모션 또는 배너 식별값,
BIGQUERY_REFINED_DATA,BigQuery 정제 데이터,1이벤트 (원천 staging row),GA4,EP_PROMOTION_NAME,프로모션 또는 배너 이름,VARCHAR,Y,,,프로모션 또는 배너 이름,
BIGQUERY_REFINED_DATA,BigQuery 정제 데이터,1이벤트 (원천 staging row),GA4,EP_SEARCH_TERM,사이트 내 검색어 또는 사용자가 입력한 검색어,VARCHAR,Y,,,사이트 내 검색어 또는 사용자가 입력한 검색어,
BIGQUERY_REFINED_DATA,BigQuery 정제 데이터,1이벤트 (원천 staging row),GA4,EP_SESSION_ENGAGED,세션 참여 여부,VARCHAR,Y,,,세션 참여 여부,
BIGQUERY_REFINED_DATA,BigQuery 정제 데이터,1이벤트 (원천 staging row),GA4,EP_SOURCE,유입 소스,VARCHAR,Y,,,유입 소스,
BIGQUERY_REFINED_DATA,BigQuery 정제 데이터,1이벤트 (원천 staging row),GA4,EP_TERM,"검색어, 타겟, 키워드 또는 세부 캠페인 구분값",VARCHAR,Y,,,"검색어, 타겟, 키워드 또는 세부 캠페인 구분값",
BIGQUERY_REFINED_DATA,BigQuery 정제 데이터,1이벤트 (원천 staging row),GA4,EP_TRANSACTION_ID,거래 또는 후원 완료를 식별하는 ID (오늘의 리포트 : 약정id),VARCHAR,Y,,,거래 또는 후원 완료를 식별하는 ID (오늘의 리포트 : 약정id),
BIGQUERY_REFINED_DATA,BigQuery 정제 데이터,1이벤트 (원천 staging row),GA4,EP_VALUE,이벤트에 연결된 금액 또는 수치값,VARCHAR,Y,,,이벤트에 연결된 금액 또는 수치값,
BIGQUERY_REFINED_DATA,BigQuery 정제 데이터,1이벤트 (원천 staging row),GA4,EP_VIDEO_CURRENT_TIME,동영상 이벤트 발생 시점의 현재 재생 위치,VARCHAR,Y,,,동영상 이벤트 발생 시점의 현재 재생 위치,
BIGQUERY_REFINED_DATA,BigQuery 정제 데이터,1이벤트 (원천 staging row),GA4,EP_VIDEO_DURATION,동영상 전체 재생 길이,VARCHAR,Y,,,동영상 전체 재생 길이,
BIGQUERY_REFINED_DATA,BigQuery 정제 데이터,1이벤트 (원천 staging row),GA4,EP_VIDEO_PERCENT,동영상 시청 완료 또는 진행 비율,VARCHAR,Y,,,동영상 시청 완료 또는 진행 비율,
BIGQUERY_REFINED_DATA,BigQuery 정제 데이터,1이벤트 (원천 staging row),GA4,EP_VIDEO_PROVIDER,동영상 제공 플랫폼,VARCHAR,Y,,,동영상 제공 플랫폼,
BIGQUERY_REFINED_DATA,BigQuery 정제 데이터,1이벤트 (원천 staging row),GA4,EP_VIDEO_TITLE,동영상 제목,VARCHAR,Y,,,동영상 제목,
BIGQUERY_REFINED_DATA,BigQuery 정제 데이터,1이벤트 (원천 staging row),GA4,EP_VIDEO_URL,동영상 URL,VARCHAR,Y,,,동영상 URL,
BIGQUERY_REFINED_DATA,BigQuery 정제 데이터,1이벤트 (원천 staging row),GA4,UP_BIZ_TYPE,후원 또는 관심 사업 유형,VARCHAR,Y,,,후원 또는 관심 사업 유형,
BIGQUERY_REFINED_DATA,BigQuery 정제 데이터,1이벤트 (원천 staging row),GA4,UP_DONATION_TYPE,후원 구분 유형,VARCHAR,Y,,,후원 구분 유형,
BIGQUERY_REFINED_DATA,BigQuery 정제 데이터,1이벤트 (원천 staging row),GA4,UP_DONOR_TYPE,후원자 유형,VARCHAR,Y,,,후원자 유형,
BIGQUERY_REFINED_DATA,BigQuery 정제 데이터,1이벤트 (원천 staging row),GA4,UP_LOGIN_STATUS,로그인 여부,VARCHAR,Y,,,로그인 여부,
BIGQUERY_REFINED_DATA,BigQuery 정제 데이터,1이벤트 (원천 staging row),GA4,UP_MEMBER_ID,회원 식별자,VARCHAR,Y,,,회원 식별자,
BIGQUERY_REFINED_DATA,BigQuery 정제 데이터,1이벤트 (원천 staging row),GA4,UP_MEMBER_TYPE,회원 상태 또는 회원 구분,VARCHAR,Y,,,회원 상태 또는 회원 구분,
BIGQUERY_REFINED_DATA,BigQuery 정제 데이터,1이벤트 (원천 staging row),GA4,UP_USER_ID,서비스에서 설정한 사용자 식별자,VARCHAR,Y,,,서비스에서 설정한 사용자 식별자,
BIGQUERY_REFINED_DATA,BigQuery 정제 데이터,1이벤트 (원천 staging row),GA4,USER_LTV_CURRENCY,금액 데이터의 통화 단위,VARCHAR,Y,,,금액 데이터의 통화 단위,
BIGQUERY_REFINED_DATA,BigQuery 정제 데이터,1이벤트 (원천 staging row),GA4,USER_LTV_REVENUE,사용자 기준 누적 수익 또는 가치,VARCHAR,Y,,,사용자 기준 누적 수익 또는 가치,
BIGQUERY_REFINED_DATA,BigQuery 정제 데이터,1이벤트 (원천 staging row),GA4,DEVICE_CATEGORY,기기 유형,VARCHAR,Y,,,기기 유형,
BIGQUERY_REFINED_DATA,BigQuery 정제 데이터,1이벤트 (원천 staging row),GA4,DEVICE_IS_LIMITED_AD_TRACKING,광고 추적 제한 여부,VARCHAR,Y,,,광고 추적 제한 여부,
BIGQUERY_REFINED_DATA,BigQuery 정제 데이터,1이벤트 (원천 staging row),GA4,DEVICE_LANGUAGE,기기 또는 브라우저 언어 설정,VARCHAR,Y,,,기기 또는 브라우저 언어 설정,
BIGQUERY_REFINED_DATA,BigQuery 정제 데이터,1이벤트 (원천 staging row),GA4,DEVICE_MOBILE_BRAND_NAME,모바일 기기 브랜드명,VARCHAR,Y,,,모바일 기기 브랜드명,
BIGQUERY_REFINED_DATA,BigQuery 정제 데이터,1이벤트 (원천 staging row),GA4,DEVICE_MOBILE_MARKETING_NAME,모바일 기기의 마케팅용 모델명,VARCHAR,Y,,,모바일 기기의 마케팅용 모델명,
BIGQUERY_REFINED_DATA,BigQuery 정제 데이터,1이벤트 (원천 staging row),GA4,DEVICE_MOBILE_MODEL_NAME,모바일 기기 모델명,VARCHAR,Y,,,모바일 기기 모델명,
BIGQUERY_REFINED_DATA,BigQuery 정제 데이터,1이벤트 (원천 staging row),GA4,DEVICE_MOBILE_OS_HARDWARE_MODEL,모바일 OS 또는 하드웨어 모델 정보,VARCHAR,Y,,,모바일 OS 또는 하드웨어 모델 정보,
BIGQUERY_REFINED_DATA,BigQuery 정제 데이터,1이벤트 (원천 staging row),GA4,DEVICE_OPERATING_SYSTEM,운영체제,VARCHAR,Y,,,운영체제,
BIGQUERY_REFINED_DATA,BigQuery 정제 데이터,1이벤트 (원천 staging row),GA4,DEVICE_OPERATING_SYSTEM_VERSION,운영체제 버전,VARCHAR,Y,,,운영체제 버전,
BIGQUERY_REFINED_DATA,BigQuery 정제 데이터,1이벤트 (원천 staging row),GA4,DEVICE_WEB_INFO_BROWSER,웹 브라우저명,VARCHAR,Y,,,웹 브라우저명,
BIGQUERY_REFINED_DATA,BigQuery 정제 데이터,1이벤트 (원천 staging row),GA4,DEVICE_WEB_INFO_BROWSER_VERSION,웹 브라우저 버전,VARCHAR,Y,,,웹 브라우저 버전,
BIGQUERY_REFINED_DATA,BigQuery 정제 데이터,1이벤트 (원천 staging row),GA4,DEVICE_WEB_INFO_HOSTNAME,이벤트가 발생한 호스트명,VARCHAR,Y,,,이벤트가 발생한 호스트명,
BIGQUERY_REFINED_DATA,BigQuery 정제 데이터,1이벤트 (원천 staging row),GA4,GEO_CITY,도시 정보,VARCHAR,Y,,,도시 정보,
BIGQUERY_REFINED_DATA,BigQuery 정제 데이터,1이벤트 (원천 staging row),GA4,GEO_CONTINENT,대륙 정보,VARCHAR,Y,,,대륙 정보,
BIGQUERY_REFINED_DATA,BigQuery 정제 데이터,1이벤트 (원천 staging row),GA4,GEO_COUNTRY,국가 정보,VARCHAR,Y,,,국가 정보,
BIGQUERY_REFINED_DATA,BigQuery 정제 데이터,1이벤트 (원천 staging row),GA4,GEO_METRO,대도시권 또는 광역권 정보,VARCHAR,Y,,,대도시권 또는 광역권 정보,
BIGQUERY_REFINED_DATA,BigQuery 정제 데이터,1이벤트 (원천 staging row),GA4,GEO_REGION,지역 또는 시도 정보,VARCHAR,Y,,,지역 또는 시도 정보,
BIGQUERY_REFINED_DATA,BigQuery 정제 데이터,1이벤트 (원천 staging row),GA4,GEO_SUB_CONTINENT,하위 대륙 정보,VARCHAR,Y,,,하위 대륙 정보,
BIGQUERY_REFINED_DATA,BigQuery 정제 데이터,1이벤트 (원천 staging row),GA4,CTS_MANUAL_CAMPAIGN_ID,수동 캠페인 ID 또는 UTM 캠페인 ID,VARCHAR,Y,,,수동 캠페인 ID 또는 UTM 캠페인 ID,
BIGQUERY_REFINED_DATA,BigQuery 정제 데이터,1이벤트 (원천 staging row),GA4,CTS_MANUAL_CAMPAIGN_NAME,수동 캠페인명 또는 UTM 캠페인명,VARCHAR,Y,,,수동 캠페인명 또는 UTM 캠페인명,
BIGQUERY_REFINED_DATA,BigQuery 정제 데이터,1이벤트 (원천 staging row),GA4,CTS_MANUAL_CONTENT,수동 콘텐츠값 또는 UTM content,VARCHAR,Y,,,수동 콘텐츠값 또는 UTM content,
BIGQUERY_REFINED_DATA,BigQuery 정제 데이터,1이벤트 (원천 staging row),GA4,CTS_MANUAL_MEDIUM,수동 매체값 또는 UTM medium,VARCHAR,Y,,,수동 매체값 또는 UTM medium,
BIGQUERY_REFINED_DATA,BigQuery 정제 데이터,1이벤트 (원천 staging row),GA4,CTS_MANUAL_SOURCE,수동 소스값 또는 UTM source,VARCHAR,Y,,,수동 소스값 또는 UTM source,
BIGQUERY_REFINED_DATA,BigQuery 정제 데이터,1이벤트 (원천 staging row),GA4,CTS_MANUAL_TERM,수동 검색어값 또는 UTM term,VARCHAR,Y,,,수동 검색어값 또는 UTM term,
BIGQUERY_REFINED_DATA,BigQuery 정제 데이터,1이벤트 (원천 staging row),GA4,STSLC_CRC_CAMPAIGN_ID,캠페인 식별값,VARCHAR,Y,,,캠페인 식별값,
BIGQUERY_REFINED_DATA,BigQuery 정제 데이터,1이벤트 (원천 staging row),GA4,STSLC_CRC_CAMPAIGN_NAME,STSLC_CRC_CAMPAIGN_NAME,VARCHAR,Y,,,,
BIGQUERY_REFINED_DATA,BigQuery 정제 데이터,1이벤트 (원천 staging row),GA4,STSLC_CRC_DEFAULT_CHANNEL_GROUP,STSLC_CRC_DEFAULT_CHANNEL_GROUP,VARCHAR,Y,,,,
BIGQUERY_REFINED_DATA,BigQuery 정제 데이터,1이벤트 (원천 staging row),GA4,STSLC_CRC_MEDIUM,유입 매체 또는 채널 유형,VARCHAR,Y,,,유입 매체 또는 채널 유형,
BIGQUERY_REFINED_DATA,BigQuery 정제 데이터,1이벤트 (원천 staging row),GA4,STSLC_CRC_PRIMARY_CHANNEL_GROUP,STSLC_CRC_PRIMARY_CHANNEL_GROUP,VARCHAR,Y,,,,
BIGQUERY_REFINED_DATA,BigQuery 정제 데이터,1이벤트 (원천 staging row),GA4,STSLC_CRC_SOURCE,유입 소스,VARCHAR,Y,,,유입 소스,
BIGQUERY_REFINED_DATA,BigQuery 정제 데이터,1이벤트 (원천 staging row),GA4,STSLC_CRC_SOURCE_PLATFORM,STSLC_CRC_SOURCE_PLATFORM,VARCHAR,Y,,,,
BIGQUERY_REFINED_DATA,BigQuery 정제 데이터,1이벤트 (원천 staging row),GA4,STSLC_GAC_AD_GROUP_ID,STSLC_GAC_AD_GROUP_ID,VARCHAR,Y,,,,
BIGQUERY_REFINED_DATA,BigQuery 정제 데이터,1이벤트 (원천 staging row),GA4,STSLC_GAC_AD_GROUP_NAME,STSLC_GAC_AD_GROUP_NAME,VARCHAR,Y,,,,
BIGQUERY_REFINED_DATA,BigQuery 정제 데이터,1이벤트 (원천 staging row),GA4,STSLC_GAC_CAMPAIGN_NAME,STSLC_GAC_CAMPAIGN_NAME,VARCHAR,Y,,,,
BIGQUERY_REFINED_DATA,BigQuery 정제 데이터,1이벤트 (원천 staging row),GA4,STSLC_MC_CAMPAIGN_NAME,STSLC_MC_CAMPAIGN_NAME,VARCHAR,Y,,,,
BIGQUERY_REFINED_DATA,BigQuery 정제 데이터,1이벤트 (원천 staging row),GA4,STSLC_MC_CONTENT,광고 소재 또는 콘텐츠 구분값,VARCHAR,Y,,,광고 소재 또는 콘텐츠 구분값,
BIGQUERY_REFINED_DATA,BigQuery 정제 데이터,1이벤트 (원천 staging row),GA4,STSLC_MC_MEDIUM,유입 매체 또는 채널 유형,VARCHAR,Y,,,유입 매체 또는 채널 유형,
BIGQUERY_REFINED_DATA,BigQuery 정제 데이터,1이벤트 (원천 staging row),GA4,STSLC_MC_SOURCE,유입 소스,VARCHAR,Y,,,유입 소스,
BIGQUERY_REFINED_DATA,BigQuery 정제 데이터,1이벤트 (원천 staging row),GA4,STSLC_MC_SOURCE_PLATFORM,STSLC_MC_SOURCE_PLATFORM,VARCHAR,Y,,,,
BIGQUERY_REFINED_DATA,BigQuery 정제 데이터,1이벤트 (원천 staging row),GA4,STSLC_MC_TERM,"검색어, 타겟, 키워드 또는 세부 캠페인 구분값",VARCHAR,Y,,,"검색어, 타겟, 키워드 또는 세부 캠페인 구분값",
BIGQUERY_REFINED_DATA,BigQuery 정제 데이터,1이벤트 (원천 staging row),GA4,TS_MEDIUM,사용자가 유입된 마케팅 채널 또는 매체 유형,VARCHAR,Y,,,사용자가 유입된 마케팅 채널 또는 매체 유형,
BIGQUERY_REFINED_DATA,BigQuery 정제 데이터,1이벤트 (원천 staging row),GA4,TS_NAME,"객체(캠페인, 프로모션, 폼, 사용자 입력 항목 등)의 이름 또는 명칭",VARCHAR,Y,,,"객체(캠페인, 프로모션, 폼, 사용자 입력 항목 등)의 이름 또는 명칭",
BIGQUERY_REFINED_DATA,BigQuery 정제 데이터,1이벤트 (원천 staging row),GA4,TS_SOURCE,"사용자가 유입된 웹사이트, 광고 플랫폼 또는 채널의 출처",VARCHAR,Y,,,"사용자가 유입된 웹사이트, 광고 플랫폼 또는 채널의 출처",
BIGQUERY_REFINED_DATA,BigQuery 정제 데이터,1이벤트 (원천 staging row),GA4,STREAM_ID,GA4 데이터 스트림 식별자,VARCHAR,Y,,,GA4 데이터 스트림 식별자,
BIGQUERY_REFINED_DATA,BigQuery 정제 데이터,1이벤트 (원천 staging row),GA4,PLATFORM,이벤트가 발생한 플랫폼 구분값,VARCHAR,Y,,,이벤트가 발생한 플랫폼 구분값,
BIGQUERY_REFINED_DATA,BigQuery 정제 데이터,1이벤트 (원천 staging row),GA4,ECOMMERCE_PURCHASE_REVENUE,구매 또는 후원 전환 금액,VARCHAR,Y,,,구매 또는 후원 전환 금액,
BIGQUERY_REFINED_DATA,BigQuery 정제 데이터,1이벤트 (원천 staging row),GA4,ECOMMERCE_TOTAL_ITEM_QUANTITY,전체 항목 수량,VARCHAR,Y,,,전체 항목 수량,
BIGQUERY_REFINED_DATA,BigQuery 정제 데이터,1이벤트 (원천 staging row),GA4,ECOMMERCE_TRANSACTION_ID,거래 또는 후원 완료를 식별하는 ID,VARCHAR,Y,,,거래 또는 후원 완료를 식별하는 ID,
BIGQUERY_REFINED_DATA,BigQuery 정제 데이터,1이벤트 (원천 staging row),GA4,ECOMMERCE_UNIQUE_ITEMS,고유 항목 수,VARCHAR,Y,,,고유 항목 수,
BIGQUERY_REFINED_DATA,BigQuery 정제 데이터,1이벤트 (원천 staging row),GA4,ITEMS,배열값,ARRAY,Y,,,배열값. item_category: 항목 카테고리 / item_id: 항목 식별값 / item_name: 항목명 또는 후원 사업명 / item_revenue: 항목별 수익 또는 후원 금액 / price: 항목 가격 또는 후원 금액 / promotion_id: 프로모션 또는 배너 식별값 / promotion_name: 프로모션 또는 배너 이름 / quantity: 항목 수량,
BIGQUERY_TRAFFIC_SOURCE,GA 트래픽소스,1트래픽소스 (session/last-click),GA4,UTM_SOURCE,UTM 소스,VARCHAR,Y,,,UTM source,
BIGQUERY_TRAFFIC_SOURCE,GA 트래픽소스,1트래픽소스 (session/last-click),GA4,UTM_MEDIUM,UTM 매체,VARCHAR,Y,,,UTM medium,
BIGQUERY_TRAFFIC_SOURCE,GA 트래픽소스,1트래픽소스 (session/last-click),GA4,UTM_CAMPAIGN,UTM 캠페인,VARCHAR,Y,,,UTM campaign,
BIGQUERY_TRAFFIC_SOURCE,GA 트래픽소스,1트래픽소스 (session/last-click),GA4,UTM_CONTENT,UTM 콘텐츠,VARCHAR,Y,,,UTM content,
BIGQUERY_TRAFFIC_SOURCE,GA 트래픽소스,1트래픽소스 (session/last-click),GA4,UTM_TERM,UTM 검색어,VARCHAR,Y,,,UTM term,
BIGQUERY_TRAFFIC_SOURCE,GA 트래픽소스,1트래픽소스 (session/last-click),GA4,SOURCE_MEDIUM,파생 source / medium,VARCHAR,Y,,,파생 source / medium,
BIGQUERY_TRAFFIC_SOURCE,GA 트래픽소스,1트래픽소스 (session/last-click),GA4,XCHAN_SOURCE,크로스채널 소스,VARCHAR,Y,,,cross_channel source,
BIGQUERY_TRAFFIC_SOURCE,GA 트래픽소스,1트래픽소스 (session/last-click),GA4,XCHAN_MEDIUM,크로스채널 매체,VARCHAR,Y,,,cross_channel medium,
BIGQUERY_TRAFFIC_SOURCE,GA 트래픽소스,1트래픽소스 (session/last-click),GA4,XCHAN_CAMPAIGN,크로스채널 캠페인,VARCHAR,Y,,,cross_channel campaign,
BIGQUERY_TRAFFIC_SOURCE,GA 트래픽소스,1트래픽소스 (session/last-click),GA4,DEFAULT_CHANNEL_GROUP,기본 채널그룹,VARCHAR,Y,,,기본 채널그룹,
BIGQUERY_TRAFFIC_SOURCE,GA 트래픽소스,1트래픽소스 (session/last-click),GA4,DW_SOURCE_SYSTEM,원천 시스템 식별,VARCHAR,N,,,원천 시스템 식별 (공통감사),공통감사
BIGQUERY_TRAFFIC_SOURCE,GA 트래픽소스,1트래픽소스 (session/last-click),GA4,DW_SOURCE_TABLE,원천 테이블 식별,VARCHAR,Y,,,원천 테이블 식별 (공통감사),공통감사
BIGQUERY_TRAFFIC_SOURCE,GA 트래픽소스,1트래픽소스 (session/last-click),GA4,DW_LOAD_TS,최초 적재 시각,TIMESTAMP_NTZ,N,,,최초 적재 시각 (공통감사),공통감사
BIGQUERY_TRAFFIC_SOURCE,GA 트래픽소스,1트래픽소스 (session/last-click),GA4,DW_UPDATE_TS,최종 갱신 시각,TIMESTAMP_NTZ,Y,,,최종 갱신 시각 (공통감사),공통감사
BIGQUERY_TRAFFIC_SOURCE,GA 트래픽소스,1트래픽소스 (session/last-click),GA4,DW_BATCH_ID,적재 배치 식별자,VARCHAR,Y,,,적재 배치 식별자 = dbt invocation_id (공통감사),공통감사
CRM_BIZ_TARGET,사업목표 마스터,연/월 × 조직 × 사업 (1목표),마스터,BIZ_TARGET_DK,사업목표 대체키,VARCHAR,N,PK,,사업목표 대체키 (PK),
CRM_BIZ_TARGET,사업목표 마스터,연/월 × 조직 × 사업 (1목표),마스터,TARGET_YEAR,목표연도 YYYY,"NUMBER(4,0)",Y,,,목표연도 YYYY,
CRM_BIZ_TARGET,사업목표 마스터,연/월 × 조직 × 사업 (1목표),마스터,MONTH_NO,월 1~12,"NUMBER(2,0)",Y,,,월 1~12,
CRM_BIZ_TARGET,사업목표 마스터,연/월 × 조직 × 사업 (1목표),마스터,MONTH_KEY,월키 YYYYMM,VARCHAR,Y,,,월키 YYYYMM,
CRM_BIZ_TARGET,사업목표 마스터,연/월 × 조직 × 사업 (1목표),마스터,ORG_CD,조직코드 (FK→DIM_ORG),VARCHAR,Y,,,조직코드 (FK→DIM_ORG),
CRM_BIZ_TARGET,사업목표 마스터,연/월 × 조직 × 사업 (1목표),마스터,ORG_NM,조직 (이름조인 보완),VARCHAR,Y,,,조직 (이름조인 보완),
CRM_BIZ_TARGET,사업목표 마스터,연/월 × 조직 × 사업 (1목표),마스터,SPONSOR_BIZ_NM,후원사업,VARCHAR,Y,,,후원사업,
CRM_BIZ_TARGET,사업목표 마스터,연/월 × 조직 × 사업 (1목표),마스터,CAMPAIGN_NM,캠페인 (연결키 부재 Q10),VARCHAR,Y,,,캠페인 (연결키 부재 Q10),
CRM_BIZ_TARGET,사업목표 마스터,연/월 × 조직 × 사업 (1목표),마스터,TARGET_TYPE,목표유형: 당초/추경1차/추경2차,VARCHAR,Y,,,목표유형: 당초/추경1차/추경2차,
CRM_BIZ_TARGET,사업목표 마스터,연/월 × 조직 × 사업 (1목표),마스터,TARGET_CNT,목표 건수(건),"NUMBER(18,4)",Y,,,목표 건수(건) — 지표사전 #152~155,
CRM_BIZ_TARGET,사업목표 마스터,연/월 × 조직 × 사업 (1목표),마스터,DW_SOURCE_SYSTEM,원천 시스템 식별,VARCHAR,N,,,원천 시스템 식별 (공통감사),공통감사
CRM_BIZ_TARGET,사업목표 마스터,연/월 × 조직 × 사업 (1목표),마스터,DW_SOURCE_TABLE,원천 테이블 식별,VARCHAR,Y,,,원천 테이블 식별 (공통감사),공통감사
CRM_BIZ_TARGET,사업목표 마스터,연/월 × 조직 × 사업 (1목표),마스터,DW_LOAD_TS,최초 적재 시각,TIMESTAMP_NTZ,N,,,최초 적재 시각 (공통감사),공통감사
CRM_BIZ_TARGET,사업목표 마스터,연/월 × 조직 × 사업 (1목표),마스터,DW_UPDATE_TS,최종 갱신 시각,TIMESTAMP_NTZ,Y,,,최종 갱신 시각 (공통감사),공통감사
CRM_BIZ_TARGET,사업목표 마스터,연/월 × 조직 × 사업 (1목표),마스터,DW_BATCH_ID,적재 배치 식별자,VARCHAR,Y,,,적재 배치 식별자 = dbt invocation_id (공통감사),공통감사
CRM_CAMPAIGN,캠페인 마스터,1캠페인 (CMPGN_CD),마스터,CMPGN_CD,캠페인코드,VARCHAR,N,PK,,캠페인코드 (PK),
CRM_CAMPAIGN,캠페인 마스터,1캠페인 (CMPGN_CD),마스터,CMPGN_NM,캠페인명,VARCHAR,Y,,,캠페인명,
CRM_CAMPAIGN,캠페인 마스터,1캠페인 (CMPGN_CD),마스터,UPPER_CMPGN_CD,상위캠페인코드 (자기참조),VARCHAR,Y,FK,CRM_CAMPAIGN.CMPGN_CD※비강제,상위캠페인코드 (자기참조),
CRM_CAMPAIGN,캠페인 마스터,1캠페인 (CMPGN_CD),마스터,UPPER_CMPGN_YN,상위캠페인 여부 (Y/N),VARCHAR,Y,,,상위캠페인 여부 (Y/N),
CRM_CAMPAIGN,캠페인 마스터,1캠페인 (CMPGN_CD),마스터,BRND_ID,브랜드ID,VARCHAR,Y,,,브랜드ID,
CRM_CAMPAIGN,캠페인 마스터,1캠페인 (CMPGN_CD),마스터,BRND_NM,브랜드명,VARCHAR,Y,,,브랜드명,동일소스 JOIN
CRM_CAMPAIGN,캠페인 마스터,1캠페인 (CMPGN_CD),마스터,PR_MTH_CD,홍보방법코드,VARCHAR,Y,FK,CRM_CODE※비강제,홍보방법코드,
CRM_CAMPAIGN,캠페인 마스터,1캠페인 (CMPGN_CD),마스터,SPNSR_BSNS_ID,후원사업ID (Q16 조인키),VARCHAR,Y,FK,CRM_SPONSORSHIP.SPNSR_BSNS_ID※비강제,후원사업ID (Q16 조인키),
CRM_CAMPAIGN,캠페인 마스터,1캠페인 (CMPGN_CD),마스터,CMPGN_CTGR_CD,CMPGN_CTGR_CD,"NUMBER(10,0)",Y,FK,CRM_CODE※비강제,CMPGN_CTGR_CD. 코드id:MM294.,
CRM_CAMPAIGN,캠페인 마스터,1캠페인 (CMPGN_CD),마스터,CMPGN_CTGR_NM,CMPGN_CTGR_NM,VARCHAR,Y,,,CMPGN_CTGR_NM. 코드id:MM294.,
CRM_CAMPAIGN,캠페인 마스터,1캠페인 (CMPGN_CD),마스터,MBER_INFLOW_PATH_CD,MBER_INFLOW_PATH_CD,"NUMBER(10,0)",Y,,,MBER_INFLOW_PATH_CD. 코드id:MM293.,
CRM_CAMPAIGN,캠페인 마스터,1캠페인 (CMPGN_CD),마스터,MBER_INFLOW_PATH_NM,회원 유입경로명,VARCHAR,Y,,,MBER_INFLOW_PATH_NM. 코드id:MM293.,
CRM_CAMPAIGN,캠페인 마스터,1캠페인 (CMPGN_CD),마스터,CMPGN_TYPE1_BSN,CMPGN_TYPE1_BSN,"NUMBER(10,0)",Y,FK,CRM_CODE※비강제,CMPGN_TYPE1_BSN. 코드id:MM295.,
CRM_CAMPAIGN,캠페인 마스터,1캠페인 (CMPGN_CD),마스터,CMPGN_TYPE1_NM,캠페인 유형1명 (MM295 라벨): 국내 / 통합 / 해외,VARCHAR,Y,,,캠페인 유형1명 (MM295 라벨): 국내 / 통합 / 해외. 코드id:MM295.,
CRM_CAMPAIGN,캠페인 마스터,1캠페인 (CMPGN_CD),마스터,CMPGN_TYPE2_BSN,CMPGN_TYPE2_BSN,"NUMBER(10,0)",Y,FK,CRM_CODE※비강제,CMPGN_TYPE2_BSN. 코드id:MM296.,
CRM_CAMPAIGN,캠페인 마스터,1캠페인 (CMPGN_CD),마스터,CMPGN_TYPE2_NM,CMPGN_TYPE2_NM,VARCHAR,Y,,,CMPGN_TYPE2_NM. 코드id:MM296.,
CRM_CAMPAIGN,캠페인 마스터,1캠페인 (CMPGN_CD),마스터,MKTG_CMPGN_NM,MKTG_CMPGN_NM,"NUMBER(10,0)",Y,,,MKTG_CMPGN_NM.,
CRM_CAMPAIGN,캠페인 마스터,1캠페인 (CMPGN_CD),마스터,MK_CMPGN_NM,"마케팅 캠페인명 (라벨, Q16 해소)",VARCHAR,Y,,,"마케팅 캠페인명 (라벨, Q16 해소)",
CRM_CAMPAIGN,캠페인 마스터,1캠페인 (CMPGN_CD),마스터,CMPGN_STRT_DE,캠페인 시작일 YYYYMMDD,VARCHAR,Y,,,캠페인 시작일 YYYYMMDD,
CRM_CAMPAIGN,캠페인 마스터,1캠페인 (CMPGN_CD),마스터,CMPGN_TRGET_CD,캠페인대상 코드 raw,VARCHAR,Y,,,캠페인대상 코드 raw. 코드id:CM002.,
CRM_CAMPAIGN,캠페인 마스터,1캠페인 (CMPGN_CD),마스터,CPR_DIV_CD,법인구분코드,VARCHAR,Y,,,법인구분 코드 raw. 코드id:CM019.,
CRM_CAMPAIGN,캠페인 마스터,1캠페인 (CMPGN_CD),마스터,SPNSR_DIV_CD,후원구분코드,VARCHAR,Y,,,후원구분 코드 raw. 코드id:CM035.,
CRM_CAMPAIGN,캠페인 마스터,1캠페인 (CMPGN_CD),마스터,DW_SOURCE_SYSTEM,원천 시스템 식별,VARCHAR,N,,,원천 시스템 식별 (공통감사),공통감사
CRM_CAMPAIGN,캠페인 마스터,1캠페인 (CMPGN_CD),마스터,DW_LOAD_TS,최초 적재 시각,TIMESTAMP_NTZ,N,,,최초 적재 시각 (공통감사),공통감사
CRM_CAMPAIGN,캠페인 마스터,1캠페인 (CMPGN_CD),마스터,DW_UPDATE_TS,최종 갱신 시각,TIMESTAMP_NTZ,Y,,,최종 갱신 시각 (공통감사),공통감사
CRM_CAMPAIGN,캠페인 마스터,1캠페인 (CMPGN_CD),마스터,DW_BATCH_ID,적재 배치 식별자,VARCHAR,Y,,,적재 배치 식별자 = dbt invocation_id (공통감사),공통감사
CRM_CAMPAIGN,캠페인 마스터,1캠페인 (CMPGN_CD),마스터,CPR_DIV_NM,법인구분명,VARCHAR,Y,,,법인구분명 — CPR_DIV_CD 라벨,
CRM_CAMPAIGN,캠페인 마스터,1캠페인 (CMPGN_CD),마스터,SPNSR_DIV_NM,후원구분명,VARCHAR,Y,,,후원구분명 — SPNSR_DIV_CD 라벨,
CRM_CAMPAIGN,캠페인 마스터,1캠페인 (CMPGN_CD),마스터,CMMN_BRND,공통브랜드,"NUMBER(10,0)",Y,,,MM297 공통브랜드 코드. 라벨=CMMN_BRND_NM. 코드id:MM297.,
CRM_CAMPAIGN,캠페인 마스터,1캠페인 (CMPGN_CD),마스터,CMMN_BRND_NM,MM297 공통브랜드명,VARCHAR,Y,,,MM297 공통브랜드명,
CRM_CAMPAIGN,캠페인 마스터,1캠페인 (CMPGN_CD),마스터,MKTG_UTM,마케팅 UTM,"NUMBER(10,0)",Y,,,TM_CM_MKTNG_UTM 코드. 라벨=MKTG_UTM_NM. 고유값:MKTG_UTM_NM.,
CRM_CAMPAIGN,캠페인 마스터,1캠페인 (CMPGN_CD),마스터,MKTG_UTM_NM,TM_CM_MKTNG_UTM 라벨,VARCHAR,Y,,,TM_CM_MKTNG_UTM 라벨,
CRM_CAMPAIGN,캠페인 마스터,1캠페인 (CMPGN_CD),마스터,PROMO_METHOD_NAME,홍보방법명,VARCHAR,Y,,,홍보방법명. 코드id:CM008.,
CRM_CAMPAIGN,캠페인 마스터,1캠페인 (CMPGN_CD),마스터,PARENT_CAMPAIGN_NAME,상위캠페인명,VARCHAR,Y,,,상위캠페인명.,
CRM_CODE,코드사전,"코드그룹 × 코드 (CD_ID, DTL_CD_ID)",코드,CD_ID,코드그룹 ID,VARCHAR,N,PK,,코드그룹 ID (PK),
CRM_CODE,코드사전,"코드그룹 × 코드 (CD_ID, DTL_CD_ID)",코드,DTL_CD_ID,상세코드 ID,VARCHAR,N,PK,,상세코드 ID (PK),
CRM_CODE,코드사전,"코드그룹 × 코드 (CD_ID, DTL_CD_ID)",코드,DTL_CD_NM,상세코드명 (라벨),VARCHAR,Y,,,상세코드명 (라벨),
CRM_CODE,코드사전,"코드그룹 × 코드 (CD_ID, DTL_CD_ID)",코드,UPPER_CD_ID,상위코드 ID (코드 계층),VARCHAR,Y,,,상위코드 ID (코드 계층),
CRM_CODE,코드사전,"코드그룹 × 코드 (CD_ID, DTL_CD_ID)",코드,SORT_ORDR,정렬순서,"NUMBER(10,0)",Y,,,정렬순서,
CRM_CODE,코드사전,"코드그룹 × 코드 (CD_ID, DTL_CD_ID)",코드,USE_YN,사용여부 (Y/N),VARCHAR,Y,,,사용여부 (Y/N),
CRM_CODE,코드사전,"코드그룹 × 코드 (CD_ID, DTL_CD_ID)",코드,DW_SOURCE_SYSTEM,원천 시스템 식별,VARCHAR,N,,,원천 시스템 식별 (공통감사),공통감사
CRM_CODE,코드사전,"코드그룹 × 코드 (CD_ID, DTL_CD_ID)",코드,DW_LOAD_TS,최초 적재 시각,TIMESTAMP_NTZ,N,,,최초 적재 시각 (공통감사),공통감사
CRM_CODE,코드사전,"코드그룹 × 코드 (CD_ID, DTL_CD_ID)",코드,DW_UPDATE_TS,최종 갱신 시각,TIMESTAMP_NTZ,Y,,,최종 갱신 시각 (공통감사),공통감사
CRM_CODE,코드사전,"코드그룹 × 코드 (CD_ID, DTL_CD_ID)",코드,DW_BATCH_ID,적재 배치 식별자,VARCHAR,Y,,,적재 배치 식별자 = dbt invocation_id (공통감사),공통감사
CRM_DEV_TARGET,회원개발 목표,월 × 조직 × 개발구분 (1목표),마스터,STDYY,기준연도 YYYY,VARCHAR,N,PK,,기준연도 YYYY (PK),
CRM_DEV_TARGET,회원개발 목표,월 × 조직 × 개발구분 (1목표),마스터,STDR_MT,기준월 YYYYMM,VARCHAR,N,PK,,기준월 YYYYMM (PK),
CRM_DEV_TARGET,회원개발 목표,월 × 조직 × 개발구분 (1목표),마스터,MBER_DVLP_DIV_CD,회원개발 구분코드,VARCHAR,N,"PK,FK",CRM_CODE※비강제,회원개발 구분코드 (PK),FTG-D conform
CRM_DEV_TARGET,회원개발 목표,월 × 조직 × 개발구분 (1목표),마스터,DEPT_ID,부서ID,VARCHAR,N,"PK,FK",CRM_ORG.DEPT_ID※비강제,"부서ID (PK, →CRM_ORG)",
CRM_DEV_TARGET,회원개발 목표,월 × 조직 × 개발구분 (1목표),마스터,GOAL_CNT,목표 건수,"NUMBER(10,0)",Y,,,목표 건수,FTG-D measure
CRM_DEV_TARGET,회원개발 목표,월 × 조직 × 개발구분 (1목표),마스터,DW_SOURCE_SYSTEM,원천 시스템 식별,VARCHAR,N,,,원천 시스템 식별 (공통감사),공통감사
CRM_DEV_TARGET,회원개발 목표,월 × 조직 × 개발구분 (1목표),마스터,DW_LOAD_TS,최초 적재 시각,TIMESTAMP_NTZ,N,,,최초 적재 시각 (공통감사),공통감사
CRM_DEV_TARGET,회원개발 목표,월 × 조직 × 개발구분 (1목표),마스터,DW_UPDATE_TS,최종 갱신 시각,TIMESTAMP_NTZ,Y,,,최종 갱신 시각 (공통감사),공통감사
CRM_DEV_TARGET,회원개발 목표,월 × 조직 × 개발구분 (1목표),마스터,DW_BATCH_ID,적재 배치 식별자,VARCHAR,Y,,,적재 배치 식별자 = dbt invocation_id (공통감사),공통감사
CRM_EVENT,행사 마스터,1행사 (EVENT_KEY),행사,EVENT_KEY,행사키,VARCHAR,N,PK,,행사키 (PK),파생 통합키
CRM_EVENT,행사 마스터,1행사 (EVENT_KEY),행사,EVENT_SOURCE,행사출처 (이벤트/캠페인행사),VARCHAR,Y,,,행사출처 (이벤트/캠페인행사),파생
CRM_EVENT,행사 마스터,1행사 (EVENT_KEY),행사,EVENT_DIV_CD,행사구분코드,VARCHAR,Y,FK,CRM_CODE※비강제,행사구분코드 (raw · 원천별 다체계.,
CRM_EVENT,행사 마스터,1행사 (EVENT_KEY),행사,EVENT_NM,행사명,VARCHAR,Y,,,행사명,
CRM_EVENT,행사 마스터,1행사 (EVENT_KEY),행사,STRT_DE,시작일자 YYYYMMDD,VARCHAR,Y,,,시작일자 YYYYMMDD,
CRM_EVENT,행사 마스터,1행사 (EVENT_KEY),행사,END_DE,종료일자 YYYYMMDD,VARCHAR,Y,,,종료일자 YYYYMMDD,
CRM_EVENT,행사 마스터,1행사 (EVENT_KEY),행사,RCRIT_PSNNL_CO,모집인원 수,"NUMBER(10,0)",Y,,,모집인원 수,
CRM_EVENT,행사 마스터,1행사 (EVENT_KEY),행사,BRNCH_DEPT_ID,주관부서ID (→CRM_ORG),VARCHAR,Y,FK,CRM_ORG.DEPT_ID※비강제,주관부서ID (→CRM_ORG),
CRM_EVENT,행사 마스터,1행사 (EVENT_KEY),행사,DW_SOURCE_SYSTEM,원천 시스템 식별,VARCHAR,N,,,원천 시스템 식별 (공통감사),공통감사
CRM_EVENT,행사 마스터,1행사 (EVENT_KEY),행사,DW_SOURCE_TABLE,원천 테이블 식별,VARCHAR,Y,,,원천 테이블 식별 (공통감사),공통감사
CRM_EVENT,행사 마스터,1행사 (EVENT_KEY),행사,DW_LOAD_TS,최초 적재 시각,TIMESTAMP_NTZ,N,,,최초 적재 시각 (공통감사),공통감사
CRM_EVENT,행사 마스터,1행사 (EVENT_KEY),행사,DW_UPDATE_TS,최종 갱신 시각,TIMESTAMP_NTZ,Y,,,최종 갱신 시각 (공통감사),공통감사
CRM_EVENT,행사 마스터,1행사 (EVENT_KEY),행사,DW_BATCH_ID,적재 배치 식별자,VARCHAR,Y,,,적재 배치 식별자 = dbt invocation_id (공통감사),공통감사
CRM_EVENT,행사 마스터,1행사 (EVENT_KEY),행사,EVENT_DIV_GROUP,EVENT_DIV_GROUP,VARCHAR,Y,,,EVENT_DIV_GROUP. 코드id:MS286.,
CRM_EVENT,행사 마스터,1행사 (EVENT_KEY),행사,EVENT_DIV_NM,행사구분 라벨 (CRM_CODE 조인 · 두 체계 겹침 0),VARCHAR,Y,,,행사구분 라벨 (CRM_CODE 조인 · 두 체계 겹침 0).,
CRM_EVENT_PARTICIPATION,행사 참여자,"행사 × 참여자 (EVENT_KEY, MEMBER_DK, PARTCPT_SEQ)",행사,EVENT_KEY,행사키,VARCHAR,N,"PK,FK",CRM_EVENT.EVENT_KEY※비강제,"행사키 (PK, →CRM_EVENT)",
CRM_EVENT_PARTICIPATION,행사 참여자,"행사 × 참여자 (EVENT_KEY, MEMBER_DK, PARTCPT_SEQ)",행사,MBER_NO,회원번호,VARCHAR,N,"PK,FK",CRM_MEMBER.MEMBER_DK※비강제,회원번호 (PK),
CRM_EVENT_PARTICIPATION,행사 참여자,"행사 × 참여자 (EVENT_KEY, MEMBER_DK, PARTCPT_SEQ)",행사,PARTCPT_SEQ,참여 일련번호,"NUMBER(10,0)",N,PK,,참여 일련번호 (PK),
CRM_EVENT_PARTICIPATION,행사 참여자,"행사 × 참여자 (EVENT_KEY, MEMBER_DK, PARTCPT_SEQ)",행사,PARTCPT_STAT_CD,참여상태코드,VARCHAR,Y,FK,CRM_CODE※비강제,참여상태코드 (raw · 원천별 2체계 O28.,
CRM_EVENT_PARTICIPATION,행사 참여자,"행사 × 참여자 (EVENT_KEY, MEMBER_DK, PARTCPT_SEQ)",행사,PARTCPT_CHNNL_CD,참여채널코드,VARCHAR,Y,FK,CRM_CODE※비강제,참여채널코드 (raw · EVENT 전용.,
CRM_EVENT_PARTICIPATION,행사 참여자,"행사 × 참여자 (EVENT_KEY, MEMBER_DK, PARTCPT_SEQ)",행사,PARTCPT_PATH_CD,참여경로코드,VARCHAR,Y,FK,CRM_CODE※비강제,참여경로코드.,
CRM_EVENT_PARTICIPATION,행사 참여자,"행사 × 참여자 (EVENT_KEY, MEMBER_DK, PARTCPT_SEQ)",행사,PRZWIN_CD,당첨코드,"NUMBER(10,0)",Y,,,당첨코드,
CRM_EVENT_PARTICIPATION,행사 참여자,"행사 × 참여자 (EVENT_KEY, MEMBER_DK, PARTCPT_SEQ)",행사,RCPMNY_AMT,입금금액 (원단위),"NUMBER(19,0)",Y,,,입금금액 (원단위),원금액
CRM_EVENT_PARTICIPATION,행사 참여자,"행사 × 참여자 (EVENT_KEY, MEMBER_DK, PARTCPT_SEQ)",행사,PARTCPT_DT,참여일시,TIMESTAMP_NTZ,Y,,,참여일시,
CRM_EVENT_PARTICIPATION,행사 참여자,"행사 × 참여자 (EVENT_KEY, MEMBER_DK, PARTCPT_SEQ)",행사,DW_SOURCE_SYSTEM,원천 시스템 식별,VARCHAR,N,,,원천 시스템 식별 (공통감사),공통감사
CRM_EVENT_PARTICIPATION,행사 참여자,"행사 × 참여자 (EVENT_KEY, MEMBER_DK, PARTCPT_SEQ)",행사,DW_SOURCE_TABLE,원천 테이블 식별,VARCHAR,Y,,,원천 테이블 식별 (공통감사),공통감사
CRM_EVENT_PARTICIPATION,행사 참여자,"행사 × 참여자 (EVENT_KEY, MEMBER_DK, PARTCPT_SEQ)",행사,DW_LOAD_TS,최초 적재 시각,TIMESTAMP_NTZ,N,,,최초 적재 시각 (공통감사),공통감사
CRM_EVENT_PARTICIPATION,행사 참여자,"행사 × 참여자 (EVENT_KEY, MEMBER_DK, PARTCPT_SEQ)",행사,DW_UPDATE_TS,최종 갱신 시각,TIMESTAMP_NTZ,Y,,,최종 갱신 시각 (공통감사),공통감사
CRM_EVENT_PARTICIPATION,행사 참여자,"행사 × 참여자 (EVENT_KEY, MEMBER_DK, PARTCPT_SEQ)",행사,DW_BATCH_ID,적재 배치 식별자,VARCHAR,Y,,,적재 배치 식별자 = dbt invocation_id (공통감사),공통감사
CRM_EVENT_PARTICIPATION,행사 참여자,"행사 × 참여자 (EVENT_KEY, MEMBER_DK, PARTCPT_SEQ)",행사,PARTCPT_STAT_GROUP,참여상태 그룹,VARCHAR,Y,,,PARTCPT_STAT_GROUP. 코드id:MS304.,
CRM_EVENT_PARTICIPATION,행사 참여자,"행사 × 참여자 (EVENT_KEY, MEMBER_DK, PARTCPT_SEQ)",행사,PARTCPT_STAT_NM,참여상태 라벨 (CRM_CODE 조인),VARCHAR,Y,,,참여상태 라벨 (CRM_CODE 조인).,
CRM_EVENT_PARTICIPATION,행사 참여자,"행사 × 참여자 (EVENT_KEY, MEMBER_DK, PARTCPT_SEQ)",행사,PARTCPT_CHNNL_GROUP,PARTCPT_CHNNL_GROUP,VARCHAR,Y,,,PARTCPT_CHNNL_GROUP. 코드id:MS302.,
CRM_EVENT_PARTICIPATION,행사 참여자,"행사 × 참여자 (EVENT_KEY, MEMBER_DK, PARTCPT_SEQ)",행사,PARTCPT_CHNNL_NM,참여채널 라벨 (CRM_CODE 조인),VARCHAR,Y,,,참여채널 라벨 (CRM_CODE 조인),
CRM_EVENT_PARTICIPATION,행사 참여자,"행사 × 참여자 (EVENT_KEY, MEMBER_DK, PARTCPT_SEQ)",행사,PARTCPT_PATH_GROUP,PARTCPT_PATH_GROUP,VARCHAR,Y,,,PARTCPT_PATH_GROUP. 코드id:MS303.,
CRM_EVENT_PARTICIPATION,행사 참여자,"행사 × 참여자 (EVENT_KEY, MEMBER_DK, PARTCPT_SEQ)",행사,PARTCPT_PATH_NM,참여경로 라벨 (CRM_CODE 조인),VARCHAR,Y,,,참여경로 라벨 (CRM_CODE 조인),
CRM_MARKETING_CAMPAIGN,마케팅캠페인 마스터,1마케팅캠페인 (MKTG_CMPGN_KEY),마스터,MK_CMPGN_CD,MK_CMPGN_CD,VARCHAR,Y,,,MK_CMPGN_CD.,
CRM_MARKETING_CAMPAIGN,마케팅캠페인 마스터,1마케팅캠페인 (MKTG_CMPGN_KEY),마스터,MK_CMPGN_NM,MK_CMPGN_NM,VARCHAR,Y,,,MK_CMPGN_NM.,
CRM_MARKETING_CAMPAIGN,마케팅캠페인 마스터,1마케팅캠페인 (MKTG_CMPGN_KEY),마스터,USE_YN,사용여부 Y/N,VARCHAR,Y,,,"사용여부 Y/N. 고유값:Y,N",
CRM_MARKETING_CAMPAIGN,마케팅캠페인 마스터,1마케팅캠페인 (MKTG_CMPGN_KEY),마스터,RM,비고,VARCHAR,Y,,,비고,
CRM_MARKETING_CAMPAIGN,마케팅캠페인 마스터,1마케팅캠페인 (MKTG_CMPGN_KEY),마스터,DW_SOURCE_SYSTEM,원천 시스템 식별,VARCHAR,Y,,,원천 시스템,공통감사
CRM_MARKETING_CAMPAIGN,마케팅캠페인 마스터,1마케팅캠페인 (MKTG_CMPGN_KEY),마스터,DW_LOAD_TS,최초 적재 시각,TIMESTAMP_NTZ,Y,,,적재 시각,공통감사
CRM_MARKETING_CAMPAIGN,마케팅캠페인 마스터,1마케팅캠페인 (MKTG_CMPGN_KEY),마스터,DW_UPDATE_TS,최종 갱신 시각,TIMESTAMP_NTZ,Y,,,갱신 시각,공통감사
CRM_MARKETING_CAMPAIGN,마케팅캠페인 마스터,1마케팅캠페인 (MKTG_CMPGN_KEY),마스터,DW_BATCH_ID,적재 배치 식별자,VARCHAR,Y,,,배치 식별,공통감사
CRM_MEMBER,회원 통합,1회원 (MEMBER_DK),회원,MEMBER_DK,불변 회원키,VARCHAR,N,PK,,"불변 회원키 (PK, 조인용)",
CRM_MEMBER,회원 통합,1회원 (MEMBER_DK),회원,MEMBER_TYPE,회원구분 파생 (정기=FDRM / 일시=ONCE),VARCHAR,Y,,,회원구분 파생 (정기=FDRM / 일시=ONCE),파생
CRM_MEMBER,회원 통합,1회원 (MEMBER_DK),회원,MBER_DIV_CD,회원구분코드 (MM018: 개인/기업/단체),VARCHAR,Y,FK,CRM_CODE※비강제,회원구분코드 (MM018: 개인/기업/단체),
CRM_MEMBER,회원 통합,1회원 (MEMBER_DK),회원,MBER_DIV_NM,회원구분명,VARCHAR,Y,,,회원구분명 (코드 라벨),파생
CRM_MEMBER,회원 통합,1회원 (MEMBER_DK),회원,CPR_DIV_CD,법인구분코드,VARCHAR,Y,FK,CRM_CODE※비강제,법인구분코드,
CRM_MEMBER,회원 통합,1회원 (MEMBER_DK),회원,SEX,성별 원천코드 raw,VARCHAR,Y,,,성별 원천코드 raw. 코드id:CM013,
CRM_MEMBER,회원 통합,1회원 (MEMBER_DK),회원,SEX_NM,성별 원천 라벨,VARCHAR,Y,,,성별 원천 라벨. 코드id:CM013,
CRM_MEMBER,회원 통합,1회원 (MEMBER_DK),회원,MBER_STAT_CD,회원상태 원천코드 raw,VARCHAR,Y,FK,CRM_CODE※비강제,회원상태 원천코드 raw (#132). 코드id:MM010,정기만 보유
CRM_MEMBER,회원 통합,1회원 (MEMBER_DK),회원,MBER_STAT_NM,회원상태명,VARCHAR,Y,,,회원상태명 (코드 라벨),파생
CRM_MEMBER,회원 통합,1회원 (MEMBER_DK),회원,CMPGN_CD,가입 캠페인코드 (→CRM_CAMPAIGN),VARCHAR,Y,FK,CRM_CAMPAIGN.CMPGN_CD※비강제,가입 캠페인코드 (→CRM_CAMPAIGN),
CRM_MEMBER,회원 통합,1회원 (MEMBER_DK),회원,ACT_DEPT_CD,활동부서코드 (→CRM_ORG),VARCHAR,Y,FK,CRM_ORG.DEPT_ID※비강제,활동부서코드 (→CRM_ORG),
CRM_MEMBER,회원 통합,1회원 (MEMBER_DK),회원,REGIST_DEPT_CD,등록부서코드 (→CRM_ORG),VARCHAR,Y,FK,CRM_ORG.DEPT_ID※비강제,등록부서코드 (→CRM_ORG),
CRM_MEMBER,회원 통합,1회원 (MEMBER_DK),회원,JOIN_PATH_CD,가입경로코드 (MM014),VARCHAR,Y,FK,CRM_CODE※비강제,가입경로코드 (MM014),
CRM_MEMBER,회원 통합,1회원 (MEMBER_DK),회원,HMPG_ID,홈페이지/앱 ID,VARCHAR,Y,,,홈페이지/앱 ID,
CRM_MEMBER,회원 통합,1회원 (MEMBER_DK),회원,ENTRPS_NM,기업/단체명 (법인회원),VARCHAR,Y,,,기업/단체명 (법인회원),
CRM_MEMBER,회원 통합,1회원 (MEMBER_DK),회원,EMAIL_RECPTN,이메일 수신동의 여부,VARCHAR,Y,,,이메일 수신동의 여부,
CRM_MEMBER,회원 통합,1회원 (MEMBER_DK),회원,PSTMTR_RECPTN,우편물 수신동의 여부,VARCHAR,Y,,,우편물 수신동의 여부,
CRM_MEMBER,회원 통합,1회원 (MEMBER_DK),회원,FRST_REGIST_DT,최초등록일시(가입일시),TIMESTAMP_NTZ,Y,,,최초등록일시(가입일시),
CRM_MEMBER,회원 통합,1회원 (MEMBER_DK),회원,EMAIL_STAT_CD,이메일 상태코드,VARCHAR,Y,,,EMAIL_STAT_CD. 코드id:MM009. [사유:원천 부재],
CRM_MEMBER,회원 통합,1회원 (MEMBER_DK),회원,ETC_CTTPC_REL_CD,기타연락처 관계코드,VARCHAR,Y,,,기타연락처 관계 코드 raw (정본 MM008). 코드id:MM008.,
CRM_MEMBER,회원 통합,1회원 (MEMBER_DK),회원,ETC_CTTPC_STAT_CD,기타연락처 상태코드,VARCHAR,Y,,,ETC_CTTPC_STAT_CD. 코드id:MM008.,
CRM_MEMBER,회원 통합,1회원 (MEMBER_DK),회원,ETC_TSTM_DIV_CD,기타 증서구분코드,VARCHAR,Y,,,ETC_TSTM_DIV_CD. 코드id:MS026.,
CRM_MEMBER,회원 통합,1회원 (MEMBER_DK),회원,MOBLPHON_STAT_CD,휴대폰 상태코드,VARCHAR,Y,,,MOBLPHON_STAT_CD. 코드id:MM008.,
CRM_MEMBER,회원 통합,1회원 (MEMBER_DK),회원,REL_CD,관계 코드 raw (정본 CM009),VARCHAR,Y,,,관계 코드 raw (정본 CM009). ONCE 전용. 코드id:CM009.,
CRM_MEMBER,회원 통합,1회원 (MEMBER_DK),회원,RELATNSP_DIV_CD,결연 관계구분코드,VARCHAR,Y,,,RELATNSP_DIV_CD. 코드id:MM019.,
CRM_MEMBER,회원 통합,1회원 (MEMBER_DK),회원,SLRCLD_LRR_CD,급여공제 코드,VARCHAR,Y,,,급여공제 코드 raw (정본 CM029). 코드id:CM029.,
CRM_MEMBER,회원 통합,1회원 (MEMBER_DK),회원,TSTM_DIV_CD,증서구분코드,VARCHAR,Y,,,TSTM_DIV_CD. 코드id:MS026.,
CRM_MEMBER,회원 통합,1회원 (MEMBER_DK),회원,DW_SOURCE_SYSTEM,원천 시스템 식별,VARCHAR,N,,,원천 시스템 식별 (공통감사),공통감사
CRM_MEMBER,회원 통합,1회원 (MEMBER_DK),회원,DW_SOURCE_TABLE,원천 테이블 식별,VARCHAR,Y,,,원천 테이블 식별 (공통감사),공통감사
CRM_MEMBER,회원 통합,1회원 (MEMBER_DK),회원,DW_LOAD_TS,최초 적재 시각,TIMESTAMP_NTZ,N,,,최초 적재 시각 (공통감사),공통감사
CRM_MEMBER,회원 통합,1회원 (MEMBER_DK),회원,DW_UPDATE_TS,최종 갱신 시각,TIMESTAMP_NTZ,Y,,,최종 갱신 시각 (공통감사),공통감사
CRM_MEMBER,회원 통합,1회원 (MEMBER_DK),회원,DW_BATCH_ID,적재 배치 식별자,VARCHAR,Y,,,적재 배치 식별자 = dbt invocation_id (공통감사),공통감사
CRM_MEMBER_AMT_CHANGE,약정 증감,"1약정증감 (MBER_NO, CHG_SEQ)",약정,OCCRRNC_DE,발생일자 YYYYMMDD,VARCHAR,N,PK,,발생일자 YYYYMMDD (PK),
CRM_MEMBER_AMT_CHANGE,약정 증감,"1약정증감 (MBER_NO, CHG_SEQ)",약정,SER_NO,일련번호,"NUMBER(10,0)",N,PK,,일련번호 (PK),
CRM_MEMBER_AMT_CHANGE,약정 증감,"1약정증감 (MBER_NO, CHG_SEQ)",약정,MBER_NO,회원번호,VARCHAR,Y,FK,CRM_MEMBER.MEMBER_DK※비강제,회원번호,
CRM_MEMBER_AMT_CHANGE,약정 증감,"1약정증감 (MBER_NO, CHG_SEQ)",약정,SPNSR_AMT,변경 후 약정금액 (원단위),"NUMBER(19,0)",Y,,,변경 후 약정금액 (원단위),원금액 보존
CRM_MEMBER_AMT_CHANGE,약정 증감,"1약정증감 (MBER_NO, CHG_SEQ)",약정,RDCAMT_YN,감액여부 (Y=감액/N=증액),VARCHAR,Y,,,감액여부 (Y=감액/N=증액),
CRM_MEMBER_AMT_CHANGE,약정 증감,"1약정증감 (MBER_NO, CHG_SEQ)",약정,ACMSLT_DEPT_CD,실적부서코드 (→CRM_ORG),VARCHAR,Y,FK,CRM_ORG.DEPT_ID※비강제,실적부서코드 (→CRM_ORG),
CRM_MEMBER_AMT_CHANGE,약정 증감,"1약정증감 (MBER_NO, CHG_SEQ)",약정,CMPGN_CD,캠페인코드 (→CRM_CAMPAIGN),VARCHAR,Y,FK,CRM_CAMPAIGN.CMPGN_CD※비강제,캠페인코드 (→CRM_CAMPAIGN),
CRM_MEMBER_AMT_CHANGE,약정 증감,"1약정증감 (MBER_NO, CHG_SEQ)",약정,AREA_CD,지역코드 (CM018),VARCHAR,Y,,,지역코드 (CM018),
CRM_MEMBER_AMT_CHANGE,약정 증감,"1약정증감 (MBER_NO, CHG_SEQ)",약정,AREA_NM,지역명,VARCHAR,Y,,,지역명 (코드 라벨),
CRM_MEMBER_AMT_CHANGE,약정 증감,"1약정증감 (MBER_NO, CHG_SEQ)",약정,AGE,연령,"NUMBER(10,0)",Y,,,연령,
CRM_MEMBER_AMT_CHANGE,약정 증감,"1약정증감 (MBER_NO, CHG_SEQ)",약정,MBER_DIV_CD,회원구분 원천코드 raw,VARCHAR,Y,,,회원구분 원천코드 raw. 코드id:MM018,
CRM_MEMBER_AMT_CHANGE,약정 증감,"1약정증감 (MBER_NO, CHG_SEQ)",약정,SETLE_CD,결제수단 코드 raw (정본 PM040),VARCHAR,Y,,,결제수단 코드 raw (정본 PM040). 라벨 미배선. 코드id:PM040.,
CRM_MEMBER_AMT_CHANGE,약정 증감,"1약정증감 (MBER_NO, CHG_SEQ)",약정,SEX,성별 원천코드 raw,VARCHAR,Y,,,성별 원천코드 raw. 코드id:CM013,
CRM_MEMBER_AMT_CHANGE,약정 증감,"1약정증감 (MBER_NO, CHG_SEQ)",약정,SPNSR_AMT_CD,SPNSR_AMT_CD,VARCHAR,Y,,,SPNSR_AMT_CD. 코드id:CM012.,
CRM_MEMBER_AMT_CHANGE,약정 증감,"1약정증감 (MBER_NO, CHG_SEQ)",약정,DW_SOURCE_SYSTEM,원천 시스템 식별,VARCHAR,N,,,원천 시스템 식별 (공통감사),공통감사
CRM_MEMBER_AMT_CHANGE,약정 증감,"1약정증감 (MBER_NO, CHG_SEQ)",약정,DW_LOAD_TS,최초 적재 시각,TIMESTAMP_NTZ,N,,,최초 적재 시각 (공통감사),공통감사
CRM_MEMBER_AMT_CHANGE,약정 증감,"1약정증감 (MBER_NO, CHG_SEQ)",약정,DW_UPDATE_TS,최종 갱신 시각,TIMESTAMP_NTZ,Y,,,최종 갱신 시각 (공통감사),공통감사
CRM_MEMBER_AMT_CHANGE,약정 증감,"1약정증감 (MBER_NO, CHG_SEQ)",약정,DW_BATCH_ID,적재 배치 식별자,VARCHAR,Y,,,적재 배치 식별자 = dbt invocation_id (공통감사),공통감사
CRM_MEMBER_DEV,개발약정,"1개발약정 (MBER_NO, DVLP_SEQ)",약정,SPNSR_NO,후원번호,VARCHAR,N,PK,,후원번호 (PK),
CRM_MEMBER_DEV,개발약정,"1개발약정 (MBER_NO, DVLP_SEQ)",약정,SPNSR_BSNS_NO,후원사업번호,"NUMBER(19,0)",N,PK,,후원사업번호 (PK),Q15 약정키(차원키 아님)
CRM_MEMBER_DEV,개발약정,"1개발약정 (MBER_NO, DVLP_SEQ)",약정,OCCRRNC_DE,발생일자 YYYYMMDD,VARCHAR,N,PK,,발생일자 YYYYMMDD (PK),
CRM_MEMBER_DEV,개발약정,"1개발약정 (MBER_NO, DVLP_SEQ)",약정,SER_NO,일련번호,"NUMBER(10,0)",N,PK,,일련번호 (PK),
CRM_MEMBER_DEV,개발약정,"1개발약정 (MBER_NO, DVLP_SEQ)",약정,MBER_NO,회원번호,VARCHAR,Y,FK,CRM_MEMBER.MEMBER_DK※비강제,회원번호,
CRM_MEMBER_DEV,개발약정,"1개발약정 (MBER_NO, DVLP_SEQ)",약정,SPNSR_BSNS_ID,후원사업ID (→CRM_SPONSORSHIP),VARCHAR,Y,FK,CRM_SPONSORSHIP.SPNSR_BSNS_ID※비강제,후원사업ID (→CRM_SPONSORSHIP),
CRM_MEMBER_DEV,개발약정,"1개발약정 (MBER_NO, DVLP_SEQ)",약정,SPNSR_AMT,약정 후원금액 (원단위),"NUMBER(19,0)",Y,,,약정 후원금액 (원단위),원금액 보존
CRM_MEMBER_DEV,개발약정,"1개발약정 (MBER_NO, DVLP_SEQ)",약정,DVLP_DIV_CD,DVLP_DIV_CD,VARCHAR,Y,FK,CRM_CODE※비강제,DVLP_DIV_CD. 코드id:MM015.,FTG-D conform
CRM_MEMBER_DEV,개발약정,"1개발약정 (MBER_NO, DVLP_SEQ)",약정,DVLP_DIV_NM,개발구분명,VARCHAR,Y,,,개발구분명. 코드id:MM015.,
CRM_MEMBER_DEV,개발약정,"1개발약정 (MBER_NO, DVLP_SEQ)",약정,ACT_DEPT_CD,활동부서코드 (→CRM_ORG),VARCHAR,Y,FK,CRM_ORG.DEPT_ID※비강제,활동부서코드 (→CRM_ORG),O10
CRM_MEMBER_DEV,개발약정,"1개발약정 (MBER_NO, DVLP_SEQ)",약정,ACMSLT_DEPT_CD,실적부서코드 (→CRM_ORG),VARCHAR,Y,FK,CRM_ORG.DEPT_ID※비강제,실적부서코드 (→CRM_ORG),O10
CRM_MEMBER_DEV,개발약정,"1개발약정 (MBER_NO, DVLP_SEQ)",약정,CMPGN_CD,캠페인코드 (→CRM_CAMPAIGN),VARCHAR,Y,FK,CRM_CAMPAIGN.CMPGN_CD※비강제,캠페인코드 (→CRM_CAMPAIGN),
CRM_MEMBER_DEV,개발약정,"1개발약정 (MBER_NO, DVLP_SEQ)",약정,SETLE_CD,결제수단코드,VARCHAR,Y,FK,CRM_CODE※비강제,결제수단코드,
CRM_MEMBER_DEV,개발약정,"1개발약정 (MBER_NO, DVLP_SEQ)",약정,AREA_CD,지역코드 (CM018),VARCHAR,Y,,,지역코드 (CM018),
CRM_MEMBER_DEV,개발약정,"1개발약정 (MBER_NO, DVLP_SEQ)",약정,AREA_NM,지역명,VARCHAR,Y,,,지역명 (코드 라벨),
CRM_MEMBER_DEV,개발약정,"1개발약정 (MBER_NO, DVLP_SEQ)",약정,AGE,연령,"NUMBER(10,0)",Y,,,연령,
CRM_MEMBER_DEV,개발약정,"1개발약정 (MBER_NO, DVLP_SEQ)",약정,CANCL_RDCAMT_RSN_CD,취소·감액사유 코드 raw (정본 MM002),VARCHAR,Y,,,취소·감액사유 코드 raw (정본 MM002). 코드id:MM002.,
CRM_MEMBER_DEV,개발약정,"1개발약정 (MBER_NO, DVLP_SEQ)",약정,MBER_DIV_CD,회원구분 원천코드 raw,VARCHAR,Y,,,회원구분 원천코드 raw. 코드id:MM018,
CRM_MEMBER_DEV,개발약정,"1개발약정 (MBER_NO, DVLP_SEQ)",약정,SEX,성별 원천코드 raw,VARCHAR,Y,,,성별 원천코드 raw. 코드id:CM013,
CRM_MEMBER_DEV,개발약정,"1개발약정 (MBER_NO, DVLP_SEQ)",약정,SPNSR_AMT_CD,SPNSR_AMT_CD,VARCHAR,Y,,,SPNSR_AMT_CD. 코드id:CM012.,
CRM_MEMBER_DEV,개발약정,"1개발약정 (MBER_NO, DVLP_SEQ)",약정,DW_SOURCE_SYSTEM,원천 시스템 식별,VARCHAR,N,,,원천 시스템 식별 (공통감사),공통감사
CRM_MEMBER_DEV,개발약정,"1개발약정 (MBER_NO, DVLP_SEQ)",약정,DW_LOAD_TS,최초 적재 시각,TIMESTAMP_NTZ,N,,,최초 적재 시각 (공통감사),공통감사
CRM_MEMBER_DEV,개발약정,"1개발약정 (MBER_NO, DVLP_SEQ)",약정,DW_UPDATE_TS,최종 갱신 시각,TIMESTAMP_NTZ,Y,,,최종 갱신 시각 (공통감사),공통감사
CRM_MEMBER_DEV,개발약정,"1개발약정 (MBER_NO, DVLP_SEQ)",약정,DW_BATCH_ID,적재 배치 식별자,VARCHAR,Y,,,적재 배치 식별자 = dbt invocation_id (공통감사),공통감사
CRM_MEMBER_DEV,개발약정,"1개발약정 (MBER_NO, DVLP_SEQ)",약정,MBER_INFLOW_PATH_CD,MBER_INFLOW_PATH_CD,"NUMBER(10,0)",Y,,,MBER_INFLOW_PATH_CD. 코드id:MM293.,
CRM_MEMBER_DEV,개발약정,"1개발약정 (MBER_NO, DVLP_SEQ)",약정,MBER_INFLOW_PATH_NM,회원 유입경로명,VARCHAR,Y,,,MBER_INFLOW_PATH_NM. 코드id:MM293.,
CRM_MEMBER_DEV,개발약정,"1개발약정 (MBER_NO, DVLP_SEQ)",약정,CMPGN_CTGR_CD,CMPGN_CTGR_CD,"NUMBER(10,0)",Y,,,CMPGN_CTGR_CD. 코드id:MM294.,
CRM_MEMBER_DEV,개발약정,"1개발약정 (MBER_NO, DVLP_SEQ)",약정,CMPGN_CTGR_NM,CMPGN_CTGR_NM,VARCHAR,Y,,,CMPGN_CTGR_NM. 코드id:MM294.,
CRM_MEMBER_DEV,개발약정,"1개발약정 (MBER_NO, DVLP_SEQ)",약정,CMPGN_TYPE1_BSN,CMPGN_TYPE1_BSN,"NUMBER(10,0)",Y,,,CMPGN_TYPE1_BSN. 코드id:MM295.,
CRM_MEMBER_DEV,개발약정,"1개발약정 (MBER_NO, DVLP_SEQ)",약정,CMPGN_TYPE1_NM,CMPGN_TYPE1_NM,VARCHAR,Y,,,CMPGN_TYPE1_NM. 코드id:MM295.,
CRM_MEMBER_DEV,개발약정,"1개발약정 (MBER_NO, DVLP_SEQ)",약정,CMPGN_TYPE2_BSN,CMPGN_TYPE2_BSN,"NUMBER(10,0)",Y,,,CMPGN_TYPE2_BSN. 코드id:MM296.,
CRM_MEMBER_DEV,개발약정,"1개발약정 (MBER_NO, DVLP_SEQ)",약정,CMPGN_TYPE2_NM,CMPGN_TYPE2_NM,VARCHAR,Y,,,CMPGN_TYPE2_NM. 코드id:MM296.,
CRM_MEMBER_DEV,개발약정,"1개발약정 (MBER_NO, DVLP_SEQ)",약정,MKTG_CMPGN_NM,MKTG_CMPGN_NM,"NUMBER(10,0)",Y,,,MKTG_CMPGN_NM.,
CRM_MEMBER_DEV,개발약정,"1개발약정 (MBER_NO, DVLP_SEQ)",약정,MK_CMPGN_NM,MK_CMPGN_NM,VARCHAR,Y,,,MK_CMPGN_NM.,
CRM_MEMBER_DEV,개발약정,"1개발약정 (MBER_NO, DVLP_SEQ)",약정,CMMN_BRND,공통브랜드,"NUMBER(10,0)",Y,,,MM297 공통브랜드 코드. CRM_CAMPAIGN 비정규화. 코드id:MM297.,
CRM_MEMBER_DEV,개발약정,"1개발약정 (MBER_NO, DVLP_SEQ)",약정,CMMN_BRND_NM,MM297 공통브랜드명,VARCHAR,Y,,,MM297 공통브랜드명. CRM_CAMPAIGN 비정규화. 코드id:MM297.,
CRM_MEMBER_DEV,개발약정,"1개발약정 (MBER_NO, DVLP_SEQ)",약정,MKTG_UTM,마케팅 UTM,"NUMBER(10,0)",Y,,,MKTG_UTM.,
CRM_MEMBER_DEV,개발약정,"1개발약정 (MBER_NO, DVLP_SEQ)",약정,MKTG_UTM_NM,MKTG_UTM_NM,VARCHAR,Y,,,MKTG_UTM_NM.,
CRM_MEMBER_DEV,개발약정,"1개발약정 (MBER_NO, DVLP_SEQ)",약정,SPNSR_DIV_CD,후원구분코드,VARCHAR,Y,,,SPNSR_DIV_CD. 코드id:CM035.,
CRM_MEMBER_DEV,개발약정,"1개발약정 (MBER_NO, DVLP_SEQ)",약정,SPNSR_DIV_NM,후원구분명,VARCHAR,Y,,,후원구분명. CRM_CAMPAIGN 비정규화,
CRM_MEMBER_DEV,개발약정,"1개발약정 (MBER_NO, DVLP_SEQ)",약정,CPR_DIV_CD,법인구분코드,VARCHAR,Y,,,CPR_DIV_CD. 코드id:CM019.,
CRM_MEMBER_DEV,개발약정,"1개발약정 (MBER_NO, DVLP_SEQ)",약정,CPR_DIV_NM,법인구분명,VARCHAR,Y,,,법인구분명. CRM_CAMPAIGN 비정규화,
CRM_MEMBER_DEV,개발약정,"1개발약정 (MBER_NO, DVLP_SEQ)",약정,BRND_NM,브랜드명,VARCHAR,Y,,,브랜드명. CRM_CAMPAIGN 비정규화,
CRM_MEMBER_DEV,개발약정,"1개발약정 (MBER_NO, DVLP_SEQ)",약정,PARENT_CAMPAIGN_NAME,PARENT_CAMPAIGN_NAME,VARCHAR,Y,,,PARENT_CAMPAIGN_NAME.,
CRM_MEMBER_DEV,개발약정,"1개발약정 (MBER_NO, DVLP_SEQ)",약정,PROMO_METHOD_NAME,홍보방법명 (CM008 라벨),VARCHAR,Y,,,홍보방법명 (CM008 라벨). CRM_CAMPAIGN 비정규화. 코드id:CM008.,
CRM_MEMBER_DEV,개발약정,"1개발약정 (MBER_NO, DVLP_SEQ)",약정,SRC_LOAD_DT,원천(BRONZE) 적재시각 워터마크,TIMESTAMP_NTZ,Y,,,원천(BRONZE) 적재시각 워터마크.,
CRM_MEMBER_DISCONTINUE,후원중단,"1후원중단 (MBER_NO, DSCNTC_SEQ)",약정,MBER_NO,회원번호,VARCHAR,N,"PK,FK",CRM_MEMBER.MEMBER_DK※비강제,회원번호 (PK),
CRM_MEMBER_DISCONTINUE,후원중단,"1후원중단 (MBER_NO, DSCNTC_SEQ)",약정,SPNSR_DSCNTC_DE,후원중단일자 YYYYMMDD,VARCHAR,N,PK,,후원중단일자 YYYYMMDD (PK),
CRM_MEMBER_DISCONTINUE,후원중단,"1후원중단 (MBER_NO, DSCNTC_SEQ)",약정,SER_NO,일련번호,"NUMBER(10,0)",N,PK,,일련번호 (PK),
CRM_MEMBER_DISCONTINUE,후원중단,"1후원중단 (MBER_NO, DSCNTC_SEQ)",약정,DSCNTC_RSN_CD,중단사유코드,VARCHAR,Y,FK,CRM_CODE※비강제,중단사유코드,DIM_REASON
CRM_MEMBER_DISCONTINUE,후원중단,"1후원중단 (MBER_NO, DSCNTC_SEQ)",약정,DSCNTC_RSN_NM,중단사유명,VARCHAR,Y,,,중단사유명 (코드 라벨),파생
CRM_MEMBER_DISCONTINUE,후원중단,"1후원중단 (MBER_NO, DSCNTC_SEQ)",약정,DSCNTC_PATH,중단경로,VARCHAR,Y,,,중단경로,
CRM_MEMBER_DISCONTINUE,후원중단,"1후원중단 (MBER_NO, DSCNTC_SEQ)",약정,REGIST_DEPT_CD,등록부서코드 (→CRM_ORG),VARCHAR,Y,FK,CRM_ORG.DEPT_ID※비강제,등록부서코드 (→CRM_ORG),
CRM_MEMBER_DISCONTINUE,후원중단,"1후원중단 (MBER_NO, DSCNTC_SEQ)",약정,DSCNTC_PATH_NM,중단경로명,VARCHAR,Y,,,중단경로명. 코드id:MM287.,
CRM_MEMBER_DISCONTINUE,후원중단,"1후원중단 (MBER_NO, DSCNTC_SEQ)",약정,DW_SOURCE_SYSTEM,원천 시스템 식별,VARCHAR,N,,,원천 시스템 식별 (공통감사),공통감사
CRM_MEMBER_DISCONTINUE,후원중단,"1후원중단 (MBER_NO, DSCNTC_SEQ)",약정,DW_LOAD_TS,최초 적재 시각,TIMESTAMP_NTZ,N,,,최초 적재 시각 (공통감사),공통감사
CRM_MEMBER_DISCONTINUE,후원중단,"1후원중단 (MBER_NO, DSCNTC_SEQ)",약정,DW_UPDATE_TS,최종 갱신 시각,TIMESTAMP_NTZ,Y,,,최종 갱신 시각 (공통감사),공통감사
CRM_MEMBER_DISCONTINUE,후원중단,"1후원중단 (MBER_NO, DSCNTC_SEQ)",약정,DW_BATCH_ID,적재 배치 식별자,VARCHAR,Y,,,적재 배치 식별자 = dbt invocation_id (공통감사),공통감사
CRM_MEMBER_RESPONSOR,재후원,"1재후원 (MBER_NO, RSPNSR_SEQ)",약정,MBER_NO,회원번호,VARCHAR,N,"PK,FK",CRM_MEMBER.MEMBER_DK※비강제,회원번호 (PK),
CRM_MEMBER_RESPONSOR,재후원,"1재후원 (MBER_NO, RSPNSR_SEQ)",약정,SER_NO,일련번호,"NUMBER(10,0)",N,PK,,일련번호 (PK),
CRM_MEMBER_RESPONSOR,재후원,"1재후원 (MBER_NO, RSPNSR_SEQ)",약정,RE_SPNSR_DE,재후원일자 YYYYMMDD,VARCHAR,N,PK,,재후원일자 YYYYMMDD (PK),
CRM_MEMBER_RESPONSOR,재후원,"1재후원 (MBER_NO, RSPNSR_SEQ)",약정,REGIST_DEPT_CD,등록부서코드 (→CRM_ORG),VARCHAR,Y,FK,CRM_ORG.DEPT_ID※비강제,등록부서코드 (→CRM_ORG),
CRM_MEMBER_RESPONSOR,재후원,"1재후원 (MBER_NO, RSPNSR_SEQ)",약정,DW_SOURCE_SYSTEM,원천 시스템 식별,VARCHAR,N,,,원천 시스템 식별 (공통감사),공통감사
CRM_MEMBER_RESPONSOR,재후원,"1재후원 (MBER_NO, RSPNSR_SEQ)",약정,DW_LOAD_TS,최초 적재 시각,TIMESTAMP_NTZ,N,,,최초 적재 시각 (공통감사),공통감사
CRM_MEMBER_RESPONSOR,재후원,"1재후원 (MBER_NO, RSPNSR_SEQ)",약정,DW_UPDATE_TS,최종 갱신 시각,TIMESTAMP_NTZ,Y,,,최종 갱신 시각 (공통감사),공통감사
CRM_MEMBER_RESPONSOR,재후원,"1재후원 (MBER_NO, RSPNSR_SEQ)",약정,DW_BATCH_ID,적재 배치 식별자,VARCHAR,Y,,,적재 배치 식별자 = dbt invocation_id (공통감사),공통감사
CRM_MEMBER_SPONSOR_BIZ,회원×후원약정,"회원 × 후원사업 (MBER_NO, SPNSR_BSNS_NO)",약정,SPNSR_NO,후원번호,VARCHAR,N,PK,,후원번호 (PK),
CRM_MEMBER_SPONSOR_BIZ,회원×후원약정,"회원 × 후원사업 (MBER_NO, SPNSR_BSNS_NO)",약정,SPNSR_BSNS_NO,후원사업번호,"NUMBER(19,0)",N,PK,,후원사업번호 (PK),
CRM_MEMBER_SPONSOR_BIZ,회원×후원약정,"회원 × 후원사업 (MBER_NO, SPNSR_BSNS_NO)",약정,SPNSR_BSNS_ID,후원사업ID (→CRM_SPONSORSHIP),VARCHAR,Y,FK,CRM_SPONSORSHIP.SPNSR_BSNS_ID※비강제,후원사업ID (→CRM_SPONSORSHIP),Q15 NO->ID 크로스워크 소스
CRM_MEMBER_SPONSOR_BIZ,회원×후원약정,"회원 × 후원사업 (MBER_NO, SPNSR_BSNS_NO)",약정,SPNSR_AMT,약정금액 (원단위),"NUMBER(19,0)",Y,,,약정금액 (원단위),
CRM_MEMBER_SPONSOR_BIZ,회원×후원약정,"회원 × 후원사업 (MBER_NO, SPNSR_BSNS_NO)",약정,SPNSR_DSCNTC_YN,후원중단여부 (Y/N),VARCHAR,Y,,,후원중단여부 (Y/N),
CRM_MEMBER_SPONSOR_BIZ,회원×후원약정,"회원 × 후원사업 (MBER_NO, SPNSR_BSNS_NO)",약정,SPNSR_DSCNTC_DE,후원중단일자 YYYYMMDD,VARCHAR,Y,,,후원중단일자 YYYYMMDD,
CRM_MEMBER_SPONSOR_BIZ,회원×후원약정,"회원 × 후원사업 (MBER_NO, SPNSR_BSNS_NO)",약정,SPNSR_DSCNTC_RSN_CD,후원중단사유코드,VARCHAR,Y,FK,CRM_CODE※비강제,후원중단사유코드,
CRM_MEMBER_SPONSOR_BIZ,회원×후원약정,"회원 × 후원사업 (MBER_NO, SPNSR_BSNS_NO)",약정,DW_SOURCE_SYSTEM,원천 시스템 식별,VARCHAR,N,,,원천 시스템 식별 (공통감사),공통감사
CRM_MEMBER_SPONSOR_BIZ,회원×후원약정,"회원 × 후원사업 (MBER_NO, SPNSR_BSNS_NO)",약정,DW_LOAD_TS,최초 적재 시각,TIMESTAMP_NTZ,N,,,최초 적재 시각 (공통감사),공통감사
CRM_MEMBER_SPONSOR_BIZ,회원×후원약정,"회원 × 후원사업 (MBER_NO, SPNSR_BSNS_NO)",약정,DW_UPDATE_TS,최종 갱신 시각,TIMESTAMP_NTZ,Y,,,최종 갱신 시각 (공통감사),공통감사
CRM_MEMBER_SPONSOR_BIZ,회원×후원약정,"회원 × 후원사업 (MBER_NO, SPNSR_BSNS_NO)",약정,DW_BATCH_ID,적재 배치 식별자,VARCHAR,Y,,,적재 배치 식별자 = dbt invocation_id (공통감사),공통감사
CRM_MEMBER_SPONSOR_SPAN,회원×후원약정 활동구간,"회원 × 후원사업 (MBER_NO, SPNSR_BSNS_NO)",CRM,MBER_NO,회원번호,VARCHAR,Y,,,회원번호.,
CRM_MEMBER_SPONSOR_SPAN,회원×후원약정 활동구간,"회원 × 후원사업 (MBER_NO, SPNSR_BSNS_NO)",CRM,SPNSR_NO,후원번호,VARCHAR,N,PK,,후원번호 (PK),
CRM_MEMBER_SPONSOR_SPAN,회원×후원약정 활동구간,"회원 × 후원사업 (MBER_NO, SPNSR_BSNS_NO)",CRM,SPNSR_BSNS_NO,SPNSR_BSNS_NO,"NUMBER(38,0)",N,PK,,SPNSR_BSNS_NO (#51).,
CRM_MEMBER_SPONSOR_SPAN,회원×후원약정 활동구간,"회원 × 후원사업 (MBER_NO, SPNSR_BSNS_NO)",CRM,SPNSR_BSNS_ID,후원사업 ID (→CRM_SPONSORSHIP),VARCHAR,Y,,,후원사업 ID (→CRM_SPONSORSHIP),
CRM_MEMBER_SPONSOR_SPAN,회원×후원약정 활동구간,"회원 × 후원사업 (MBER_NO, SPNSR_BSNS_NO)",CRM,SPNSR_AMT,SPNSR_AMT,"NUMBER(38,0)",Y,,,SPNSR_AMT (#52).,
CRM_MEMBER_SPONSOR_SPAN,회원×후원약정 활동구간,"회원 × 후원사업 (MBER_NO, SPNSR_BSNS_NO)",CRM,START_MONTH_KEY,활동 개시 월키 YYYYMM,"NUMBER(6,0)",Y,,,활동 개시 월키 YYYYMM.,
CRM_MEMBER_SPONSOR_SPAN,회원×후원약정 활동구간,"회원 × 후원사업 (MBER_NO, SPNSR_BSNS_NO)",CRM,DSCNTC_MONTH_KEY,중단 월키 YYYYMM,"NUMBER(6,0)",Y,,,중단 월키 YYYYMM.,
CRM_MEMBER_SPONSOR_SPAN,회원×후원약정 활동구간,"회원 × 후원사업 (MBER_NO, SPNSR_BSNS_NO)",CRM,SPNSR_DSCNTC_DE,중단일 raw YYYYMMDD,VARCHAR,Y,,,중단일 raw YYYYMMDD (원천 TEXT),
CRM_MEMBER_SPONSOR_SPAN,회원×후원약정 활동구간,"회원 × 후원사업 (MBER_NO, SPNSR_BSNS_NO)",CRM,SPNSR_DSCNTC_YN,중단여부 raw,VARCHAR,Y,,,중단여부 raw,
CRM_MEMBER_SPONSOR_SPAN,회원×후원약정 활동구간,"회원 × 후원사업 (MBER_NO, SPNSR_BSNS_NO)",CRM,DW_SOURCE_SYSTEM,원천 시스템 식별,VARCHAR,N,,,원천 시스템 식별 (공통감사),공통감사
CRM_MEMBER_SPONSOR_SPAN,회원×후원약정 활동구간,"회원 × 후원사업 (MBER_NO, SPNSR_BSNS_NO)",CRM,DW_SOURCE_TABLE,원천 테이블 식별,VARCHAR,Y,,,원천 테이블 식별 (공통감사),공통감사
CRM_MEMBER_SPONSOR_SPAN,회원×후원약정 활동구간,"회원 × 후원사업 (MBER_NO, SPNSR_BSNS_NO)",CRM,DW_LOAD_TS,최초 적재 시각,TIMESTAMP_NTZ,N,,,최초 적재 시각 (공통감사),공통감사
CRM_MEMBER_SPONSOR_SPAN,회원×후원약정 활동구간,"회원 × 후원사업 (MBER_NO, SPNSR_BSNS_NO)",CRM,DW_UPDATE_TS,최종 갱신 시각,TIMESTAMP_NTZ,Y,,,최종 갱신 시각 (공통감사),공통감사
CRM_MEMBER_SPONSOR_SPAN,회원×후원약정 활동구간,"회원 × 후원사업 (MBER_NO, SPNSR_BSNS_NO)",CRM,DW_BATCH_ID,적재 배치 식별자,VARCHAR,Y,,,적재 배치 식별자 = dbt invocation_id (공통감사),공통감사
CRM_MEMBER_STATUS_HIST,회원 상태전이 이력,"회원 × 상태전이 (MBER_NO, STAT_CHG_SEQ)",회원,MBER_NO,회원번호,VARCHAR,N,"PK,FK",CRM_MEMBER.MEMBER_DK※비강제,회원번호 (PK),
CRM_MEMBER_STATUS_HIST,회원 상태전이 이력,"회원 × 상태전이 (MBER_NO, STAT_CHG_SEQ)",회원,SER_NO,상태전이 일련번호,"NUMBER(10,0)",N,PK,,상태전이 일련번호 (PK),
CRM_MEMBER_STATUS_HIST,회원 상태전이 이력,"회원 × 상태전이 (MBER_NO, STAT_CHG_SEQ)",회원,BF_STAT_CD,변경 전 상태코드,VARCHAR,Y,FK,CRM_CODE※비강제,변경 전 상태코드,
CRM_MEMBER_STATUS_HIST,회원 상태전이 이력,"회원 × 상태전이 (MBER_NO, STAT_CHG_SEQ)",회원,BF_STAT_NM,변경 전 상태명,VARCHAR,Y,,,변경 전 상태명 (코드 라벨),파생
CRM_MEMBER_STATUS_HIST,회원 상태전이 이력,"회원 × 상태전이 (MBER_NO, STAT_CHG_SEQ)",회원,CHN_STAT_CD,변경 후 상태코드,VARCHAR,Y,FK,CRM_CODE※비강제,변경 후 상태코드,
CRM_MEMBER_STATUS_HIST,회원 상태전이 이력,"회원 × 상태전이 (MBER_NO, STAT_CHG_SEQ)",회원,CHN_STAT_NM,변경 후 상태명,VARCHAR,Y,,,변경 후 상태명 (코드 라벨),파생
CRM_MEMBER_STATUS_HIST,회원 상태전이 이력,"회원 × 상태전이 (MBER_NO, STAT_CHG_SEQ)",회원,EFFECTIVE_FROM,SCD2 유효시작 시각,TIMESTAMP_NTZ,Y,,,SCD2 유효시작 시각.,SCD2 시작
CRM_MEMBER_STATUS_HIST,회원 상태전이 이력,"회원 × 상태전이 (MBER_NO, STAT_CHG_SEQ)",회원,EFFECTIVE_TO,SCD2 유효종료 시각,TIMESTAMP_NTZ,Y,,,SCD2 유효종료 시각.,SCD2 종료(파생)
CRM_MEMBER_STATUS_HIST,회원 상태전이 이력,"회원 × 상태전이 (MBER_NO, STAT_CHG_SEQ)",회원,IS_CURRENT,현재행 여부,BOOLEAN,Y,,,현재행 여부,SCD2(파생)
CRM_MEMBER_STATUS_HIST,회원 상태전이 이력,"회원 × 상태전이 (MBER_NO, STAT_CHG_SEQ)",회원,DW_SOURCE_SYSTEM,원천 시스템 식별,VARCHAR,N,,,원천 시스템 식별 (공통감사),공통감사
CRM_MEMBER_STATUS_HIST,회원 상태전이 이력,"회원 × 상태전이 (MBER_NO, STAT_CHG_SEQ)",회원,DW_LOAD_TS,최초 적재 시각,TIMESTAMP_NTZ,N,,,최초 적재 시각 (공통감사),공통감사
CRM_MEMBER_STATUS_HIST,회원 상태전이 이력,"회원 × 상태전이 (MBER_NO, STAT_CHG_SEQ)",회원,DW_UPDATE_TS,최종 갱신 시각,TIMESTAMP_NTZ,Y,,,최종 갱신 시각 (공통감사),공통감사
CRM_MEMBER_STATUS_HIST,회원 상태전이 이력,"회원 × 상태전이 (MBER_NO, STAT_CHG_SEQ)",회원,DW_BATCH_ID,적재 배치 식별자,VARCHAR,Y,,,적재 배치 식별자 = dbt invocation_id (공통감사),공통감사
CRM_ORG,조직 마스터,1조직노드 (DEPT_ID),마스터,DEPT_ID,부서ID,VARCHAR,N,PK,,부서ID (PK),
CRM_ORG,조직 마스터,1조직노드 (DEPT_ID),마스터,DEPT_NM,부서명,VARCHAR,Y,,,부서명,
CRM_ORG,조직 마스터,1조직노드 (DEPT_ID),마스터,UPPER_DEPT_ID,상위부서ID (조직 계층),VARCHAR,Y,FK,CRM_ORG.DEPT_ID※비강제,상위부서ID (조직 계층),
CRM_ORG,조직 마스터,1조직노드 (DEPT_ID),마스터,ACMSLT_UPPER_DEPT_ID,실적상위부서ID (실적팀 재귀 LVL5),VARCHAR,Y,FK,CRM_ORG.DEPT_ID※비강제,실적상위부서ID (실적팀 재귀 LVL5),
CRM_ORG,조직 마스터,1조직노드 (DEPT_ID),마스터,ACMSLT_DEPT_YN,실적부서 여부 (Y/N),VARCHAR,Y,,,실적부서 여부 (Y/N),
CRM_ORG,조직 마스터,1조직노드 (DEPT_ID),마스터,STATS_DEPT_LVL,통계부서 레벨,"NUMBER(3,0)",Y,,,통계부서 레벨,
CRM_ORG,조직 마스터,1조직노드 (DEPT_ID),마스터,USE_YN,사용여부 (Y/N),VARCHAR,Y,,,사용여부 (Y/N),
CRM_ORG,조직 마스터,1조직노드 (DEPT_ID),마스터,SORT_ORDR,정렬순서,"NUMBER(10,0)",Y,,,정렬순서,
CRM_ORG,조직 마스터,1조직노드 (DEPT_ID),마스터,DW_SOURCE_SYSTEM,원천 시스템 식별,VARCHAR,N,,,원천 시스템 식별 (공통감사),공통감사
CRM_ORG,조직 마스터,1조직노드 (DEPT_ID),마스터,DW_LOAD_TS,최초 적재 시각,TIMESTAMP_NTZ,N,,,최초 적재 시각 (공통감사),공통감사
CRM_ORG,조직 마스터,1조직노드 (DEPT_ID),마스터,DW_UPDATE_TS,최종 갱신 시각,TIMESTAMP_NTZ,Y,,,최종 갱신 시각 (공통감사),공통감사
CRM_ORG,조직 마스터,1조직노드 (DEPT_ID),마스터,DW_BATCH_ID,적재 배치 식별자,VARCHAR,Y,,,적재 배치 식별자 = dbt invocation_id (공통감사),공통감사
CRM_PAYMENT_BILLING,납입/청구,1납입/청구 (PAY_KEY),납입,PAY_KEY,납입/청구 대체키,VARCHAR,N,PK,,납입/청구 대체키 (PK),파생 통합키
CRM_PAYMENT_BILLING,납입/청구,1납입/청구 (PAY_KEY),납입,PAYMENT_TYPE,납입유형 파생 (회비/기부금),VARCHAR,Y,,,납입유형 파생 (회비/기부금),Q14 UNION 구분
CRM_PAYMENT_BILLING,납입/청구,1납입/청구 (PAY_KEY),납입,MBER_NO,회원번호,VARCHAR,Y,FK,CRM_MEMBER.MEMBER_DK※비강제,회원번호,
CRM_PAYMENT_BILLING,납입/청구,1납입/청구 (PAY_KEY),납입,SPNSR_BSNS_ID,후원사업ID (→CRM_SPONSORSHIP),VARCHAR,Y,FK,CRM_SPONSORSHIP.SPNSR_BSNS_ID※비강제,후원사업ID (→CRM_SPONSORSHIP),
CRM_PAYMENT_BILLING,납입/청구,1납입/청구 (PAY_KEY),납입,RELATNSP_KEY,결연키 (→CRM_SPONSOR_RELATION),"NUMBER(10,0)",Y,FK,CRM_SPONSOR_RELATION※비강제,결연키 (→CRM_SPONSOR_RELATION),
CRM_PAYMENT_BILLING,납입/청구,1납입/청구 (PAY_KEY),납입,MBRFEE_MT,회비 대상월 YYYYMM,VARCHAR,Y,,,회비 대상월 YYYYMM,
CRM_PAYMENT_BILLING,납입/청구,1납입/청구 (PAY_KEY),납입,MBRFEE_SQNC,회비 회차,"NUMBER(3,0)",Y,,,회비 회차,
CRM_PAYMENT_BILLING,납입/청구,1납입/청구 (PAY_KEY),납입,RQEST_AMT,청구금액 (원단위),"NUMBER(19,0)",Y,,,청구금액 (원단위),
CRM_PAYMENT_BILLING,납입/청구,1납입/청구 (PAY_KEY),납입,RQEST_DE,청구일자,DATE,Y,,,청구일자,
CRM_PAYMENT_BILLING,납입/청구,1납입/청구 (PAY_KEY),납입,PAY_AMT,납입금액 (원단위),"NUMBER(10,0)",Y,,,납입금액 (원단위),
CRM_PAYMENT_BILLING,납입/청구,1납입/청구 (PAY_KEY),납입,PAY_DE,납입일자,DATE,Y,,,납입일자,
CRM_PAYMENT_BILLING,납입/청구,1납입/청구 (PAY_KEY),납입,PAY_STAT_CD,납입상태코드,VARCHAR,Y,FK,CRM_CODE※비강제,납입상태코드. ★미납 판정축(DEC.,미납 정의[C-3]: PAY_STAT_CD='F' OR NULL (NULL=수기처리·원래 F)
CRM_PAYMENT_BILLING,납입/청구,1납입/청구 (PAY_KEY),납입,SETLE_CD,SETLE_CD,VARCHAR,Y,FK,CRM_CODE※비강제,SETLE_CD.,
CRM_PAYMENT_BILLING,납입/청구,1납입/청구 (PAY_KEY),납입,GFT_DIV_CD,기부구분코드,VARCHAR,Y,FK,CRM_CODE※비강제,기부구분코드,
CRM_PAYMENT_BILLING,납입/청구,1납입/청구 (PAY_KEY),납입,RQEST_RST_CD,RQEST_RST_CD,VARCHAR,Y,,,RQEST_RST_CD. 코드id:PM002.,
CRM_PAYMENT_BILLING,납입/청구,1납입/청구 (PAY_KEY),납입,PRCS_RST_CD,처리결과코드,VARCHAR,Y,,,처리결과코드.,
CRM_PAYMENT_BILLING,납입/청구,1납입/청구 (PAY_KEY),납입,CPR_DIV_CD,법인구분코드,VARCHAR,Y,,,CPR_DIV_CD. 코드id:CM019.,
CRM_PAYMENT_BILLING,납입/청구,1납입/청구 (PAY_KEY),납입,MBER_DIV_CD,회원구분 원천코드 raw,VARCHAR,Y,,,회원구분 원천코드 raw. 코드id:MM018,
CRM_PAYMENT_BILLING,납입/청구,1납입/청구 (PAY_KEY),납입,MBRFEE_DIV_CD,MBRFEE_DIV_CD,VARCHAR,Y,,,MBRFEE_DIV_CD. 코드id:PM010.,
CRM_PAYMENT_BILLING,납입/청구,1납입/청구 (PAY_KEY),납입,OPERT_DIV_CD,OPERT_DIV_CD,VARCHAR,Y,,,OPERT_DIV_CD. 코드id:MM014.,
CRM_PAYMENT_BILLING,납입/청구,1납입/청구 (PAY_KEY),납입,MBRFEE_PRCS_STAT_CD,처리상태 코드 raw (정본 PM013),VARCHAR,Y,,,처리상태 코드 raw (정본 PM013). 코드id:PM013.,
CRM_PAYMENT_BILLING,납입/청구,1납입/청구 (PAY_KEY),납입,RETUN_RSN_CD,RETUN_RSN_CD,VARCHAR,Y,,,RETUN_RSN_CD. 코드id:PM042.,
CRM_PAYMENT_BILLING,납입/청구,1납입/청구 (PAY_KEY),납입,RQEST_DIV_CD,RQEST_DIV_CD,VARCHAR,Y,,,RQEST_DIV_CD. 코드id:PM024.,
CRM_PAYMENT_BILLING,납입/청구,1납입/청구 (PAY_KEY),납입,DW_SOURCE_SYSTEM,원천 시스템 식별,VARCHAR,N,,,원천 시스템 식별 (공통감사),공통감사
CRM_PAYMENT_BILLING,납입/청구,1납입/청구 (PAY_KEY),납입,DW_SOURCE_TABLE,원천 테이블 식별,VARCHAR,Y,,,원천 테이블 식별 (공통감사),공통감사
CRM_PAYMENT_BILLING,납입/청구,1납입/청구 (PAY_KEY),납입,DW_LOAD_TS,최초 적재 시각,TIMESTAMP_NTZ,N,,,최초 적재 시각 (공통감사),공통감사
CRM_PAYMENT_BILLING,납입/청구,1납입/청구 (PAY_KEY),납입,DW_UPDATE_TS,최종 갱신 시각,TIMESTAMP_NTZ,Y,,,최종 갱신 시각 (공통감사),공통감사
CRM_PAYMENT_BILLING,납입/청구,1납입/청구 (PAY_KEY),납입,DW_BATCH_ID,적재 배치 식별자,VARCHAR,Y,,,적재 배치 식별자 = dbt invocation_id (공통감사),공통감사
CRM_PAYMENT_METHOD,결제수단,"1결제수단 (MBER_NO, SETLE_MTHD_SEQ)",납입,SETLE_KEY,결제수단키,"NUMBER(10,0)",N,PK,,결제수단키 (PK),
CRM_PAYMENT_METHOD,결제수단,"1결제수단 (MBER_NO, SETLE_MTHD_SEQ)",납입,MBER_NO,회원번호,VARCHAR,Y,FK,CRM_MEMBER.MEMBER_DK※비강제,회원번호,
CRM_PAYMENT_METHOD,결제수단,"1결제수단 (MBER_NO, SETLE_MTHD_SEQ)",납입,SETLE_CD,결제수단코드,VARCHAR,Y,FK,CRM_CODE※비강제,결제수단코드,
CRM_PAYMENT_METHOD,결제수단,"1결제수단 (MBER_NO, SETLE_MTHD_SEQ)",납입,SETLE_NM,결제수단명,VARCHAR,Y,,,결제수단명 (코드 라벨),파생
CRM_PAYMENT_METHOD,결제수단,"1결제수단 (MBER_NO, SETLE_MTHD_SEQ)",납입,CARD_DIV_CD,카드구분코드,VARCHAR,Y,FK,CRM_CODE※비강제,카드구분코드,
CRM_PAYMENT_METHOD,결제수단,"1결제수단 (MBER_NO, SETLE_MTHD_SEQ)",납입,FNLT_CD,금융기관코드,VARCHAR,Y,,,금융기관코드,
CRM_PAYMENT_METHOD,결제수단,"1결제수단 (MBER_NO, SETLE_MTHD_SEQ)",납입,WTDRW_STRT_DE,출금 시작일,DATE,Y,,,출금 시작일,
CRM_PAYMENT_METHOD,결제수단,"1결제수단 (MBER_NO, SETLE_MTHD_SEQ)",납입,SETLE_STAT_CD,결제상태코드,VARCHAR,Y,FK,CRM_CODE※비강제,결제상태코드,
CRM_PAYMENT_METHOD,결제수단,"1결제수단 (MBER_NO, SETLE_MTHD_SEQ)",납입,APPLCNT_MBER_REL_CD,신청자,VARCHAR,Y,,,신청자. 코드id:CM009.,
CRM_PAYMENT_METHOD,결제수단,"1결제수단 (MBER_NO, SETLE_MTHD_SEQ)",납입,CPR_DIV_CD,법인구분코드,VARCHAR,Y,,,법인구분 코드 raw (정본 CM019). 코드id:CM019.,
CRM_PAYMENT_METHOD,결제수단,"1결제수단 (MBER_NO, SETLE_MTHD_SEQ)",납입,CRTFC_MTH_CD,인증방법 코드 raw (정본 MM014),VARCHAR,Y,,,인증방법 코드 raw (정본 MM014). 코드id:MM014.,
CRM_PAYMENT_METHOD,결제수단,"1결제수단 (MBER_NO, SETLE_MTHD_SEQ)",납입,FNLT_DIV_CD,FNLT_DIV_CD,VARCHAR,Y,,,FNLT_DIV_CD. 코드id:PM050.,
CRM_PAYMENT_METHOD,결제수단,"1결제수단 (MBER_NO, SETLE_MTHD_SEQ)",납입,RCEPT_DIV_CD,접수구분 코드 raw (정본 PM003),VARCHAR,Y,,,접수구분 코드 raw (정본 PM003). 코드id:PM003.,
CRM_PAYMENT_METHOD,결제수단,"1결제수단 (MBER_NO, SETLE_MTHD_SEQ)",납입,RQST_DIV_CD,요청구분 코드 raw (정본 PM004),VARCHAR,Y,,,요청구분 코드 raw (정본 PM004). 코드id:PM004.,
CRM_PAYMENT_METHOD,결제수단,"1결제수단 (MBER_NO, SETLE_MTHD_SEQ)",납입,DW_SOURCE_SYSTEM,원천 시스템 식별,VARCHAR,N,,,원천 시스템 식별 (공통감사),공통감사
CRM_PAYMENT_METHOD,결제수단,"1결제수단 (MBER_NO, SETLE_MTHD_SEQ)",납입,DW_LOAD_TS,최초 적재 시각,TIMESTAMP_NTZ,N,,,최초 적재 시각 (공통감사),공통감사
CRM_PAYMENT_METHOD,결제수단,"1결제수단 (MBER_NO, SETLE_MTHD_SEQ)",납입,DW_UPDATE_TS,최종 갱신 시각,TIMESTAMP_NTZ,Y,,,최종 갱신 시각 (공통감사),공통감사
CRM_PAYMENT_METHOD,결제수단,"1결제수단 (MBER_NO, SETLE_MTHD_SEQ)",납입,DW_BATCH_ID,적재 배치 식별자,VARCHAR,Y,,,적재 배치 식별자 = dbt invocation_id (공통감사),공통감사
CRM_RELATION_ACTIVITY,결연활동,"1결연활동 (MBER_NO, ACTVT_SEQ)",결연,ACTIVITY_KEY,결연활동 대체키,VARCHAR,N,PK,,결연활동 대체키 (PK),파생 통합키
CRM_RELATION_ACTIVITY,결연활동,"1결연활동 (MBER_NO, ACTVT_SEQ)",결연,ACTIVITY_TYPE,활동유형 파생 (서신/선물금),VARCHAR,Y,,,활동유형 파생 (서신/선물금),파생
CRM_RELATION_ACTIVITY,결연활동,"1결연활동 (MBER_NO, ACTVT_SEQ)",결연,RELATNSP_KEY,결연키 (→CRM_SPONSOR_RELATION),"NUMBER(10,0)",Y,FK,CRM_SPONSOR_RELATION.RELATNSP_KEY※비강제,결연키 (→CRM_SPONSOR_RELATION),
CRM_RELATION_ACTIVITY,결연활동,"1결연활동 (MBER_NO, ACTVT_SEQ)",결연,MNG_NO,관리번호,VARCHAR,Y,,,관리번호,
CRM_RELATION_ACTIVITY,결연활동,"1결연활동 (MBER_NO, ACTVT_SEQ)",결연,GFTMNEY,선물금 (원단위),"NUMBER(10,0)",Y,,,선물금 (원단위),원금액
CRM_RELATION_ACTIVITY,결연활동,"1결연활동 (MBER_NO, ACTVT_SEQ)",결연,LETTER_DIV_CD,서신구분코드,"NUMBER(10,0)",Y,,,서신구분코드,
CRM_RELATION_ACTIVITY,결연활동,"1결연활동 (MBER_NO, ACTVT_SEQ)",결연,RCEPT_DE,접수일자,DATE,Y,,,접수일자,
CRM_RELATION_ACTIVITY,결연활동,"1결연활동 (MBER_NO, ACTVT_SEQ)",결연,SNDNG_DE,발송일자,DATE,Y,,,발송일자,
CRM_RELATION_ACTIVITY,결연활동,"1결연활동 (MBER_NO, ACTVT_SEQ)",결연,DW_SOURCE_SYSTEM,원천 시스템 식별,VARCHAR,N,,,원천 시스템 식별 (공통감사),공통감사
CRM_RELATION_ACTIVITY,결연활동,"1결연활동 (MBER_NO, ACTVT_SEQ)",결연,DW_SOURCE_TABLE,원천 테이블 식별,VARCHAR,Y,,,원천 테이블 식별 (공통감사),공통감사
CRM_RELATION_ACTIVITY,결연활동,"1결연활동 (MBER_NO, ACTVT_SEQ)",결연,DW_LOAD_TS,최초 적재 시각,TIMESTAMP_NTZ,N,,,최초 적재 시각 (공통감사),공통감사
CRM_RELATION_ACTIVITY,결연활동,"1결연활동 (MBER_NO, ACTVT_SEQ)",결연,DW_UPDATE_TS,최종 갱신 시각,TIMESTAMP_NTZ,Y,,,최종 갱신 시각 (공통감사),공통감사
CRM_RELATION_ACTIVITY,결연활동,"1결연활동 (MBER_NO, ACTVT_SEQ)",결연,DW_BATCH_ID,적재 배치 식별자,VARCHAR,Y,,,적재 배치 식별자 = dbt invocation_id (공통감사),공통감사
CRM_SEND_MEMBER,발송×회원 상세,"발송 × 회원 (SNDNG_KEY, MBER_NO)",발송,SNDNG_KEY,발송키,"NUMBER(10,0)",N,"PK,FK",CRM_SEND_REQUEST.SNDNG_KEY※비강제,"발송키 (PK, →CRM_SEND_REQUEST)",
CRM_SEND_MEMBER,발송×회원 상세,"발송 × 회원 (SNDNG_KEY, MBER_NO)",발송,SNDNG_DTL_KEY,발송상세키,"NUMBER(10,0)",N,PK,,발송상세키 (PK),
CRM_SEND_MEMBER,발송×회원 상세,"발송 × 회원 (SNDNG_KEY, MBER_NO)",발송,MBER_NO,회원번호,VARCHAR,Y,FK,CRM_MEMBER.MEMBER_DK※비강제,회원번호,
CRM_SEND_MEMBER,발송×회원 상세,"발송 × 회원 (SNDNG_KEY, MBER_NO)",발송,SNDNG_DE,발송일시,TIMESTAMP_NTZ,Y,,,발송일시,
CRM_SEND_MEMBER,발송×회원 상세,"발송 × 회원 (SNDNG_KEY, MBER_NO)",발송,SNDNG_RST_CD,발송결과코드,VARCHAR,Y,,,발송결과코드 (축A raw · 채널별 다체계.,CASE 매핑
CRM_SEND_MEMBER,발송×회원 상세,"발송 × 회원 (SNDNG_KEY, MBER_NO)",발송,SEND_CHANNEL,발송채널 (축A 판별자),VARCHAR,Y,,,발송채널 (축A 판별자),파생
CRM_SEND_MEMBER,발송×회원 상세,"발송 × 회원 (SNDNG_KEY, MBER_NO)",발송,DW_SOURCE_SYSTEM,원천 시스템 식별,VARCHAR,N,,,원천 시스템 식별 (공통감사),공통감사
CRM_SEND_MEMBER,발송×회원 상세,"발송 × 회원 (SNDNG_KEY, MBER_NO)",발송,DW_SOURCE_TABLE,원천 테이블 식별,VARCHAR,Y,,,원천 테이블 식별 (공통감사),공통감사
CRM_SEND_MEMBER,발송×회원 상세,"발송 × 회원 (SNDNG_KEY, MBER_NO)",발송,DW_LOAD_TS,최초 적재 시각,TIMESTAMP_NTZ,N,,,최초 적재 시각 (공통감사),공통감사
CRM_SEND_MEMBER,발송×회원 상세,"발송 × 회원 (SNDNG_KEY, MBER_NO)",발송,DW_UPDATE_TS,최종 갱신 시각,TIMESTAMP_NTZ,Y,,,최종 갱신 시각 (공통감사),공통감사
CRM_SEND_MEMBER,발송×회원 상세,"발송 × 회원 (SNDNG_KEY, MBER_NO)",발송,DW_BATCH_ID,적재 배치 식별자,VARCHAR,Y,,,적재 배치 식별자 = dbt invocation_id (공통감사),공통감사
CRM_SEND_MEMBER,발송×회원 상세,"발송 × 회원 (SNDNG_KEY, MBER_NO)",발송,SEND_STATUS_GROUP,SEND_STATUS_GROUP,VARCHAR,Y,,,SEND_STATUS_GROUP. 코드id:MS282.,
CRM_SEND_MEMBER,발송×회원 상세,"발송 × 회원 (SNDNG_KEY, MBER_NO)",발송,SEND_STATUS_NAME,축A 라벨 (CRM_CODE 조인),VARCHAR,Y,,,축A 라벨 (CRM_CODE 조인). [사유:원천 부재],
CRM_SEND_MEMBER,발송×회원 상세,"발송 × 회원 (SNDNG_KEY, MBER_NO)",발송,SEND_RESULT_CD,축B(신설) 통신사 결과코드 raw,VARCHAR,Y,,,축B(신설) 통신사 결과코드 raw.,
CRM_SEND_MEMBER,발송×회원 상세,"발송 × 회원 (SNDNG_KEY, MBER_NO)",발송,SEND_RESULT_GROUP,SEND_RESULT_GROUP,VARCHAR,Y,,,SEND_RESULT_GROUP. 코드id:MS283.,
CRM_SEND_MEMBER,발송×회원 상세,"발송 × 회원 (SNDNG_KEY, MBER_NO)",발송,SEND_RESULT_NAME,SEND_RESULT_NAME,VARCHAR,Y,,,SEND_RESULT_NAME.,
CRM_SEND_MEMBER,발송×회원 상세,"발송 × 회원 (SNDNG_KEY, MBER_NO)",발송,OPEN_DT,오픈시각,TIMESTAMP_NTZ,Y,,,오픈시각.,
CRM_SEND_REQUEST,발송요청 마스터,1발송요청 (SNDNG_KEY),발송,SNDNG_KEY,발송키,"NUMBER(10,0)",N,PK,,발송키 (PK),
CRM_SEND_REQUEST,발송요청 마스터,1발송요청 (SNDNG_KEY),발송,SEND_CHANNEL,발송채널 (SND/SMS/EMAIL 등),VARCHAR,Y,,,발송채널 (SND/SMS/EMAIL 등),파생
CRM_SEND_REQUEST,발송요청 마스터,1발송요청 (SNDNG_KEY),발송,SNDNG_TY_CD,발송유형코드,VARCHAR,Y,FK,CRM_CODE※비강제,발송유형코드,
CRM_SEND_REQUEST,발송요청 마스터,1발송요청 (SNDNG_KEY),발송,SEND_GBN_TOP,발송구분 대분류코드,VARCHAR,Y,,,발송구분 대분류코드,
CRM_SEND_REQUEST,발송요청 마스터,1발송요청 (SNDNG_KEY),발송,SEND_GBN_TOP_NM,발송구분 대분류명,VARCHAR,Y,,,발송구분 대분류명,
CRM_SEND_REQUEST,발송요청 마스터,1발송요청 (SNDNG_KEY),발송,SEND_GBN_MID,발송구분 중분류코드,VARCHAR,Y,,,발송구분 중분류코드,
CRM_SEND_REQUEST,발송요청 마스터,1발송요청 (SNDNG_KEY),발송,SEND_GBN_MID_NM,발송구분 중분류명,VARCHAR,Y,,,발송구분 중분류명,
CRM_SEND_REQUEST,발송요청 마스터,1발송요청 (SNDNG_KEY),발송,SEND_GBN_BOT,발송구분 소분류코드,VARCHAR,Y,,,발송구분 소분류코드,
CRM_SEND_REQUEST,발송요청 마스터,1발송요청 (SNDNG_KEY),발송,SEND_GBN_BOT_NM,발송구분 소분류명,VARCHAR,Y,,,발송구분 소분류명,
CRM_SEND_REQUEST,발송요청 마스터,1발송요청 (SNDNG_KEY),발송,TIT,발송 제목,VARCHAR,Y,,,발송 제목,
CRM_SEND_REQUEST,발송요청 마스터,1발송요청 (SNDNG_KEY),발송,SNDNG_STDR_DE,발송 기준일시,TIMESTAMP_NTZ,Y,,,발송 기준일시,
CRM_SEND_REQUEST,발송요청 마스터,1발송요청 (SNDNG_KEY),발송,REQ_SEQ_NO,요청 일련번호,"NUMBER(19,0)",Y,,,요청 일련번호,
CRM_SEND_REQUEST,발송요청 마스터,1발송요청 (SNDNG_KEY),발송,MSG_DIV_CD,MSG_DIV_CD,VARCHAR,Y,,,MSG_DIV_CD. 코드id:MS010.,
CRM_SEND_REQUEST,발송요청 마스터,1발송요청 (SNDNG_KEY),발송,PSTMTR_PRCS_STAT_CD,PSTMTR_PRCS_STAT_CD,VARCHAR,Y,,,PSTMTR_PRCS_STAT_CD. 코드id:MS061.,
CRM_SEND_REQUEST,발송요청 마스터,1발송요청 (SNDNG_KEY),발송,SNDNG_TIME_DIV_CD,SNDNG_TIME_DIV_CD,VARCHAR,Y,,,SNDNG_TIME_DIV_CD. 코드id:MS267.,
CRM_SEND_REQUEST,발송요청 마스터,1발송요청 (SNDNG_KEY),발송,DW_SOURCE_SYSTEM,원천 시스템 식별,VARCHAR,N,,,원천 시스템 식별 (공통감사),공통감사
CRM_SEND_REQUEST,발송요청 마스터,1발송요청 (SNDNG_KEY),발송,DW_SOURCE_TABLE,원천 테이블 식별,VARCHAR,Y,,,원천 테이블 식별 (공통감사),공통감사
CRM_SEND_REQUEST,발송요청 마스터,1발송요청 (SNDNG_KEY),발송,DW_LOAD_TS,최초 적재 시각,TIMESTAMP_NTZ,N,,,최초 적재 시각 (공통감사),공통감사
CRM_SEND_REQUEST,발송요청 마스터,1발송요청 (SNDNG_KEY),발송,DW_UPDATE_TS,최종 갱신 시각,TIMESTAMP_NTZ,Y,,,최종 갱신 시각 (공통감사),공통감사
CRM_SEND_REQUEST,발송요청 마스터,1발송요청 (SNDNG_KEY),발송,DW_BATCH_ID,적재 배치 식별자,VARCHAR,Y,,,적재 배치 식별자 = dbt invocation_id (공통감사),공통감사
CRM_SEND_RESULT,발송×채널 집계,"발송 × 채널 (SNDNG_KEY, CHNL_DIV_CD)",발송,SNDNG_KEY,발송키,"NUMBER(10,0)",N,"PK,FK",CRM_SEND_REQUEST.SNDNG_KEY※비강제,"발송키 (PK, →CRM_SEND_REQUEST)",
CRM_SEND_RESULT,발송×채널 집계,"발송 × 채널 (SNDNG_KEY, CHNL_DIV_CD)",발송,SEND_CHANNEL,발송채널,VARCHAR,N,PK,,발송채널 (PK),파생
CRM_SEND_RESULT,발송×채널 집계,"발송 × 채널 (SNDNG_KEY, CHNL_DIV_CD)",발송,SNDNG_CNT,발송 건수,"NUMBER(10,0)",Y,,,발송 건수,measure
CRM_SEND_RESULT,발송×채널 집계,"발송 × 채널 (SNDNG_KEY, CHNL_DIV_CD)",발송,SUCCES_CNT,성공 건수,"NUMBER(10,0)",Y,,,성공 건수,measure
CRM_SEND_RESULT,발송×채널 집계,"발송 × 채널 (SNDNG_KEY, CHNL_DIV_CD)",발송,FAILR_CNT,실패 건수,"NUMBER(10,0)",Y,,,실패 건수,measure
CRM_SEND_RESULT,발송×채널 집계,"발송 × 채널 (SNDNG_KEY, CHNL_DIV_CD)",발송,TOT_CLICK_CNT,총 클릭수,"NUMBER(38,0)",Y,,,총 클릭수,
CRM_SEND_RESULT,발송×채널 집계,"발송 × 채널 (SNDNG_KEY, CHNL_DIV_CD)",발송,DW_SOURCE_SYSTEM,원천 시스템 식별,VARCHAR,N,,,원천 시스템 식별 (공통감사),공통감사
CRM_SEND_RESULT,발송×채널 집계,"발송 × 채널 (SNDNG_KEY, CHNL_DIV_CD)",발송,DW_SOURCE_TABLE,원천 테이블 식별,VARCHAR,Y,,,원천 테이블 식별 (공통감사),공통감사
CRM_SEND_RESULT,발송×채널 집계,"발송 × 채널 (SNDNG_KEY, CHNL_DIV_CD)",발송,DW_LOAD_TS,최초 적재 시각,TIMESTAMP_NTZ,N,,,최초 적재 시각 (공통감사),공통감사
CRM_SEND_RESULT,발송×채널 집계,"발송 × 채널 (SNDNG_KEY, CHNL_DIV_CD)",발송,DW_UPDATE_TS,최종 갱신 시각,TIMESTAMP_NTZ,Y,,,최종 갱신 시각 (공통감사),공통감사
CRM_SEND_RESULT,발송×채널 집계,"발송 × 채널 (SNDNG_KEY, CHNL_DIV_CD)",발송,DW_BATCH_ID,적재 배치 식별자,VARCHAR,Y,,,적재 배치 식별자 = dbt invocation_id (공통감사),공통감사
CRM_SPONSORSHIP,후원사업 마스터,1후원사업 (SPNSR_BSNS_ID),마스터,SPNSR_BSNS_ID,후원사업ID,VARCHAR,N,PK,,후원사업ID (PK),
CRM_SPONSORSHIP,후원사업 마스터,1후원사업 (SPNSR_BSNS_ID),마스터,SPNSR_BSNS_NM,후원사업명,VARCHAR,Y,,,후원사업명,
CRM_SPONSORSHIP,후원사업 마스터,1후원사업 (SPNSR_BSNS_ID),마스터,SPNSR_BSNS_ABRV_CD,후원사업 약칭코드,VARCHAR,Y,,,후원사업 약칭코드,
CRM_SPONSORSHIP,후원사업 마스터,1후원사업 (SPNSR_BSNS_ID),마스터,SPNSR_DIV_CD,후원구분코드,VARCHAR,Y,FK,CRM_CODE※비강제,후원구분코드,
CRM_SPONSORSHIP,후원사업 마스터,1후원사업 (SPNSR_BSNS_ID),마스터,DNTN_TY_CD,기부유형코드,VARCHAR,Y,FK,CRM_CODE※비강제,기부유형코드,
CRM_SPONSORSHIP,후원사업 마스터,1후원사업 (SPNSR_BSNS_ID),마스터,CPR_DIV_CD,법인구분코드,VARCHAR,Y,,,법인구분코드,
CRM_SPONSORSHIP,후원사업 마스터,1후원사업 (SPNSR_BSNS_ID),마스터,DW_SOURCE_SYSTEM,원천 시스템 식별,VARCHAR,N,,,원천 시스템 식별 (공통감사),공통감사
CRM_SPONSORSHIP,후원사업 마스터,1후원사업 (SPNSR_BSNS_ID),마스터,DW_LOAD_TS,최초 적재 시각,TIMESTAMP_NTZ,N,,,최초 적재 시각 (공통감사),공통감사
CRM_SPONSORSHIP,후원사업 마스터,1후원사업 (SPNSR_BSNS_ID),마스터,DW_UPDATE_TS,최종 갱신 시각,TIMESTAMP_NTZ,Y,,,최종 갱신 시각 (공통감사),공통감사
CRM_SPONSORSHIP,후원사업 마스터,1후원사업 (SPNSR_BSNS_ID),마스터,DW_BATCH_ID,적재 배치 식별자,VARCHAR,Y,,,적재 배치 식별자 = dbt invocation_id (공통감사),공통감사
CRM_SPONSOR_RELATION,결연(아동),"1결연아동 (MBER_NO, CHILD_NO)",결연,RELATNSP_KEY,결연키,"NUMBER(10,0)",N,PK,,결연키 (PK),
CRM_SPONSOR_RELATION,결연(아동),"1결연아동 (MBER_NO, CHILD_NO)",결연,SPNSR_NO,후원번호,VARCHAR,Y,,,후원번호,
CRM_SPONSOR_RELATION,결연(아동),"1결연아동 (MBER_NO, CHILD_NO)",결연,SPNSR_BSNS_NO,후원사업번호,"NUMBER(19,0)",Y,,,후원사업번호,
CRM_SPONSOR_RELATION,결연(아동),"1결연아동 (MBER_NO, CHILD_NO)",결연,SPNSR_BSNS_ID,후원사업ID (Q15 크로스워크 파생),VARCHAR,Y,FK,CRM_SPONSORSHIP.SPNSR_BSNS_ID※비강제,후원사업ID (Q15 크로스워크 파생),
CRM_SPONSOR_RELATION,결연(아동),"1결연아동 (MBER_NO, CHILD_NO)",결연,CHILD_CD,결연아동코드,"NUMBER(10,0)",Y,,,결연아동코드,DIM_MEMBER_IDENTITY 아동
CRM_SPONSOR_RELATION,결연(아동),"1결연아동 (MBER_NO, CHILD_NO)",결연,MBER_NO,회원번호,VARCHAR,Y,FK,CRM_MEMBER.MEMBER_DK※비강제,회원번호,
CRM_SPONSOR_RELATION,결연(아동),"1결연아동 (MBER_NO, CHILD_NO)",결연,RELATNSP_STRT_DE,결연 시작일,DATE,Y,,,결연 시작일,
CRM_SPONSOR_RELATION,결연(아동),"1결연아동 (MBER_NO, CHILD_NO)",결연,RELATNSP_DSCNTC_DE,결연 중단일,DATE,Y,,,결연 중단일,
CRM_SPONSOR_RELATION,결연(아동),"1결연아동 (MBER_NO, CHILD_NO)",결연,RELATNSP_DSCNTC_YN,결연 중단여부,VARCHAR,Y,,,결연 중단여부.,
CRM_SPONSOR_RELATION,결연(아동),"1결연아동 (MBER_NO, CHILD_NO)",결연,RELATNSP_DSCNTC_RSN_CD,RELATNSP_DSCNTC_RSN_CD,VARCHAR,Y,,,RELATNSP_DSCNTC_RSN_CD. 코드id:MM002.,
CRM_SPONSOR_RELATION,결연(아동),"1결연아동 (MBER_NO, CHILD_NO)",결연,DW_SOURCE_SYSTEM,원천 시스템 식별,VARCHAR,N,,,원천 시스템 식별 (공통감사),공통감사
CRM_SPONSOR_RELATION,결연(아동),"1결연아동 (MBER_NO, CHILD_NO)",결연,DW_LOAD_TS,최초 적재 시각,TIMESTAMP_NTZ,N,,,최초 적재 시각 (공통감사),공통감사
CRM_SPONSOR_RELATION,결연(아동),"1결연아동 (MBER_NO, CHILD_NO)",결연,DW_UPDATE_TS,최종 갱신 시각,TIMESTAMP_NTZ,Y,,,최종 갱신 시각 (공통감사),공통감사
CRM_SPONSOR_RELATION,결연(아동),"1결연아동 (MBER_NO, CHILD_NO)",결연,DW_BATCH_ID,적재 배치 식별자,VARCHAR,Y,,,적재 배치 식별자 = dbt invocation_id (공통감사),공통감사
ERP_BUDGET,예산 편성/추경/조정/집행,"예산과목 × 월 (BUDGET_ITEM_DK, YYYYMM)",ERP,BUDGET_ITEM_DK,불변 비즈니스 식별자,VARCHAR,N,"PK,FK",ERP_BUDGET_ITEM※비강제,불변 비즈니스 식별자,
ERP_BUDGET,예산 편성/추경/조정/집행,"예산과목 × 월 (BUDGET_ITEM_DK, YYYYMM)",ERP,BUDGET_YEAR,예산연도 YYYY,"NUMBER(4,0)",Y,,,예산연도 YYYY,
ERP_BUDGET,예산 편성/추경/조정/집행,"예산과목 × 월 (BUDGET_ITEM_DK, YYYYMM)",ERP,MONTH_NO,월 1~12,"NUMBER(2,0)",N,PK,,월 1~12 (PK),
ERP_BUDGET,예산 편성/추경/조정/집행,"예산과목 × 월 (BUDGET_ITEM_DK, YYYYMM)",ERP,MONTH_KEY,월키 YYYYMM,VARCHAR,Y,,,월키 YYYYMM,
ERP_BUDGET,예산 편성/추경/조정/집행,"예산과목 × 월 (BUDGET_ITEM_DK, YYYYMM)",ERP,YEAR_BUDGET_AMT,편성(연예산) 금액 원단위,"NUMBER(38,0)",Y,,,편성(연예산) 금액 원단위,
ERP_BUDGET,예산 편성/추경/조정/집행,"예산과목 × 월 (BUDGET_ITEM_DK, YYYYMM)",ERP,CHN_BUDGET_AMT,추경 금액 원단위,"NUMBER(38,0)",Y,,,추경 금액 원단위,
ERP_BUDGET,예산 편성/추경/조정/집행,"예산과목 × 월 (BUDGET_ITEM_DK, YYYYMM)",ERP,ADJ_BUDGET_AMT,조정 금액 원단위,"NUMBER(38,0)",Y,,,조정 금액 원단위,
ERP_BUDGET,예산 편성/추경/조정/집행,"예산과목 × 월 (BUDGET_ITEM_DK, YYYYMM)",ERP,EXEC_AMT,집행 금액 원단위,"NUMBER(38,0)",Y,,,집행 금액 원단위,
ERP_BUDGET,예산 편성/추경/조정/집행,"예산과목 × 월 (BUDGET_ITEM_DK, YYYYMM)",ERP,DW_SOURCE_SYSTEM,원천 시스템 식별,VARCHAR,N,,,원천 시스템 식별 (공통감사),공통감사
ERP_BUDGET,예산 편성/추경/조정/집행,"예산과목 × 월 (BUDGET_ITEM_DK, YYYYMM)",ERP,DW_SOURCE_TABLE,원천 테이블 식별,VARCHAR,Y,,,원천 테이블 식별 (공통감사),공통감사
ERP_BUDGET,예산 편성/추경/조정/집행,"예산과목 × 월 (BUDGET_ITEM_DK, YYYYMM)",ERP,DW_LOAD_TS,최초 적재 시각,TIMESTAMP_NTZ,N,,,최초 적재 시각 (공통감사),공통감사
ERP_BUDGET,예산 편성/추경/조정/집행,"예산과목 × 월 (BUDGET_ITEM_DK, YYYYMM)",ERP,DW_UPDATE_TS,최종 갱신 시각,TIMESTAMP_NTZ,Y,,,최종 갱신 시각 (공통감사),공통감사
ERP_BUDGET,예산 편성/추경/조정/집행,"예산과목 × 월 (BUDGET_ITEM_DK, YYYYMM)",ERP,DW_BATCH_ID,적재 배치 식별자,VARCHAR,Y,,,적재 배치 식별자 = dbt invocation_id (공통감사),공통감사
ERP_BUDGET,예산 편성/추경/조정/집행,"예산과목 × 월 (BUDGET_ITEM_DK, YYYYMM)",ERP,BUDGET_PROCEDURE,예산 편성 차수,VARCHAR,Y,,,예산 편성 차수 (연사업 / 추가경정 · DEC.,
ERP_BUDGET_ITEM,예산과목 마스터,1예산과목 (BUDGET_ITEM_DK),ERP,BUDGET_ITEM_DK,불변 비즈니스 식별자,VARCHAR,N,PK,,불변 비즈니스 식별자,
ERP_BUDGET_ITEM,예산과목 마스터,1예산과목 (BUDGET_ITEM_DK),ERP,BUDGET_YEAR,예산연도 YYYY,"NUMBER(4,0)",Y,,,예산연도 YYYY,
ERP_BUDGET_ITEM,예산과목 마스터,1예산과목 (BUDGET_ITEM_DK),ERP,INCOME_EXPS_DIV_NM,수입/지출 구분,VARCHAR,Y,,,수입/지출 구분,
ERP_BUDGET_ITEM,예산과목 마스터,1예산과목 (BUDGET_ITEM_DK),ERP,BDGT_UNIT_NM,"예산단위 (=조직명, 코드 없음)",VARCHAR,Y,,,"예산단위 (=조직명, 코드 없음)",
ERP_BUDGET_ITEM,예산과목 마스터,1예산과목 (BUDGET_ITEM_DK),ERP,JANG_NM,예산과목 1단계 장,VARCHAR,Y,,,예산과목 1단계 장,
ERP_BUDGET_ITEM,예산과목 마스터,1예산과목 (BUDGET_ITEM_DK),ERP,KWAN_NM,예산과목 2단계 관,VARCHAR,Y,,,예산과목 2단계 관,
ERP_BUDGET_ITEM,예산과목 마스터,1예산과목 (BUDGET_ITEM_DK),ERP,HANG_NM,예산과목 3단계 항,VARCHAR,Y,,,예산과목 3단계 항,
ERP_BUDGET_ITEM,예산과목 마스터,1예산과목 (BUDGET_ITEM_DK),ERP,MOK_NM,예산과목 4단계 목,VARCHAR,Y,,,예산과목 4단계 목,
ERP_BUDGET_ITEM,예산과목 마스터,1예산과목 (BUDGET_ITEM_DK),ERP,DTL_ITEM_NM,예산과목 5단계 세목,VARCHAR,Y,,,예산과목 5단계 세목,
ERP_BUDGET_ITEM,예산과목 마스터,1예산과목 (BUDGET_ITEM_DK),ERP,SUBDTL_ITEM_NM,예산과목 6단계 세세목,VARCHAR,Y,,,예산과목 6단계 세세목,
ERP_BUDGET_ITEM,예산과목 마스터,1예산과목 (BUDGET_ITEM_DK),ERP,FUND_SOURCE_NM,재원,VARCHAR,Y,,,재원,
ERP_BUDGET_ITEM,예산과목 마스터,1예산과목 (BUDGET_ITEM_DK),ERP,DW_SOURCE_SYSTEM,원천 시스템 식별,VARCHAR,N,,,원천 시스템 식별 (공통감사),공통감사
ERP_BUDGET_ITEM,예산과목 마스터,1예산과목 (BUDGET_ITEM_DK),ERP,DW_SOURCE_TABLE,원천 테이블 식별,VARCHAR,Y,,,원천 테이블 식별 (공통감사),공통감사
ERP_BUDGET_ITEM,예산과목 마스터,1예산과목 (BUDGET_ITEM_DK),ERP,DW_LOAD_TS,최초 적재 시각,TIMESTAMP_NTZ,N,,,최초 적재 시각 (공통감사),공통감사
ERP_BUDGET_ITEM,예산과목 마스터,1예산과목 (BUDGET_ITEM_DK),ERP,DW_UPDATE_TS,최종 갱신 시각,TIMESTAMP_NTZ,Y,,,최종 갱신 시각 (공통감사),공통감사
ERP_BUDGET_ITEM,예산과목 마스터,1예산과목 (BUDGET_ITEM_DK),ERP,DW_BATCH_ID,적재 배치 식별자,VARCHAR,Y,,,적재 배치 식별자 = dbt invocation_id (공통감사),공통감사
ERP_BUDGET_YEARLY,예산 연 총액,"예산과목 × 연도 (BUDGET_ITEM_DK, YYYY)",ERP,BUDGET_ITEM_DK,불변 비즈니스 식별자,VARCHAR,N,PK,,불변 비즈니스 식별자,
ERP_BUDGET_YEARLY,예산 연 총액,"예산과목 × 연도 (BUDGET_ITEM_DK, YYYY)",ERP,BUDGET_YEAR,예산연도 YYYY,"NUMBER(4,0)",N,PK,,예산연도 YYYY . 본 테이블의 grain 은 **연**이다.,
ERP_BUDGET_YEARLY,예산 연 총액,"예산과목 × 연도 (BUDGET_ITEM_DK, YYYY)",ERP,YEAR_BDGT_TOT_AMT,YEAR_BDGT_TOT_AMT,"NUMBER(38,0)",Y,,,YEAR_BDGT_TOT_AMT.,
ERP_BUDGET_YEARLY,예산 연 총액,"예산과목 × 연도 (BUDGET_ITEM_DK, YYYY)",ERP,CHN_BDGT_TOT_AMT,연 추경예산 총액 원단위 = 원천 CHN_BDGT_TOT_AMT,"NUMBER(38,0)",Y,,,연 추경예산 총액 원단위 = 원천 CHN_BDGT_TOT_AMT.,
ERP_BUDGET_YEARLY,예산 연 총액,"예산과목 × 연도 (BUDGET_ITEM_DK, YYYY)",ERP,ADJ_BDGT_TOT_AMT,연 조정예산 총액 원단위 = 원천 ADJ_BDGT_TOT_AMT,"NUMBER(38,0)",Y,,,연 조정예산 총액 원단위 = 원천 ADJ_BDGT_TOT_AMT.,
ERP_BUDGET_YEARLY,예산 연 총액,"예산과목 × 연도 (BUDGET_ITEM_DK, YYYY)",ERP,EXEC_TOT_AMT,연 집행 총액 원단위 = 원천 EXEC_TOT_AMT,"NUMBER(38,0)",Y,,,연 집행 총액 원단위 = 원천 EXEC_TOT_AMT.,
ERP_BUDGET_YEARLY,예산 연 총액,"예산과목 × 연도 (BUDGET_ITEM_DK, YYYY)",ERP,DW_SOURCE_SYSTEM,원천 시스템 식별,VARCHAR,N,,,원천 시스템 식별 (공통감사),공통감사
ERP_BUDGET_YEARLY,예산 연 총액,"예산과목 × 연도 (BUDGET_ITEM_DK, YYYY)",ERP,DW_SOURCE_TABLE,원천 테이블 식별,VARCHAR,Y,,,원천 테이블 식별 (공통감사),공통감사
ERP_BUDGET_YEARLY,예산 연 총액,"예산과목 × 연도 (BUDGET_ITEM_DK, YYYY)",ERP,DW_LOAD_TS,최초 적재 시각,TIMESTAMP_NTZ,N,,,최초 적재 시각 (공통감사),공통감사
ERP_BUDGET_YEARLY,예산 연 총액,"예산과목 × 연도 (BUDGET_ITEM_DK, YYYY)",ERP,DW_UPDATE_TS,최종 갱신 시각,TIMESTAMP_NTZ,Y,,,최종 갱신 시각 (공통감사),공통감사
ERP_BUDGET_YEARLY,예산 연 총액,"예산과목 × 연도 (BUDGET_ITEM_DK, YYYY)",ERP,DW_BATCH_ID,적재 배치 식별자,VARCHAR,Y,,,적재 배치 식별자 = dbt invocation_id (공통감사),공통감사
ERP_BUDGET_YEARLY,예산 연 총액,"예산과목 × 연도 (BUDGET_ITEM_DK, YYYY)",ERP,BUDGET_PROCEDURE,예산 편성 차수,VARCHAR,Y,,,예산 편성 차수 (연사업 / 추가경정 · DEC.,
IDENTITY_MEMBER_XREF,신원 브리지,USER_PSEUDO_ID × MEMBER_DK (1신원매칭),신원,USER_PSEUDO_ID,GA 세션 스파인,VARCHAR,N,PK,,GA 세션 스파인 (PK),
IDENTITY_MEMBER_XREF,신원 브리지,USER_PSEUDO_ID × MEMBER_DK (1신원매칭),신원,GA_MEMBER_ID,GA_MEMBER_ID,VARCHAR,Y,,,GA_MEMBER_ID.,
IDENTITY_MEMBER_XREF,신원 브리지,USER_PSEUDO_ID × MEMBER_DK (1신원매칭),신원,ID_SCHEME,식별자 체계,VARCHAR,Y,,,GA측 ID 체계. 매칭 분모 판정의 정본.,
IDENTITY_MEMBER_XREF,신원 브리지,USER_PSEUDO_ID × MEMBER_DK (1신원매칭),신원,MEMBER_TYPE,회원구분 ONCE/FDRM,VARCHAR,Y,,,회원구분 ONCE/FDRM. 비회원 ID 체계는 NULL.,
IDENTITY_MEMBER_XREF,신원 브리지,USER_PSEUDO_ID × MEMBER_DK (1신원매칭),신원,MEMBER_DK,매칭된 CRM 불변회원키(미매칭 NULL),VARCHAR,Y,"DK,FK",CRM_MEMBER.MEMBER_DK※비강제,매칭된 CRM 불변회원키(미매칭 NULL),
IDENTITY_MEMBER_XREF,신원 브리지,USER_PSEUDO_ID × MEMBER_DK (1신원매칭),신원,HOMEPAGE_ID,매칭 CRM 회원의 HMPG_ID(미매칭 NULL),VARCHAR,Y,,,매칭 CRM 회원의 HMPG_ID(미매칭 NULL),
IDENTITY_MEMBER_XREF,신원 브리지,USER_PSEUDO_ID × MEMBER_DK (1신원매칭),신원,ID_RESOLUTION,GA측 신뢰도: DIRECT/SESSION_FILL,VARCHAR,Y,,,GA측 신뢰도: DIRECT/SESSION_FILL,
IDENTITY_MEMBER_XREF,신원 브리지,USER_PSEUDO_ID × MEMBER_DK (1신원매칭),신원,MATCH_METHOD,MATCH_METHOD,VARCHAR,Y,,,MATCH_METHOD.,
IDENTITY_MEMBER_XREF,신원 브리지,USER_PSEUDO_ID × MEMBER_DK (1신원매칭),신원,MATCH_CONFIDENCE,매칭신뢰도 HIGH/MEDIUM/NONE,VARCHAR,Y,,,매칭신뢰도 HIGH/MEDIUM/NONE,
IDENTITY_MEMBER_XREF,신원 브리지,USER_PSEUDO_ID × MEMBER_DK (1신원매칭),신원,DW_SOURCE_SYSTEM,원천 시스템 식별,VARCHAR,N,,,원천 시스템 식별 (공통감사),공통감사
IDENTITY_MEMBER_XREF,신원 브리지,USER_PSEUDO_ID × MEMBER_DK (1신원매칭),신원,DW_SOURCE_TABLE,원천 테이블 식별,VARCHAR,Y,,,원천 테이블 식별 (공통감사),공통감사
IDENTITY_MEMBER_XREF,신원 브리지,USER_PSEUDO_ID × MEMBER_DK (1신원매칭),신원,DW_LOAD_TS,최초 적재 시각,TIMESTAMP_NTZ,N,,,최초 적재 시각 (공통감사),공통감사
IDENTITY_MEMBER_XREF,신원 브리지,USER_PSEUDO_ID × MEMBER_DK (1신원매칭),신원,DW_UPDATE_TS,최종 갱신 시각,TIMESTAMP_NTZ,Y,,,최종 갱신 시각 (공통감사),공통감사
IDENTITY_MEMBER_XREF,신원 브리지,USER_PSEUDO_ID × MEMBER_DK (1신원매칭),신원,DW_BATCH_ID,적재 배치 식별자,VARCHAR,Y,,,적재 배치 식별자 = dbt invocation_id (공통감사),공통감사
