SILVER_TABLE,COLUMN,STATUS,판정군,소비GOLD모델,SILVER내부소비,SILVER내부_컬럼참조,채움(non-null),비영(non-zero),고유값(근사),변동(2026-10-07)
AGENCY_AD_BROADCAST,AD_PERF_DK,REFERENCED,,FACT_AD_BROADCAST,,,50103,50103,51095,
AGENCY_AD_BROADCAST,TIME_BAND,REFERENCED,,FACT_AD_BROADCAST,,,38752,38752,82,
AGENCY_AD_BROADCAST,CM_POSITION,REFERENCED,,FACT_AD_BROADCAST,,,34316,34316,16,
AGENCY_AD_BROADCAST,RT_TYPE,REFERENCED,,FACT_AD_BROADCAST,,,2111,2111,2,
AGENCY_AD_BROADCAST,AD_START_TIME,REFERENCED,,FACT_AD_BROADCAST,,,35319,35319,23591,
AGENCY_AD_BROADCAST,AD_END_TIME,REFERENCED,,FACT_AD_BROADCAST,,,17591,17591,13039,
AGENCY_AD_BROADCAST,BROADCAST_DATE,REFERENCED,,FACT_AD_BROADCAST,,,46767,46767,1350,
AGENCY_AD_BROADCAST,PROGRAM_NM,REFERENCED,,FACT_AD_BROADCAST,,,37614,37614,1849,
AGENCY_AD_BROADCAST,CHANNEL_COMPANY,REFERENCED,,FACT_AD_BROADCAST,,,50103,50103,62,
AGENCY_AD_BROADCAST,CHANNEL_COMPANY_TYPE,REFERENCED,,FACT_AD_BROADCAST,,,44586,44586,9,
AGENCY_AD_BROADCAST,SPOT_TYPE,REFERENCED,,FACT_AD_BROADCAST,,,16588,16588,4,
AGENCY_AD_BROADCAST,DURATION_SEC,REFERENCED,,FACT_AD_BROADCAST,,,35539,35539,4,
AGENCY_AD_BROADCAST,DAY_DIV,REFERENCED,,FACT_AD_BROADCAST,,,36641,36641,3,
AGENCY_AD_BROADCAST,PRG_START_TIME,REFERENCED,,FACT_AD_BROADCAST,,,34500,34500,1599,
AGENCY_AD_BROADCAST,CTV_DIV,REFERENCED,,FACT_AD_BROADCAST,,,47992,47992,4,
AGENCY_AD_BROADCAST,BRDC_DIV,REFERENCED,,FACT_AD_BROADCAST,,,2111,2111,6,
AGENCY_AD_BROADCAST,AD_CNT,REFERENCED,,FACT_AD_BROADCAST,,,37548,37548,1,
AGENCY_AD_BROADCAST,CONV_CALL_CNT,REFERENCED,,FACT_AD_BROADCAST,,,0,0,0,
AGENCY_AD_BROADCAST,DVLP_MEMBER_CNT,REFERENCED,,FACT_AD_BROADCAST,,,10845,7961,132,
AGENCY_AD_BROADCAST,DVLP_CNT,REFERENCED,,FACT_AD_BROADCAST,,,10846,7961,357,
AGENCY_AD_BROADCAST,AD_VIEW_RT_SRC,REFERENCED,,FACT_AD_BROADCAST,,,34316,14795,771,
AGENCY_AD_BROADCAST,CPC_CALL_SRC,REFERENCED,,FACT_AD_BROADCAST,,,35139,18832,1514,
AGENCY_AD_BROADCAST_CASE,AD_PERF_DK,REFERENCED,,FACT_AD_BROADCAST_CASE,,,0,0,0,
AGENCY_AD_BROADCAST_CASE,CASE_SEQ,REFERENCED,,FACT_AD_BROADCAST_CASE,,,0,0,0,
AGENCY_AD_BROADCAST_CASE,BIZ_DIV,REFERENCED,,FACT_AD_BROADCAST_CASE,,,0,0,0,
AGENCY_AD_BROADCAST_CASE,FAMILY_TYPE,REFERENCED,,FACT_AD_BROADCAST_CASE,,,0,0,0,
AGENCY_AD_BROADCAST_CASE,APPEAL_POINT,REFERENCED,,FACT_AD_BROADCAST_CASE,,,0,0,0,
AGENCY_AD_BROADCAST_CASE,CASE_DIV,REFERENCED,,FACT_AD_BROADCAST_CASE,,,0,0,0,
AGENCY_AD_CREATIVE,CREATIVE_DK,REFERENCED,,DIM_AD_CREATIVE,,,9845,9845,9959,
AGENCY_AD_CREATIVE,SOURCE_SYSTEM,REFERENCED,,DIM_AD_CREATIVE,,,9845,9845,3,
AGENCY_AD_CREATIVE,MEDIA_CHANNEL_NM,REFERENCED,,DIM_AD_CREATIVE,,,9829,9829,93,
AGENCY_AD_CREATIVE,CREATIVE_NM,REFERENCED,,DIM_AD_CREATIVE,,,9836,9836,7088,
AGENCY_AD_CREATIVE,CREATIVE_TYPE_NM,REFERENCED,,DIM_AD_CREATIVE,,,6573,6573,14,
AGENCY_AD_CREATIVE,CM_AREA_NM,REFERENCED,,DIM_AD_CREATIVE,,,1306,1306,16,
AGENCY_AD_CREATIVE,AD_SEC_NM,DROPPED,,DIM_AD_CREATIVE,,,1322,1322,7,
AGENCY_AD_DIGITAL,AD_PERF_DK,REFERENCED,,FACT_AD_DIGITAL,,,229099,229099,229815,
AGENCY_AD_DIGITAL,PAGE_TYPE_NM,REFERENCED,,FACT_AD_DIGITAL,,,1109,1109,3,
AGENCY_AD_DIGITAL,AD_GRP_NM,REFERENCED,,FACT_AD_DIGITAL,,,4420,4420,39,
AGENCY_AD_DIGITAL,GRP_DIV_NM,REFERENCED,,FACT_AD_DIGITAL,,,0,0,0,
AGENCY_AD_DIGITAL,MATR_TY_NM,REFERENCED,,FACT_AD_DIGITAL,,,113404,113404,5,
AGENCY_AD_DIGITAL,AD_TY_NM,REFERENCED,,FACT_AD_DIGITAL,,,229099,229099,7,
AGENCY_AD_DIGITAL,READ_CNT,REFERENCED,,FACT_AD_DIGITAL,,,13423,9525,3992,
AGENCY_AD_DIGITAL,MEDIA_PTNT_CUST_CNT,REFERENCED,,FACT_AD_DIGITAL,,,0,0,0,
AGENCY_AD_DIGITAL,CRM_DVLP_CNT,REFERENCED,,FACT_AD_DIGITAL,,,0,0,0,
AGENCY_AD_DIGITAL,CTR_SRC,REFERENCED,,FACT_AD_DIGITAL,,,26588,23653,16798,
AGENCY_AD_DIGITAL,CVR_SRC,REFERENCED,,FACT_AD_DIGITAL,,,26588,5636,2152,
AGENCY_AD_DIGITAL,CPC_CLICK_SRC,REFERENCED,,FACT_AD_DIGITAL,,,199952,185524,145312,
AGENCY_AD_DIGITAL,CPM_SRC,REFERENCED,,FACT_AD_DIGITAL,,,223254,209066,194072,
AGENCY_AD_DIGITAL,CPA_SRC,REFERENCED,,FACT_AD_DIGITAL,,,80662,50450,44088,
AGENCY_AD_DIGITAL,DEV_UNIT_PRICE_SRC,REFERENCED,,FACT_AD_DIGITAL,,,80661,50448,45485,
AGENCY_AD_DIGITAL,VTR_SRC,REFERENCED,,FACT_AD_DIGITAL,,,13423,9525,9189,
AGENCY_AD_PERFORMANCE,AD_PERF_DK,REFERENCED,,FACT_AD_PERFORMANCE,AGENCY_AD_DIGITAL,Y,279202,279202,278904,
AGENCY_AD_PERFORMANCE,AD_SOURCE_TYPE,REFERENCED,,FACT_AD_PERFORMANCE,AGENCY_AD_DIGITAL,N,279202,279202,3,
AGENCY_AD_PERFORMANCE,SOURCE_SYSTEM,DROPPED,,FACT_AD_PERFORMANCE,AGENCY_AD_DIGITAL,Y,279202,279202,3,
AGENCY_AD_PERFORMANCE,AD_DATE,REFERENCED,,FACT_AD_PERFORMANCE,AGENCY_AD_DIGITAL,N,279202,279202,1397,
AGENCY_AD_PERFORMANCE,AD_YEAR,DROPPED,,FACT_AD_PERFORMANCE,AGENCY_AD_DIGITAL,N,279202,279202,4,
AGENCY_AD_PERFORMANCE,AD_MONTH,DROPPED,,FACT_AD_PERFORMANCE,AGENCY_AD_DIGITAL,N,279202,279202,12,
AGENCY_AD_PERFORMANCE,CAMPAIGN_NM,REFERENCED,,FACT_AD_PERFORMANCE,AGENCY_AD_DIGITAL,N,232435,232435,116,
AGENCY_AD_PERFORMANCE,UPPER_CAMPAIGN_NM,DROPPED,,FACT_AD_PERFORMANCE,AGENCY_AD_DIGITAL,N,3840,3840,14,
AGENCY_AD_PERFORMANCE,MEDIA_CHANNEL_NM,DROPPED,,FACT_AD_PERFORMANCE,AGENCY_AD_DIGITAL,N,279012,279012,93,
AGENCY_AD_PERFORMANCE,DEVICE_NM,REFERENCED,,FACT_AD_PERFORMANCE,AGENCY_AD_DIGITAL,N,274403,274403,4,
AGENCY_AD_PERFORMANCE,CREATIVE_NM,DROPPED,,FACT_AD_PERFORMANCE,AGENCY_AD_DIGITAL,N,278729,278729,7088,
AGENCY_AD_PERFORMANCE,PROGRAM_NM,DROPPED,,FACT_AD_PERFORMANCE,AGENCY_AD_DIGITAL,N,37614,37614,1849,
AGENCY_AD_PERFORMANCE,IMPRESSION_CNT,REFERENCED,,FACT_AD_PERFORMANCE,AGENCY_AD_DIGITAL,N,231992,218127,64296,
AGENCY_AD_PERFORMANCE,CLICK_CNT,REFERENCED,,FACT_AD_PERFORMANCE,AGENCY_AD_DIGITAL,N,231932,195942,3924,
AGENCY_AD_PERFORMANCE,CONV_MEMBER_CNT,REFERENCED,,FACT_AD_PERFORMANCE,AGENCY_AD_DIGITAL,N,228990,52336,53,
AGENCY_AD_PERFORMANCE,CONV_UNIT_CNT,REFERENCED,,FACT_AD_PERFORMANCE,AGENCY_AD_DIGITAL,N,229057,52335,202,
AGENCY_AD_PERFORMANCE,INBOUND_CALL_CNT,REFERENCED,,FACT_AD_PERFORMANCE,AGENCY_AD_DIGITAL,N,22612,22607,225,
AGENCY_AD_PERFORMANCE,CONV_CALL_CNT,DROPPED,,FACT_AD_PERFORMANCE,AGENCY_AD_DIGITAL,N,0,0,0,
AGENCY_AD_PERFORMANCE,AD_CNT,DROPPED,,FACT_AD_PERFORMANCE,AGENCY_AD_DIGITAL,N,37548,37548,1,
AGENCY_AD_PERFORMANCE,AD_COST,REFERENCED,,FACT_AD_PERFORMANCE,AGENCY_AD_DIGITAL,N,269391,252475,111267,
AGENCY_AD_PERFORMANCE,COST_TYPE,DROPPED,,FACT_AD_PERFORMANCE,AGENCY_AD_DIGITAL,N,279202,279202,3,
AGENCY_AD_PERFORMANCE,CONTENTS_PUR_COST,REFERENCED,,FACT_AD_PERFORMANCE,AGENCY_AD_DIGITAL,N,1547,361,21,
AGENCY_AD_PERFORMANCE,CALL_CTR_OPER_COST,REFERENCED,,FACT_AD_PERFORMANCE,AGENCY_AD_DIGITAL,N,2111,1647,341,
AGENCY_AD_PERFORMANCE,TOT_COST,REFERENCED,,FACT_AD_PERFORMANCE,AGENCY_AD_DIGITAL,N,2111,2069,473,
AGENCY_AD_ROW_DGT,AD_PERF_DK,SILVER_ONLY_CHAIN,,,AGENCY_AD_DIGITAL;AGENCY_AD_PERFORMANCE,Y,229105,229105,229815,
AGENCY_AD_ROW_DGT,AD_SOURCE_TYPE,SILVER_ONLY_CHAIN,,,AGENCY_AD_PERFORMANCE,Y,229105,229105,1,
AGENCY_AD_ROW_DGT,ROW_HASH,SILVER_ONLY_CHAIN,,,AGENCY_AD_DIGITAL;AGENCY_AD_PERFORMANCE,N,229105,229105,233095,
AGENCY_AD_ROW_DGT,DUP_SEQ,SILVER_ONLY_CHAIN,,,AGENCY_AD_DIGITAL;AGENCY_AD_PERFORMANCE,N,229105,229105,3,
AGENCY_AD_ROW_DGT,TIME,SILVER_ONLY_CHAIN,,,AGENCY_AD_DIGITAL;AGENCY_AD_PERFORMANCE,N,21,21,1,
AGENCY_AD_ROW_DGT,YEAR,SILVER_ONLY_CHAIN,,,AGENCY_AD_PERFORMANCE,Y,229105,229105,3,
AGENCY_AD_ROW_DGT,BDGT_SOURCE_NM,SILVER_ONLY_CHAIN,,,AGENCY_AD_DIGITAL;AGENCY_AD_PERFORMANCE,N,229105,229105,3,
AGENCY_AD_ROW_DGT,CMPGN_TYPE1_BSN_NM,SILVER_ONLY_CHAIN,,,AGENCY_AD_DIGITAL;AGENCY_AD_PERFORMANCE,N,229105,229105,4,
AGENCY_AD_ROW_DGT,CMPGN_TYPE2_BSN_NM,SILVER_ONLY_CHAIN,,,AGENCY_AD_DIGITAL;AGENCY_AD_PERFORMANCE,N,229105,229105,5,
AGENCY_AD_ROW_DGT,CMPGN_TYPE_BSN_NM,SILVER_ONLY_CHAIN,,,AGENCY_AD_DIGITAL;AGENCY_AD_PERFORMANCE,N,229105,229105,8,
AGENCY_AD_ROW_DGT,AD_TY_NM,SILVER_ONLY_CHAIN,,,AGENCY_AD_DIGITAL,Y,229105,229105,7,
AGENCY_AD_ROW_DGT,MONTH,SILVER_ONLY_CHAIN,,,AGENCY_AD_PERFORMANCE,Y,229105,229105,12,
AGENCY_AD_ROW_DGT,DEVICE,SILVER_ONLY_CHAIN,,,AGENCY_AD_PERFORMANCE,Y,229105,229105,2,
AGENCY_AD_ROW_DGT,MEDIA_NM,SILVER_ONLY_CHAIN,,,AGENCY_AD_PERFORMANCE,Y,228915,228915,32,
AGENCY_AD_ROW_DGT,WEEK,SILVER_ONLY_CHAIN,,,AGENCY_AD_DIGITAL;AGENCY_AD_PERFORMANCE,N,229105,229105,13,
AGENCY_AD_ROW_DGT,DAY,SILVER_ONLY_CHAIN,,,AGENCY_AD_PERFORMANCE,Y,229105,229105,31,
AGENCY_AD_ROW_DGT,DOW,SILVER_ONLY_CHAIN,,,AGENCY_AD_DIGITAL;AGENCY_AD_PERFORMANCE,N,229105,229105,7,
AGENCY_AD_ROW_DGT,CMPGN_NM,SILVER_ONLY_CHAIN,,,AGENCY_AD_PERFORMANCE,Y,229105,229105,116,
AGENCY_AD_ROW_DGT,MATR,SILVER_ONLY_CHAIN,,,AGENCY_AD_PERFORMANCE,Y,229105,229105,6735,
AGENCY_AD_ROW_DGT,MATR_TY_NM,SILVER_ONLY_CHAIN,,,AGENCY_AD_DIGITAL,Y,113404,113404,5,
AGENCY_AD_ROW_DGT,EXPS_CNT,SILVER_ONLY_CHAIN,,,AGENCY_AD_PERFORMANCE,Y,229102,215239,63592,
AGENCY_AD_ROW_DGT,CLICK_CNT,SILVER_ONLY_CHAIN,,,AGENCY_AD_PERFORMANCE,Y,229097,193446,3888,
AGENCY_AD_ROW_DGT,AD_COST,SILVER_ONLY_CHAIN,,,AGENCY_AD_PERFORMANCE,Y,229100,212418,109434,
AGENCY_AD_ROW_DGT,SPNSER_MBER_CNT,SILVER_ONLY_CHAIN,,,AGENCY_AD_PERFORMANCE,Y,228996,52336,53,
AGENCY_AD_ROW_DGT,CONV_VU_CNT,SILVER_ONLY_CHAIN,,,AGENCY_AD_PERFORMANCE,Y,229063,52335,202,
AGENCY_AD_ROW_DGT,CPA,SILVER_ONLY_CHAIN,,,AGENCY_AD_DIGITAL,Y,80662,50450,44088,
AGENCY_AD_ROW_DGT,DVLP_UNIT_PRICE,SILVER_ONLY_CHAIN,,,AGENCY_AD_DIGITAL,Y,80661,50448,45485,
AGENCY_AD_ROW_DGT,CTR,SILVER_ONLY_CHAIN,,,AGENCY_AD_DIGITAL,Y,26588,23653,16798,
AGENCY_AD_ROW_DGT,CVR,SILVER_ONLY_CHAIN,,,AGENCY_AD_DIGITAL,Y,26588,5636,2152,
AGENCY_AD_ROW_DGT,CPC,SILVER_ONLY_CHAIN,,,AGENCY_AD_DIGITAL,Y,199952,185524,145312,
AGENCY_AD_ROW_DGT,CPM,SILVER_ONLY_CHAIN,,,AGENCY_AD_DIGITAL,Y,223254,209066,194072,
AGENCY_AD_ROW_DGT,UTM_CMPGN_NM,SILVER_ONLY_CHAIN,,,AGENCY_AD_DIGITAL;AGENCY_AD_PERFORMANCE,N,209118,209118,110,
AGENCY_AD_ROW_DGT,READ_CNT,SILVER_ONLY_CHAIN,,,AGENCY_AD_DIGITAL,Y,13423,9525,3992,
AGENCY_AD_ROW_DGT,MEDIA_PTNT_CUST_CNT,SILVER_ONLY_CHAIN,,,AGENCY_AD_DIGITAL,Y,0,0,0,
AGENCY_AD_ROW_DGT,DATE,SILVER_ONLY_CHAIN,,,AGENCY_AD_PERFORMANCE,Y,36065,36065,124,
AGENCY_AD_ROW_DGT,VTR,SILVER_ONLY_CHAIN,,,AGENCY_AD_DIGITAL,Y,13423,9525,9189,
AGENCY_AD_ROW_DGT,PAGE_TYPE_NM,SILVER_ONLY_CHAIN,,,AGENCY_AD_DIGITAL,Y,1109,1109,3,
AGENCY_AD_ROW_DGT,CRM_DVLP_CNT,SILVER_ONLY_CHAIN,,,AGENCY_AD_DIGITAL,Y,0,0,0,
AGENCY_AD_ROW_DGT,AD_GRP_NM,SILVER_ONLY_CHAIN,,,AGENCY_AD_DIGITAL,Y,4420,4420,39,
AGENCY_AD_ROW_DGT,GRP_DIV_NM,SILVER_ONLY_CHAIN,,,AGENCY_AD_DIGITAL,Y,0,0,0,
AGENCY_AD_ROW_DGT,MARKUP_AMT,SILVER_ONLY_CHAIN,,,AGENCY_AD_DIGITAL;AGENCY_AD_PERFORMANCE,N,181773,164905,111180,
AGENCY_AD_ROW_DGT,VAT_AMT,SILVER_ONLY_CHAIN,,,AGENCY_AD_DIGITAL;AGENCY_AD_PERFORMANCE,N,229079,210201,148183,
AGENCY_AD_ROW_DGT,LAST_STMT_AMT,SILVER_ONLY_CHAIN,,,AGENCY_AD_DIGITAL;AGENCY_AD_PERFORMANCE,N,181773,168595,117310,
AGENCY_AD_ROW_DGT,TOTAL_CPA,SILVER_ONLY_CHAIN,,,AGENCY_AD_DIGITAL;AGENCY_AD_PERFORMANCE,N,66618,36574,35212,
AGENCY_AD_ROW_DGT,TOTAL_DVLP_UNIT_PRICE,SILVER_ONLY_CHAIN,,,AGENCY_AD_DIGITAL;AGENCY_AD_PERFORMANCE,N,66618,36501,36082,
AGENCY_AD_ROW_REBRDC,AD_PERF_DK,SILVER_ONLY_CHAIN,,,AGENCY_AD_BROADCAST;AGENCY_AD_BROADCAST_CASE;AGENCY_AD_PERFORMANCE,Y,2111,2111,2073,
AGENCY_AD_ROW_REBRDC,AD_SOURCE_TYPE,SILVER_ONLY_CHAIN,,,AGENCY_AD_PERFORMANCE,Y,2111,2111,1,
AGENCY_AD_ROW_REBRDC,ROW_HASH,SILVER_ONLY_CHAIN,,,AGENCY_AD_BROADCAST;AGENCY_AD_BROADCAST_CASE;AGENCY_AD_PERFORMANCE,N,2111,2111,2073,
AGENCY_AD_ROW_REBRDC,DUP_SEQ,SILVER_ONLY_CHAIN,,,AGENCY_AD_BROADCAST;AGENCY_AD_BROADCAST_CASE;AGENCY_AD_PERFORMANCE,N,2111,2111,4,
AGENCY_AD_ROW_REBRDC,DIV_NM,SILVER_ONLY_CHAIN,,,AGENCY_AD_BROADCAST,Y,2111,2111,2,
AGENCY_AD_ROW_REBRDC,YEAR,SILVER_ONLY_CHAIN,,,AGENCY_AD_PERFORMANCE,Y,2111,2111,4,
AGENCY_AD_ROW_REBRDC,MONTH,SILVER_ONLY_CHAIN,,,AGENCY_AD_PERFORMANCE,Y,2111,2111,12,
AGENCY_AD_ROW_REBRDC,DAY,SILVER_ONLY_CHAIN,,,AGENCY_AD_PERFORMANCE,Y,2111,2111,31,
AGENCY_AD_ROW_REBRDC,CHNNL_NM,SILVER_ONLY_CHAIN,,,AGENCY_AD_BROADCAST;AGENCY_AD_PERFORMANCE,Y,2111,2111,22,
AGENCY_AD_ROW_REBRDC,BRDC_DATE,SILVER_ONLY_CHAIN,,,AGENCY_AD_BROADCAST;AGENCY_AD_PERFORMANCE,Y,2111,2111,1137,
AGENCY_AD_ROW_REBRDC,DOW,SILVER_ONLY_CHAIN,,,AGENCY_AD_BROADCAST;AGENCY_AD_BROADCAST_CASE;AGENCY_AD_PERFORMANCE,N,2111,2111,7,
AGENCY_AD_ROW_REBRDC,WEEK,SILVER_ONLY_CHAIN,,,AGENCY_AD_BROADCAST;AGENCY_AD_BROADCAST_CASE;AGENCY_AD_PERFORMANCE,N,2111,2111,6,
AGENCY_AD_ROW_REBRDC,BRDC_TIME,SILVER_ONLY_CHAIN,,,AGENCY_AD_BROADCAST,Y,2111,2111,66,
AGENCY_AD_ROW_REBRDC,BRDC_NM,SILVER_ONLY_CHAIN,,,AGENCY_AD_BROADCAST;AGENCY_AD_PERFORMANCE,Y,2111,2111,130,
AGENCY_AD_ROW_REBRDC,BRDC_DIV_NM,SILVER_ONLY_CHAIN,,,AGENCY_AD_BROADCAST,Y,2111,2111,6,
AGENCY_AD_ROW_REBRDC,AD_CNT,SILVER_ONLY_CHAIN,,,AGENCY_AD_BROADCAST;AGENCY_AD_PERFORMANCE,Y,2111,2111,1,
AGENCY_AD_ROW_REBRDC,INBOUND_CALL_CNT,SILVER_ONLY_CHAIN,,,AGENCY_AD_PERFORMANCE,Y,2086,2086,305,
AGENCY_AD_ROW_REBRDC,DVLP_MBER_CNT,SILVER_ONLY_CHAIN,,,AGENCY_AD_BROADCAST,Y,2089,2079,132,
AGENCY_AD_ROW_REBRDC,DVLP_CNT,SILVER_ONLY_CHAIN,,,AGENCY_AD_BROADCAST,Y,2090,2080,340,
AGENCY_AD_ROW_REBRDC,UPPER_CMPGN_CD,SILVER_ONLY_CHAIN,,,AGENCY_AD_BROADCAST;AGENCY_AD_BROADCAST_CASE;AGENCY_AD_PERFORMANCE,N,0,0,0,
AGENCY_AD_ROW_REBRDC,CMPGN_CD,SILVER_ONLY_CHAIN,,,AGENCY_AD_BROADCAST;AGENCY_AD_BROADCAST_CASE;AGENCY_AD_PERFORMANCE,N,0,0,0,
AGENCY_AD_ROW_REBRDC,BRDC_SCHDL_COST,SILVER_ONLY_CHAIN,,,AGENCY_AD_PERFORMANCE,Y,2095,2057,45,
AGENCY_AD_ROW_REBRDC,CONTENTS_PUR_COST,SILVER_ONLY_CHAIN,,,AGENCY_AD_PERFORMANCE,Y,1547,361,21,
AGENCY_AD_ROW_REBRDC,CALL_CTR_OPER_COST,SILVER_ONLY_CHAIN,,,AGENCY_AD_PERFORMANCE,Y,2111,1647,341,
AGENCY_AD_ROW_REBRDC,TOT_COST,SILVER_ONLY_CHAIN,,,AGENCY_AD_PERFORMANCE,Y,2111,2069,477,
AGENCY_AD_ROW_VIDEO,AD_PERF_DK,SILVER_ONLY_CHAIN,,,AGENCY_AD_BROADCAST;AGENCY_AD_PERFORMANCE,Y,47992,47992,48885,
AGENCY_AD_ROW_VIDEO,AD_SOURCE_TYPE,SILVER_ONLY_CHAIN,,,AGENCY_AD_PERFORMANCE,Y,47992,47992,1,
AGENCY_AD_ROW_VIDEO,ROW_HASH,SILVER_ONLY_CHAIN,,,AGENCY_AD_BROADCAST;AGENCY_AD_PERFORMANCE,N,47992,47992,47516,
AGENCY_AD_ROW_VIDEO,DUP_SEQ,SILVER_ONLY_CHAIN,,,AGENCY_AD_BROADCAST;AGENCY_AD_PERFORMANCE,N,47992,47992,3,
AGENCY_AD_ROW_VIDEO,CHNNL_NM,SILVER_ONLY_CHAIN,,,AGENCY_AD_BROADCAST;AGENCY_AD_PERFORMANCE,Y,47992,47992,52,
AGENCY_AD_ROW_VIDEO,DOW,SILVER_ONLY_CHAIN,,,AGENCY_AD_BROADCAST;AGENCY_AD_PERFORMANCE,N,47231,47231,7,
AGENCY_AD_ROW_VIDEO,BRDC_DATE,SILVER_ONLY_CHAIN,,,AGENCY_AD_BROADCAST;AGENCY_AD_PERFORMANCE,Y,44656,44656,992,
AGENCY_AD_ROW_VIDEO,TIME_RNG,SILVER_ONLY_CHAIN,,,AGENCY_AD_BROADCAST,Y,36641,36641,16,
AGENCY_AD_ROW_VIDEO,DAY_DIV_NM,SILVER_ONLY_CHAIN,,,AGENCY_AD_BROADCAST,Y,36641,36641,3,
AGENCY_AD_ROW_VIDEO,PRG_STRT_TIME,SILVER_ONLY_CHAIN,,,AGENCY_AD_BROADCAST,Y,34500,34500,1599,
AGENCY_AD_ROW_VIDEO,SCHDL_NM,SILVER_ONLY_CHAIN,,,AGENCY_AD_BROADCAST;AGENCY_AD_PERFORMANCE,Y,35503,35503,1721,
AGENCY_AD_ROW_VIDEO,CM,SILVER_ONLY_CHAIN,,,AGENCY_AD_BROADCAST;AGENCY_AD_PERFORMANCE,N,35503,35503,5,
AGENCY_AD_ROW_VIDEO,CM_AREA,SILVER_ONLY_CHAIN,,,AGENCY_AD_BROADCAST,Y,34316,34316,16,
AGENCY_AD_ROW_VIDEO,AD_STRT_TIME,SILVER_ONLY_CHAIN,,,AGENCY_AD_BROADCAST,Y,35319,35319,23591,
AGENCY_AD_ROW_VIDEO,AD_END_TIME,SILVER_ONLY_CHAIN,,,AGENCY_AD_BROADCAST,Y,17591,17591,13039,
AGENCY_AD_ROW_VIDEO,SPOT_TY,SILVER_ONLY_CHAIN,,,AGENCY_AD_BROADCAST,Y,16588,16588,4,
AGENCY_AD_ROW_VIDEO,AD_VIEW_RT,SILVER_ONLY_CHAIN,,,AGENCY_AD_BROADCAST,Y,34316,14795,771,
AGENCY_AD_ROW_VIDEO,AD_CNT,SILVER_ONLY_CHAIN,,,AGENCY_AD_BROADCAST;AGENCY_AD_PERFORMANCE,Y,35437,35437,1,
AGENCY_AD_ROW_VIDEO,AD_SEC,SILVER_ONLY_CHAIN,,,AGENCY_AD_BROADCAST,Y,35539,35539,7,
AGENCY_AD_ROW_VIDEO,LAST_AD_COST,SILVER_ONLY_CHAIN,,,AGENCY_AD_PERFORMANCE,Y,38202,38000,3076,
AGENCY_AD_ROW_VIDEO,INBOUND_CALL_CNT,SILVER_ONLY_CHAIN,,,AGENCY_AD_PERFORMANCE,Y,20533,20533,45,
AGENCY_AD_ROW_VIDEO,CPC_CALL_CNT,SILVER_ONLY_CHAIN,,,AGENCY_AD_BROADCAST,Y,35139,18832,1514,
AGENCY_AD_ROW_VIDEO,UPPER_CMPGN_NM,SILVER_ONLY_CHAIN,,,AGENCY_AD_PERFORMANCE,Y,3840,3840,14,
AGENCY_AD_ROW_VIDEO,MATR_NM,SILVER_ONLY_CHAIN,,,AGENCY_AD_PERFORMANCE,Y,47519,47519,222,
AGENCY_AD_ROW_VIDEO,DMST_OVSEA_DIV_NM,SILVER_ONLY_CHAIN,,,AGENCY_AD_BROADCAST;AGENCY_AD_PERFORMANCE,N,45304,45304,3,
AGENCY_AD_ROW_VIDEO,BSNS_CASE_DIV_NM,SILVER_ONLY_CHAIN,,,AGENCY_AD_BROADCAST;AGENCY_AD_PERFORMANCE,N,45304,45304,4,
AGENCY_AD_ROW_VIDEO,CMPGN_TY_NM,SILVER_ONLY_CHAIN,,,AGENCY_AD_BROADCAST;AGENCY_AD_PERFORMANCE,N,47992,47992,7,
AGENCY_AD_ROW_VIDEO,CHNNL_CMPNY_TY_NM,SILVER_ONLY_CHAIN,,,AGENCY_AD_BROADCAST,Y,44586,44586,9,
AGENCY_AD_ROW_VIDEO,WEEK,SILVER_ONLY_CHAIN,,,AGENCY_AD_BROADCAST;AGENCY_AD_PERFORMANCE,N,47991,47991,16,
AGENCY_AD_ROW_VIDEO,MONTH,SILVER_ONLY_CHAIN,,,AGENCY_AD_PERFORMANCE,Y,47992,47992,24,
AGENCY_AD_ROW_VIDEO,AD_TY_NM,SILVER_ONLY_CHAIN,,,AGENCY_AD_BROADCAST,Y,47992,47992,4,
AGENCY_AD_ROW_VIDEO,BDGT_SOURCE_NM,SILVER_ONLY_CHAIN,,,AGENCY_AD_BROADCAST;AGENCY_AD_PERFORMANCE,N,47992,47992,1,
AGENCY_AD_ROW_VIDEO,DEVICE_NM,SILVER_ONLY_CHAIN,,,AGENCY_AD_PERFORMANCE,Y,45304,45304,4,
AGENCY_AD_ROW_VIDEO,YEAR,SILVER_ONLY_CHAIN,,,AGENCY_AD_PERFORMANCE,Y,45304,45304,3,
AGENCY_AD_ROW_VIDEO,DAY,SILVER_ONLY_CHAIN,,,AGENCY_AD_PERFORMANCE,Y,45304,45304,31,
AGENCY_AD_ROW_VIDEO,SPNSER_CNT,SILVER_ONLY_CHAIN,,,AGENCY_AD_BROADCAST,Y,8756,5882,40,
AGENCY_AD_ROW_VIDEO,DVLP_CNT,SILVER_ONLY_CHAIN,,,AGENCY_AD_BROADCAST,Y,8756,5881,94,
AGENCY_AD_ROW_VIDEO,CMPGN_NM,SILVER_ONLY_CHAIN,,,AGENCY_AD_PERFORMANCE,Y,3336,3336,24,
AGENCY_AD_ROW_VIDEO,MATR_TY_NM,SILVER_ONLY_CHAIN,,,AGENCY_AD_BROADCAST;AGENCY_AD_PERFORMANCE,N,2897,2897,2,
AGENCY_AD_ROW_VIDEO,EXPSR_CNT,SILVER_ONLY_CHAIN,,,AGENCY_AD_PERFORMANCE,Y,2896,2888,2678,
AGENCY_AD_ROW_VIDEO,CLICK_CNT,SILVER_ONLY_CHAIN,,,AGENCY_AD_PERFORMANCE,Y,2841,2496,349,
ANNUAL_DVLP_GOAL_ACMSLT_AGGR_DATA,YEAR,NO_CONSUMER,,,,,96,96,1,
ANNUAL_DVLP_GOAL_ACMSLT_AGGR_DATA,DATA_TYPE_NM,NO_CONSUMER,,,,,96,96,2,
ANNUAL_DVLP_GOAL_ACMSLT_AGGR_DATA,DEPT_DIV_NM,NO_CONSUMER,,,,,96,96,6,
ANNUAL_DVLP_GOAL_ACMSLT_AGGR_DATA,NEW_EXST_DIV_NM,NO_CONSUMER,,,,,96,96,2,
ANNUAL_DVLP_GOAL_ACMSLT_AGGR_DATA,SPNSR_BSNS_GRP_NM,NO_CONSUMER,,,,,96,96,4,
ANNUAL_DVLP_GOAL_ACMSLT_AGGR_DATA,M01,NO_CONSUMER,,,,,96,62,62,
ANNUAL_DVLP_GOAL_ACMSLT_AGGR_DATA,M02,NO_CONSUMER,,,,,96,63,65,
ANNUAL_DVLP_GOAL_ACMSLT_AGGR_DATA,M03,NO_CONSUMER,,,,,96,73,70,
ANNUAL_DVLP_GOAL_ACMSLT_AGGR_DATA,M04,NO_CONSUMER,,,,,96,74,73,
ANNUAL_DVLP_GOAL_ACMSLT_AGGR_DATA,M05,NO_CONSUMER,,,,,96,74,75,
ANNUAL_DVLP_GOAL_ACMSLT_AGGR_DATA,M06,NO_CONSUMER,,,,,96,69,70,
ANNUAL_DVLP_GOAL_ACMSLT_AGGR_DATA,M07,NO_CONSUMER,,,,,96,72,74,
ANNUAL_DVLP_GOAL_ACMSLT_AGGR_DATA,M08,NO_CONSUMER,,,,,96,72,73,
ANNUAL_DVLP_GOAL_ACMSLT_AGGR_DATA,M09,NO_CONSUMER,,,,,96,72,70,
ANNUAL_DVLP_GOAL_ACMSLT_AGGR_DATA,M10,NO_CONSUMER,,,,,48,34,35,
ANNUAL_DVLP_GOAL_ACMSLT_AGGR_DATA,M11,NO_CONSUMER,,,,,48,34,35,
ANNUAL_DVLP_GOAL_ACMSLT_AGGR_DATA,M12,NO_CONSUMER,,,,,48,34,35,
ANNUAL_MBRFEE_PRDT_ACTL_DATA,DATA_TYPE_NM,NO_CONSUMER,,,,,924,924,2,
ANNUAL_MBRFEE_PRDT_ACTL_DATA,SPNSR_BSNS_GRP_NM,NO_CONSUMER,,,,,924,924,11,
ANNUAL_MBRFEE_PRDT_ACTL_DATA,NEW_EXST_DIV_NM,NO_CONSUMER,,,,,924,924,2,
ANNUAL_MBRFEE_PRDT_ACTL_DATA,HDQ_BRNCH_GRP_NM,NO_CONSUMER,,,,,924,924,5,
ANNUAL_MBRFEE_PRDT_ACTL_DATA,STDR_MT,NO_CONSUMER,,,,,924,924,12,
ANNUAL_MBRFEE_PRDT_ACTL_DATA,DVLP_CNT,NO_CONSUMER,,,,,921,849,698,
ANNUAL_MBRFEE_PRDT_ACTL_DATA,CMLT_DVLP_CNT,NO_CONSUMER,,,,,921,870,764,
ANNUAL_MBRFEE_PRDT_ACTL_DATA,ADJ_DSCNTC_RT,NO_CONSUMER,,,,,924,572,323,
ANNUAL_MBRFEE_PRDT_ACTL_DATA,ADJ_DSCNTC_CNT,NO_CONSUMER,,,,,921,593,560,
ANNUAL_MBRFEE_PRDT_ACTL_DATA,ADJ_RDCAMT_RT,NO_CONSUMER,,,,,924,552,309,
ANNUAL_MBRFEE_PRDT_ACTL_DATA,ADJ_RDCAMT_CNT,NO_CONSUMER,,,,,921,572,495,
ANNUAL_MBRFEE_PRDT_ACTL_DATA,ADJ_RECALC_DSCNTC_RT,NO_CONSUMER,,,,,924,766,641,
ANNUAL_MBRFEE_PRDT_ACTL_DATA,ADJ_DSCNTC_CNT2,NO_CONSUMER,,,,,921,763,688,
ANNUAL_MBRFEE_PRDT_ACTL_DATA,ADJ_CMLT_DSCNTC_CNT,NO_CONSUMER,,,,,921,784,698,
ANNUAL_MBRFEE_PRDT_ACTL_DATA,DSCNTC_RT,NO_CONSUMER,,,,,924,754,713,
ANNUAL_MBRFEE_PRDT_ACTL_DATA,DSCNTC_CNT,NO_CONSUMER,,,,,921,754,677,
ANNUAL_MBRFEE_PRDT_ACTL_DATA,RDCAMT_RT,NO_CONSUMER,,,,,924,736,707,
ANNUAL_MBRFEE_PRDT_ACTL_DATA,SPNSR_BSNS_CHN_DEC_CNT,NO_CONSUMER,,,,,921,317,201,
ANNUAL_MBRFEE_PRDT_ACTL_DATA,RDCAMT_CNT,NO_CONSUMER,,,,,921,728,591,
ANNUAL_MBRFEE_PRDT_ACTL_DATA,CMLT_EOM_ACT_MBER_CNT,NO_CONSUMER,,,,,921,867,820,
ANNUAL_MBRFEE_PRDT_ACTL_DATA,CMLT_ACT_MBER_CNT,NO_CONSUMER,,,,,921,859,820,
ANNUAL_MBRFEE_PRDT_ACTL_DATA,ACT_RT,NO_CONSUMER,,,,,924,867,745,
ANNUAL_MBRFEE_PRDT_ACTL_DATA,ADJ_MT_PAY_RT,NO_CONSUMER,,,,,924,859,789,
ANNUAL_MBRFEE_PRDT_ACTL_DATA,ADJ_MBRFEE_AMT,NO_CONSUMER,,,,,921,861,783,
ANNUAL_MBRFEE_PRDT_ACTL_DATA,ADJ_CMLT_PAY_RT,NO_CONSUMER,,,,,924,853,815,
ANNUAL_MBRFEE_PRDT_ACTL_DATA,ADJ_CMLT_MBRFEE_AMT,NO_CONSUMER,,,,,921,856,810,
ANNUAL_MBRFEE_PRDT_ACTL_DATA,CMLT_PAY_RT,NO_CONSUMER,,,,,924,853,815,
ANNUAL_MBRFEE_PRDT_ACTL_DATA,CMLT_MBRFEE_AMT,NO_CONSUMER,,,,,921,854,821,
ANNUAL_MBRFEE_PRDT_ACTL_DATA,MBRFEE_DIFF_AMT,NO_CONSUMER,,,,,921,903,661,
BIGQUERY_BASIC,USER_PSEUDO_ID,SILVER_ONLY_CHAIN,,,BIGQUERY_EVENT;BIGQUERY_IDENTITY,Y,9701033,9701033,1036593,
BIGQUERY_BASIC,EVENT_TIMESTAMP,SILVER_ONLY_CHAIN,,,BIGQUERY_EVENT,Y,9701033,9701033,6315236,
BIGQUERY_BASIC,EVENT_NAME,SILVER_ONLY_CHAIN,,,BIGQUERY_EVENT;BIGQUERY_EVENT_DIM,Y,9701033,9701033,54,
BIGQUERY_BASIC,EVENT_SEQ,SILVER_ONLY_CHAIN,,,BIGQUERY_EVENT,Y,9701033,9701033,20,
BIGQUERY_BASIC,EVENT_DATE,SILVER_ONLY_CHAIN,,,BIGQUERY_EVENT,Y,9701033,9701033,33,
BIGQUERY_BASIC,EVENT_DT,SILVER_ONLY_CHAIN,,,BIGQUERY_EVENT,Y,9701033,9701033,33,
BIGQUERY_BASIC,EVENT_TS,SILVER_ONLY_CHAIN,,,BIGQUERY_EVENT,Y,9701033,9701033,6474060,
BIGQUERY_BASIC,USER_ID,SILVER_ONLY_CHAIN,,,BIGQUERY_EVENT;BIGQUERY_IDENTITY,Y,325198,325198,37031,
BIGQUERY_BASIC,ID_SCHEME,SILVER_ONLY_CHAIN,,,BIGQUERY_EVENT;BIGQUERY_IDENTITY,Y,325198,325198,3,
BIGQUERY_BASIC,BIGQUERY_SESSION_ID,SILVER_ONLY_CHAIN,,,BIGQUERY_EVENT,Y,9698665,9698665,888134,
BIGQUERY_BASIC,BIGQUERY_SESSION_NUMBER,SILVER_ONLY_CHAIN,,,BIGQUERY_EVENT,Y,9701033,9701033,759,
BIGQUERY_BASIC,BIGQUERY_SESSION_KEY,SILVER_ONLY_CHAIN,,,BIGQUERY_EVENT;BIGQUERY_IDENTITY,Y,9698665,9698665,1189829,
BIGQUERY_BASIC,SESSION_ENGAGED,SILVER_ONLY_CHAIN,,,BIGQUERY_EVENT,Y,9701033,9701033,2,
BIGQUERY_BASIC,ENGAGEMENT_TIME_MSEC,SILVER_ONLY_CHAIN,,,BIGQUERY_EVENT,Y,4891041,4891041,119756,
BIGQUERY_BASIC,PAGE_LOCATION,SILVER_ONLY_CHAIN,,,BIGQUERY_EVENT,Y,9701033,9701033,972928,
BIGQUERY_BASIC,PAGE_TITLE,SILVER_ONLY_CHAIN,,,BIGQUERY_EVENT,Y,9645539,9645539,2050,
BIGQUERY_BASIC,PAGE_REFERRER,SILVER_ONLY_CHAIN,,,BIGQUERY_EVENT,Y,7209097,7209097,308487,
BIGQUERY_BASIC,EVENT_CATEGORY,SILVER_ONLY_CHAIN,,,BIGQUERY_EVENT;BIGQUERY_EVENT_DIM,Y,3345936,3345936,344,
BIGQUERY_BASIC,EVENT_ACTION,SILVER_ONLY_CHAIN,,,BIGQUERY_EVENT;BIGQUERY_EVENT_DIM,Y,3345934,3345934,2690,
BIGQUERY_BASIC,EVENT_LABEL,SILVER_ONLY_CHAIN,,,BIGQUERY_EVENT;BIGQUERY_EVENT_DIM,Y,3327436,3327436,31070,
BIGQUERY_BASIC,PERCENT_SCROLLED,SILVER_ONLY_CHAIN,,,BIGQUERY_EVENT,Y,2020024,2020024,7,
BIGQUERY_BASIC,LINK_URL,SILVER_ONLY_CHAIN,,,BIGQUERY_EVENT,Y,1079268,1079268,47665,
BIGQUERY_BASIC,LINK_TEXT,SILVER_ONLY_CHAIN,,,BIGQUERY_EVENT,Y,1287034,1287034,13005,
BIGQUERY_BASIC,DEVICE_TYPE,SILVER_ONLY_CHAIN,,,BIGQUERY_DEVICE;BIGQUERY_EVENT,Y,9701033,9701033,3,
BIGQUERY_BASIC,DEVICE_CATEGORY,SILVER_ONLY_CHAIN,,,BIGQUERY_DEVICE;BIGQUERY_EVENT,Y,9701033,9701033,4,
BIGQUERY_BASIC,OS,SILVER_ONLY_CHAIN,,,BIGQUERY_DEVICE;BIGQUERY_EVENT,Y,9470860,9470860,9,
BIGQUERY_BASIC,BROWSER,SILVER_ONLY_CHAIN,,,BIGQUERY_DEVICE,Y,9469558,9469558,22,
BIGQUERY_BASIC,LANGUAGE,SILVER_ONLY_CHAIN,,,BIGQUERY_DEVICE,Y,9701033,9701033,178,
BIGQUERY_BASIC,PLATFORM,SILVER_ONLY_CHAIN,,,BIGQUERY_DEVICE;BIGQUERY_EVENT,Y,9701033,9701033,1,
BIGQUERY_BASIC,IS_ACTIVE_USER,SILVER_ONLY_CHAIN,,,BIGQUERY_EVENT,Y,6167647,5953481,2,
BIGQUERY_BASIC,GEO_COUNTRY,SILVER_ONLY_CHAIN,,,BIGQUERY_EVENT,Y,9696753,9696753,157,
BIGQUERY_BASIC,GEO_CITY,SILVER_ONLY_CHAIN,,,BIGQUERY_EVENT,Y,9665162,9665162,2052,
BIGQUERY_BASIC,UTM_SOURCE,SILVER_ONLY_CHAIN,,,BIGQUERY_EVENT;BIGQUERY_TRAFFIC_SOURCE,Y,4774051,4774051,394,
BIGQUERY_BASIC,UTM_MEDIUM,SILVER_ONLY_CHAIN,,,BIGQUERY_EVENT;BIGQUERY_TRAFFIC_SOURCE,Y,4810374,4810374,48,
BIGQUERY_BASIC,UTM_CAMPAIGN,SILVER_ONLY_CHAIN,,,BIGQUERY_EVENT;BIGQUERY_TRAFFIC_SOURCE,Y,5424661,5424661,685,
BIGQUERY_BASIC,UTM_CONTENT,SILVER_ONLY_CHAIN,,,BIGQUERY_TRAFFIC_SOURCE,Y,5441567,5441567,2676,
BIGQUERY_BASIC,UTM_TERM,SILVER_ONLY_CHAIN,,,BIGQUERY_TRAFFIC_SOURCE,Y,5441567,5441567,2561,
BIGQUERY_BASIC,SOURCE_MEDIUM,SILVER_ONLY_CHAIN,,,BIGQUERY_TRAFFIC_SOURCE,Y,5441567,5441567,476,
BIGQUERY_BASIC,XCHAN_SOURCE,SILVER_ONLY_CHAIN,,,BIGQUERY_TRAFFIC_SOURCE,Y,5389059,5389059,394,
BIGQUERY_BASIC,XCHAN_MEDIUM,SILVER_ONLY_CHAIN,,,BIGQUERY_TRAFFIC_SOURCE,Y,5425661,5425661,50,
BIGQUERY_BASIC,XCHAN_CAMPAIGN,SILVER_ONLY_CHAIN,,,BIGQUERY_TRAFFIC_SOURCE,Y,5441567,5441567,771,
BIGQUERY_BASIC,DEFAULT_CHANNEL_GROUP,SILVER_ONLY_CHAIN,,,BIGQUERY_EVENT;BIGQUERY_TRAFFIC_SOURCE,Y,5441567,5441567,17,
BIGQUERY_BASIC,GAC_AD_GROUP_ID,SILVER_ONLY_CHAIN,,,BIGQUERY_DEVICE;BIGQUERY_EVENT;BIGQUERY_EVENT_DIM;BIGQUERY_IDENTITY;BIGQUERY_TRAFFIC_SOURCE,N,1364099,1364099,118,
BIGQUERY_BASIC,GAC_AD_GROUP_NAME,SILVER_ONLY_CHAIN,,,BIGQUERY_DEVICE;BIGQUERY_EVENT;BIGQUERY_EVENT_DIM;BIGQUERY_IDENTITY;BIGQUERY_TRAFFIC_SOURCE,N,1364099,1364099,46,
BIGQUERY_BASIC,GAC_CAMPAIGN_NAME,SILVER_ONLY_CHAIN,,,BIGQUERY_DEVICE;BIGQUERY_EVENT;BIGQUERY_EVENT_DIM;BIGQUERY_IDENTITY;BIGQUERY_TRAFFIC_SOURCE,N,1364099,1364099,107,
BIGQUERY_BASIC,BATCH_ORDERING_ID,SILVER_ONLY_CHAIN,,,BIGQUERY_EVENT,Y,8198994,8198994,20,
BIGQUERY_DEVICE,DEVICE_TYPE,REFERENCED,,DIM_DEVICE,,,847,847,3,
BIGQUERY_DEVICE,PLATFORM,DROPPED,,DIM_DEVICE,,,847,847,1,
BIGQUERY_DEVICE,DEVICE_CATEGORY,DROPPED,,DIM_DEVICE,,,847,847,4,
BIGQUERY_DEVICE,OS,DROPPED,,DIM_DEVICE,,,805,805,9,
BIGQUERY_DEVICE,BROWSER,DROPPED,,DIM_DEVICE,,,806,806,22,
BIGQUERY_DEVICE,LANGUAGE,DROPPED,,DIM_DEVICE,,,847,847,178,
BIGQUERY_EVENT,USER_PSEUDO_ID,REFERENCED,,FACT_BIGQUERY_BEHAVIOR,,,9701033,9701033,1036593,
BIGQUERY_EVENT,EVENT_TIMESTAMP,DROPPED,,FACT_BIGQUERY_BEHAVIOR,,,9701033,9701033,6315236,
BIGQUERY_EVENT,EVENT_NAME,REFERENCED,,FACT_BIGQUERY_BEHAVIOR,,,9701033,9701033,54,
BIGQUERY_EVENT,EVENT_SEQ,DROPPED,,FACT_BIGQUERY_BEHAVIOR,,,9701033,9701033,20,
BIGQUERY_EVENT,EVENT_DATE,DROPPED,,FACT_BIGQUERY_BEHAVIOR,,,9701033,9701033,33,
BIGQUERY_EVENT,EVENT_DT,REFERENCED,,FACT_BIGQUERY_BEHAVIOR,,,9701033,9701033,33,
BIGQUERY_EVENT,EVENT_TS,DROPPED,,FACT_BIGQUERY_BEHAVIOR,,,9701033,9701033,6474060,
BIGQUERY_EVENT,USER_ID,DROPPED,,FACT_BIGQUERY_BEHAVIOR,,,325198,325198,37031,
BIGQUERY_EVENT,ID_SCHEME,DROPPED,,FACT_BIGQUERY_BEHAVIOR,,,325198,325198,3,
BIGQUERY_EVENT,BIGQUERY_SESSION_ID,REFERENCED,,FACT_BIGQUERY_BEHAVIOR,,,9698665,9698665,888134,
BIGQUERY_EVENT,BIGQUERY_SESSION_NUMBER,DROPPED,,FACT_BIGQUERY_BEHAVIOR,,,9701033,9701033,759,
BIGQUERY_EVENT,BIGQUERY_SESSION_KEY,DROPPED,,FACT_BIGQUERY_BEHAVIOR,,,9698665,9698665,1189829,
BIGQUERY_EVENT,USER_ID_FILLED,DROPPED,,FACT_BIGQUERY_BEHAVIOR,,,2472118,2472118,37031,
BIGQUERY_EVENT,ID_RESOLUTION,DROPPED,,FACT_BIGQUERY_BEHAVIOR,,,9701033,9701033,4,
BIGQUERY_EVENT,SESSION_ENGAGED,REFERENCED,,FACT_BIGQUERY_BEHAVIOR,,,9701033,9701033,2,
BIGQUERY_EVENT,ENGAGEMENT_TIME_MSEC,REFERENCED,,FACT_BIGQUERY_BEHAVIOR,,,4891041,4891041,119756,
BIGQUERY_EVENT,PAGE_LOCATION,REFERENCED,,FACT_BIGQUERY_BEHAVIOR,,,9701033,9701033,972928,
BIGQUERY_EVENT,PAGE_TITLE,DROPPED,,FACT_BIGQUERY_BEHAVIOR,,,9645539,9645539,2050,
BIGQUERY_EVENT,PAGE_REFERRER,DROPPED,,FACT_BIGQUERY_BEHAVIOR,,,7209097,7209097,308487,
BIGQUERY_EVENT,EVENT_CATEGORY,REFERENCED,,FACT_BIGQUERY_BEHAVIOR,,,3345936,3345936,344,
BIGQUERY_EVENT,EVENT_ACTION,REFERENCED,,FACT_BIGQUERY_BEHAVIOR,,,3345934,3345934,2690,
BIGQUERY_EVENT,EVENT_LABEL,REFERENCED,,FACT_BIGQUERY_BEHAVIOR,,,3327436,3327436,31070,
BIGQUERY_EVENT,PERCENT_SCROLLED,REFERENCED,,FACT_BIGQUERY_BEHAVIOR,,,2020024,2020024,7,
BIGQUERY_EVENT,LINK_URL,DROPPED,,FACT_BIGQUERY_BEHAVIOR,,,1079268,1079268,47665,
BIGQUERY_EVENT,LINK_TEXT,DROPPED,,FACT_BIGQUERY_BEHAVIOR,,,1287034,1287034,13005,
BIGQUERY_EVENT,DEVICE_TYPE,REFERENCED,,FACT_BIGQUERY_BEHAVIOR,,,9701033,9701033,3,
BIGQUERY_EVENT,DEVICE_CATEGORY,DROPPED,,FACT_BIGQUERY_BEHAVIOR,,,9701033,9701033,4,
BIGQUERY_EVENT,OS,DROPPED,,FACT_BIGQUERY_BEHAVIOR,,,9470860,9470860,9,
BIGQUERY_EVENT,GEO_COUNTRY,DROPPED,,FACT_BIGQUERY_BEHAVIOR,,,9696753,9696753,157,
BIGQUERY_EVENT,GEO_CITY,DROPPED,,FACT_BIGQUERY_BEHAVIOR,,,9665162,9665162,2052,
BIGQUERY_EVENT,UTM_SOURCE,REFERENCED,,FACT_BIGQUERY_BEHAVIOR,,,4774051,4774051,394,
BIGQUERY_EVENT,UTM_MEDIUM,REFERENCED,,FACT_BIGQUERY_BEHAVIOR,,,4810374,4810374,48,
BIGQUERY_EVENT,UTM_CAMPAIGN,REFERENCED,,FACT_BIGQUERY_BEHAVIOR,,,5424661,5424661,685,
BIGQUERY_EVENT,DEFAULT_CHANNEL_GROUP,DROPPED,,FACT_BIGQUERY_BEHAVIOR,,,5441567,5441567,17,
BIGQUERY_EVENT,PLATFORM,DROPPED,,FACT_BIGQUERY_BEHAVIOR,,,9701033,9701033,1,
BIGQUERY_EVENT,IS_ACTIVE_USER,REFERENCED,,FACT_BIGQUERY_BEHAVIOR,,,6167647,5953481,2,
BIGQUERY_EVENT,BATCH_ORDERING_ID,DROPPED,,FACT_BIGQUERY_BEHAVIOR,,,8198994,8198994,20,
BIGQUERY_EVENT,SRC_TABLE,DROPPED,,FACT_BIGQUERY_BEHAVIOR,,,0,0,0,
BIGQUERY_EVENT,SRC_FILE_NAME,DROPPED,,FACT_BIGQUERY_BEHAVIOR,,,0,0,0,
BIGQUERY_EVENT_DIM,EVENT_NAME,DROPPED,,DIM_BIGQUERY_EVENT,,,45139,45139,54,
BIGQUERY_EVENT_DIM,EVENT_CATEGORY,REFERENCED,,DIM_BIGQUERY_EVENT,,,45123,45123,344,
BIGQUERY_EVENT_DIM,EVENT_LABEL,REFERENCED,,DIM_BIGQUERY_EVENT,,,45096,45096,31070,
BIGQUERY_EVENT_DIM,EVENT_ACTION,REFERENCED,,DIM_BIGQUERY_EVENT,,,45121,45121,2690,
BIGQUERY_IDENTITY,USER_PSEUDO_ID,SILVER_ONLY_CHAIN,,,IDENTITY_MEMBER_XREF,Y,44711,44711,44791,
BIGQUERY_IDENTITY,BIGQUERY_MEMBER_ID,SILVER_ONLY_CHAIN,,,IDENTITY_MEMBER_XREF,Y,44711,44711,36417,
BIGQUERY_IDENTITY,ID_SCHEME,SILVER_ONLY_CHAIN,,,IDENTITY_MEMBER_XREF,Y,44711,44711,3,
BIGQUERY_IDENTITY,MEMBER_TYPE,SILVER_ONLY_CHAIN,,,IDENTITY_MEMBER_XREF,Y,44686,44686,2,
BIGQUERY_IDENTITY,MBER_NO,SILVER_ONLY_CHAIN,,,IDENTITY_MEMBER_XREF,Y,43728,43728,35553,
BIGQUERY_IDENTITY,ONCE_MBER_NO,SILVER_ONLY_CHAIN,,,IDENTITY_MEMBER_XREF,Y,958,958,808,
BIGQUERY_IDENTITY,ID_RESOLUTION,SILVER_ONLY_CHAIN,,,IDENTITY_MEMBER_XREF,Y,44711,44711,1,
BIGQUERY_REFINED_DATA,BATCH_EVENT_INDEX,SILVER_ONLY_CHAIN,,,BIGQUERY_DEVICE;BIGQUERY_EVENT;BIGQUERY_IDENTITY;BIGQUERY_TRAFFIC_SOURCE,N,8198994,8198994,20,
BIGQUERY_REFINED_DATA,EVENT_DATE,SILVER_ONLY_CHAIN,,,BIGQUERY_EVENT,Y,9701033,9701033,33,
BIGQUERY_REFINED_DATA,EVENT_TIMESTAMP,SILVER_ONLY_CHAIN,,,BIGQUERY_EVENT,Y,9701033,9701033,6315236,
BIGQUERY_REFINED_DATA,EVENT_NAME,SILVER_ONLY_CHAIN,,,BIGQUERY_EVENT,Y,9701033,9701033,54,
BIGQUERY_REFINED_DATA,EVENT_VALUE_IN_USD,SILVER_ONLY_CHAIN,,,BIGQUERY_DEVICE;BIGQUERY_EVENT;BIGQUERY_IDENTITY;BIGQUERY_TRAFFIC_SOURCE,N,7199,7199,439,
BIGQUERY_REFINED_DATA,EVENT_BUNDLE_SEQUENCE_ID,SILVER_ONLY_CHAIN,,,BIGQUERY_DEVICE;BIGQUERY_EVENT;BIGQUERY_IDENTITY;BIGQUERY_TRAFFIC_SOURCE,N,9701033,9701033,6237617,
BIGQUERY_REFINED_DATA,IS_ACTIVE_USER,SILVER_ONLY_CHAIN,,,BIGQUERY_EVENT,Y,6167647,5953481,2,
BIGQUERY_REFINED_DATA,USER_ID,SILVER_ONLY_CHAIN,,,BIGQUERY_EVENT;BIGQUERY_IDENTITY,Y,325198,325198,37031,
BIGQUERY_REFINED_DATA,USER_PSEUDO_ID,SILVER_ONLY_CHAIN,,,BIGQUERY_EVENT;BIGQUERY_IDENTITY,Y,9701033,9701033,1036593,
BIGQUERY_REFINED_DATA,USER_FIRST_TOUCH_TIMESTAMP,SILVER_ONLY_CHAIN,,,BIGQUERY_DEVICE;BIGQUERY_EVENT;BIGQUERY_IDENTITY;BIGQUERY_TRAFFIC_SOURCE,N,9256166,9256166,1081544,
BIGQUERY_REFINED_DATA,EP_CAMPAIGN,SILVER_ONLY_CHAIN,,,BIGQUERY_DEVICE;BIGQUERY_EVENT;BIGQUERY_IDENTITY;BIGQUERY_TRAFFIC_SOURCE,N,3364468,3364468,1248,
BIGQUERY_REFINED_DATA,EP_CAMPAIGN_ID,SILVER_ONLY_CHAIN,,,BIGQUERY_DEVICE;BIGQUERY_EVENT;BIGQUERY_IDENTITY;BIGQUERY_TRAFFIC_SOURCE,N,763145,763145,3059,
BIGQUERY_REFINED_DATA,EP_CHANGE_DONATION_UP,SILVER_ONLY_CHAIN,,,BIGQUERY_DEVICE;BIGQUERY_EVENT;BIGQUERY_IDENTITY;BIGQUERY_TRAFFIC_SOURCE,N,2880,2880,1,
BIGQUERY_REFINED_DATA,EP_CHANGE_DONATION_UP_AMOUNT,SILVER_ONLY_CHAIN,,,BIGQUERY_DEVICE;BIGQUERY_EVENT;BIGQUERY_IDENTITY;BIGQUERY_TRAFFIC_SOURCE,N,2880,2880,68,
BIGQUERY_REFINED_DATA,EP_CONTENT,SILVER_ONLY_CHAIN,,,BIGQUERY_DEVICE;BIGQUERY_EVENT;BIGQUERY_IDENTITY;BIGQUERY_TRAFFIC_SOURCE,N,3145666,3145666,5000,
BIGQUERY_REFINED_DATA,EP_CURRENCY,SILVER_ONLY_CHAIN,,,BIGQUERY_DEVICE;BIGQUERY_EVENT;BIGQUERY_IDENTITY;BIGQUERY_TRAFFIC_SOURCE,N,14406,14406,1,
BIGQUERY_REFINED_DATA,EP_DONATION_ONCE,SILVER_ONLY_CHAIN,,,BIGQUERY_DEVICE;BIGQUERY_EVENT;BIGQUERY_IDENTITY;BIGQUERY_TRAFFIC_SOURCE,N,1833,1833,1,
BIGQUERY_REFINED_DATA,EP_DONATION_ONCE_AMOUNT,SILVER_ONLY_CHAIN,,,BIGQUERY_DEVICE;BIGQUERY_EVENT;BIGQUERY_IDENTITY;BIGQUERY_TRAFFIC_SOURCE,N,1833,1833,77,
BIGQUERY_REFINED_DATA,EP_DONATION_REGULAR,SILVER_ONLY_CHAIN,,,BIGQUERY_DEVICE;BIGQUERY_EVENT;BIGQUERY_IDENTITY;BIGQUERY_TRAFFIC_SOURCE,N,12573,12573,1,
BIGQUERY_REFINED_DATA,EP_DONATION_REGULAR_AMOUNT,SILVER_ONLY_CHAIN,,,BIGQUERY_DEVICE;BIGQUERY_EVENT;BIGQUERY_IDENTITY;BIGQUERY_TRAFFIC_SOURCE,N,12573,12573,40,
BIGQUERY_REFINED_DATA,EP_ENGAGED_SESSION_EVENT,SILVER_ONLY_CHAIN,,,BIGQUERY_DEVICE;BIGQUERY_EVENT;BIGQUERY_IDENTITY;BIGQUERY_TRAFFIC_SOURCE,N,5096279,5096279,1,
BIGQUERY_REFINED_DATA,EP_ENGAGEMENT_TIME_MSEC,SILVER_ONLY_CHAIN,,,BIGQUERY_DEVICE;BIGQUERY_EVENT;BIGQUERY_IDENTITY;BIGQUERY_TRAFFIC_SOURCE,N,4891041,4891041,122060,
BIGQUERY_REFINED_DATA,EP_ENTRANCES,SILVER_ONLY_CHAIN,,,BIGQUERY_DEVICE;BIGQUERY_EVENT;BIGQUERY_IDENTITY;BIGQUERY_TRAFFIC_SOURCE,N,1175364,1175364,1,
BIGQUERY_REFINED_DATA,EP_EVENT_ACTION,SILVER_ONLY_CHAIN,,,BIGQUERY_DEVICE;BIGQUERY_EVENT;BIGQUERY_IDENTITY;BIGQUERY_TRAFFIC_SOURCE,N,3345934,3345934,2690,
BIGQUERY_REFINED_DATA,EP_EVENT_CATEGORY,SILVER_ONLY_CHAIN,,,BIGQUERY_DEVICE;BIGQUERY_EVENT;BIGQUERY_IDENTITY;BIGQUERY_TRAFFIC_SOURCE,N,3345936,3345936,344,
BIGQUERY_REFINED_DATA,EP_EVENT_LABEL,SILVER_ONLY_CHAIN,,,BIGQUERY_DEVICE;BIGQUERY_EVENT;BIGQUERY_IDENTITY;BIGQUERY_TRAFFIC_SOURCE,N,3327436,3327436,31070,
BIGQUERY_REFINED_DATA,EP_GA_SESSION_ID,SILVER_ONLY_CHAIN,,,BIGQUERY_DEVICE;BIGQUERY_EVENT;BIGQUERY_IDENTITY;BIGQUERY_TRAFFIC_SOURCE,N,9698665,9698665,888478,
BIGQUERY_REFINED_DATA,EP_GA_SESSION_NUMBER,SILVER_ONLY_CHAIN,,,BIGQUERY_DEVICE;BIGQUERY_EVENT;BIGQUERY_IDENTITY;BIGQUERY_TRAFFIC_SOURCE,N,9701033,9701033,744,
BIGQUERY_REFINED_DATA,EP_GAD_CAMPAIGNID,SILVER_ONLY_CHAIN,,,BIGQUERY_DEVICE;BIGQUERY_EVENT;BIGQUERY_IDENTITY;BIGQUERY_TRAFFIC_SOURCE,N,610685,610685,137,
BIGQUERY_REFINED_DATA,EP_GAD_SOURCE,SILVER_ONLY_CHAIN,,,BIGQUERY_DEVICE;BIGQUERY_EVENT;BIGQUERY_IDENTITY;BIGQUERY_TRAFFIC_SOURCE,N,657376,657376,4,
BIGQUERY_REFINED_DATA,EP_GCLID,SILVER_ONLY_CHAIN,,,BIGQUERY_DEVICE;BIGQUERY_EVENT;BIGQUERY_IDENTITY;BIGQUERY_TRAFFIC_SOURCE,N,646961,646961,226514,
BIGQUERY_REFINED_DATA,EP_LINK_CLASSES,SILVER_ONLY_CHAIN,,,BIGQUERY_DEVICE;BIGQUERY_EVENT;BIGQUERY_IDENTITY;BIGQUERY_TRAFFIC_SOURCE,N,1163649,1163649,2103,
BIGQUERY_REFINED_DATA,EP_LINK_DOMAIN,SILVER_ONLY_CHAIN,,,BIGQUERY_DEVICE;BIGQUERY_EVENT;BIGQUERY_IDENTITY;BIGQUERY_TRAFFIC_SOURCE,N,750358,750358,247,
BIGQUERY_REFINED_DATA,EP_LINK_ID,SILVER_ONLY_CHAIN,,,BIGQUERY_DEVICE;BIGQUERY_EVENT;BIGQUERY_IDENTITY;BIGQUERY_TRAFFIC_SOURCE,N,77587,77587,263,
BIGQUERY_REFINED_DATA,EP_LINK_IMAGE,SILVER_ONLY_CHAIN,,,BIGQUERY_DEVICE;BIGQUERY_EVENT;BIGQUERY_IDENTITY;BIGQUERY_TRAFFIC_SOURCE,N,253353,253353,7117,
BIGQUERY_REFINED_DATA,EP_LINK_TEXT,SILVER_ONLY_CHAIN,,,BIGQUERY_DEVICE;BIGQUERY_EVENT;BIGQUERY_IDENTITY;BIGQUERY_TRAFFIC_SOURCE,N,1287034,1287034,13005,
BIGQUERY_REFINED_DATA,EP_LINK_TITLE,SILVER_ONLY_CHAIN,,,BIGQUERY_DEVICE;BIGQUERY_EVENT;BIGQUERY_IDENTITY;BIGQUERY_TRAFFIC_SOURCE,N,107,107,17,
BIGQUERY_REFINED_DATA,EP_LINK_URL,SILVER_ONLY_CHAIN,,,BIGQUERY_DEVICE;BIGQUERY_EVENT;BIGQUERY_IDENTITY;BIGQUERY_TRAFFIC_SOURCE,N,1079268,1079268,47665,
BIGQUERY_REFINED_DATA,EP_MEDIUM,SILVER_ONLY_CHAIN,,,BIGQUERY_DEVICE;BIGQUERY_EVENT;BIGQUERY_IDENTITY;BIGQUERY_TRAFFIC_SOURCE,N,3372980,3372980,59,
BIGQUERY_REFINED_DATA,EP_OUTBOUND,SILVER_ONLY_CHAIN,,,BIGQUERY_DEVICE;BIGQUERY_EVENT;BIGQUERY_IDENTITY;BIGQUERY_TRAFFIC_SOURCE,N,11546,11546,1,
BIGQUERY_REFINED_DATA,EP_PAGE_LOCATION,SILVER_ONLY_CHAIN,,,BIGQUERY_DEVICE;BIGQUERY_EVENT;BIGQUERY_IDENTITY;BIGQUERY_TRAFFIC_SOURCE,N,9701033,9701033,972928,
BIGQUERY_REFINED_DATA,EP_PAGE_REFERRER,SILVER_ONLY_CHAIN,,,BIGQUERY_DEVICE;BIGQUERY_EVENT;BIGQUERY_IDENTITY;BIGQUERY_TRAFFIC_SOURCE,N,7209097,7209097,308487,
BIGQUERY_REFINED_DATA,EP_PAGE_TITLE,SILVER_ONLY_CHAIN,,,BIGQUERY_DEVICE;BIGQUERY_EVENT;BIGQUERY_IDENTITY;BIGQUERY_TRAFFIC_SOURCE,N,9645539,9645539,2050,
BIGQUERY_REFINED_DATA,EP_PAYMENT_TYPE,SILVER_ONLY_CHAIN,,,BIGQUERY_DEVICE;BIGQUERY_EVENT;BIGQUERY_IDENTITY;BIGQUERY_TRAFFIC_SOURCE,N,14923,14923,3,
BIGQUERY_REFINED_DATA,EP_PERCENT_SCROLLED,SILVER_ONLY_CHAIN,,,BIGQUERY_DEVICE;BIGQUERY_EVENT;BIGQUERY_IDENTITY;BIGQUERY_TRAFFIC_SOURCE,N,2020024,2020024,7,
BIGQUERY_REFINED_DATA,EP_PROMOTION_ID,SILVER_ONLY_CHAIN,,,BIGQUERY_DEVICE;BIGQUERY_EVENT;BIGQUERY_IDENTITY;BIGQUERY_TRAFFIC_SOURCE,N,222339,222339,3360,
BIGQUERY_REFINED_DATA,EP_PROMOTION_NAME,SILVER_ONLY_CHAIN,,,BIGQUERY_DEVICE;BIGQUERY_EVENT;BIGQUERY_IDENTITY;BIGQUERY_TRAFFIC_SOURCE,N,222339,222339,3360,
BIGQUERY_REFINED_DATA,EP_SEARCH_TERM,SILVER_ONLY_CHAIN,,,BIGQUERY_DEVICE;BIGQUERY_EVENT;BIGQUERY_IDENTITY;BIGQUERY_TRAFFIC_SOURCE,N,13247,13247,2316,
BIGQUERY_REFINED_DATA,EP_SESSION_ENGAGED,SILVER_ONLY_CHAIN,,,BIGQUERY_DEVICE;BIGQUERY_EVENT;BIGQUERY_IDENTITY;BIGQUERY_TRAFFIC_SOURCE,N,9701033,9701033,2,
BIGQUERY_REFINED_DATA,EP_SOURCE,SILVER_ONLY_CHAIN,,,BIGQUERY_DEVICE;BIGQUERY_EVENT;BIGQUERY_IDENTITY;BIGQUERY_TRAFFIC_SOURCE,N,3358714,3358714,625,
BIGQUERY_REFINED_DATA,EP_TERM,SILVER_ONLY_CHAIN,,,BIGQUERY_DEVICE;BIGQUERY_EVENT;BIGQUERY_IDENTITY;BIGQUERY_TRAFFIC_SOURCE,N,3114875,3114875,5272,
BIGQUERY_REFINED_DATA,EP_TRANSACTION_ID,SILVER_ONLY_CHAIN,,,BIGQUERY_DEVICE;BIGQUERY_EVENT;BIGQUERY_IDENTITY;BIGQUERY_TRAFFIC_SOURCE,N,14406,14406,7185,
BIGQUERY_REFINED_DATA,EP_VALUE,SILVER_ONLY_CHAIN,,,BIGQUERY_DEVICE;BIGQUERY_EVENT;BIGQUERY_IDENTITY;BIGQUERY_TRAFFIC_SOURCE,N,20026,20026,146,
BIGQUERY_REFINED_DATA,EP_VIDEO_CURRENT_TIME,SILVER_ONLY_CHAIN,,,BIGQUERY_DEVICE;BIGQUERY_EVENT;BIGQUERY_IDENTITY;BIGQUERY_TRAFFIC_SOURCE,N,147761,147761,440,
BIGQUERY_REFINED_DATA,EP_VIDEO_DURATION,SILVER_ONLY_CHAIN,,,BIGQUERY_DEVICE;BIGQUERY_EVENT;BIGQUERY_IDENTITY;BIGQUERY_TRAFFIC_SOURCE,N,147761,147761,193,
BIGQUERY_REFINED_DATA,EP_VIDEO_PERCENT,SILVER_ONLY_CHAIN,,,BIGQUERY_DEVICE;BIGQUERY_EVENT;BIGQUERY_IDENTITY;BIGQUERY_TRAFFIC_SOURCE,N,147761,147761,100,
BIGQUERY_REFINED_DATA,EP_VIDEO_PROVIDER,SILVER_ONLY_CHAIN,,,BIGQUERY_DEVICE;BIGQUERY_EVENT;BIGQUERY_IDENTITY;BIGQUERY_TRAFFIC_SOURCE,N,147761,147761,1,
BIGQUERY_REFINED_DATA,EP_VIDEO_TITLE,SILVER_ONLY_CHAIN,,,BIGQUERY_DEVICE;BIGQUERY_EVENT;BIGQUERY_IDENTITY;BIGQUERY_TRAFFIC_SOURCE,N,147747,147747,238,
BIGQUERY_REFINED_DATA,EP_VIDEO_URL,SILVER_ONLY_CHAIN,,,BIGQUERY_DEVICE;BIGQUERY_EVENT;BIGQUERY_IDENTITY;BIGQUERY_TRAFFIC_SOURCE,N,147755,147755,849,
BIGQUERY_REFINED_DATA,UP_BIZ_TYPE,SILVER_ONLY_CHAIN,,,BIGQUERY_DEVICE;BIGQUERY_EVENT;BIGQUERY_IDENTITY;BIGQUERY_TRAFFIC_SOURCE,N,1393872,1393872,442,
BIGQUERY_REFINED_DATA,UP_DONATION_TYPE,SILVER_ONLY_CHAIN,,,BIGQUERY_DEVICE;BIGQUERY_EVENT;BIGQUERY_IDENTITY;BIGQUERY_TRAFFIC_SOURCE,N,449842,449842,5,
BIGQUERY_REFINED_DATA,UP_DONOR_TYPE,SILVER_ONLY_CHAIN,,,BIGQUERY_DEVICE;BIGQUERY_EVENT;BIGQUERY_IDENTITY;BIGQUERY_TRAFFIC_SOURCE,N,356594,356594,3,
BIGQUERY_REFINED_DATA,UP_LOGIN_STATUS,SILVER_ONLY_CHAIN,,,BIGQUERY_DEVICE;BIGQUERY_EVENT;BIGQUERY_IDENTITY;BIGQUERY_TRAFFIC_SOURCE,N,2988947,2988947,3,
BIGQUERY_REFINED_DATA,UP_MEMBER_ID,SILVER_ONLY_CHAIN,,,BIGQUERY_DEVICE;BIGQUERY_EVENT;BIGQUERY_IDENTITY;BIGQUERY_TRAFFIC_SOURCE,N,1501787,1501787,43284,
BIGQUERY_REFINED_DATA,UP_MEMBER_TYPE,SILVER_ONLY_CHAIN,,,BIGQUERY_DEVICE;BIGQUERY_EVENT;BIGQUERY_IDENTITY;BIGQUERY_TRAFFIC_SOURCE,N,8508943,8508943,10,
BIGQUERY_REFINED_DATA,UP_USER_ID,SILVER_ONLY_CHAIN,,,BIGQUERY_DEVICE;BIGQUERY_EVENT;BIGQUERY_IDENTITY;BIGQUERY_TRAFFIC_SOURCE,N,325198,325198,37031,
BIGQUERY_REFINED_DATA,USER_LTV_CURRENCY,SILVER_ONLY_CHAIN,,,BIGQUERY_DEVICE;BIGQUERY_EVENT;BIGQUERY_IDENTITY;BIGQUERY_TRAFFIC_SOURCE,N,859301,859301,1,
BIGQUERY_REFINED_DATA,USER_LTV_REVENUE,SILVER_ONLY_CHAIN,,,BIGQUERY_DEVICE;BIGQUERY_EVENT;BIGQUERY_IDENTITY;BIGQUERY_TRAFFIC_SOURCE,N,859301,859301,5175,
BIGQUERY_REFINED_DATA,DEVICE_CATEGORY,SILVER_ONLY_CHAIN,,,BIGQUERY_DEVICE;BIGQUERY_EVENT,Y,9701033,9701033,4,
BIGQUERY_REFINED_DATA,DEVICE_IS_LIMITED_AD_TRACKING,SILVER_ONLY_CHAIN,,,BIGQUERY_DEVICE;BIGQUERY_EVENT;BIGQUERY_IDENTITY;BIGQUERY_TRAFFIC_SOURCE,N,9701033,9701033,1,
BIGQUERY_REFINED_DATA,DEVICE_LANGUAGE,SILVER_ONLY_CHAIN,,,BIGQUERY_DEVICE;BIGQUERY_EVENT;BIGQUERY_IDENTITY;BIGQUERY_TRAFFIC_SOURCE,N,9701033,9701033,178,
BIGQUERY_REFINED_DATA,DEVICE_MOBILE_BRAND_NAME,SILVER_ONLY_CHAIN,,,BIGQUERY_DEVICE;BIGQUERY_EVENT;BIGQUERY_IDENTITY;BIGQUERY_TRAFFIC_SOURCE,N,8480615,8480615,56,
BIGQUERY_REFINED_DATA,DEVICE_MOBILE_MARKETING_NAME,SILVER_ONLY_CHAIN,,,BIGQUERY_DEVICE;BIGQUERY_EVENT;BIGQUERY_IDENTITY;BIGQUERY_TRAFFIC_SOURCE,N,3615802,3615802,766,
BIGQUERY_REFINED_DATA,DEVICE_MOBILE_MODEL_NAME,SILVER_ONLY_CHAIN,,,BIGQUERY_DEVICE;BIGQUERY_EVENT;BIGQUERY_IDENTITY;BIGQUERY_TRAFFIC_SOURCE,N,6582487,6582487,1564,
BIGQUERY_REFINED_DATA,DEVICE_MOBILE_OS_HARDWARE_MODEL,SILVER_ONLY_CHAIN,,,BIGQUERY_DEVICE;BIGQUERY_EVENT;BIGQUERY_IDENTITY;BIGQUERY_TRAFFIC_SOURCE,N,3852187,3852187,1361,
BIGQUERY_REFINED_DATA,DEVICE_OPERATING_SYSTEM,SILVER_ONLY_CHAIN,,,BIGQUERY_DEVICE;BIGQUERY_EVENT;BIGQUERY_IDENTITY;BIGQUERY_TRAFFIC_SOURCE,N,9470860,9470860,9,
BIGQUERY_REFINED_DATA,DEVICE_OPERATING_SYSTEM_VERSION,SILVER_ONLY_CHAIN,,,BIGQUERY_DEVICE;BIGQUERY_EVENT;BIGQUERY_IDENTITY;BIGQUERY_TRAFFIC_SOURCE,N,9431591,9431591,464,
BIGQUERY_REFINED_DATA,DEVICE_WEB_INFO_BROWSER,SILVER_ONLY_CHAIN,,,BIGQUERY_DEVICE;BIGQUERY_EVENT;BIGQUERY_IDENTITY;BIGQUERY_TRAFFIC_SOURCE,N,9469558,9469558,22,
BIGQUERY_REFINED_DATA,DEVICE_WEB_INFO_BROWSER_VERSION,SILVER_ONLY_CHAIN,,,BIGQUERY_DEVICE;BIGQUERY_EVENT;BIGQUERY_IDENTITY;BIGQUERY_TRAFFIC_SOURCE,N,8444638,8444638,3153,
BIGQUERY_REFINED_DATA,DEVICE_WEB_INFO_HOSTNAME,SILVER_ONLY_CHAIN,,,BIGQUERY_DEVICE;BIGQUERY_EVENT;BIGQUERY_IDENTITY;BIGQUERY_TRAFFIC_SOURCE,N,9701033,9701033,59,
BIGQUERY_REFINED_DATA,GEO_CITY,SILVER_ONLY_CHAIN,,,BIGQUERY_EVENT,Y,9665162,9665162,2052,
BIGQUERY_REFINED_DATA,GEO_CONTINENT,SILVER_ONLY_CHAIN,,,BIGQUERY_DEVICE;BIGQUERY_EVENT;BIGQUERY_IDENTITY;BIGQUERY_TRAFFIC_SOURCE,N,9701033,9701033,6,
BIGQUERY_REFINED_DATA,GEO_COUNTRY,SILVER_ONLY_CHAIN,,,BIGQUERY_EVENT,Y,9696753,9696753,157,
BIGQUERY_REFINED_DATA,GEO_METRO,SILVER_ONLY_CHAIN,,,BIGQUERY_DEVICE;BIGQUERY_EVENT;BIGQUERY_IDENTITY;BIGQUERY_TRAFFIC_SOURCE,N,9701033,9701033,166,
BIGQUERY_REFINED_DATA,GEO_REGION,SILVER_ONLY_CHAIN,,,BIGQUERY_DEVICE;BIGQUERY_EVENT;BIGQUERY_IDENTITY;BIGQUERY_TRAFFIC_SOURCE,N,9612523,9612523,695,
BIGQUERY_REFINED_DATA,GEO_SUB_CONTINENT,SILVER_ONLY_CHAIN,,,BIGQUERY_DEVICE;BIGQUERY_EVENT;BIGQUERY_IDENTITY;BIGQUERY_TRAFFIC_SOURCE,N,9701033,9701033,23,
BIGQUERY_REFINED_DATA,CTS_MANUAL_CAMPAIGN_ID,SILVER_ONLY_CHAIN,,,BIGQUERY_DEVICE;BIGQUERY_EVENT;BIGQUERY_IDENTITY;BIGQUERY_TRAFFIC_SOURCE,N,763145,763145,3059,
BIGQUERY_REFINED_DATA,CTS_MANUAL_CAMPAIGN_NAME,SILVER_ONLY_CHAIN,,,BIGQUERY_DEVICE;BIGQUERY_EVENT;BIGQUERY_IDENTITY;BIGQUERY_TRAFFIC_SOURCE,N,3364468,3364468,1248,
BIGQUERY_REFINED_DATA,CTS_MANUAL_CONTENT,SILVER_ONLY_CHAIN,,,BIGQUERY_DEVICE;BIGQUERY_EVENT;BIGQUERY_IDENTITY;BIGQUERY_TRAFFIC_SOURCE,N,3145666,3145666,5000,
BIGQUERY_REFINED_DATA,CTS_MANUAL_MEDIUM,SILVER_ONLY_CHAIN,,,BIGQUERY_DEVICE;BIGQUERY_EVENT;BIGQUERY_IDENTITY;BIGQUERY_TRAFFIC_SOURCE,N,3372980,3372980,59,
BIGQUERY_REFINED_DATA,CTS_MANUAL_SOURCE,SILVER_ONLY_CHAIN,,,BIGQUERY_DEVICE;BIGQUERY_EVENT;BIGQUERY_IDENTITY;BIGQUERY_TRAFFIC_SOURCE,N,3358714,3358714,625,
BIGQUERY_REFINED_DATA,CTS_MANUAL_TERM,SILVER_ONLY_CHAIN,,,BIGQUERY_DEVICE;BIGQUERY_EVENT;BIGQUERY_IDENTITY;BIGQUERY_TRAFFIC_SOURCE,N,3114875,3114875,5272,
BIGQUERY_REFINED_DATA,STSLC_CRC_CAMPAIGN_ID,SILVER_ONLY_CHAIN,,,BIGQUERY_DEVICE;BIGQUERY_EVENT;BIGQUERY_IDENTITY;BIGQUERY_TRAFFIC_SOURCE,N,2180434,2180434,2505,
BIGQUERY_REFINED_DATA,STSLC_CRC_CAMPAIGN_NAME,SILVER_ONLY_CHAIN,,,BIGQUERY_DEVICE;BIGQUERY_EVENT;BIGQUERY_IDENTITY;BIGQUERY_TRAFFIC_SOURCE,N,5441567,5441567,771,
BIGQUERY_REFINED_DATA,STSLC_CRC_DEFAULT_CHANNEL_GROUP,SILVER_ONLY_CHAIN,,,BIGQUERY_DEVICE;BIGQUERY_EVENT;BIGQUERY_IDENTITY;BIGQUERY_TRAFFIC_SOURCE,N,5441567,5441567,17,
BIGQUERY_REFINED_DATA,STSLC_CRC_MEDIUM,SILVER_ONLY_CHAIN,,,BIGQUERY_DEVICE;BIGQUERY_EVENT;BIGQUERY_IDENTITY;BIGQUERY_TRAFFIC_SOURCE,N,5441567,5441567,51,
BIGQUERY_REFINED_DATA,STSLC_CRC_PRIMARY_CHANNEL_GROUP,SILVER_ONLY_CHAIN,,,BIGQUERY_DEVICE;BIGQUERY_EVENT;BIGQUERY_IDENTITY;BIGQUERY_TRAFFIC_SOURCE,N,5441567,5441567,17,
BIGQUERY_REFINED_DATA,STSLC_CRC_SOURCE,SILVER_ONLY_CHAIN,,,BIGQUERY_DEVICE;BIGQUERY_EVENT;BIGQUERY_IDENTITY;BIGQUERY_TRAFFIC_SOURCE,N,5441567,5441567,395,
BIGQUERY_REFINED_DATA,STSLC_CRC_SOURCE_PLATFORM,SILVER_ONLY_CHAIN,,,BIGQUERY_DEVICE;BIGQUERY_EVENT;BIGQUERY_IDENTITY;BIGQUERY_TRAFFIC_SOURCE,N,5864912,5864912,4,
BIGQUERY_REFINED_DATA,STSLC_GAC_AD_GROUP_ID,SILVER_ONLY_CHAIN,,,BIGQUERY_DEVICE;BIGQUERY_EVENT;BIGQUERY_IDENTITY;BIGQUERY_TRAFFIC_SOURCE,N,1364099,1364099,118,
BIGQUERY_REFINED_DATA,STSLC_GAC_AD_GROUP_NAME,SILVER_ONLY_CHAIN,,,BIGQUERY_DEVICE;BIGQUERY_EVENT;BIGQUERY_IDENTITY;BIGQUERY_TRAFFIC_SOURCE,N,1364099,1364099,46,
BIGQUERY_REFINED_DATA,STSLC_GAC_CAMPAIGN_NAME,SILVER_ONLY_CHAIN,,,BIGQUERY_DEVICE;BIGQUERY_EVENT;BIGQUERY_IDENTITY;BIGQUERY_TRAFFIC_SOURCE,N,1364099,1364099,107,
BIGQUERY_REFINED_DATA,STSLC_MC_CAMPAIGN_NAME,SILVER_ONLY_CHAIN,,,BIGQUERY_DEVICE;BIGQUERY_EVENT;BIGQUERY_IDENTITY;BIGQUERY_TRAFFIC_SOURCE,N,5424661,5424661,685,
BIGQUERY_REFINED_DATA,STSLC_MC_CONTENT,SILVER_ONLY_CHAIN,,,BIGQUERY_DEVICE;BIGQUERY_EVENT;BIGQUERY_IDENTITY;BIGQUERY_TRAFFIC_SOURCE,N,5441567,5441567,2676,
BIGQUERY_REFINED_DATA,STSLC_MC_MEDIUM,SILVER_ONLY_CHAIN,,,BIGQUERY_DEVICE;BIGQUERY_EVENT;BIGQUERY_IDENTITY;BIGQUERY_TRAFFIC_SOURCE,N,5435374,5435374,49,
BIGQUERY_REFINED_DATA,STSLC_MC_SOURCE,SILVER_ONLY_CHAIN,,,BIGQUERY_DEVICE;BIGQUERY_EVENT;BIGQUERY_IDENTITY;BIGQUERY_TRAFFIC_SOURCE,N,5399051,5399051,395,
BIGQUERY_REFINED_DATA,STSLC_MC_SOURCE_PLATFORM,SILVER_ONLY_CHAIN,,,BIGQUERY_DEVICE;BIGQUERY_EVENT;BIGQUERY_IDENTITY;BIGQUERY_TRAFFIC_SOURCE,N,625000,625000,1,
BIGQUERY_REFINED_DATA,STSLC_MC_TERM,SILVER_ONLY_CHAIN,,,BIGQUERY_DEVICE;BIGQUERY_EVENT;BIGQUERY_IDENTITY;BIGQUERY_TRAFFIC_SOURCE,N,5441567,5441567,2561,
BIGQUERY_REFINED_DATA,TS_MEDIUM,SILVER_ONLY_CHAIN,,,BIGQUERY_DEVICE;BIGQUERY_EVENT;BIGQUERY_IDENTITY;BIGQUERY_TRAFFIC_SOURCE,N,7067816,7067816,60,
BIGQUERY_REFINED_DATA,TS_NAME,SILVER_ONLY_CHAIN,,,BIGQUERY_DEVICE;BIGQUERY_EVENT;BIGQUERY_IDENTITY;BIGQUERY_TRAFFIC_SOURCE,N,7054066,7054066,1132,
BIGQUERY_REFINED_DATA,TS_SOURCE,SILVER_ONLY_CHAIN,,,BIGQUERY_DEVICE;BIGQUERY_EVENT;BIGQUERY_IDENTITY;BIGQUERY_TRAFFIC_SOURCE,N,7036405,7036405,468,
BIGQUERY_REFINED_DATA,STREAM_ID,SILVER_ONLY_CHAIN,,,BIGQUERY_DEVICE;BIGQUERY_EVENT;BIGQUERY_IDENTITY;BIGQUERY_TRAFFIC_SOURCE,N,9701033,9701033,2,
BIGQUERY_REFINED_DATA,PLATFORM,SILVER_ONLY_CHAIN,,,BIGQUERY_DEVICE;BIGQUERY_EVENT,Y,9701033,9701033,1,
BIGQUERY_REFINED_DATA,ECOMMERCE_PURCHASE_REVENUE,SILVER_ONLY_CHAIN,,,BIGQUERY_DEVICE;BIGQUERY_EVENT;BIGQUERY_IDENTITY;BIGQUERY_TRAFFIC_SOURCE,N,7199,7199,96,
BIGQUERY_REFINED_DATA,ECOMMERCE_TOTAL_ITEM_QUANTITY,SILVER_ONLY_CHAIN,,,BIGQUERY_DEVICE;BIGQUERY_EVENT;BIGQUERY_IDENTITY;BIGQUERY_TRAFFIC_SOURCE,N,461002,461002,10,
BIGQUERY_REFINED_DATA,ECOMMERCE_TRANSACTION_ID,SILVER_ONLY_CHAIN,,,BIGQUERY_DEVICE;BIGQUERY_EVENT;BIGQUERY_IDENTITY;BIGQUERY_TRAFFIC_SOURCE,N,346890,346890,7156,
BIGQUERY_REFINED_DATA,ECOMMERCE_UNIQUE_ITEMS,SILVER_ONLY_CHAIN,,,BIGQUERY_DEVICE;BIGQUERY_EVENT;BIGQUERY_IDENTITY;BIGQUERY_TRAFFIC_SOURCE,N,461002,461002,10,
BIGQUERY_REFINED_DATA,ITEMS,SILVER_ONLY_CHAIN,,,BIGQUERY_DEVICE;BIGQUERY_EVENT;BIGQUERY_IDENTITY;BIGQUERY_TRAFFIC_SOURCE,N,461002,461002,4157,
BIGQUERY_TRAFFIC_SOURCE,UTM_SOURCE,REFERENCED,,DIM_BIGQUERY_SOURCE,,,10987,10987,394,
BIGQUERY_TRAFFIC_SOURCE,UTM_MEDIUM,REFERENCED,,DIM_BIGQUERY_SOURCE,,,11004,11004,48,
BIGQUERY_TRAFFIC_SOURCE,UTM_CAMPAIGN,DROPPED,,DIM_BIGQUERY_SOURCE,,,11036,11036,685,
BIGQUERY_TRAFFIC_SOURCE,UTM_CONTENT,REFERENCED,,DIM_BIGQUERY_SOURCE,,,11058,11058,2676,
BIGQUERY_TRAFFIC_SOURCE,UTM_TERM,REFERENCED,,DIM_BIGQUERY_SOURCE,,,11058,11058,2561,
BIGQUERY_TRAFFIC_SOURCE,SOURCE_MEDIUM,REFERENCED,,DIM_BIGQUERY_SOURCE,,,11058,11058,476,
BIGQUERY_TRAFFIC_SOURCE,XCHAN_SOURCE,DROPPED,,DIM_BIGQUERY_SOURCE,,,11008,11008,394,
BIGQUERY_TRAFFIC_SOURCE,XCHAN_MEDIUM,DROPPED,,DIM_BIGQUERY_SOURCE,,,11026,11026,50,
BIGQUERY_TRAFFIC_SOURCE,XCHAN_CAMPAIGN,DROPPED,,DIM_BIGQUERY_SOURCE,,,11058,11058,771,
BIGQUERY_TRAFFIC_SOURCE,DEFAULT_CHANNEL_GROUP,REFERENCED,,DIM_BIGQUERY_SOURCE,,,11058,11058,17,
CRM_BIZ_PLACE,BPLC_CD,REFERENCED,,DIM_BIZ_PLACE,,,377,377,380,
CRM_BIZ_PLACE,NATION_CD,REFERENCED,,DIM_BIZ_PLACE,,,377,377,36,
CRM_BIZ_PLACE,BPLC_KORNM,REFERENCED,,DIM_BIZ_PLACE,,,377,377,376,
CRM_BIZ_PLACE,BPLC_ENGNM,REFERENCED,,DIM_BIZ_PLACE,,,372,372,364,
CRM_BIZ_PLACE,BSNS_STRT_DE,REFERENCED,,DIM_BIZ_PLACE,,,377,377,157,
CRM_BIZ_PLACE,BSNS_END_DE,REFERENCED,,DIM_BIZ_PLACE,,,377,377,51,
CRM_BIZ_PLACE,RELATNSP_BSNS_YN,REFERENCED,,DIM_BIZ_PLACE,,,377,377,2,
CRM_BIZ_PLACE,RELATNSP_BSNS_DSCNTC_DE,REFERENCED,,DIM_BIZ_PLACE,,,138,138,16,
CRM_BIZ_PLACE,GFTMNEY_PSBL_YN,REFERENCED,,DIM_BIZ_PLACE,,,377,377,2,
CRM_BIZ_PLACE,LETTER_PSBL_YN,REFERENCED,,DIM_BIZ_PLACE,,,374,374,2,
CRM_BIZ_PLACE,BPLC_DC,REFERENCED,,DIM_BIZ_PLACE,,,128,128,107,
CRM_BIZ_PLACE,WTWK_FROM_DSTNC,REFERENCED,,DIM_BIZ_PLACE,,,377,25,23,
CRM_BIZ_PLACE,CNCSN_RSN,REFERENCED,,DIM_BIZ_PLACE,,,81,81,17,
CRM_BIZ_PLACE,BPLC_MTCHG_MNG_YN,REFERENCED,,DIM_BIZ_PLACE,,,368,368,2,
CRM_BIZ_PLACE,FRST_REGIST_DT,DROPPED,,DIM_BIZ_PLACE,,,377,377,30,
CRM_BIZ_PLACE,LAST_UPDT_DT,DROPPED,,DIM_BIZ_PLACE,,,377,377,240,
CRM_BIZ_TARGET,BIZ_TARGET_DK,DROPPED,,FACT_TARGET_PROJECT,,,5244,5244,5253,
CRM_BIZ_TARGET,TARGET_YEAR,DROPPED,,FACT_TARGET_PROJECT,,,5244,5244,1,
CRM_BIZ_TARGET,MONTH_NO,DROPPED,,FACT_TARGET_PROJECT,,,5244,5244,12,
CRM_BIZ_TARGET,MONTH_KEY,REFERENCED,,FACT_TARGET_PROJECT,,,5244,5244,12,
CRM_BIZ_TARGET,ORG_CD,DROPPED,,FACT_TARGET_PROJECT,,,0,0,0,
CRM_BIZ_TARGET,ORG_NM,REFERENCED,,FACT_TARGET_PROJECT,,,3480,3480,10,
CRM_BIZ_TARGET,SPONSOR_BIZ_NM,REFERENCED,,FACT_TARGET_PROJECT,,,5064,5064,15,
CRM_BIZ_TARGET,CAMPAIGN_NM,REFERENCED,,FACT_TARGET_PROJECT,,,0,0,0,
CRM_BIZ_TARGET,TARGET_TYPE,REFERENCED,,FACT_TARGET_PROJECT,,,5244,5244,1,
CRM_BIZ_TARGET,TARGET_CNT,REFERENCED,,FACT_TARGET_PROJECT,,,5244,2966,2250,
CRM_BIZ_TARGET,GOAL_TYPE_NM,REFERENCED,,FACT_TARGET_PROJECT,,,5244,5244,9,
CRM_BIZ_TARGET,CPR_DIV_NM,REFERENCED,,FACT_TARGET_PROJECT,,,5244,5244,2,
CRM_BIZ_TARGET,NEW_OLD_DIV_NM,REFERENCED,,FACT_TARGET_PROJECT,,,3612,3612,4,
CRM_BIZ_TARGET,ORG_DIV_NM,REFERENCED,,FACT_TARGET_PROJECT,,,4080,4080,3,
CRM_BIZ_TARGET,DTL_DIV_NM,REFERENCED,,FACT_TARGET_PROJECT,,,1632,1632,11,
CRM_BIZ_TARGET,BDGT_PRCD_NM,DROPPED,,FACT_TARGET_PROJECT,,,5244,5244,1,
CRM_CAMPAIGN,CMPGN_CD,REFERENCED,,DIM_CAMPAIGN;DIM_MEMBER;FACT_MEMBER_EVENT,CRM_MEMBER_DEV,Y,37163,37163,37190,
CRM_CAMPAIGN,CMPGN_NM,REFERENCED,,DIM_CAMPAIGN,CRM_MEMBER_DEV,N,37163,37163,28941,
CRM_CAMPAIGN,UPPER_CMPGN_CD,REFERENCED,,DIM_CAMPAIGN,CRM_MEMBER_DEV,N,35687,35687,1346,
CRM_CAMPAIGN,UPPER_CMPGN_YN,DROPPED,,DIM_CAMPAIGN;DIM_MARKETING_CAMPAIGN;DIM_MEMBER;FACT_MEMBER_EVENT,CRM_MEMBER_DEV,N,37163,37163,2,
CRM_CAMPAIGN,BRND_ID,DROPPED,,DIM_CAMPAIGN;DIM_MARKETING_CAMPAIGN;DIM_MEMBER;FACT_MEMBER_EVENT,CRM_MEMBER_DEV,N,35687,35687,84,
CRM_CAMPAIGN,BRND_NM,REFERENCED,,DIM_CAMPAIGN;FACT_MEMBER_EVENT,CRM_MEMBER_DEV,Y,35687,35687,84,
CRM_CAMPAIGN,PR_MTH_CD,REFERENCED,,DIM_CAMPAIGN,CRM_MEMBER_DEV,N,35687,35687,95,
CRM_CAMPAIGN,PROMO_METHOD_NAME,REFERENCED,,DIM_CAMPAIGN;FACT_MEMBER_EVENT,CRM_MEMBER_DEV,Y,35687,35687,93,
CRM_CAMPAIGN,PARENT_CAMPAIGN_NAME,REFERENCED,,DIM_CAMPAIGN;FACT_MEMBER_EVENT,CRM_MEMBER_DEV,Y,35687,35687,1354,
CRM_CAMPAIGN,SPNSR_BSNS_ID,REFERENCED,,FACT_MEMBER_EVENT,CRM_MEMBER_DEV,Y,35687,35687,479,
CRM_CAMPAIGN,CMPGN_TRGET_CD,DROPPED,,DIM_CAMPAIGN;DIM_MARKETING_CAMPAIGN;DIM_MEMBER;FACT_MEMBER_EVENT,CRM_MEMBER_DEV,N,35687,35687,10,
CRM_CAMPAIGN,CPR_DIV_CD,REFERENCED,,DIM_CAMPAIGN;FACT_MEMBER_EVENT,CRM_MEMBER_DEV,Y,35687,35687,3,
CRM_CAMPAIGN,CPR_DIV_NM,REFERENCED,,DIM_CAMPAIGN;FACT_MEMBER_EVENT,CRM_MEMBER_DEV,Y,35687,35687,3,
CRM_CAMPAIGN,SPNSR_DIV_CD,REFERENCED,,DIM_CAMPAIGN;FACT_MEMBER_EVENT,CRM_MEMBER_DEV,Y,35687,35687,2,
CRM_CAMPAIGN,SPNSR_DIV_NM,REFERENCED,,DIM_CAMPAIGN;FACT_MEMBER_EVENT,CRM_MEMBER_DEV,Y,35687,35687,2,
CRM_CAMPAIGN,CMPGN_CTGR_CD,REFERENCED,,FACT_MEMBER_EVENT,CRM_MEMBER_DEV,Y,35294,35294,59,
CRM_CAMPAIGN,CMPGN_CTGR_NM,REFERENCED,,DIM_CAMPAIGN;FACT_MEMBER_EVENT,CRM_MEMBER_DEV,Y,35294,35294,59,
CRM_CAMPAIGN,MBER_INFLOW_PATH_CD,REFERENCED,,FACT_MEMBER_EVENT,CRM_MEMBER_DEV,Y,35294,35294,12,
CRM_CAMPAIGN,MBER_INFLOW_PATH_NM,REFERENCED,,DIM_CAMPAIGN;FACT_MEMBER_EVENT,CRM_MEMBER_DEV,Y,35294,35294,12,
CRM_CAMPAIGN,CMPGN_TYPE1_BSN,REFERENCED,,FACT_MEMBER_EVENT,CRM_MEMBER_DEV,Y,35294,35294,4,
CRM_CAMPAIGN,CMPGN_TYPE1_NM,REFERENCED,,DIM_CAMPAIGN;FACT_MEMBER_EVENT,CRM_MEMBER_DEV,Y,35294,35294,4,
CRM_CAMPAIGN,CMPGN_TYPE2_BSN,REFERENCED,,FACT_MEMBER_EVENT,CRM_MEMBER_DEV,Y,35294,35294,4,
CRM_CAMPAIGN,CMPGN_TYPE2_NM,REFERENCED,,DIM_CAMPAIGN;FACT_MEMBER_EVENT,CRM_MEMBER_DEV,Y,35294,35294,4,
CRM_CAMPAIGN,MKTG_CMPGN_NM,REFERENCED,,DIM_CAMPAIGN;DIM_MARKETING_CAMPAIGN;FACT_MEMBER_EVENT,CRM_MEMBER_DEV,Y,35294,35294,591,
CRM_CAMPAIGN,MK_CMPGN_NM,REFERENCED,,DIM_CAMPAIGN;DIM_MARKETING_CAMPAIGN;FACT_MEMBER_EVENT,CRM_MEMBER_DEV,Y,35294,35294,583,
CRM_CAMPAIGN,CMMN_BRND,REFERENCED,,DIM_CAMPAIGN;DIM_MEMBER;FACT_MEMBER_EVENT,CRM_MEMBER_DEV,Y,35294,35294,17,
CRM_CAMPAIGN,CMMN_BRND_NM,REFERENCED,,DIM_CAMPAIGN;DIM_MEMBER;FACT_MEMBER_EVENT,CRM_MEMBER_DEV,Y,35294,35294,17,
CRM_CAMPAIGN,MKTG_UTM,REFERENCED,,DIM_CAMPAIGN;FACT_MEMBER_EVENT,CRM_MEMBER_DEV,Y,19512,19512,255,
CRM_CAMPAIGN,MKTG_UTM_NM,REFERENCED,,DIM_CAMPAIGN;FACT_MEMBER_EVENT,CRM_MEMBER_DEV,Y,19512,19512,248,
CRM_CAMPAIGN,MKTG_CHANNEL,REFERENCED,,DIM_CAMPAIGN;FACT_MEMBER_EVENT,CRM_MEMBER_DEV,Y,35294,35294,126,
CRM_CAMPAIGN,MKTG_CHANNEL_NM,REFERENCED,,DIM_CAMPAIGN;FACT_MEMBER_EVENT,CRM_MEMBER_DEV,Y,35294,35294,126,
CRM_CAMPAIGN,CMPGN_STRT_DE,REFERENCED,,DIM_CAMPAIGN,CRM_MEMBER_DEV,N,35687,35687,3297,
CRM_CAMPAIGN,USE_DEPT_CD,REFERENCED,,DIM_CAMPAIGN,CRM_MEMBER_DEV,N,34327,34327,113,
CRM_CAMPAIGN,USE_SCOPE,REFERENCED,,DIM_CAMPAIGN,CRM_MEMBER_DEV,N,35687,35687,3,
CRM_CAMPAIGN,USE_YN,REFERENCED,,DIM_CAMPAIGN;DIM_MARKETING_CAMPAIGN,CRM_MEMBER_DEV,N,37163,37163,2,
CRM_CAMPAIGN,CMPGN_PRPT_YN,REFERENCED,,DIM_CAMPAIGN,CRM_MEMBER_DEV,N,22484,22484,2,
CRM_CAMPAIGN,SPNSR_ENTRPRS_ID,REFERENCED,,DIM_CAMPAIGN,CRM_MEMBER_DEV,N,3184,3184,371,
CRM_CAMPAIGN,EMRGNCY_AID_BPLC_CD,REFERENCED,,DIM_CAMPAIGN,CRM_MEMBER_DEV,N,5237,29,13,
CRM_CAMPAIGN,BRND_USE_YN,REFERENCED,,DIM_CAMPAIGN,CRM_MEMBER_DEV,N,35687,35687,2,
CRM_CAMPAIGN_SPONSOR_BIZ_BRIDGE,CMPGN_CD,NO_CONSUMER,,,,,95488,95488,35703,
CRM_CAMPAIGN_SPONSOR_BIZ_BRIDGE,SPNSR_BSNS_ID,NO_CONSUMER,,,,,95488,95488,27,
CRM_CHILD,CHILD_CD,REFERENCED,,DIM_CHILD,,,508051,508051,511313,
CRM_CHILD,CHILD_NO,REFERENCED,,DIM_CHILD,,,508051,508051,499597,
CRM_CHILD,BPLC_CD,REFERENCED,,DIM_CHILD,,,508051,508051,261,
CRM_CHILD,SEX,REFERENCED,,DIM_CHILD,,,508050,508050,4,
CRM_CHILD,RELATNSP_STAT_CD,REFERENCED,,DIM_CHILD,,,508051,508051,3,
CRM_CHILD,CHILD_STAT_CD,REFERENCED,,DIM_CHILD,,,508051,508051,7,
CRM_CHILD,CHILD_DTL_STAT_CD,REFERENCED,,DIM_CHILD,,,508051,508051,14,
CRM_CHILD,REGIST_DIV_CD,REFERENCED,,DIM_CHILD,,,413038,413038,3,
CRM_CHILD,FRST_REGIST_DT,REFERENCED,,DIM_CHILD,,,508051,508051,33280,
CRM_CHILD,LAST_REGIST_DT,REFERENCED,,DIM_CHILD,,,508051,508051,9971,
CRM_CHILD,RE_UPDT_DT,REFERENCED,,DIM_CHILD,,,17,17,17,
CRM_CHILD,MNYRS_NATION_CD,REFERENCED,,DIM_CHILD,,,508051,508051,6,
CRM_CHILD,CMS_CHILD_NO,REFERENCED,,DIM_CHILD,,,504230,504230,504787,
CRM_CODE,CD_ID,REFERENCED,,DIM_CODE_GROUP;DIM_MEMBER_STATUS_HISTORY;DIM_REASON;DIM_SPONSORSHIP;FACT_MEMBER_DEV_ACHIEVEMENT;FACT_MEMBER_EVENT;FACT_MEMBER_FEE;FACT_MEMBER_SPONSORSHIP_SPAN;WIDE_MEMBER_SERVICE_COHORT,CRM_CAMPAIGN;CRM_EVENT;CRM_EVENT_PARTICIPATION;CRM_MEMBER;CRM_MEMBER_AMT_CHANGE;CRM_MEMBER_DEV;CRM_MEMBER_DISCONTINUE;CRM_MEMBER_STATUS_HIST;CRM_PAYMENT_METHOD;CRM_SEND_MEMBER,Y,5884,5884,331,
CRM_CODE,DTL_CD_ID,REFERENCED,,DIM_MEMBER_STATUS_HISTORY;DIM_REASON;DIM_SPONSORSHIP;FACT_MEMBER_DEV_ACHIEVEMENT;FACT_MEMBER_EVENT;FACT_MEMBER_FEE;FACT_MEMBER_SPONSORSHIP_SPAN;WIDE_MEMBER_SERVICE_COHORT,CRM_CAMPAIGN;CRM_EVENT;CRM_EVENT_PARTICIPATION;CRM_MEMBER;CRM_MEMBER_AMT_CHANGE;CRM_MEMBER_DEV;CRM_MEMBER_DISCONTINUE;CRM_MEMBER_STATUS_HIST;CRM_PAYMENT_METHOD;CRM_SEND_MEMBER,Y,5884,5884,2694,
CRM_CODE,DTL_CD_NM,REFERENCED,,DIM_MEMBER_STATUS_HISTORY;DIM_REASON;DIM_SPONSORSHIP;FACT_MEMBER_DEV_ACHIEVEMENT;FACT_MEMBER_EVENT;FACT_MEMBER_FEE;FACT_MEMBER_SPONSORSHIP_SPAN;WIDE_MEMBER_SERVICE_COHORT,CRM_CAMPAIGN;CRM_EVENT;CRM_EVENT_PARTICIPATION;CRM_MEMBER;CRM_MEMBER_AMT_CHANGE;CRM_MEMBER_DEV;CRM_MEMBER_DISCONTINUE;CRM_MEMBER_STATUS_HIST;CRM_PAYMENT_METHOD;CRM_SEND_MEMBER,Y,5884,5884,4345,
CRM_CODE,UPPER_CD_ID,REFERENCED,,WIDE_MEMBER_SERVICE_COHORT,CRM_CAMPAIGN;CRM_EVENT;CRM_EVENT_PARTICIPATION;CRM_MEMBER;CRM_MEMBER_AMT_CHANGE;CRM_MEMBER_DEV;CRM_MEMBER_DISCONTINUE;CRM_MEMBER_STATUS_HIST;CRM_PAYMENT_METHOD;CRM_SEND_MEMBER,N,686,686,60,판정_재검토필요(구=DROPPED)
CRM_CODE,SORT_ORDR,REFERENCED,,DIM_CODE_GROUP;DIM_SPONSORSHIP,CRM_CAMPAIGN;CRM_EVENT;CRM_EVENT_PARTICIPATION;CRM_MEMBER;CRM_MEMBER_AMT_CHANGE;CRM_MEMBER_DEV;CRM_MEMBER_DISCONTINUE;CRM_MEMBER_STATUS_HIST;CRM_PAYMENT_METHOD;CRM_SEND_MEMBER,N,5318,5299,303,
CRM_CODE,USE_YN,REFERENCED,,DIM_CODE_GROUP;DIM_SPONSORSHIP,CRM_CAMPAIGN;CRM_EVENT;CRM_PAYMENT_METHOD,Y,5883,5883,2,
CRM_CODE,DTL_CD_DC,DROPPED,,DIM_CODE_GROUP;DIM_MEMBER_STATUS_HISTORY;DIM_REASON;DIM_SPONSORSHIP;FACT_MEMBER_DEV_ACHIEVEMENT;FACT_MEMBER_EVENT;FACT_MEMBER_FEE;FACT_MEMBER_SPONSORSHIP_SPAN;WIDE_MEMBER_SERVICE_COHORT,CRM_CAMPAIGN;CRM_EVENT;CRM_EVENT_PARTICIPATION;CRM_MEMBER;CRM_MEMBER_AMT_CHANGE;CRM_MEMBER_DEV;CRM_MEMBER_DISCONTINUE;CRM_MEMBER_STATUS_HIST;CRM_PAYMENT_METHOD;CRM_SEND_MEMBER,N,5418,5418,4093,
CRM_CODE,CD_ATRB1,DROPPED,,DIM_CODE_GROUP;DIM_MEMBER_STATUS_HISTORY;DIM_REASON;DIM_SPONSORSHIP;FACT_MEMBER_DEV_ACHIEVEMENT;FACT_MEMBER_EVENT;FACT_MEMBER_FEE;FACT_MEMBER_SPONSORSHIP_SPAN;WIDE_MEMBER_SERVICE_COHORT,CRM_CAMPAIGN;CRM_EVENT;CRM_EVENT_PARTICIPATION;CRM_MEMBER;CRM_MEMBER_AMT_CHANGE;CRM_MEMBER_DEV;CRM_MEMBER_DISCONTINUE;CRM_MEMBER_STATUS_HIST;CRM_PAYMENT_METHOD;CRM_SEND_MEMBER,N,667,667,106,
CRM_CODE,CD_ATRB2,DROPPED,,DIM_CODE_GROUP;DIM_MEMBER_STATUS_HISTORY;DIM_REASON;DIM_SPONSORSHIP;FACT_MEMBER_DEV_ACHIEVEMENT;FACT_MEMBER_EVENT;FACT_MEMBER_FEE;FACT_MEMBER_SPONSORSHIP_SPAN;WIDE_MEMBER_SERVICE_COHORT,CRM_CAMPAIGN;CRM_EVENT;CRM_EVENT_PARTICIPATION;CRM_MEMBER;CRM_MEMBER_AMT_CHANGE;CRM_MEMBER_DEV;CRM_MEMBER_DISCONTINUE;CRM_MEMBER_STATUS_HIST;CRM_PAYMENT_METHOD;CRM_SEND_MEMBER,N,82,82,35,
CRM_CODE,CD_ATRB3,DROPPED,,DIM_CODE_GROUP;DIM_MEMBER_STATUS_HISTORY;DIM_REASON;DIM_SPONSORSHIP;FACT_MEMBER_DEV_ACHIEVEMENT;FACT_MEMBER_EVENT;FACT_MEMBER_FEE;FACT_MEMBER_SPONSORSHIP_SPAN;WIDE_MEMBER_SERVICE_COHORT,CRM_CAMPAIGN;CRM_EVENT;CRM_EVENT_PARTICIPATION;CRM_MEMBER;CRM_MEMBER_AMT_CHANGE;CRM_MEMBER_DEV;CRM_MEMBER_DISCONTINUE;CRM_MEMBER_STATUS_HIST;CRM_PAYMENT_METHOD;CRM_SEND_MEMBER,N,626,626,30,
CRM_CODE_GROUP,CD_ID,REFERENCED,,DIM_CODE_GROUP,,,339,339,333,
CRM_CODE_GROUP,CD_NM,REFERENCED,,DIM_CODE_GROUP,,,339,339,331,
CRM_CODE_GROUP,CD_DC,REFERENCED,,DIM_CODE_GROUP,,,312,312,310,
CRM_CODE_GROUP,SORT_ORDR,REFERENCED,,DIM_CODE_GROUP,,,339,308,193,
CRM_CODE_GROUP,RM,REFERENCED,,DIM_CODE_GROUP,,,64,64,52,
CRM_CODE_GROUP,USE_YN,REFERENCED,,DIM_CODE_GROUP,,,339,339,2,
CRM_CODE_GROUP,FRST_REGIST_DT,DROPPED,,DIM_CODE_GROUP,,,339,339,106,
CRM_CODE_GROUP,LAST_UPDT_DT,DROPPED,,DIM_CODE_GROUP,,,339,339,135,
CRM_DEV_TARGET,STDYY,REFERENCED,,FACT_TARGET_MEMBER_DEV,,,25344,25344,15,
CRM_DEV_TARGET,STDR_MT,REFERENCED,,FACT_TARGET_MEMBER_DEV,,,25344,25344,12,
CRM_DEV_TARGET,MBER_DVLP_DIV_CD,REFERENCED,,FACT_TARGET_MEMBER_DEV,,,25344,25344,3,
CRM_DEV_TARGET,DEPT_ID,REFERENCED,,FACT_TARGET_MEMBER_DEV,,,25344,25344,236,
CRM_DEV_TARGET,GOAL_CNT,REFERENCED,,FACT_TARGET_MEMBER_DEV,,,25337,10677,1318,
CRM_DEV_TARGET,TARGET_TYPE,DROPPED,,FACT_TARGET_MEMBER_DEV,,,25344,25344,1,
CRM_EVENT,EVENT_KEY,REFERENCED,,DIM_EVENT,CRM_EVENT_PARTICIPATION,Y,4022,4022,3980,
CRM_EVENT,EVENT_SOURCE,REFERENCED,,DIM_EVENT,CRM_EVENT_PARTICIPATION,Y,4022,4022,2,
CRM_EVENT,EVENT_DIV_CD,REFERENCED,,DIM_EVENT,CRM_EVENT_PARTICIPATION,N,4022,4022,19,
CRM_EVENT,EVENT_NM,REFERENCED,,DIM_EVENT,CRM_EVENT_PARTICIPATION,N,4021,4021,4058,
CRM_EVENT,STRT_DE,REFERENCED,,DIM_EVENT,CRM_EVENT_PARTICIPATION,N,4021,4021,1626,
CRM_EVENT,END_DE,REFERENCED,,DIM_EVENT,CRM_EVENT_PARTICIPATION,N,4021,4021,1660,
CRM_EVENT,RCRIT_PSNNL_CO,REFERENCED,,DIM_EVENT,CRM_EVENT_PARTICIPATION,N,3589,3576,68,
CRM_EVENT,BRNCH_DEPT_ID,DROPPED,,DIM_EVENT,CRM_EVENT_PARTICIPATION,N,19,19,19,
CRM_EVENT,EVENT_DIV_GROUP,REFERENCED,,DIM_EVENT,CRM_EVENT_PARTICIPATION,N,4022,4022,2,
CRM_EVENT,EVENT_DIV_NM,REFERENCED,,DIM_EVENT,CRM_EVENT_PARTICIPATION,N,4022,4022,19,
CRM_EVENT,PRZWIN_PSNNL_CO,REFERENCED,,DIM_EVENT,CRM_EVENT_PARTICIPATION,N,384,287,62,
CRM_EVENT,PRZWIN_GFT_SNDNG_DE,REFERENCED,,DIM_EVENT,CRM_EVENT_PARTICIPATION,N,115,115,84,
CRM_EVENT,CRMN_PLACE_NM,REFERENCED,,DIM_EVENT,CRM_EVENT_PARTICIPATION,N,413,413,234,
CRM_EVENT,CRMN_PART_STRT_DE,REFERENCED,,DIM_EVENT,CRM_EVENT_PARTICIPATION,N,1336,1336,418,
CRM_EVENT,CRMN_PART_END_DE,REFERENCED,,DIM_EVENT,CRM_EVENT_PARTICIPATION,N,1336,1336,418,
CRM_EVENT,TAT,REFERENCED,,DIM_EVENT,CRM_EVENT_PARTICIPATION,N,1730,188,24,
CRM_EVENT,RESRCE_SRVC_FG,REFERENCED,,DIM_EVENT,CRM_EVENT_PARTICIPATION,N,3589,117,2,
CRM_EVENT,CPR_DIV_CD,REFERENCED,,DIM_EVENT,CRM_EVENT_PARTICIPATION,N,3133,3133,2,
CRM_EVENT,ENTRPS_CD,REFERENCED,,DIM_EVENT,CRM_EVENT_PARTICIPATION,N,1720,0,1,
CRM_EVENT,USE_YN,REFERENCED,,DIM_EVENT,CRM_EVENT_PARTICIPATION,N,3638,3638,2,
CRM_EVENT_PARTICIPATION,EVENT_KEY,REFERENCED,,FACT_EVENT_ATTENDANCE,,,994533,994533,3874,
CRM_EVENT_PARTICIPATION,MBER_NO,REFERENCED,,FACT_EVENT_ATTENDANCE,,,994533,994533,314244,
CRM_EVENT_PARTICIPATION,PARTCPT_SEQ,REFERENCED,,FACT_EVENT_ATTENDANCE,,,994533,994533,161478,
CRM_EVENT_PARTICIPATION,PARTCPT_STAT_CD,REFERENCED,,FACT_EVENT_ATTENDANCE,,,983544,983544,19,
CRM_EVENT_PARTICIPATION,PARTCPT_CHNNL_CD,REFERENCED,,FACT_EVENT_ATTENDANCE,,,827497,827497,9,
CRM_EVENT_PARTICIPATION,PARTCPT_PATH_CD,REFERENCED,,FACT_EVENT_ATTENDANCE,,,985100,985100,13,
CRM_EVENT_PARTICIPATION,PRZWIN_CD,REFERENCED,,FACT_EVENT_ATTENDANCE,,,12989,12989,3,
CRM_EVENT_PARTICIPATION,RCPMNY_AMT,REFERENCED,,FACT_EVENT_ATTENDANCE,,,153198,4829,42,
CRM_EVENT_PARTICIPATION,PARTCPT_DT,REFERENCED,,FACT_EVENT_ATTENDANCE,,,827571,827571,2378,
CRM_EVENT_PARTICIPATION,PARTCPT_STAT_GROUP,REFERENCED,,FACT_EVENT_ATTENDANCE,,,983544,983544,2,
CRM_EVENT_PARTICIPATION,PARTCPT_STAT_NM,REFERENCED,,FACT_EVENT_ATTENDANCE,,,983542,983542,18,
CRM_EVENT_PARTICIPATION,PARTCPT_CHNNL_GROUP,REFERENCED,,FACT_EVENT_ATTENDANCE,,,827497,827497,1,
CRM_EVENT_PARTICIPATION,PARTCPT_CHNNL_NM,REFERENCED,,FACT_EVENT_ATTENDANCE,,,827495,827495,8,
CRM_EVENT_PARTICIPATION,PARTCPT_PATH_GROUP,REFERENCED,,FACT_EVENT_ATTENDANCE,,,985100,985100,2,
CRM_EVENT_PARTICIPATION,PARTCPT_PATH_NM,REFERENCED,,FACT_EVENT_ATTENDANCE,,,985098,985098,12,
CRM_EVENT_PARTICIPATION,EVENT_PARTCPT_DIV_CD,REFERENCED,,FACT_EVENT_ATTENDANCE,,,827571,827571,2,
CRM_EVENT_PARTICIPATION,RQST_DATE,REFERENCED,,FACT_EVENT_ATTENDANCE,,,166678,166678,3640,
CRM_EVENT_PARTICIPATION,SELF_PARTCPT_CD,REFERENCED,,FACT_EVENT_ATTENDANCE,,,166935,166935,3,
CRM_EVENT_PARTICIPATION,ACMPNY_PARTCPT_CO,REFERENCED,,FACT_EVENT_ATTENDANCE,,,162180,129881,13,
CRM_EVENT_PARTICIPATION,PARTCPT_TIME_CO,REFERENCED,,FACT_EVENT_ATTENDANCE,,,26806,1249,37,
CRM_EVENT_PARTICIPATION,RCPMNY_STAT_CD,REFERENCED,,FACT_EVENT_ATTENDANCE,,,20789,20789,4,
CRM_EVENT_PARTICIPATION,RCPMNY_DATE,REFERENCED,,FACT_EVENT_ATTENDANCE,,,139971,139971,2375,
CRM_EVENT_PARTICIPATION,REFND_DATE,REFERENCED,,FACT_EVENT_ATTENDANCE,,,2537,2537,30,
CRM_INSTT_ACCOUNT,ACNUT_SER_NO,REFERENCED,,DIM_PAYMENT_ACCOUNT,,,238,238,237,
CRM_INSTT_ACCOUNT,CPR_DIV_CD,REFERENCED,,DIM_PAYMENT_ACCOUNT,,,238,238,2,
CRM_INSTT_ACCOUNT,ACNUT_DIV_CD,REFERENCED,,DIM_PAYMENT_ACCOUNT,,,238,238,2,
CRM_INSTT_ACCOUNT,BANK_CD,REFERENCED,,DIM_PAYMENT_ACCOUNT,,,238,238,10,
CRM_INSTT_ACCOUNT,ACNUT_PRP,REFERENCED,,DIM_PAYMENT_ACCOUNT,,,238,238,134,
CRM_INSTT_ACCOUNT,ACNUT_ABRV,REFERENCED,,DIM_PAYMENT_ACCOUNT,,,238,238,232,
CRM_INSTT_ACCOUNT,CHRG_DEPT_CD,REFERENCED,,DIM_PAYMENT_ACCOUNT,,,238,238,49,
CRM_INSTT_ACCOUNT,REGIST_USE_YN,REFERENCED,,DIM_PAYMENT_ACCOUNT,,,238,238,2,
CRM_INSTT_ACCOUNT,USE_YN,REFERENCED,,DIM_PAYMENT_ACCOUNT,,,238,238,2,
CRM_INSTT_ACCOUNT,FRST_REGIST_DT,DROPPED,,DIM_PAYMENT_ACCOUNT,,,238,238,107,
CRM_INSTT_ACCOUNT,LAST_UPDT_DT,DROPPED,,DIM_PAYMENT_ACCOUNT,,,238,238,187,
CRM_MARKETING_CAMPAIGN,MK_CMPGN_CD,REFERENCED,,DIM_MARKETING_CAMPAIGN,,,590,590,576,
CRM_MARKETING_CAMPAIGN,MK_CMPGN_NM,REFERENCED,,DIM_MARKETING_CAMPAIGN,,,590,590,583,
CRM_MARKETING_CAMPAIGN,USE_YN,REFERENCED,,DIM_MARKETING_CAMPAIGN,,,590,590,1,
CRM_MARKETING_CAMPAIGN,RM,DROPPED,,DIM_MARKETING_CAMPAIGN,,,0,0,0,
CRM_MEMBER,MEMBER_DK,REFERENCED,,DIM_MEMBER;DIM_MEMBER_IDENTITY;DIM_MEMBER_STATUS_HISTORY;FACT_MEMBER_EVENT;FACT_MEMBER_MONTHLY,IDENTITY_MEMBER_XREF,Y,1796798,1796798,1782869,
CRM_MEMBER,MEMBER_TYPE,REFERENCED,,DIM_MEMBER;DIM_MEMBER_STATUS_HISTORY;FACT_MEMBER_MONTHLY,IDENTITY_MEMBER_XREF,Y,1796798,1796798,2,
CRM_MEMBER,MBER_DIV_CD,REFERENCED,,DIM_MEMBER;DIM_MEMBER_STATUS_HISTORY,IDENTITY_MEMBER_XREF,N,1796798,1796798,3,
CRM_MEMBER,MBER_DIV_NM,DROPPED,,DIM_MEMBER;DIM_MEMBER_IDENTITY;DIM_MEMBER_STATUS_HISTORY;FACT_MEMBER_EVENT;FACT_MEMBER_MONTHLY,IDENTITY_MEMBER_XREF,N,1796798,1796798,3,
CRM_MEMBER,CPR_DIV_CD,REFERENCED,,FACT_MEMBER_EVENT,IDENTITY_MEMBER_XREF,N,1796797,1796797,3,
CRM_MEMBER,SEX,REFERENCED,,DIM_MEMBER;DIM_MEMBER_STATUS_HISTORY;FACT_MEMBER_EVENT,IDENTITY_MEMBER_XREF,N,1796253,1796253,8,
CRM_MEMBER,SEX_NM,REFERENCED,,DIM_MEMBER;DIM_MEMBER_STATUS_HISTORY,IDENTITY_MEMBER_XREF,N,1796253,1796253,8,
CRM_MEMBER,MBER_STAT_CD,REFERENCED,,DIM_MEMBER;DIM_MEMBER_STATUS_HISTORY,IDENTITY_MEMBER_XREF,N,1619081,1619081,12,
CRM_MEMBER,MBER_STAT_NM,DROPPED,,DIM_MEMBER;DIM_MEMBER_IDENTITY;DIM_MEMBER_STATUS_HISTORY;FACT_MEMBER_EVENT;FACT_MEMBER_MONTHLY,IDENTITY_MEMBER_XREF,N,1619081,1619081,12,
CRM_MEMBER,CMPGN_CD,REFERENCED,,DIM_MEMBER;DIM_MEMBER_STATUS_HISTORY;FACT_MEMBER_EVENT,IDENTITY_MEMBER_XREF,N,1617688,1617688,13648,
CRM_MEMBER,ACT_DEPT_CD,DROPPED,,DIM_MEMBER;DIM_MEMBER_IDENTITY;DIM_MEMBER_STATUS_HISTORY;FACT_MEMBER_EVENT;FACT_MEMBER_MONTHLY,IDENTITY_MEMBER_XREF,N,1615057,1615057,281,
CRM_MEMBER,REGIST_DEPT_CD,DROPPED,,DIM_MEMBER;DIM_MEMBER_IDENTITY;DIM_MEMBER_STATUS_HISTORY;FACT_MEMBER_EVENT;FACT_MEMBER_MONTHLY,IDENTITY_MEMBER_XREF,N,1791873,1791873,371,
CRM_MEMBER,JOIN_PATH_CD,REFERENCED,,DIM_MEMBER;DIM_MEMBER_STATUS_HISTORY,IDENTITY_MEMBER_XREF,N,1619078,1619078,6,
CRM_MEMBER,HMPG_ID,REFERENCED,,DIM_MEMBER_IDENTITY,IDENTITY_MEMBER_XREF,Y,796125,796125,786896,
CRM_MEMBER,ENTRPS_NM,DROPPED,,DIM_MEMBER;DIM_MEMBER_IDENTITY;DIM_MEMBER_STATUS_HISTORY;FACT_MEMBER_EVENT;FACT_MEMBER_MONTHLY,IDENTITY_MEMBER_XREF,N,36,36,31,
CRM_MEMBER,EMAIL_RECPTN,DROPPED,,DIM_MEMBER;DIM_MEMBER_IDENTITY;DIM_MEMBER_STATUS_HISTORY;FACT_MEMBER_EVENT;FACT_MEMBER_MONTHLY,IDENTITY_MEMBER_XREF,N,1735298,1735298,20,
CRM_MEMBER,PSTMTR_RECPTN,DROPPED,,DIM_MEMBER;DIM_MEMBER_IDENTITY;DIM_MEMBER_STATUS_HISTORY;FACT_MEMBER_EVENT;FACT_MEMBER_MONTHLY,IDENTITY_MEMBER_XREF,N,1735537,1735537,16,
CRM_MEMBER,FRST_REGIST_DT,REFERENCED,,DIM_MEMBER_STATUS_HISTORY;FACT_MEMBER_EVENT;FACT_MEMBER_MONTHLY,IDENTITY_MEMBER_XREF,N,1796797,1796797,1666755,
CRM_MEMBER,EMAIL_STAT_CD,DROPPED,,DIM_MEMBER;DIM_MEMBER_IDENTITY;DIM_MEMBER_STATUS_HISTORY;FACT_MEMBER_EVENT;FACT_MEMBER_MONTHLY,IDENTITY_MEMBER_XREF,N,745054,745054,4,
CRM_MEMBER,ETC_CTTPC_REL_CD,DROPPED,,DIM_MEMBER;DIM_MEMBER_IDENTITY;DIM_MEMBER_STATUS_HISTORY;FACT_MEMBER_EVENT;FACT_MEMBER_MONTHLY,IDENTITY_MEMBER_XREF,N,126628,126628,14,
CRM_MEMBER,ETC_CTTPC_STAT_CD,DROPPED,,DIM_MEMBER;DIM_MEMBER_IDENTITY;DIM_MEMBER_STATUS_HISTORY;FACT_MEMBER_EVENT;FACT_MEMBER_MONTHLY,IDENTITY_MEMBER_XREF,N,344032,344032,3,
CRM_MEMBER,ETC_TSTM_DIV_CD,DROPPED,,DIM_MEMBER;DIM_MEMBER_IDENTITY;DIM_MEMBER_STATUS_HISTORY;FACT_MEMBER_EVENT;FACT_MEMBER_MONTHLY,IDENTITY_MEMBER_XREF,N,1089670,1089670,4,
CRM_MEMBER,MOBLPHON_STAT_CD,DROPPED,,DIM_MEMBER;DIM_MEMBER_IDENTITY;DIM_MEMBER_STATUS_HISTORY;FACT_MEMBER_EVENT;FACT_MEMBER_MONTHLY,IDENTITY_MEMBER_XREF,N,1610057,1610057,3,
CRM_MEMBER,REL_CD,DROPPED,,DIM_MEMBER;DIM_MEMBER_IDENTITY;DIM_MEMBER_STATUS_HISTORY;FACT_MEMBER_EVENT;FACT_MEMBER_MONTHLY,IDENTITY_MEMBER_XREF,N,9778,9778,12,
CRM_MEMBER,RELATNSP_DIV_CD,DROPPED,,DIM_MEMBER;DIM_MEMBER_IDENTITY;DIM_MEMBER_STATUS_HISTORY;FACT_MEMBER_EVENT;FACT_MEMBER_MONTHLY,IDENTITY_MEMBER_XREF,N,1619035,1619035,4,
CRM_MEMBER,SLRCLD_LRR_CD,DROPPED,,DIM_MEMBER;DIM_MEMBER_IDENTITY;DIM_MEMBER_STATUS_HISTORY;FACT_MEMBER_EVENT;FACT_MEMBER_MONTHLY,IDENTITY_MEMBER_XREF,N,1302746,1302746,4,
CRM_MEMBER,TSTM_DIV_CD,DROPPED,,DIM_MEMBER;DIM_MEMBER_IDENTITY;DIM_MEMBER_STATUS_HISTORY;FACT_MEMBER_EVENT;FACT_MEMBER_MONTHLY,IDENTITY_MEMBER_XREF,N,1165748,1165748,4,
CRM_MEMBER,CHRCTR_RECPTN_YN,REFERENCED,,DIM_MEMBER,IDENTITY_MEMBER_XREF,N,1734480,1734480,2,
CRM_MEMBER,SPECL_MNG_CD1,REFERENCED,,DIM_MEMBER,IDENTITY_MEMBER_XREF,N,1378277,1378277,20,
CRM_MEMBER,FDRM_MBER_TRNSFER_FG,REFERENCED,,DIM_MEMBER,IDENTITY_MEMBER_XREF,N,4571,4571,1,
CRM_MEMBER_AMT_CHANGE,OCCRRNC_DE,REFERENCED,,FACT_MEMBER_MONTHLY,,,334628,334628,7739,
CRM_MEMBER_AMT_CHANGE,SER_NO,DROPPED,,FACT_MEMBER_MONTHLY,,,334628,334628,330106,
CRM_MEMBER_AMT_CHANGE,MBER_NO,REFERENCED,,FACT_MEMBER_MONTHLY,,,334628,334628,206121,
CRM_MEMBER_AMT_CHANGE,SPNSR_AMT,REFERENCED,,FACT_MEMBER_MONTHLY,,,334628,334367,698,
CRM_MEMBER_AMT_CHANGE,RDCAMT_YN,REFERENCED,,FACT_MEMBER_MONTHLY,,,334628,334628,2,
CRM_MEMBER_AMT_CHANGE,ACMSLT_DEPT_CD,DROPPED,,FACT_MEMBER_MONTHLY,,,328127,328127,306,
CRM_MEMBER_AMT_CHANGE,CMPGN_CD,DROPPED,,FACT_MEMBER_MONTHLY,,,328260,328260,11101,
CRM_MEMBER_AMT_CHANGE,AREA_CD,DROPPED,,FACT_MEMBER_MONTHLY,,,328154,328154,19,
CRM_MEMBER_AMT_CHANGE,AREA_NM,DROPPED,,FACT_MEMBER_MONTHLY,,,326812,326812,18,
CRM_MEMBER_AMT_CHANGE,AGE,DROPPED,,FACT_MEMBER_MONTHLY,,,328154,328154,12,
CRM_MEMBER_AMT_CHANGE,MBER_DIV_CD,DROPPED,,FACT_MEMBER_MONTHLY,,,328155,328155,3,
CRM_MEMBER_AMT_CHANGE,SETLE_CD,REFERENCED,,FACT_MEMBER_MONTHLY,,,328154,328154,7,
CRM_MEMBER_AMT_CHANGE,SEX,DROPPED,,FACT_MEMBER_MONTHLY,,,328154,328154,9,
CRM_MEMBER_AMT_CHANGE,SPNSR_AMT_CD,DROPPED,,FACT_MEMBER_MONTHLY,,,328154,328154,5,
CRM_MEMBER_AMT_CHANGE,SPNSR_TIME_CO,DROPPED,,FACT_MEMBER_MONTHLY,,,328268,310034,24,
CRM_MEMBER_CONVERT_HIST,MBER_NO,NO_CONSUMER,,,,,7225,7225,7332,
CRM_MEMBER_CONVERT_HIST,ONCE_MBER_NO,NO_CONSUMER,,,,,7225,7225,7295,
CRM_MEMBER_CONVERT_HIST,FRST_REGIST_DT,NO_CONSUMER,,,,,7225,7225,5220,
CRM_MEMBER_DEV,SPNSR_NO,REFERENCED,,FACT_MEMBER_EVENT;FACT_MEMBER_SPONSORSHIP_SPAN,,,3684236,3684236,2141818,
CRM_MEMBER_DEV,SPNSR_BSNS_NO,REFERENCED,,FACT_MEMBER_EVENT;FACT_MEMBER_SPONSORSHIP_SPAN,,,3684236,3684236,2251383,
CRM_MEMBER_DEV,OCCRRNC_DE,REFERENCED,,DIM_MEMBER_STATUS_HISTORY;FACT_MEMBER_EVENT;FACT_MEMBER_SPONSORSHIP_SPAN,,,3684236,3684236,9905,
CRM_MEMBER_DEV,SER_NO,REFERENCED,,DIM_MEMBER_STATUS_HISTORY;FACT_MEMBER_EVENT;FACT_MEMBER_SPONSORSHIP_SPAN,,,3684236,3684236,3599483,
CRM_MEMBER_DEV,MBER_NO,REFERENCED,,DIM_MEMBER_STATUS_HISTORY;FACT_MEMBER_EVENT;FACT_MEMBER_SPONSORSHIP_SPAN,,,3684236,3684236,1606521,
CRM_MEMBER_DEV,SPNSR_BSNS_ID,REFERENCED,,DIM_MEMBER_STATUS_HISTORY;FACT_MEMBER_EVENT;FACT_MEMBER_SPONSORSHIP_SPAN,,,3684236,3684236,29,
CRM_MEMBER_DEV,SPNSR_AMT,REFERENCED,,FACT_MEMBER_EVENT;FACT_MEMBER_SPONSORSHIP_SPAN,,,3684236,3684185,1275,
CRM_MEMBER_DEV,DVLP_DIV_CD,REFERENCED,,FACT_MEMBER_EVENT;FACT_MEMBER_SPONSORSHIP_SPAN,,,3684236,3684236,5,
CRM_MEMBER_DEV,DVLP_DIV_NM,REFERENCED,,FACT_MEMBER_EVENT,,,3684236,3684236,5,
CRM_MEMBER_DEV,ACT_DEPT_CD,DROPPED,,DIM_MEMBER_STATUS_HISTORY;FACT_MEMBER_EVENT;FACT_MEMBER_SPONSORSHIP_SPAN,,,3684222,3684222,372,
CRM_MEMBER_DEV,ACMSLT_DEPT_CD,REFERENCED,,FACT_MEMBER_EVENT;FACT_MEMBER_SPONSORSHIP_SPAN,,,3684228,3684228,355,
CRM_MEMBER_DEV,CMPGN_CD,REFERENCED,,DIM_MEMBER_STATUS_HISTORY;FACT_MEMBER_EVENT;FACT_MEMBER_SPONSORSHIP_SPAN,,,3684236,3684236,17059,
CRM_MEMBER_DEV,SETLE_CD,DROPPED,,DIM_MEMBER_STATUS_HISTORY;FACT_MEMBER_EVENT;FACT_MEMBER_SPONSORSHIP_SPAN,,,3684236,3684236,7,
CRM_MEMBER_DEV,AREA_CD,REFERENCED,,DIM_MEMBER_STATUS_HISTORY;FACT_MEMBER_EVENT,,,3684230,3684230,19,
CRM_MEMBER_DEV,AREA_NM,REFERENCED,,FACT_MEMBER_EVENT,,,3663533,3663533,18,
CRM_MEMBER_DEV,AGE,REFERENCED,,DIM_MEMBER_STATUS_HISTORY;FACT_MEMBER_EVENT,,,3684236,3684236,12,
CRM_MEMBER_DEV,CANCL_RDCAMT_RSN_CD,DROPPED,,DIM_MEMBER_STATUS_HISTORY;FACT_MEMBER_EVENT;FACT_MEMBER_SPONSORSHIP_SPAN,,,1344783,1344783,31,
CRM_MEMBER_DEV,MBER_DIV_CD,REFERENCED,,DIM_MEMBER_STATUS_HISTORY,,,3684236,3684236,3,
CRM_MEMBER_DEV,SEX,REFERENCED,,DIM_MEMBER_STATUS_HISTORY;FACT_MEMBER_EVENT,,,3684236,3684236,9,
CRM_MEMBER_DEV,SPNSR_AMT_CD,DROPPED,,DIM_MEMBER_STATUS_HISTORY;FACT_MEMBER_EVENT;FACT_MEMBER_SPONSORSHIP_SPAN,,,3684236,3684236,5,
CRM_MEMBER_DEV,MBER_INFLOW_PATH_CD,REFERENCED,,FACT_MEMBER_EVENT;FACT_MEMBER_SPONSORSHIP_SPAN,,,3683281,3683281,12,
CRM_MEMBER_DEV,MBER_INFLOW_PATH_NM,REFERENCED,,FACT_MEMBER_EVENT;FACT_MEMBER_SPONSORSHIP_SPAN,,,3683281,3683281,12,
CRM_MEMBER_DEV,CMPGN_CTGR_CD,REFERENCED,,FACT_MEMBER_EVENT;FACT_MEMBER_SPONSORSHIP_SPAN,,,3683281,3683281,57,
CRM_MEMBER_DEV,CMPGN_CTGR_NM,REFERENCED,,FACT_MEMBER_EVENT;FACT_MEMBER_SPONSORSHIP_SPAN,,,3683281,3683281,57,
CRM_MEMBER_DEV,CMPGN_TYPE1_BSN,REFERENCED,,FACT_MEMBER_EVENT;FACT_MEMBER_SPONSORSHIP_SPAN,,,3683281,3683281,4,
CRM_MEMBER_DEV,CMPGN_TYPE1_NM,REFERENCED,,FACT_MEMBER_EVENT;FACT_MEMBER_SPONSORSHIP_SPAN,,,3683281,3683281,4,
CRM_MEMBER_DEV,CMPGN_TYPE2_BSN,REFERENCED,,FACT_MEMBER_EVENT;FACT_MEMBER_SPONSORSHIP_SPAN,,,3683281,3683281,4,
CRM_MEMBER_DEV,CMPGN_TYPE2_NM,REFERENCED,,FACT_MEMBER_EVENT;FACT_MEMBER_SPONSORSHIP_SPAN,,,3683281,3683281,4,
CRM_MEMBER_DEV,MKTG_CMPGN_NM,REFERENCED,,FACT_MEMBER_EVENT;FACT_MEMBER_SPONSORSHIP_SPAN,,,3683281,3683281,562,
CRM_MEMBER_DEV,MK_CMPGN_NM,REFERENCED,,FACT_MEMBER_EVENT;FACT_MEMBER_SPONSORSHIP_SPAN,,,3683281,3683281,552,
CRM_MEMBER_DEV,CMMN_BRND,REFERENCED,,FACT_MEMBER_EVENT;FACT_MEMBER_SPONSORSHIP_SPAN,,,3683281,3683281,16,
CRM_MEMBER_DEV,CMMN_BRND_NM,REFERENCED,,FACT_MEMBER_EVENT;FACT_MEMBER_SPONSORSHIP_SPAN,,,3683281,3683281,16,
CRM_MEMBER_DEV,MKTG_UTM,REFERENCED,,FACT_MEMBER_EVENT;FACT_MEMBER_SPONSORSHIP_SPAN,,,886137,886137,254,
CRM_MEMBER_DEV,MKTG_UTM_NM,REFERENCED,,FACT_MEMBER_EVENT;FACT_MEMBER_SPONSORSHIP_SPAN,,,886137,886137,247,
CRM_MEMBER_DEV,MKTG_CHANNEL,REFERENCED,,FACT_MEMBER_EVENT,,,3683281,3683281,124,
CRM_MEMBER_DEV,MKTG_CHANNEL_NM,REFERENCED,,FACT_MEMBER_EVENT,,,3683281,3683281,124,
CRM_MEMBER_DEV,SPNSR_DIV_CD,REFERENCED,,FACT_MEMBER_EVENT;FACT_MEMBER_SPONSORSHIP_SPAN,,,3684218,3684218,2,
CRM_MEMBER_DEV,SPNSR_DIV_NM,REFERENCED,,FACT_MEMBER_EVENT;FACT_MEMBER_SPONSORSHIP_SPAN,,,3684218,3684218,2,
CRM_MEMBER_DEV,CPR_DIV_CD,REFERENCED,,FACT_MEMBER_EVENT;FACT_MEMBER_SPONSORSHIP_SPAN,,,3684218,3684218,3,
CRM_MEMBER_DEV,CPR_DIV_NM,REFERENCED,,FACT_MEMBER_EVENT;FACT_MEMBER_SPONSORSHIP_SPAN,,,3684218,3684218,3,
CRM_MEMBER_DEV,BRND_NM,REFERENCED,,FACT_MEMBER_EVENT;FACT_MEMBER_SPONSORSHIP_SPAN,,,3684218,3684218,69,
CRM_MEMBER_DEV,PARENT_CAMPAIGN_NAME,REFERENCED,,FACT_MEMBER_EVENT;FACT_MEMBER_SPONSORSHIP_SPAN,,,3684218,3684218,1111,
CRM_MEMBER_DEV,PROMO_METHOD_NAME,REFERENCED,,FACT_MEMBER_EVENT;FACT_MEMBER_SPONSORSHIP_SPAN,,,3684218,3684218,91,
CRM_MEMBER_DEV,SRC_LOAD_DT,DROPPED,,DIM_MEMBER_STATUS_HISTORY;FACT_MEMBER_EVENT;FACT_MEMBER_SPONSORSHIP_SPAN,,,3684236,3684236,2,
CRM_MEMBER_DEV,SPNSR_TIME_CO,DROPPED,,DIM_MEMBER_STATUS_HISTORY;FACT_MEMBER_EVENT;FACT_MEMBER_SPONSORSHIP_SPAN,,,3684236,3490403,24,
CRM_MEMBER_DISCONTINUE,MBER_NO,REFERENCED,,DIM_MEMBER_STATUS_HISTORY;FACT_MEMBER_EVENT,,,1072829,1072829,901514,
CRM_MEMBER_DISCONTINUE,SPNSR_DSCNTC_DE,REFERENCED,,DIM_MEMBER_STATUS_HISTORY;FACT_MEMBER_EVENT,,,1072829,1072829,6644,
CRM_MEMBER_DISCONTINUE,SER_NO,REFERENCED,,DIM_MEMBER_STATUS_HISTORY;FACT_MEMBER_EVENT,,,1072829,1072829,1085050,
CRM_MEMBER_DISCONTINUE,DSCNTC_RSN_CD,REFERENCED,,FACT_MEMBER_EVENT,,,1072829,1072829,20,
CRM_MEMBER_DISCONTINUE,DSCNTC_RSN_NM,REFERENCED,,FACT_MEMBER_EVENT,,,1072829,1072829,20,
CRM_MEMBER_DISCONTINUE,DSCNTC_PATH,REFERENCED,,FACT_MEMBER_EVENT,,,1072829,1072829,3,
CRM_MEMBER_DISCONTINUE,DSCNTC_PATH_NM,REFERENCED,,FACT_MEMBER_EVENT,,,1072829,1072829,3,
CRM_MEMBER_DISCONTINUE,REGIST_DEPT_CD,DROPPED,,DIM_MEMBER_STATUS_HISTORY;FACT_MEMBER_EVENT,,,960515,960515,54,
CRM_MEMBER_RESPONSOR,MBER_NO,NO_CONSUMER,,,,,119574,119574,101013,
CRM_MEMBER_RESPONSOR,SER_NO,NO_CONSUMER,,,,,119574,119574,118270,
CRM_MEMBER_RESPONSOR,RE_SPNSR_DE,NO_CONSUMER,,,,,119574,119574,6641,
CRM_MEMBER_RESPONSOR,REGIST_DEPT_CD,NO_CONSUMER,,,,,89684,89684,314,
CRM_MEMBER_SPONSOR_BIZ,SPNSR_NO,SILVER_ONLY_CHAIN,,,CRM_MEMBER_SPONSOR_SPAN;CRM_SPONSOR_RELATION,Y,2217283,2217283,2141818,
CRM_MEMBER_SPONSOR_BIZ,SPNSR_BSNS_NO,SILVER_ONLY_CHAIN,,,CRM_MEMBER_SPONSOR_SPAN;CRM_SPONSOR_RELATION,Y,2217283,2217283,2251383,
CRM_MEMBER_SPONSOR_BIZ,SPNSR_BSNS_ID,SILVER_ONLY_CHAIN,,,CRM_MEMBER_SPONSOR_SPAN;CRM_SPONSOR_RELATION,Y,2217283,2217283,29,
CRM_MEMBER_SPONSOR_BIZ,SPNSR_AMT,SILVER_ONLY_CHAIN,,,CRM_MEMBER_SPONSOR_SPAN,Y,2217283,2217233,599,
CRM_MEMBER_SPONSOR_BIZ,SPNSR_DSCNTC_YN,SILVER_ONLY_CHAIN,,,CRM_MEMBER_SPONSOR_SPAN,Y,2217283,2217283,2,
CRM_MEMBER_SPONSOR_BIZ,SPNSR_DSCNTC_DE,SILVER_ONLY_CHAIN,,,CRM_MEMBER_SPONSOR_SPAN,Y,1377060,1377060,7384,
CRM_MEMBER_SPONSOR_BIZ,SPNSR_DSCNTC_RSN_CD,SILVER_ONLY_CHAIN,,,CRM_MEMBER_SPONSOR_SPAN;CRM_SPONSOR_RELATION,N,1377053,1377053,28,
CRM_MEMBER_SPONSOR_SPAN,MBER_NO,REFERENCED,,FACT_MEMBER_EVENT;FACT_MEMBER_MONTHLY;FACT_MEMBER_SPONSORSHIP_SPAN,,,2217153,2217153,1606521,
CRM_MEMBER_SPONSOR_SPAN,SPNSR_NO,REFERENCED,,FACT_MEMBER_EVENT;FACT_MEMBER_SPONSORSHIP_SPAN,,,2217153,2217153,2141818,
CRM_MEMBER_SPONSOR_SPAN,SPNSR_BSNS_NO,REFERENCED,,FACT_MEMBER_EVENT;FACT_MEMBER_MONTHLY;FACT_MEMBER_SPONSORSHIP_SPAN,,,2217153,2217153,2251383,
CRM_MEMBER_SPONSOR_SPAN,SPNSR_BSNS_ID,REFERENCED,,FACT_MEMBER_EVENT;FACT_MEMBER_MONTHLY;FACT_MEMBER_SPONSORSHIP_SPAN,,,2217153,2217153,29,
CRM_MEMBER_SPONSOR_SPAN,SPNSR_AMT,REFERENCED,,FACT_MEMBER_EVENT;FACT_MEMBER_MONTHLY;FACT_MEMBER_SPONSORSHIP_SPAN,,,2217153,2217103,599,
CRM_MEMBER_SPONSOR_SPAN,START_MONTH_KEY,REFERENCED,,FACT_MEMBER_EVENT;FACT_MEMBER_MONTHLY;FACT_MEMBER_SPONSORSHIP_SPAN,,,2217060,2217060,431,
CRM_MEMBER_SPONSOR_SPAN,DSCNTC_MONTH_KEY,REFERENCED,,FACT_MEMBER_MONTHLY;FACT_MEMBER_SPONSORSHIP_SPAN,,,1376957,1376957,300,
CRM_MEMBER_SPONSOR_SPAN,SPNSR_DSCNTC_DE,REFERENCED,,FACT_MEMBER_EVENT,,,1376959,1376959,7382,
CRM_MEMBER_SPONSOR_SPAN,SPNSR_DSCNTC_YN,REFERENCED,,FACT_MEMBER_EVENT,,,2217153,2217153,2,
CRM_MEMBER_SPONSOR_SPAN,JOIN_PATH_CD,REFERENCED,,FACT_MEMBER_SPONSORSHIP_SPAN,,,2217153,2217153,6,
CRM_MEMBER_SPONSOR_SPAN,CMPGN_CD,REFERENCED,,FACT_MEMBER_EVENT;FACT_MEMBER_SPONSORSHIP_SPAN,,,2217153,2217153,17059,
CRM_MEMBER_SPONSOR_SPAN,ACMSLT_DEPT_CD,REFERENCED,,FACT_MEMBER_EVENT;FACT_MEMBER_SPONSORSHIP_SPAN,,,2217151,2217151,355,
CRM_MEMBER_STATUS_HIST,MBER_NO,REFERENCED,,DIM_MEMBER_STATUS_HISTORY,,,7715494,7715494,1265437,
CRM_MEMBER_STATUS_HIST,SER_NO,REFERENCED,,DIM_MEMBER_STATUS_HISTORY,,,7715494,7693991,2836533,
CRM_MEMBER_STATUS_HIST,BF_STAT_CD,REFERENCED,,DIM_MEMBER_STATUS_HISTORY,,,7715494,7715494,12,
CRM_MEMBER_STATUS_HIST,BF_STAT_NM,DROPPED,,DIM_MEMBER_STATUS_HISTORY,,,7715494,7715494,12,
CRM_MEMBER_STATUS_HIST,CHN_STAT_CD,REFERENCED,,DIM_MEMBER_STATUS_HISTORY,,,7715494,7715494,12,
CRM_MEMBER_STATUS_HIST,CHN_STAT_NM,DROPPED,,DIM_MEMBER_STATUS_HISTORY,,,7715494,7715494,12,
CRM_MEMBER_STATUS_HIST,EFFECTIVE_FROM,REFERENCED,,DIM_MEMBER_STATUS_HISTORY,,,7715494,7715494,1179566,
CRM_MEMBER_STATUS_HIST,EFFECTIVE_TO,REFERENCED,,DIM_MEMBER_STATUS_HISTORY,,,6420593,6420593,881161,
CRM_MEMBER_STATUS_HIST,IS_CURRENT,REFERENCED,,DIM_MEMBER_STATUS_HISTORY,,,7715494,1294901,2,
CRM_MKTNG_CODE,CD_ID,NO_CONSUMER,,,,,967,967,3,
CRM_MKTNG_CODE,DTL_CD_ID,NO_CONSUMER,,,,,967,967,576,
CRM_MKTNG_CODE,CD_NM,NO_CONSUMER,,,,,967,967,3,
CRM_MKTNG_CODE,DTL_CD_NM,NO_CONSUMER,,,,,967,967,938,
CRM_MKTNG_CODE,SORT_ORDR,NO_CONSUMER,,,,,967,967,591,
CRM_MKTNG_CODE,USE_YN,NO_CONSUMER,,,,,967,967,1,
CRM_MKTNG_CODE,RM,NO_CONSUMER,,,,,0,0,0,
CRM_MKTNG_CODE,CD_ATRB1,NO_CONSUMER,,,,,0,0,0,
CRM_MKTNG_CODE,CD_ATRB2,NO_CONSUMER,,,,,0,0,0,
CRM_MKTNG_CODE,CD_ATRB3,NO_CONSUMER,,,,,0,0,0,
CRM_MSG_TEMPLATE,SEND_CHANNEL,REFERENCED,,DIM_MSG_TEMPLATE;WIDE_MEMBER_SERVICE_COHORT,,,7048,7048,2,
CRM_MSG_TEMPLATE,TEMPLATE_KEY,REFERENCED,,DIM_MSG_TEMPLATE;WIDE_MEMBER_SERVICE_COHORT,,,7048,7048,6995,
CRM_MSG_TEMPLATE,CPR_DIV_CD,REFERENCED,,DIM_MSG_TEMPLATE;WIDE_MEMBER_SERVICE_COHORT,,,7047,7047,3,
CRM_MSG_TEMPLATE,SNDNG_CD_ID,REFERENCED,,DIM_MSG_TEMPLATE;WIDE_MEMBER_SERVICE_COHORT,,,7047,7047,12,
CRM_MSG_TEMPLATE,SNDNG_DTL_CD_ID,REFERENCED,,DIM_MSG_TEMPLATE;WIDE_MEMBER_SERVICE_COHORT,,,7047,7047,244,
CRM_MSG_TEMPLATE,ATMC_YN,REFERENCED,,DIM_MSG_TEMPLATE,,,7046,7046,2,
CRM_MSG_TEMPLATE,TIT,REFERENCED,,DIM_MSG_TEMPLATE,,,7046,7046,7072,
CRM_MSG_TEMPLATE,TEMPLATE_CTNT,REFERENCED,,DIM_MSG_TEMPLATE,,,7047,7047,5891,
CRM_MSG_TEMPLATE,WRITNG_DEPT_ID,REFERENCED,,DIM_MSG_TEMPLATE,,,7033,7033,14,
CRM_MSG_TEMPLATE,WRITNG_DEPT_NM,REFERENCED,,DIM_MSG_TEMPLATE,,,7033,7033,22,
CRM_MSG_TEMPLATE,CHRG_DEPT_ID,REFERENCED,,DIM_MSG_TEMPLATE;WIDE_MEMBER_SERVICE_COHORT,,,7046,7046,16,
CRM_MSG_TEMPLATE,APRV_STAT_CD,REFERENCED,,DIM_MSG_TEMPLATE,,,6591,6591,4,
CRM_MSG_TEMPLATE,APRV_FAILR_CTNT,REFERENCED,,DIM_MSG_TEMPLATE,,,858,858,243,
CRM_MSG_TEMPLATE,TEMPLATE_RM,REFERENCED,,DIM_MSG_TEMPLATE,,,39,39,25,
CRM_MSG_TEMPLATE,ALTRTV_MSG_SNDNG_YN,REFERENCED,,DIM_MSG_TEMPLATE,,,6194,6194,1,
CRM_MSG_TEMPLATE,ALTRTV_MSG_TMPLAT_KEY,REFERENCED,,DIM_MSG_TEMPLATE,,,958,71,61,
CRM_MSG_TEMPLATE,ALTRTV_MSG_CTNT,REFERENCED,,DIM_MSG_TEMPLATE,,,6586,6586,5542,
CRM_MSG_TEMPLATE,ALTRTV_MSG_ATCHFL_ID,REFERENCED,,DIM_MSG_TEMPLATE,,,0,0,0,
CRM_MSG_TEMPLATE,WRITNG_GUIDE_ATCHFL_ID,REFERENCED,,DIM_MSG_TEMPLATE,,,2730,2730,2736,
CRM_MSG_TEMPLATE,USE_YN,REFERENCED,,DIM_MSG_TEMPLATE,,,6591,6591,2,
CRM_MSG_TEMPLATE,FRST_REGIST_DT,REFERENCED,,DIM_MSG_TEMPLATE,,,7048,7048,7041,
CRM_MSG_TEMPLATE,LAST_UPDT_DT,REFERENCED,,DIM_MSG_TEMPLATE,,,7048,7048,7093,
CRM_MSG_TEMPLATE_BUTTON,TMPLAT_ID,REFERENCED,,DIM_MSG_TEMPLATE;DIM_MSG_TEMPLATE_BUTTON,,,5661,5661,5214,
CRM_MSG_TEMPLATE_BUTTON,BTN_SEQ,REFERENCED,,DIM_MSG_TEMPLATE_BUTTON,,,5661,5661,5565,
CRM_MSG_TEMPLATE_BUTTON,BTN_TY_CD,REFERENCED,,DIM_MSG_TEMPLATE_BUTTON,,,5661,5661,2,
CRM_MSG_TEMPLATE_BUTTON,BTN_NM,REFERENCED,,DIM_MSG_TEMPLATE_BUTTON,,,5661,5661,704,
CRM_MSG_TEMPLATE_BUTTON,ANDROID_URL,REFERENCED,,DIM_MSG_TEMPLATE_BUTTON,,,59,59,23,
CRM_MSG_TEMPLATE_BUTTON,IOS_URL,REFERENCED,,DIM_MSG_TEMPLATE_BUTTON,,,60,60,24,
CRM_MSG_TEMPLATE_BUTTON,MOBILE_URL,REFERENCED,,DIM_MSG_TEMPLATE_BUTTON,,,5613,5613,2793,
CRM_MSG_TEMPLATE_BUTTON,PC_URL,REFERENCED,,DIM_MSG_TEMPLATE_BUTTON,,,4006,4006,1846,
CRM_MSG_TEMPLATE_BUTTON,FRST_REGIST_DT,REFERENCED,,DIM_MSG_TEMPLATE,,,5661,5661,5379,
CRM_MSG_TEMPLATE_BUTTON,LAST_UPDT_DT,REFERENCED,,DIM_MSG_TEMPLATE,,,5661,5661,5429,
CRM_ORG,DEPT_ID,REFERENCED,,DIM_ORG;WIDE_MEMBER_SERVICE_COHORT,,,1314,1314,1318,
CRM_ORG,DEPT_NM,REFERENCED,,DIM_ORG;WIDE_MEMBER_SERVICE_COHORT,,,1314,1314,697,
CRM_ORG,UPPER_DEPT_ID,REFERENCED,,DIM_ORG,,,1314,1314,321,
CRM_ORG,ACMSLT_UPPER_DEPT_ID,REFERENCED,,DIM_ORG,,,1014,1014,477,
CRM_ORG,ACMSLT_DEPT_YN,REFERENCED,,DIM_ORG,,,1170,1170,2,
CRM_ORG,STATS_DEPT_LVL,DROPPED,,DIM_ORG;WIDE_MEMBER_SERVICE_COHORT,,,8,5,2,
CRM_ORG,USE_YN,REFERENCED,,DIM_ORG,,,1314,1314,2,
CRM_ORG,SORT_ORDR,DROPPED,,DIM_ORG;WIDE_MEMBER_SERVICE_COHORT,,,3,0,1,
CRM_ORG,LAST_UPDT_DT,REFERENCED,,DIM_ORG,,,1288,1288,131,
CRM_PAYMENT_BILLING,PAY_KEY,DROPPED,,FACT_MEMBER_EVENT;FACT_MEMBER_FEE;FACT_MEMBER_MONTHLY,,,50300854,50300854,50388091,
CRM_PAYMENT_BILLING,PAYMENT_TYPE,REFERENCED,,FACT_MEMBER_FEE;FACT_MEMBER_MONTHLY,,,50300854,50300854,2,
CRM_PAYMENT_BILLING,MBER_NO,REFERENCED,,FACT_MEMBER_EVENT;FACT_MEMBER_FEE;FACT_MEMBER_MONTHLY,,,50300849,50300849,1337289,
CRM_PAYMENT_BILLING,SPNSR_BSNS_ID,REFERENCED,,FACT_MEMBER_EVENT;FACT_MEMBER_FEE;FACT_MEMBER_MONTHLY,,,50213863,50213863,36,
CRM_PAYMENT_BILLING,RELATNSP_KEY,DROPPED,,FACT_MEMBER_EVENT;FACT_MEMBER_FEE;FACT_MEMBER_MONTHLY,,,13317864,13262218,421697,
CRM_PAYMENT_BILLING,MBRFEE_MT,REFERENCED,,FACT_MEMBER_EVENT;FACT_MEMBER_FEE;FACT_MEMBER_MONTHLY,,,49166964,49166964,254,
CRM_PAYMENT_BILLING,MBRFEE_SQNC,REFERENCED,,FACT_MEMBER_MONTHLY,,,48833563,48833563,52,
CRM_PAYMENT_BILLING,RQEST_AMT,REFERENCED,,FACT_MEMBER_FEE;FACT_MEMBER_MONTHLY,,,49166964,49166779,3548,
CRM_PAYMENT_BILLING,RQEST_DE,REFERENCED,,FACT_MEMBER_FEE;FACT_MEMBER_MONTHLY,,,49166964,49166964,4142,
CRM_PAYMENT_BILLING,PAY_AMT,REFERENCED,,FACT_MEMBER_FEE;FACT_MEMBER_MONTHLY,,,50149181,43497550,31081,
CRM_PAYMENT_BILLING,PAY_DE,REFERENCED,,FACT_MEMBER_EVENT;FACT_MEMBER_FEE;FACT_MEMBER_MONTHLY,,,43500692,43500692,6073,
CRM_PAYMENT_BILLING,PAY_STAT_CD,REFERENCED,,FACT_MEMBER_FEE;FACT_MEMBER_MONTHLY,,,50149862,50149862,2,
CRM_PAYMENT_BILLING,SETLE_CD,REFERENCED,,FACT_MEMBER_FEE;FACT_MEMBER_MONTHLY,,,50194566,50194566,11,
CRM_PAYMENT_BILLING,GFT_DIV_CD,DROPPED,,FACT_MEMBER_EVENT;FACT_MEMBER_FEE;FACT_MEMBER_MONTHLY,,,87487,87487,7,
CRM_PAYMENT_BILLING,RQEST_RST_CD,REFERENCED,,FACT_MEMBER_MONTHLY,,,49007546,49007546,100,
CRM_PAYMENT_BILLING,PRCS_RST_CD,DROPPED,,FACT_MEMBER_EVENT;FACT_MEMBER_FEE;FACT_MEMBER_MONTHLY,,,48830162,48830162,7,
CRM_PAYMENT_BILLING,CPR_DIV_CD,REFERENCED,,FACT_MEMBER_EVENT,,,50300693,50300693,3,
CRM_PAYMENT_BILLING,MBER_DIV_CD,DROPPED,,FACT_MEMBER_EVENT;FACT_MEMBER_FEE;FACT_MEMBER_MONTHLY,,,49166964,49166964,3,
CRM_PAYMENT_BILLING,MBRFEE_DIV_CD,REFERENCED,,FACT_MEMBER_FEE;FACT_MEMBER_MONTHLY,,,49166964,49166964,4,
CRM_PAYMENT_BILLING,OPERT_DIV_CD,DROPPED,,FACT_MEMBER_EVENT;FACT_MEMBER_FEE;FACT_MEMBER_MONTHLY,,,49163332,49163332,6,
CRM_PAYMENT_BILLING,MBRFEE_PRCS_STAT_CD,DROPPED,,FACT_MEMBER_EVENT;FACT_MEMBER_FEE;FACT_MEMBER_MONTHLY,,,49166964,49166964,3,
CRM_PAYMENT_BILLING,RETUN_RSN_CD,DROPPED,,FACT_MEMBER_EVENT;FACT_MEMBER_FEE;FACT_MEMBER_MONTHLY,,,16313,16313,11,
CRM_PAYMENT_BILLING,RQEST_DIV_CD,DROPPED,,FACT_MEMBER_EVENT;FACT_MEMBER_FEE;FACT_MEMBER_MONTHLY,,,49159699,49159699,4,
CRM_PAYMENT_BILLING,RQEST_MT,DROPPED,,FACT_MEMBER_EVENT;FACT_MEMBER_FEE;FACT_MEMBER_MONTHLY,,,49166964,49166964,218,
CRM_PAYMENT_BILLING,RQEST_SQNC,DROPPED,,FACT_MEMBER_EVENT;FACT_MEMBER_FEE;FACT_MEMBER_MONTHLY,,,49166964,49165635,69,
CRM_PAYMENT_BILLING,TOGETH_WTDRW_YN,DROPPED,,FACT_MEMBER_EVENT;FACT_MEMBER_FEE;FACT_MEMBER_MONTHLY,,,49166964,49166964,2,
CRM_PAYMENT_BILLING,SETLE_ENTRPS_CD,DROPPED,,FACT_MEMBER_EVENT;FACT_MEMBER_FEE;FACT_MEMBER_MONTHLY,,,49783642,49783642,167,
CRM_PAYMENT_BILLING,ONCE_CMPGN_CD,DROPPED,,FACT_MEMBER_EVENT;FACT_MEMBER_FEE;FACT_MEMBER_MONTHLY,,,1133890,1133890,988,
CRM_PAYMENT_BILLING,ACMSLT_DEPT_CD,REFERENCED,,FACT_MEMBER_EVENT,,,1124811,1124811,32,
CRM_PAYMENT_BILLING,USE_YN,DROPPED,,FACT_MEMBER_EVENT;FACT_MEMBER_FEE;FACT_MEMBER_MONTHLY,,,50300854,50300854,2,
CRM_PAYMENT_METHOD,SETLE_KEY,DROPPED,,DIM_PAYMENT,,,2611222,2611222,2640548,
CRM_PAYMENT_METHOD,MBER_NO,DROPPED,,DIM_PAYMENT,,,2611222,2611222,1607746,
CRM_PAYMENT_METHOD,SETLE_CD,REFERENCED,,DIM_PAYMENT,,,2611222,2611222,6,
CRM_PAYMENT_METHOD,SETLE_NM,REFERENCED,,DIM_PAYMENT,,,2611222,2611222,6,
CRM_PAYMENT_METHOD,CARD_DIV_CD,DROPPED,,DIM_PAYMENT,,,708948,708948,3,
CRM_PAYMENT_METHOD,FNLT_CD,DROPPED,,DIM_PAYMENT,,,738022,738022,109,
CRM_PAYMENT_METHOD,WTDRW_STRT_DE,DROPPED,,DIM_PAYMENT,,,2611222,2611222,9876,
CRM_PAYMENT_METHOD,SETLE_STAT_CD,DROPPED,,DIM_PAYMENT,,,2611222,2611222,9,
CRM_PAYMENT_METHOD,APPLCNT_MBER_REL_CD,DROPPED,,DIM_PAYMENT,,,2567070,2567070,14,
CRM_PAYMENT_METHOD,CPR_DIV_CD,DROPPED,,DIM_PAYMENT,,,2611222,2611222,2,
CRM_PAYMENT_METHOD,CRTFC_MTH_CD,DROPPED,,DIM_PAYMENT,,,1991992,1991992,5,
CRM_PAYMENT_METHOD,FNLT_DIV_CD,DROPPED,,DIM_PAYMENT,,,2520671,2520671,3,
CRM_PAYMENT_METHOD,RCEPT_DIV_CD,DROPPED,,DIM_PAYMENT,,,1769516,1769516,6,
CRM_PAYMENT_METHOD,RQST_DIV_CD,DROPPED,,DIM_PAYMENT,,,1769517,1769517,6,
CRM_PAYMENT_METHOD,WTDRW_ASMT_SQNC,DROPPED,,DIM_PAYMENT,,,2611222,2611222,2,
CRM_PAYMENT_METHOD,SETLE_ENTRPS_CD,DROPPED,,DIM_PAYMENT,,,2520332,2520332,54,
CRM_PAYMENT_METHOD,ACNUT_SER_NO,DROPPED,,DIM_PAYMENT,,,177361,177361,10,
CRM_PAYMENT_METHOD,PAYER_MBER_REL_CD,DROPPED,,DIM_PAYMENT,,,2449741,2449741,14,
CRM_PAYMENT_METHOD,APRV_YN,DROPPED,,DIM_PAYMENT,,,2581648,2581648,2,
CRM_PAYMENT_METHOD,FRST_BEGIN_DE,DROPPED,,DIM_PAYMENT,,,1694578,1694578,6838,
CRM_PAYMENT_METHOD,RQEST_EXCL_YN,DROPPED,,DIM_PAYMENT,,,2611222,2611222,2,
CRM_PAYMENT_METHOD,RQEST_EXCL_STRT_DE,DROPPED,,DIM_PAYMENT,,,351,351,126,
CRM_PAYMENT_METHOD,RQEST_EXCL_END_DE,DROPPED,,DIM_PAYMENT,,,351,351,18,
CRM_PAYMENT_METHOD,BF_SETLE_KEY,DROPPED,,DIM_PAYMENT,,,655544,655544,660300,
CRM_PAYMENT_METHOD,OPERT_DIV_CD,DROPPED,,DIM_PAYMENT,,,617594,617594,5,
CRM_PAYMENT_METHOD,CRTFC_TY_CD,DROPPED,,DIM_PAYMENT,,,968630,968630,6,
CRM_PAYMENT_METHOD,USE_YN,DROPPED,,DIM_PAYMENT,,,2611222,2611222,2,
CRM_PAYMENT_METHOD_HIST,SETLE_KEY,REFERENCED,,FACT_PAYMENT_METHOD_CHANGE,,,1098677,1098677,1099264,
CRM_PAYMENT_METHOD_HIST,UPDT_DT,REFERENCED,,FACT_PAYMENT_METHOD_CHANGE,,,1098677,1098677,1007926,
CRM_PAYMENT_METHOD_HIST,MBER_NO,REFERENCED,,FACT_PAYMENT_METHOD_CHANGE,,,1098677,1098677,468520,
CRM_PAYMENT_METHOD_HIST,CPR_DIV_CD,REFERENCED,,FACT_PAYMENT_METHOD_CHANGE,,,1098677,1098677,2,
CRM_PAYMENT_METHOD_HIST,SETLE_CD,REFERENCED,,FACT_PAYMENT_METHOD_CHANGE,,,1098677,1098677,6,
CRM_PAYMENT_METHOD_HIST,WTDRW_STRT_DE,REFERENCED,,FACT_PAYMENT_METHOD_CHANGE,,,1098675,1098675,9196,
CRM_PAYMENT_METHOD_HIST,WTDRW_ASMT_SQNC,REFERENCED,,FACT_PAYMENT_METHOD_CHANGE,,,1098675,1098675,2,
CRM_PAYMENT_METHOD_HIST,FNLT_DIV_CD,REFERENCED,,FACT_PAYMENT_METHOD_CHANGE,,,1036868,1036868,3,
CRM_PAYMENT_METHOD_HIST,FNLT_CD,REFERENCED,,FACT_PAYMENT_METHOD_CHANGE,,,332576,332576,106,
CRM_PAYMENT_METHOD_HIST,SETLE_ENTRPS_CD,REFERENCED,,FACT_PAYMENT_METHOD_CHANGE,,,1035716,1035716,56,
CRM_PAYMENT_METHOD_HIST,ACNUT_SER_NO,REFERENCED,,FACT_PAYMENT_METHOD_CHANGE,,,21699,21699,13,
CRM_PAYMENT_METHOD_HIST,CARD_DIV_CD,REFERENCED,,FACT_PAYMENT_METHOD_CHANGE,,,465976,465976,3,
CRM_PAYMENT_METHOD_HIST,ETC_CTTPC_REL_CD,REFERENCED,,FACT_PAYMENT_METHOD_CHANGE,,,74559,74559,14,
CRM_PAYMENT_METHOD_HIST,PAYER_MBER_REL_CD,REFERENCED,,FACT_PAYMENT_METHOD_CHANGE,,,982804,982804,14,
CRM_PAYMENT_METHOD_HIST,CRTFC_MTH_CD,REFERENCED,,FACT_PAYMENT_METHOD_CHANGE,,,710481,710481,5,
CRM_PAYMENT_METHOD_HIST,CRTFC_DE,REFERENCED,,FACT_PAYMENT_METHOD_CHANGE,,,345482,345482,3642,
CRM_PAYMENT_METHOD_HIST,FILE_SIZE,REFERENCED,,FACT_PAYMENT_METHOD_CHANGE,,,345589,345566,40475,
CRM_PAYMENT_METHOD_HIST,SETLE_STAT_CD,REFERENCED,,FACT_PAYMENT_METHOD_CHANGE,,,1098675,1098675,8,
CRM_PAYMENT_METHOD_HIST,BF_SETLE_STAT_CD,REFERENCED,,FACT_PAYMENT_METHOD_CHANGE,,,873723,873723,9,
CRM_PAYMENT_METHOD_HIST,RQST_DIV_CD,REFERENCED,,FACT_PAYMENT_METHOD_CHANGE,,,566754,566754,6,
CRM_PAYMENT_METHOD_HIST,RCEPT_DIV_CD,REFERENCED,,FACT_PAYMENT_METHOD_CHANGE,,,566744,566744,6,
CRM_PAYMENT_METHOD_HIST,APRV_YN,REFERENCED,,FACT_PAYMENT_METHOD_CHANGE,,,1091626,1091626,2,
CRM_PAYMENT_METHOD_HIST,APRV_REQUST_KEY,REFERENCED,,FACT_PAYMENT_METHOD_CHANGE,,,331756,275873,287893,
CRM_PAYMENT_METHOD_HIST,APRV_RST_KEY,REFERENCED,,FACT_PAYMENT_METHOD_CHANGE,,,467744,411897,404051,
CRM_PAYMENT_METHOD_HIST,FRST_BEGIN_DE,REFERENCED,,FACT_PAYMENT_METHOD_CHANGE,,,823122,823122,7749,
CRM_PAYMENT_METHOD_HIST,RQEST_EXCL_YN,REFERENCED,,FACT_PAYMENT_METHOD_CHANGE,,,1098675,1098675,2,
CRM_PAYMENT_METHOD_HIST,RQEST_EXCL_STRT_DE,REFERENCED,,FACT_PAYMENT_METHOD_CHANGE,,,260,260,62,
CRM_PAYMENT_METHOD_HIST,RQEST_EXCL_END_DE,REFERENCED,,FACT_PAYMENT_METHOD_CHANGE,,,260,260,10,
CRM_PAYMENT_METHOD_HIST,APPLCNT_ETC_CTTPC_REL_CD,REFERENCED,,FACT_PAYMENT_METHOD_CHANGE,,,80139,80139,14,
CRM_PAYMENT_METHOD_HIST,APPLCNT_MBER_REL_CD,REFERENCED,,FACT_PAYMENT_METHOD_CHANGE,,,1058539,1058539,14,
CRM_PAYMENT_METHOD_HIST,BF_SETLE_KEY,REFERENCED,,FACT_PAYMENT_METHOD_CHANGE,,,374779,374779,373360,
CRM_PAYMENT_METHOD_HIST,OPERT_DIV_CD,REFERENCED,,FACT_PAYMENT_METHOD_CHANGE,,,239975,239975,6,
CRM_PAYMENT_METHOD_HIST,CRTFC_TY_CD,REFERENCED,,FACT_PAYMENT_METHOD_CHANGE,,,568641,568641,6,
CRM_PAYMENT_METHOD_HIST,USE_YN,REFERENCED,,FACT_PAYMENT_METHOD_CHANGE,,,1098675,1098675,2,
CRM_PAYMENT_METHOD_HIST,REGIST_DT,REFERENCED,,FACT_PAYMENT_METHOD_CHANGE,,,1098677,1098677,609010,
CRM_RELATION_ACTIVITY,ACTIVITY_KEY,REFERENCED,,FACT_RELATION_ACTIVITY,,,401493,401493,399287,
CRM_RELATION_ACTIVITY,ACTIVITY_TYPE,REFERENCED,,FACT_MESSAGE_DISPATCH;FACT_RELATION_ACTIVITY,,,401493,401493,2,
CRM_RELATION_ACTIVITY,RELATNSP_KEY,REFERENCED,,FACT_MESSAGE_DISPATCH;FACT_RELATION_ACTIVITY,,,401493,401493,143159,
CRM_RELATION_ACTIVITY,MNG_NO,REFERENCED,,FACT_MESSAGE_DISPATCH;FACT_RELATION_ACTIVITY,,,401493,401493,433,
CRM_RELATION_ACTIVITY,GFTMNEY,REFERENCED,,FACT_RELATION_ACTIVITY,,,184533,184533,54,
CRM_RELATION_ACTIVITY,LETTER_DIV_CD,REFERENCED,,FACT_RELATION_ACTIVITY,,,216960,216960,3,
CRM_RELATION_ACTIVITY,RCEPT_DE,REFERENCED,,FACT_MESSAGE_DISPATCH;FACT_RELATION_ACTIVITY,,,216960,216960,4547,
CRM_RELATION_ACTIVITY,SNDNG_DE,REFERENCED,,FACT_MESSAGE_DISPATCH;FACT_RELATION_ACTIVITY,,,399501,399501,624,
CRM_RELATION_ACTIVITY,LETTER_STAT_CD,REFERENCED,,FACT_RELATION_ACTIVITY,,,216960,216960,3,
CRM_RELATION_ACTIVITY,LANG_CD,REFERENCED,,FACT_RELATION_ACTIVITY,,,206059,206059,391,
CRM_RELATION_ACTIVITY,ONLINE_POST_WRITNG_YN,REFERENCED,,FACT_RELATION_ACTIVITY,,,216757,216757,2,
CRM_RELATION_ACTIVITY,ONLINE_INFLOW_CD,REFERENCED,,FACT_RELATION_ACTIVITY,,,173836,173836,3,
CRM_RELATION_ACTIVITY,UNREPLY_RSN_CD,REFERENCED,,FACT_RELATION_ACTIVITY,,,17042,71,3,
CRM_RELATION_ACTIVITY,MBRFEE_KEY,REFERENCED,,FACT_RELATION_ACTIVITY,,,184533,184533,187775,
CRM_RELATION_ACTIVITY,SETLE_DE,REFERENCED,,FACT_RELATION_ACTIVITY,,,184533,184533,6257,
CRM_RELATION_ACTIVITY,SETLE_CD,REFERENCED,,FACT_RELATION_ACTIVITY,,,184530,184530,11,
CRM_RELATION_ACTIVITY,GFT_DIV_CD,REFERENCED,,FACT_RELATION_ACTIVITY,,,168877,168877,7,
CRM_RELATION_ACTIVITY,GFTMNEY_DOLLAR_AMT,REFERENCED,,FACT_RELATION_ACTIVITY,,,163426,163426,50,
CRM_RELATION_ACTIVITY,APRV_DE,REFERENCED,,FACT_RELATION_ACTIVITY,,,184532,184532,6257,
CRM_RELATION_ACTIVITY,TRNSFER_YN,REFERENCED,,FACT_RELATION_ACTIVITY,,,146581,146581,3,
CRM_RELATION_CHANGE,RELATNSP_KEY,REFERENCED,,FACT_RELATION_CHANGE,,,197734,197734,196181,
CRM_RELATION_CHANGE,CHG_YN,REFERENCED,,FACT_RELATION_CHANGE,,,87632,87632,5,
CRM_RELATION_CHANGE,CHG_RSN_CD,REFERENCED,,FACT_RELATION_CHANGE,,,197734,197664,13,
CRM_RELATION_CHANGE,CHG_RST_CD,REFERENCED,,FACT_RELATION_CHANGE,,,0,0,0,
CRM_RELATION_CHANGE,CHG_PERSON_ID,REFERENCED,,FACT_RELATION_CHANGE,,,197277,197277,216,
CRM_RELATION_CHANGE,CHG_DE,REFERENCED,,FACT_RELATION_CHANGE,,,197734,197734,3387,
CRM_RELATION_CHANGE,CHG_RELATNSP_KEY,REFERENCED,,FACT_RELATION_CHANGE,,,197734,197734,195939,
CRM_RELATION_DEV,OCCRRNC_DE,REFERENCED,,FACT_RELATION_DEV,,,1150605,1150605,7826,
CRM_RELATION_DEV,SER_NO,REFERENCED,,FACT_RELATION_DEV,,,1150605,1150605,1174940,
CRM_RELATION_DEV,SPNSR_NO,REFERENCED,,FACT_RELATION_DEV,,,1150605,1150605,644854,
CRM_RELATION_DEV,SPNSR_BSNS_NO,REFERENCED,,FACT_RELATION_DEV,,,1150605,1150605,672208,
CRM_RELATION_DEV,MBER_NO,REFERENCED,,FACT_RELATION_DEV,,,1150605,1150605,550501,
CRM_RELATION_DEV,SPNSR_AMT,REFERENCED,,FACT_RELATION_DEV,,,1150605,1150600,79,
CRM_RELATION_DEV,BF_STAT_CD,REFERENCED,,FACT_RELATION_DEV,,,1150605,1150605,7,
CRM_RELATION_DEV,AF_STAT_CD,REFERENCED,,FACT_RELATION_DEV,,,1150605,1150605,5,
CRM_RELATION_DEV,RELATNSP_DVLP_DIV_CD,REFERENCED,,FACT_RELATION_DEV,,,1150605,1150605,5,
CRM_RELATION_DEV,ACCNUT_STATS_CD,REFERENCED,,FACT_RELATION_DEV,,,1150605,1150605,9,
CRM_RELATION_DEV,CHILD_STATS_CD,REFERENCED,,FACT_RELATION_DEV,,,1150605,1150605,8,
CRM_SEND_MEMBER,SNDNG_KEY,REFERENCED,,FACT_MESSAGE_DISPATCH,,,43440831,43440831,1675643,
CRM_SEND_MEMBER,SNDNG_DTL_KEY,DROPPED,,FACT_MESSAGE_DISPATCH,,,43440831,43440831,33284732,
CRM_SEND_MEMBER,MBER_NO,REFERENCED,,FACT_MESSAGE_DISPATCH,,,43440831,43440831,1045449,
CRM_SEND_MEMBER,SNDNG_DE,REFERENCED,,FACT_MESSAGE_DISPATCH,,,43440831,43440831,1634325,
CRM_SEND_MEMBER,SNDNG_RST_CD,REFERENCED,,FACT_MESSAGE_DISPATCH,,,40476298,40476298,7,
CRM_SEND_MEMBER,SEND_CHANNEL,REFERENCED,,FACT_MESSAGE_DISPATCH,,,43440831,43440831,4,
CRM_SEND_MEMBER,SEND_STATUS_GROUP,REFERENCED,,FACT_MESSAGE_DISPATCH,,,22130322,22130322,1,
CRM_SEND_MEMBER,SEND_STATUS_NAME,REFERENCED,,FACT_MESSAGE_DISPATCH,,,22130322,22130322,3,
CRM_SEND_MEMBER,SEND_RESULT_CD,REFERENCED,,FACT_MESSAGE_DISPATCH,,,30713604,30713604,48,
CRM_SEND_MEMBER,SEND_RESULT_GROUP,REFERENCED,,FACT_MESSAGE_DISPATCH,,,28998604,28998604,4,
CRM_SEND_MEMBER,SEND_RESULT_NAME,REFERENCED,,FACT_MESSAGE_DISPATCH,,,28998604,28998604,31,
CRM_SEND_MEMBER,OPEN_DT,REFERENCED,,FACT_MESSAGE_DISPATCH,,,524428,524428,456753,
CRM_SEND_MEMBER,FRST_BRND_CD,REFERENCED,,FACT_MESSAGE_DISPATCH,,,4518035,4518035,65,
CRM_SEND_MEMBER,FRST_BRND_NM,REFERENCED,,FACT_MESSAGE_DISPATCH,,,4587504,4587504,66,
CRM_SEND_MEMBER,LST_BRND_CD,REFERENCED,,FACT_MESSAGE_DISPATCH,,,4518035,4518035,66,
CRM_SEND_MEMBER,LST_BRND_NM,REFERENCED,,FACT_MESSAGE_DISPATCH,,,5056180,5056180,66,
CRM_SEND_MEMBER,CURRENT_BRND,REFERENCED,,FACT_MESSAGE_DISPATCH,,,4986705,4986705,126,
CRM_SEND_MEMBER,ALTRTV_MSG_SNDNG_YN,REFERENCED,,FACT_MESSAGE_DISPATCH,,,887825,887825,1,
CRM_SEND_MEMBER,RELATNSP_KEY,REFERENCED,,FACT_MESSAGE_DISPATCH,,,4151018,4151018,513434,
CRM_SEND_MEMBER,MNG_NO,REFERENCED,,FACT_MESSAGE_DISPATCH,,,143116,143116,96,
CRM_SEND_MEMBER,MSG_KEY,REFERENCED,,FACT_MESSAGE_DISPATCH,,,4495033,4495033,4492351,
CRM_SEND_MEMBER,CINFO,REFERENCED,,FACT_MESSAGE_DISPATCH,,,8455886,8455886,6,
CRM_SEND_MEMBER,RESPONSED_YN,REFERENCED,,FACT_MESSAGE_DISPATCH,,,11152153,11152153,2,
CRM_SEND_MEMBER,RESPONSED_DT,REFERENCED,,FACT_MESSAGE_DISPATCH,,,10876740,10876740,13994,
CRM_SEND_MEMBER,REAL_SEND_DT,REFERENCED,,FACT_MESSAGE_DISPATCH,,,10872590,10872590,759278,
CRM_SEND_MEMBER_LINK_LOG,LOG_SEQ,NO_CONSUMER,,,,,543,543,544,
CRM_SEND_MEMBER_LINK_LOG,REQ_SEQ_NO,NO_CONSUMER,,,,,543,543,14,
CRM_SEND_MEMBER_LINK_LOG,R_NUM,NO_CONSUMER,,,,,543,543,368,
CRM_SEND_MEMBER_LINK_LOG,MBER_NO,NO_CONSUMER,,,,,543,543,365,
CRM_SEND_MEMBER_LINK_LOG,LINK_ID,NO_CONSUMER,,,,,543,543,44,
CRM_SEND_MEMBER_LINK_LOG,LINK_NM,NO_CONSUMER,,,,,0,0,0,
CRM_SEND_MEMBER_LINK_LOG,LINK_PAGE,NO_CONSUMER,,,,,543,543,25,
CRM_SEND_MEMBER_LINK_LOG,LINK_IMG_URL,NO_CONSUMER,,,,,543,543,34,
CRM_SEND_MEMBER_LINK_LOG,AGENT,NO_CONSUMER,,,,,543,543,5,
CRM_SEND_MEMBER_LINK_LOG,CLICK_DT,NO_CONSUMER,,,,,543,543,428,
CRM_SEND_MEMBER_LINK_LOG,FRST_REGIST_DT,NO_CONSUMER,,,,,543,543,9,
CRM_SEND_MEMBER_OPEN_LOG,LOG_SEQ,NO_CONSUMER,,,,,530971,530971,519431,
CRM_SEND_MEMBER_OPEN_LOG,REQ_SEQ_NO,NO_CONSUMER,,,,,530971,530971,601,
CRM_SEND_MEMBER_OPEN_LOG,R_NUM,NO_CONSUMER,,,,,530971,530971,214733,
CRM_SEND_MEMBER_OPEN_LOG,MBER_NO,NO_CONSUMER,,,,,530971,530971,118177,
CRM_SEND_MEMBER_OPEN_LOG,OPEN_DT,NO_CONSUMER,,,,,530971,530971,458762,
CRM_SEND_MEMBER_OPEN_LOG,FRST_REGIST_DT,NO_CONSUMER,,,,,530971,530971,429,
CRM_SEND_REQUEST,SNDNG_KEY,REFERENCED,,DIM_SEND_REQUEST;FACT_MESSAGE_DISPATCH,,,1896761,1896761,1831114,
CRM_SEND_REQUEST,SEND_CHANNEL,REFERENCED,,DIM_SEND_REQUEST;DIM_SERVICE;FACT_MESSAGE_DISPATCH,,,1896761,1896761,4,
CRM_SEND_REQUEST,SNDNG_TY_CD,REFERENCED,,DIM_SEND_REQUEST;DIM_SERVICE;FACT_MESSAGE_DISPATCH,,,1894575,1894575,4,
CRM_SEND_REQUEST,SEND_GBN_TOP,REFERENCED,,DIM_SEND_REQUEST;DIM_SEND_TYPE;FACT_MESSAGE_DISPATCH,,,2182,2182,12,
CRM_SEND_REQUEST,SEND_GBN_TOP_NM,REFERENCED,,DIM_SEND_REQUEST;DIM_SEND_TYPE,,,2182,2182,9,
CRM_SEND_REQUEST,SEND_GBN_MID,REFERENCED,,DIM_SEND_REQUEST;DIM_SEND_TYPE;FACT_MESSAGE_DISPATCH,,,2182,2182,16,
CRM_SEND_REQUEST,SEND_GBN_MID_NM,REFERENCED,,DIM_SEND_REQUEST;DIM_SEND_TYPE,,,2182,2182,29,
CRM_SEND_REQUEST,SEND_GBN_BOT,REFERENCED,,DIM_SEND_REQUEST;DIM_SEND_TYPE;FACT_MESSAGE_DISPATCH,,,2182,2182,46,
CRM_SEND_REQUEST,SEND_GBN_BOT_NM,REFERENCED,,DIM_SEND_REQUEST;DIM_SEND_TYPE,,,2182,2182,61,
CRM_SEND_REQUEST,TIT,REFERENCED,,DIM_SEND_REQUEST;FACT_MESSAGE_DISPATCH,,,1732590,1732590,34339,
CRM_SEND_REQUEST,SNDNG_STDR_DE,REFERENCED,,DIM_SEND_REQUEST,,,1820928,1820928,1799840,
CRM_SEND_REQUEST,REQ_SEQ_NO,REFERENCED,,DIM_SEND_REQUEST,,,2182,2182,2161,
CRM_SEND_REQUEST,MSG_DIV_CD,DROPPED,,DIM_SEND_REQUEST;DIM_SEND_TYPE;DIM_SERVICE;FACT_MESSAGE_DISPATCH,,,1231113,1231113,4,
CRM_SEND_REQUEST,PSTMTR_PRCS_STAT_CD,DROPPED,,DIM_SEND_REQUEST;DIM_SEND_TYPE;DIM_SERVICE;FACT_MESSAGE_DISPATCH,,,125447,125447,2,
CRM_SEND_REQUEST,SNDNG_TIME_DIV_CD,DROPPED,,DIM_SEND_REQUEST;DIM_SEND_TYPE;DIM_SERVICE;FACT_MESSAGE_DISPATCH,,,1192995,1192995,3,
CRM_SEND_REQUEST,SNDNG_CD_ID,REFERENCED,,DIM_SEND_REQUEST,,,1894552,1894552,29,
CRM_SEND_REQUEST,SNDNG_DTL_CD_ID,REFERENCED,,DIM_SEND_REQUEST,,,1894420,1894420,226,
CRM_SEND_REQUEST,PRCS_DE,REFERENCED,,DIM_SEND_REQUEST,,,1894579,1894579,1801255,
CRM_SEND_REQUEST,PRCS_YN,REFERENCED,,DIM_SEND_REQUEST,,,538017,538017,2,
CRM_SEND_REQUEST,TMPLAT_ID,REFERENCED,,DIM_SEND_REQUEST,,,1189275,1189275,2351,
CRM_SEND_REQUEST,ALTRTV_MSG_SNDNG_YN,REFERENCED,,DIM_SEND_REQUEST;FACT_MESSAGE_DISPATCH,,,1112497,1112497,2,
CRM_SEND_REQUEST,LQY_YN,REFERENCED,,DIM_SEND_REQUEST,,,125447,125447,2,
CRM_SEND_REQUEST,RE_SNDNG_YN,REFERENCED,,DIM_SEND_REQUEST,,,125447,125447,2,
CRM_SEND_REQUEST,MSG_TYPE,REFERENCED,,DIM_SEND_REQUEST,,,2182,2182,3,
CRM_SEND_REQUEST,REGULARLY,REFERENCED,,DIM_SEND_REQUEST,,,2182,2182,3,
CRM_SEND_REQUEST,SEND_STATUS,REFERENCED,,DIM_SEND_REQUEST;FACT_MESSAGE_DISPATCH,,,2182,2182,1,
CRM_SEND_REQUEST,SEND_ROUND,REFERENCED,,DIM_SEND_REQUEST,,,2182,2182,3,
CRM_SEND_REQUEST,CONDITION_TITLE,REFERENCED,,DIM_SEND_REQUEST,,,2182,2182,2142,
CRM_SEND_REQUEST,MENU_CODE,REFERENCED,,DIM_SEND_REQUEST,,,2182,2182,10,
CRM_SEND_REQUEST,SERVICE_MENU_CODE,REFERENCED,,DIM_SEND_REQUEST,,,2182,2182,13,
CRM_SEND_REQUEST,USE_YN,REFERENCED,,DIM_SEND_REQUEST,,,2182,2182,1,
CRM_SEND_RESULT,SNDNG_KEY,REFERENCED,,DIM_SEND_REQUEST,,,1772773,1772773,1706844,
CRM_SEND_RESULT,SEND_CHANNEL,REFERENCED,,DIM_SEND_REQUEST,,,1772773,1772773,4,
CRM_SEND_RESULT,SNDNG_CNT,DROPPED,,DIM_SEND_REQUEST,,,1772773,1772763,3050,
CRM_SEND_RESULT,SUCCES_CNT,DROPPED,,DIM_SEND_REQUEST,,,1769946,1708057,2671,
CRM_SEND_RESULT,FAILR_CNT,DROPPED,,DIM_SEND_REQUEST,,,1661598,36922,699,
CRM_SEND_RESULT,TOT_CLICK_CNT,DROPPED,,DIM_SEND_REQUEST,,,0,0,0,
CRM_SEND_RESULT,RECPTN_CNT,REFERENCED,,DIM_SEND_REQUEST,,,428807,19478,225,
CRM_SEND_RESULT,ALTRTV_SNDNG_CNT,REFERENCED,,DIM_SEND_REQUEST,,,1230609,59479,885,
CRM_SEND_RESULT,SNDNG_STRT_DT,REFERENCED,,DIM_SEND_REQUEST,,,537155,537155,519210,
CRM_SEND_RESULT,SNDNG_END_DT,REFERENCED,,DIM_SEND_REQUEST,,,537155,537155,538096,
CRM_SEND_RESULT,RESVE_SNDNG_DE,REFERENCED,,DIM_SEND_REQUEST,,,1231118,1231118,1021,
CRM_SEND_RESULT,SNDNG_SQNC,REFERENCED,,DIM_SEND_REQUEST,,,2318,2318,35,
CRM_SEND_RESULT,SNDNG_TIT,REFERENCED,,DIM_SEND_REQUEST,,,2318,2318,2257,
CRM_SETLE_CMPNY_ACCOUNT,SETLE_CMPNY_ACNT_NO,REFERENCED,,DIM_PAYMENT_ACCOUNT,,,51,51,51,
CRM_SETLE_CMPNY_ACCOUNT,SETLE_CMPNY_ACNT_DIV_CD,REFERENCED,,DIM_PAYMENT_ACCOUNT,,,47,47,4,
CRM_SETLE_CMPNY_ACCOUNT,SETLE_CMPNY_ACNT_ID,REFERENCED,,DIM_PAYMENT_ACCOUNT,,,51,51,51,
CRM_SETLE_CMPNY_ACCOUNT,CPR_DIV_CD,REFERENCED,,DIM_PAYMENT_ACCOUNT,,,51,51,2,
CRM_SETLE_CMPNY_ACCOUNT,ACNT_PRP,REFERENCED,,DIM_PAYMENT_ACCOUNT,,,48,48,38,
CRM_SETLE_CMPNY_ACCOUNT,ACNUT_SER_NO,REFERENCED,,DIM_PAYMENT_ACCOUNT,,,47,46,19,
CRM_SETLE_CMPNY_ACCOUNT,RM,REFERENCED,,DIM_PAYMENT_ACCOUNT,,,47,47,40,
CRM_SETLE_CMPNY_ACCOUNT,USE_YN,REFERENCED,,DIM_PAYMENT_ACCOUNT,,,51,51,2,
CRM_SETLE_CMPNY_ACCOUNT,FRST_REGIST_DT,DROPPED,,DIM_PAYMENT_ACCOUNT,,,51,51,7,
CRM_SETLE_CMPNY_ACCOUNT,LAST_UPDT_DT,DROPPED,,DIM_PAYMENT_ACCOUNT,,,51,51,8,
CRM_SPONSORSHIP,SPNSR_BSNS_ID,REFERENCED,,DIM_SPONSORSHIP,,,50,50,50,
CRM_SPONSORSHIP,SPNSR_BSNS_NM,REFERENCED,,DIM_SPONSORSHIP,,,50,50,50,
CRM_SPONSORSHIP,SPNSR_BSNS_ABRV_CD,REFERENCED,,DIM_SPONSORSHIP,,,50,50,6,
CRM_SPONSORSHIP,SPNSR_DIV_CD,REFERENCED,,DIM_SPONSORSHIP,,,50,50,2,
CRM_SPONSORSHIP,DNTN_TY_CD,DROPPED,,DIM_SPONSORSHIP,,,50,50,2,
CRM_SPONSORSHIP,CPR_DIV_CD,REFERENCED,,DIM_SPONSORSHIP,,,50,50,2,판정_재검토필요(구=DROPPED)
CRM_SPONSORSHIP,SORT_ORDR,REFERENCED,,DIM_SPONSORSHIP,,,50,50,33,
CRM_SPONSORSHIP,USE_YN,REFERENCED,,DIM_SPONSORSHIP,,,50,50,2,
CRM_SPONSOR_RELATION,RELATNSP_KEY,REFERENCED,,FACT_MESSAGE_DISPATCH;FACT_RELATION_ACTIVITY;FACT_RELATION_CHANGE,,,871563,871563,864932,
CRM_SPONSOR_RELATION,SPNSR_NO,DROPPED,,FACT_MESSAGE_DISPATCH;FACT_RELATION_ACTIVITY;FACT_RELATION_CHANGE,,,871563,871563,642835,
CRM_SPONSOR_RELATION,SPNSR_BSNS_NO,DROPPED,,FACT_MESSAGE_DISPATCH;FACT_RELATION_ACTIVITY;FACT_RELATION_CHANGE,,,871563,871563,673720,
CRM_SPONSOR_RELATION,SPNSR_BSNS_ID,DROPPED,,FACT_MESSAGE_DISPATCH;FACT_RELATION_ACTIVITY;FACT_RELATION_CHANGE,,,871563,871563,3,
CRM_SPONSOR_RELATION,CHILD_CD,DROPPED,,FACT_MESSAGE_DISPATCH;FACT_RELATION_ACTIVITY;FACT_RELATION_CHANGE,,,871563,871561,472634,
CRM_SPONSOR_RELATION,MBER_NO,REFERENCED,,FACT_MESSAGE_DISPATCH;FACT_RELATION_ACTIVITY;FACT_RELATION_CHANGE,,,871563,871563,552059,
CRM_SPONSOR_RELATION,RELATNSP_STRT_DE,DROPPED,,FACT_MESSAGE_DISPATCH;FACT_RELATION_ACTIVITY;FACT_RELATION_CHANGE,,,871563,871563,8504,
CRM_SPONSOR_RELATION,RELATNSP_DSCNTC_DE,DROPPED,,FACT_MESSAGE_DISPATCH;FACT_RELATION_ACTIVITY;FACT_RELATION_CHANGE,,,676426,676426,6692,
CRM_SPONSOR_RELATION,RELATNSP_DSCNTC_YN,DROPPED,,FACT_MESSAGE_DISPATCH;FACT_RELATION_ACTIVITY;FACT_RELATION_CHANGE,,,871563,871563,2,
CRM_SPONSOR_RELATION,RELATNSP_DSCNTC_RSN_CD,DROPPED,,FACT_MESSAGE_DISPATCH;FACT_RELATION_ACTIVITY;FACT_RELATION_CHANGE,,,676362,676362,30,
ERP_BUDGET,BUDGET_ITEM_DK,REFERENCED,,FACT_BUDGET,,,3096,3096,182,
ERP_BUDGET,BUDGET_YEAR,REFERENCED,,FACT_BUDGET,,,3096,3096,3,
ERP_BUDGET,BUDGET_PROCEDURE,REFERENCED,,FACT_BUDGET,,,3096,3096,2,
ERP_BUDGET,DVLP_INBOUND_PATH,REFERENCED,,FACT_BUDGET,,,1500,1500,7,판정_재검토필요(구=DROPPED)
ERP_BUDGET,BDGT_UNIT_NM,DROPPED,,FACT_BUDGET,,,3096,3096,6,
ERP_BUDGET,MONTH_NO,DROPPED,,FACT_BUDGET,,,3096,3096,12,
ERP_BUDGET,MONTH_KEY,REFERENCED,,FACT_BUDGET,,,3096,3096,36,
ERP_BUDGET,YEAR_BUDGET_AMT,REFERENCED,,FACT_BUDGET,,,3096,459,260,
ERP_BUDGET,CHN_BUDGET_AMT,DROPPED,,FACT_BUDGET,,,3096,0,1,
ERP_BUDGET,ADJ_BUDGET_AMT,DROPPED,,FACT_BUDGET,,,3096,0,1,
ERP_BUDGET,EXEC_AMT,REFERENCED,,FACT_BUDGET,,,3096,733,384,
ERP_BUDGET,DIRECT_MNYRS_YN_1,REFERENCED,,FACT_BUDGET,,,1092,1092,1,
ERP_BUDGET,DIRECT_MNYRS_YN_2,REFERENCED,,FACT_BUDGET,,,1500,1500,1,
ERP_BUDGET_ITEM,BUDGET_ITEM_DK,REFERENCED,,DIM_BUDGET_ITEM,,,179,179,182,
ERP_BUDGET_ITEM,BUDGET_YEAR,DROPPED,,DIM_BUDGET_ITEM,,,179,179,3,
ERP_BUDGET_ITEM,INCOME_EXPS_DIV_NM,REFERENCED,,DIM_BUDGET_ITEM,,,179,179,1,
ERP_BUDGET_ITEM,BDGT_UNIT_NM,REFERENCED,,DIM_BUDGET_ITEM,,,179,179,6,판정_재검토필요(구=DROPPED)
ERP_BUDGET_ITEM,JANG_NM,DROPPED,,DIM_BUDGET_ITEM,,,179,179,4,
ERP_BUDGET_ITEM,KWAN_NM,DROPPED,,DIM_BUDGET_ITEM,,,179,179,6,
ERP_BUDGET_ITEM,HANG_NM,DROPPED,,DIM_BUDGET_ITEM,,,179,179,9,
ERP_BUDGET_ITEM,MOK_NM,REFERENCED,,DIM_BUDGET_ITEM,,,179,179,15,
ERP_BUDGET_ITEM,DTL_ITEM_NM,REFERENCED,,DIM_BUDGET_ITEM,,,179,179,6,
ERP_BUDGET_ITEM,SUBDTL_ITEM_NM,REFERENCED,,DIM_BUDGET_ITEM,,,179,179,48,
ERP_BUDGET_ITEM,FUND_SOURCE_NM,DROPPED,,DIM_BUDGET_ITEM,,,179,179,8,
ERP_BUDGET_YEARLY,BUDGET_ITEM_DK,REFERENCED,,FACT_BUDGET_YEARLY,,,258,258,182,
ERP_BUDGET_YEARLY,BUDGET_YEAR,REFERENCED,,FACT_BUDGET_YEARLY,,,258,258,3,
ERP_BUDGET_YEARLY,BUDGET_PROCEDURE,REFERENCED,,FACT_BUDGET_YEARLY,,,258,258,2,
ERP_BUDGET_YEARLY,YEAR_BDGT_TOT_AMT,REFERENCED,,FACT_BUDGET_YEARLY,,,258,89,86,
ERP_BUDGET_YEARLY,CHN_BDGT_TOT_AMT,REFERENCED,,FACT_BUDGET_YEARLY,,,258,0,1,
ERP_BUDGET_YEARLY,ADJ_BDGT_TOT_AMT,REFERENCED,,FACT_BUDGET_YEARLY,,,258,0,1,
ERP_BUDGET_YEARLY,EXEC_TOT_AMT,REFERENCED,,FACT_BUDGET_YEARLY,,,258,114,65,
IDENTITY_MEMBER_XREF,USER_PSEUDO_ID,REFERENCED,,FACT_BIGQUERY_BEHAVIOR,,,44711,44711,44791,
IDENTITY_MEMBER_XREF,BIGQUERY_MEMBER_ID,REFERENCED,,DIM_MEMBER_IDENTITY,,,44711,44711,36417,
IDENTITY_MEMBER_XREF,ID_SCHEME,DROPPED,,DIM_MEMBER_IDENTITY;FACT_BIGQUERY_BEHAVIOR,,,44711,44711,3,
IDENTITY_MEMBER_XREF,MEMBER_TYPE,DROPPED,,DIM_MEMBER_IDENTITY;FACT_BIGQUERY_BEHAVIOR,,,44686,44686,2,
IDENTITY_MEMBER_XREF,MEMBER_DK,REFERENCED,,DIM_MEMBER_IDENTITY;FACT_BIGQUERY_BEHAVIOR,,,44619,44619,36381,
IDENTITY_MEMBER_XREF,HOMEPAGE_ID,REFERENCED,,DIM_MEMBER_IDENTITY,,,42295,42295,34161,
IDENTITY_MEMBER_XREF,ID_RESOLUTION,DROPPED,,DIM_MEMBER_IDENTITY;FACT_BIGQUERY_BEHAVIOR,,,44711,44711,1,
IDENTITY_MEMBER_XREF,MATCH_METHOD,DROPPED,,DIM_MEMBER_IDENTITY;FACT_BIGQUERY_BEHAVIOR,,,44711,44711,3,
IDENTITY_MEMBER_XREF,MATCH_CONFIDENCE,DROPPED,,DIM_MEMBER_IDENTITY;FACT_BIGQUERY_BEHAVIOR,,,44711,44711,2,
MM_SPNSR_CLS_AGGR_DATA,STDR_MT,NO_CONSUMER,,,,,495,495,3,
MM_SPNSR_CLS_AGGR_DATA,AGGR_TY_NM,NO_CONSUMER,,,,,495,495,5,
MM_SPNSR_CLS_AGGR_DATA,CPR_NM,NO_CONSUMER,,,,,495,495,1,
MM_SPNSR_CLS_AGGR_DATA,SPNSR_BSNS_GRP_NM,NO_CONSUMER,,,,,495,495,11,
MM_SPNSR_CLS_AGGR_DATA,NEW_EXST_DIV_NM,NO_CONSUMER,,,,,495,495,2,
MM_SPNSR_CLS_AGGR_DATA,HDQ_BRNCH_GRP_NM,NO_CONSUMER,,,,,495,495,3,
MM_SPNSR_CLS_AGGR_DATA,VALUE1,NO_CONSUMER,,,,,495,449,403,
MM_SPNSR_CLS_AGGR_DATA,VALUE2,NO_CONSUMER,,,,,99,92,91,
