보고서,영역,섹션,필드값,대응_지표#,GOLD_매핑,매핑근거,매핑교정,종전_매핑,앵커_팩트,앵커_경합,앵커_강제,조립가능도,판정_근거(실측)
마케팅,마케팅 보고서,"1. 개발현황 (목표, 실적)",부서명,,DIM_MEMBER_ACQUISITION.ACQ_DEPARTMENT,교정등록부(OPENED_O45),OPENED_O45,DIM_MEMBER_ACQUISITION.ACQ_DEPARTMENT,FACT_DEV_ACHIEVEMENT,,,도달불가,[매핑교정 OPENED_O45] 위 「부서」와 동일 — 회원 분석 문맥. ▸ 종전 매핑 `DIM_MEMBER_ACQUISITION.ACQ_DEPARTMENT` → 교정 `DIM_MEMBER_ACQUISITION.ACQ_DEPARTMENT` ▸ `FACT_DEV_ACHIEVEMENT` 에 `DIM_MEMBER_ACQUISITION` 로 가는 FK 가 없다
마케팅,마케팅 보고서,"1. 개발현황 (목표, 실적)",기준일시,,⛔ 불가 — 목표 원천 `TM_CM_MBER_DVLP_GOAL` 11컬럼 시간축이 `STDYY`+`STDR_MT` 뿐 — 일자 컬럼 부재,⛔불가(등록부),,,FACT_DEV_ACHIEVEMENT,,,원천부재,불가 — 목표 원천 `TM_CM_MBER_DVLP_GOAL` 11컬럼 시간축이 `STDYY`+`STDR_MT` 뿐 — 일자 컬럼 부재
마케팅,마케팅 보고서,"1. 개발현황 (목표, 실적)",매체명(브랜드2),,"⛔ 불가 — `FACT_AD_PERFORMANCE.AD_CREATIVE_SK` 243,545/243,545 전건 센티넬 + 목표측 매체 축 부재",⛔불가(등록부),,,FACT_DEV_ACHIEVEMENT,,,원천부재,"불가 — `FACT_AD_PERFORMANCE.AD_CREATIVE_SK` 243,545/243,545 전건 센티넬 + 목표측 매체 축 부재"
마케팅,마케팅 보고서,"1. 개발현황 (목표, 실적)",월 목표,(215밖),FACT_DEV_ACHIEVEMENT.GOAL_CNT,필드인벤토리~,,,FACT_DEV_ACHIEVEMENT,,,조립가능,앵커 팩트 `FACT_DEV_ACHIEVEMENT` 자체의 컬럼
마케팅,마케팅 보고서,"1. 개발현황 (목표, 실적)",일별 실적,,FACT_MEMBER_EVENT.DEV_CNT,교정등록부(WRONG_GRAIN),WRONG_GRAIN,FACT_MEMBER_EVENT.DEV_CNT,FACT_DEV_ACHIEVEMENT,,,요구grain부정합,[매핑교정 WRONG_GRAIN] `FACT_MEMBER_MONTHLY` 에 `DATE_SK` 가 **없다**(물리 확인) — 일자 분해가 원천적으로 불가하다. 일 grain 은 `FME.DATE_SK` 뿐이다. ⚠️단 목표(`FACT_TARGET_DEV`)에는 일자 축이 없으므로 **목표 대비 일별 달성률은 여전히 불가**하다(목표 원천 `TM_CM_MBER_DVLP_GOAL` 시간축 = `STDYY`+`STDR_MT`). ▸ 종전 매핑 `FACT_MEMBER_EVENT.DEV_CNT` → 교정 `FACT_MEMBER_EVENT.DEV_CNT` ▸ 필드값 「일별 실적」 이 **일 축**을 요구하는데 앵커 `FACT_DEV_ACHIEVEMENT` 의 시간축은 **월** 이다. 일 단위 수치는 **일 축**이 필요하다 — 월 팩트에는 일자 분해 경로가 없다. 🔴 앵커가 그 컬럼을 갖고 있다는 사실은 **축을 갖고 있다는 뜻이 아니다** — 종전 검사기는 컬럼 보유만 보고 `조립가능` 으로 통과시켰다(O49 적발 · P104). 해소 경로 = **일 축을 가진 팩트로 앵커를 교체**한다
마케팅,마케팅 보고서,"1. 개발현황 (목표, 실적)",월 실적,,FACT_DEV_ACHIEVEMENT.ACTUAL_CNT,교정등록부(WRONG_GRAIN),WRONG_GRAIN,FACT_DEV_ACHIEVEMENT.ACTUAL_CNT,FACT_DEV_ACHIEVEMENT,,,조립가능,[매핑교정 WRONG_GRAIN] 부서별 실적을 `FMM` 에서 낼 수 없다 — **`FMM` 에 `ORG_SK` 가 없다**(물리 확인). 원천이 부서를 주는 곳은 개발 사건(`ACMSLT_DEPT_CD`)뿐이다. 목표·실적 대응 정본은 `FACT_DEV_ACHIEVEMENT`(grain `MONTH_KEY × ORG_SK × DEV_TYPE`). ▸ 종전 매핑 `FACT_DEV_ACHIEVEMENT.ACTUAL_CNT` → 교정 `FACT_DEV_ACHIEVEMENT.ACTUAL_CNT` ▸ 앵커 팩트 `FACT_DEV_ACHIEVEMENT` 자체의 컬럼
마케팅,마케팅 보고서,"1. 개발현황 (목표, 실적)",월 목표 달성율,공1·2·3,SV metric — 목표달성율(%) = 개발(건)/회원개발목표 (FTG_D 분모),SV파생,,,FACT_DEV_ACHIEVEMENT,,,판정불가(SV파생),SV metric — 물리 컬럼이 아니라 base 로 계산된다. base 의 조립가능도를 따른다
마케팅,마케팅 보고서,"1. 개발현황 (목표, 실적)",(누계)월 목표,(YTD),SV metric — 누계 = base 의 YTD running sum (P7·물리 미저장),SV파생,,,FACT_DEV_ACHIEVEMENT,,,판정불가(SV파생),SV metric — 물리 컬럼이 아니라 base 로 계산된다. base 의 조립가능도를 따른다
마케팅,마케팅 보고서,"1. 개발현황 (목표, 실적)",(누계)월 실적,(YTD),SV metric — 누계 = base 의 YTD running sum (P7·물리 미저장),SV파생,,,FACT_DEV_ACHIEVEMENT,,,판정불가(SV파생),SV metric — 물리 컬럼이 아니라 base 로 계산된다. base 의 조립가능도를 따른다
마케팅,마케팅 보고서,"1. 개발현황 (목표, 실적)",(누계)월 목표 달성율,공1·2·3,SV metric — 목표달성율(%) = 개발(건)/회원개발목표 (FTG_D 분모),SV파생,,,FACT_DEV_ACHIEVEMENT,,,판정불가(SV파생),SV metric — 물리 컬럼이 아니라 base 로 계산된다. base 의 조립가능도를 따른다
마케팅,마케팅 보고서,"1. 개발현황 (목표, 실적)",연 목표,공3,SV metric — 분자: DEV_CNT(YR) / 분모: GOAL_CNT(YR),지표사전~,,,FACT_DEV_ACHIEVEMENT,,,판정불가(SV파생),SV metric — 물리 컬럼이 아니라 base 로 계산된다. base 의 조립가능도를 따른다
마케팅,마케팅 보고서,"1. 개발현황 (목표, 실적)",연 목표 달성율,공1·2·3,SV metric — 목표달성율(%) = 개발(건)/회원개발목표 (FTG_D 분모),SV파생,,,FACT_DEV_ACHIEVEMENT,,,판정불가(SV파생),SV metric — 물리 컬럼이 아니라 base 로 계산된다. base 의 조립가능도를 따른다
마케팅,마케팅 보고서,"1. 개발현황 (목표, 실적)",예산구분,(215밖),DIM_BUDGET_ITEM.BUDGET_CATEGORY,필드인벤토리,,,FACT_DEV_ACHIEVEMENT,,,도달불가,`FACT_DEV_ACHIEVEMENT` 에 `DIM_BUDGET_ITEM` 로 가는 FK 가 없다
마케팅,마케팅 보고서,2. 집행예산 및 개발효율,매체명(브랜드2),,"⛔ 불가 — `FACT_AD_PERFORMANCE.AD_CREATIVE_SK` 243,545/243,545 전건 센티넬 + 목표측 매체 축 부재",⛔불가(등록부),,,FACT_BUDGET,,,원천부재,"불가 — `FACT_AD_PERFORMANCE.AD_CREATIVE_SK` 243,545/243,545 전건 센티넬 + 목표측 매체 축 부재"
마케팅,마케팅 보고서,2. 집행예산 및 개발효율,기준일시,,⛔ 불가 — 목표 원천 `TM_CM_MBER_DVLP_GOAL` 11컬럼 시간축이 `STDYY`+`STDR_MT` 뿐 — 일자 컬럼 부재,⛔불가(등록부),,,FACT_BUDGET,,,원천부재,불가 — 목표 원천 `TM_CM_MBER_DVLP_GOAL` 11컬럼 시간축이 `STDYY`+`STDR_MT` 뿐 — 일자 컬럼 부재
마케팅,마케팅 보고서,2. 집행예산 및 개발효율,세세목명,(215밖),DIM_BUDGET_ITEM.BUDGET_ITEM_NAME,필드인벤토리,,,FACT_BUDGET,,,조립가능,`FACT_BUDGET` → `DIM_BUDGET_ITEM` FK 생존(비영 존재)
마케팅,마케팅 보고서,2. 집행예산 및 개발효율,월 편성예산,(215밖),FACT_BUDGET.PLAN_BUDGET_MONTH,필드인벤토리(어순),,,FACT_BUDGET,,,조립가능,앵커 팩트 `FACT_BUDGET` 자체의 컬럼
마케팅,마케팅 보고서,2. 집행예산 및 개발효율,(누계)편성예산,(YTD),SV metric — 누계 = base 의 YTD running sum (P7·물리 미저장),SV파생,,,FACT_BUDGET,,,판정불가(SV파생),SV metric — 물리 컬럼이 아니라 base 로 계산된다. base 의 조립가능도를 따른다
마케팅,마케팅 보고서,2. 집행예산 및 개발효율,월 집행예산(ERP 마감값),(215밖),FACT_BUDGET.EXEC_BUDGET_ERP,필드인벤토리·별칭등록부,,,FACT_BUDGET,,,조립가능,앵커 팩트 `FACT_BUDGET` 자체의 컬럼
마케팅,마케팅 보고서,2. 집행예산 및 개발효율,(누계)집행예산(ERP 마감값),(YTD),SV metric — 누계 = base 의 YTD running sum (P7·물리 미저장),SV파생,,,FACT_BUDGET,,,판정불가(SV파생),SV metric — 물리 컬럼이 아니라 base 로 계산된다. base 의 조립가능도를 따른다
마케팅,마케팅 보고서,2. 집행예산 및 개발효율,연 편성예산,(215밖),FACT_BUDGET.PLAN_BUDGET_YEAR,필드인벤토리(어순),,,FACT_BUDGET,,,조립가능,앵커 팩트 `FACT_BUDGET` 자체의 컬럼
마케팅,마케팅 보고서,2. 집행예산 및 개발효율,연 편성 집행율,(overview),"SV metric — 집행율(%) = 집행예산/편성예산 (FBD, P7)",SV파생,,,FACT_BUDGET,,,판정불가(SV파생),SV metric — 물리 컬럼이 아니라 base 로 계산된다. base 의 조립가능도를 따른다
마케팅,마케팅 보고서,2. 집행예산 및 개발효율,월 편성 집행율,(overview),"SV metric — 집행율(%) = 집행예산/편성예산 (FBD, P7)",SV파생,,,FACT_BUDGET,,,판정불가(SV파생),SV metric — 물리 컬럼이 아니라 base 로 계산된다. base 의 조립가능도를 따른다
마케팅,마케팅 보고서,2. 집행예산 및 개발효율,월 집행예산(추정치),(215밖),FACT_BUDGET.EXEC_BUDGET_EST,필드인벤토리·별칭등록부,,,FACT_BUDGET,,,값없음,"`FACT_BUDGET.EXEC_BUDGET_EST` 전건 NULL (1,332행)"
마케팅,마케팅 보고서,2. 집행예산 및 개발효율,(누계)집행예산(추정치),(YTD),SV metric — 누계 = base 의 YTD running sum (P7·물리 미저장),SV파생,,,FACT_BUDGET,,,판정불가(SV파생),SV metric — 물리 컬럼이 아니라 base 로 계산된다. base 의 조립가능도를 따른다
마케팅,마케팅 보고서,2. 집행예산 및 개발효율,예산구분,(215밖),DIM_BUDGET_ITEM.BUDGET_CATEGORY,필드인벤토리,,,FACT_BUDGET,,,조립가능,`FACT_BUDGET` → `DIM_BUDGET_ITEM` FK 생존(비영 존재)
마케팅,마케팅 보고서,3. 매체별 개발효율 상세,매체명(브랜드2),,"⛔ 불가 — `FACT_AD_PERFORMANCE.AD_CREATIVE_SK` 243,545/243,545 전건 센티넬 + 목표측 매체 축 부재",⛔불가(등록부),,,FACT_AD_PERFORMANCE,,,원천부재,"불가 — `FACT_AD_PERFORMANCE.AD_CREATIVE_SK` 243,545/243,545 전건 센티넬 + 목표측 매체 축 부재"
마케팅,마케팅 보고서,3. 매체별 개발효율 상세,기준일시,,⛔ 불가 — 목표 원천 `TM_CM_MBER_DVLP_GOAL` 11컬럼 시간축이 `STDYY`+`STDR_MT` 뿐 — 일자 컬럼 부재,⛔불가(등록부),,,FACT_AD_PERFORMANCE,,,원천부재,불가 — 목표 원천 `TM_CM_MBER_DVLP_GOAL` 11컬럼 시간축이 `STDYY`+`STDR_MT` 뿐 — 일자 컬럼 부재
마케팅,마케팅 보고서,3. 매체별 개발효율 상세,요일,(215밖),DIM_DATE.DAY_OF_WEEK,필드인벤토리,,,FACT_AD_PERFORMANCE,,,조립가능,"앵커 팩트 `FACT_AD_PERFORMANCE` 가 **동명 degenerate 컬럼 `DAY_OF_WEEK` 을 직접 보유**한다 (실측 채움 255,452/255,452) — `DIM_DATE` 를 경유할 필요가 없다. 매핑을 앵커 로컬로 교정할 것(O47·P96-②)"
마케팅,마케팅 보고서,3. 매체별 개발효율 상세,주차,(215밖),DIM_DATE.WEEK_OF_YEAR,필드인벤토리,,,FACT_AD_PERFORMANCE,,,조립가능,"앵커 팩트 `FACT_AD_PERFORMANCE` 가 **동명 degenerate 컬럼 `WEEK_OF_YEAR` 을 직접 보유**한다 (실측 채움 255,452/255,452) — `DIM_DATE` 를 경유할 필요가 없다. 매핑을 앵커 로컬로 교정할 것(O47·P96-②)"
마케팅,마케팅 보고서,3. 매체별 개발효율 상세,광고시작시간,(215밖),FACT_AD_BROADCAST.AD_START_TIME,필드인벤토리~,,,FACT_AD_PERFORMANCE,,,조립가능,"위성 `FACT_AD_BROADCAST` 는 `AD_PERF_DK` **PK = 코어와 1:1**(실측 38,486 전건 유일 · 조인 후 38,486행 = 폭발 0) → 코어와 같은 표에 둘 수 있다(DEC-13). 위성에 `*_DATE_SK` 가 없는 것은 시간축 부재가 아니라 **코어가 시간축을 소유**하기 때문이다"
마케팅,마케팅 보고서,3. 매체별 개발효율 상세,법인명,공114,DIM_ORG.CORP,필드인벤토리·별칭등록부,,,FACT_AD_PERFORMANCE,,,값없음,"`DIM_ORG.CORP` 전건 NULL (1,315행)"
마케팅,마케팅 보고서,3. 매체별 개발효율 상세,광고유형,(215밖),DIM_AD_CREATIVE.AD_TYPE,필드인벤토리~,,,FACT_AD_PERFORMANCE,,,도달불가,"`FACT_AD_PERFORMANCE` → `DIM_AD_CREATIVE` FK **전건 센티넬** — 조인해도 `(미매핑)` 한 덩어리가 된다 ▸ BRONZE 근거: `FACT_AD_PERFORMANCE.AD_CREATIVE_SK` **243,545/243,545 전건 센티넬**. `DIM_AD_CREATIVE` 는 8,716행·`MEDIA_NAME` 106종이 실재하지만 **팩트에서 도달할 수 없다** — 소재 연결키가 대행사 원천에 없다(Q10)."
마케팅,마케팅 보고서,3. 매체별 개발효율 상세,매체유형명,,(미매칭 — GOLD 물리·SV 대응 미확인),(미매칭),,,FACT_AD_PERFORMANCE,,,판정불가,GOLD 매핑이 물리 컬럼 형태가 아니다(미정·비고 등)
마케팅,마케팅 보고서,3. 매체별 개발효율 상세,국내/해외명,공15,DIM_CAMPAIGN.DOMESTIC_OVERSEAS,필드인벤토리~,,,FACT_AD_PERFORMANCE,,,도달불가,"`FACT_AD_PERFORMANCE` → `DIM_CAMPAIGN` FK **전건 센티넬** — 조인해도 `(미매핑)` 한 덩어리가 된다 ▸ BRONZE 근거: AGENCY 원천 3종에 **캠페인 코드 컬럼 0개** — 이름만 있다(`CMPGN_NM`·`UPPER_CMPGN_NM`·`MKT_CMPGN_NM`). 🟢 단 `SILVER.AGENCY_AD_PERFORMANCE.CAMPAIGN_NM`(240,291/243,545 채움 · 110종)이 `DIM_CAMPAIGN.MARKETING_CAMPAIGN`(322종) 축에 **218,402행 = 89.7% 도달**한다 → **마케팅캠페인 grain 이면 조립 가능**(§4 참조). 개발캠페인 grain 으로 내리면 181.6배 폭발."
마케팅,마케팅 보고서,3. 매체별 개발효율 상세,사업/사례명,공16,DIM_CAMPAIGN.BIZ_CASE_TYPE,필드인벤토리~,,,FACT_AD_PERFORMANCE,,,도달불가,"`FACT_AD_PERFORMANCE` → `DIM_CAMPAIGN` FK **전건 센티넬** — 조인해도 `(미매핑)` 한 덩어리가 된다 ▸ BRONZE 근거: AGENCY 원천 3종에 **캠페인 코드 컬럼 0개** — 이름만 있다(`CMPGN_NM`·`UPPER_CMPGN_NM`·`MKT_CMPGN_NM`). 🟢 단 `SILVER.AGENCY_AD_PERFORMANCE.CAMPAIGN_NM`(240,291/243,545 채움 · 110종)이 `DIM_CAMPAIGN.MARKETING_CAMPAIGN`(322종) 축에 **218,402행 = 89.7% 도달**한다 → **마케팅캠페인 grain 이면 조립 가능**(§4 참조). 개발캠페인 grain 으로 내리면 181.6배 폭발."
마케팅,마케팅 보고서,3. 매체별 개발효율 상세,캠페인 유형명,공17,DIM_CAMPAIGN.CAMPAIGN_TYPE,필드인벤토리~,,,FACT_AD_PERFORMANCE,,,도달불가,"`FACT_AD_PERFORMANCE` → `DIM_CAMPAIGN` FK **전건 센티넬** — 조인해도 `(미매핑)` 한 덩어리가 된다 ▸ BRONZE 근거: AGENCY 원천 3종에 **캠페인 코드 컬럼 0개** — 이름만 있다(`CMPGN_NM`·`UPPER_CMPGN_NM`·`MKT_CMPGN_NM`). 🟢 단 `SILVER.AGENCY_AD_PERFORMANCE.CAMPAIGN_NM`(240,291/243,545 채움 · 110종)이 `DIM_CAMPAIGN.MARKETING_CAMPAIGN`(322종) 축에 **218,402행 = 89.7% 도달**한다 → **마케팅캠페인 grain 이면 조립 가능**(§4 참조). 개발캠페인 grain 으로 내리면 181.6배 폭발."
마케팅,마케팅 보고서,3. 매체별 개발효율 상세,캠페인명,,DIM_MEMBER_ACQUISITION.ACQ_CAMPAIGN_NAME,교정등록부(OPENED_O45),OPENED_O45,DIM_MEMBER_ACQUISITION.ACQ_CAMPAIGN_NAME,FACT_AD_PERFORMANCE,,,도달불가,[매핑교정 OPENED_O45] 위와 동일 경로. ▸ 종전 매핑 `DIM_MEMBER_ACQUISITION.ACQ_CAMPAIGN_NAME` → 교정 `DIM_MEMBER_ACQUISITION.ACQ_CAMPAIGN_NAME` ▸ `FACT_AD_PERFORMANCE` 에 `DIM_MEMBER_ACQUISITION` 로 가는 FK 가 없다
마케팅,마케팅 보고서,3. 매체별 개발효율 상세,소재,공20,DIM_AD_CREATIVE.CREATIVE,필드인벤토리,,,FACT_AD_PERFORMANCE,,,도달불가,"`FACT_AD_PERFORMANCE` → `DIM_AD_CREATIVE` FK **전건 센티넬** — 조인해도 `(미매핑)` 한 덩어리가 된다 ▸ BRONZE 근거: `FACT_AD_PERFORMANCE.AD_CREATIVE_SK` **243,545/243,545 전건 센티넬**. `DIM_AD_CREATIVE` 는 8,716행·`MEDIA_NAME` 106종이 실재하지만 **팩트에서 도달할 수 없다** — 소재 연결키가 대행사 원천에 없다(Q10)."
마케팅,마케팅 보고서,3. 매체별 개발효율 상세,CM위치,공21,DIM_AD_CREATIVE.CM_POSITION,필드인벤토리,,,FACT_AD_PERFORMANCE,,,도달불가,"`FACT_AD_PERFORMANCE` → `DIM_AD_CREATIVE` FK **전건 센티넬** — 조인해도 `(미매핑)` 한 덩어리가 된다 ▸ BRONZE 근거: `FACT_AD_PERFORMANCE.AD_CREATIVE_SK` **243,545/243,545 전건 센티넬**. `DIM_AD_CREATIVE` 는 8,716행·`MEDIA_NAME` 106종이 실재하지만 **팩트에서 도달할 수 없다** — 소재 연결키가 대행사 원천에 없다(Q10)."
마케팅,마케팅 보고서,3. 매체별 개발효율 상세,초수,공22,DIM_AD_CREATIVE,지표사전,,,FACT_AD_PERFORMANCE,,,도달불가,"`FACT_AD_PERFORMANCE` → `DIM_AD_CREATIVE` FK **전건 센티넬** — 조인해도 `(미매핑)` 한 덩어리가 된다 ▸ BRONZE 근거: `FACT_AD_PERFORMANCE.AD_CREATIVE_SK` **243,545/243,545 전건 센티넬**. `DIM_AD_CREATIVE` 는 8,716행·`MEDIA_NAME` 106종이 실재하지만 **팩트에서 도달할 수 없다** — 소재 연결키가 대행사 원천에 없다(Q10)."
마케팅,마케팅 보고서,3. 매체별 개발효율 상세,광고비,(215밖),FACT_BUDGET.AD_COST,필드인벤토리,,,FACT_AD_PERFORMANCE,,,값없음,"`FACT_BUDGET.AD_COST` 전건 NULL (1,332행)"
마케팅,마케팅 보고서,3. 매체별 개발효율 상세,노출수(횟수),공23,FACT_AD_PERFORMANCE.IMPRESSIONS,필드인벤토리~,,,FACT_AD_PERFORMANCE,,,조립가능,앵커 팩트 `FACT_AD_PERFORMANCE` 자체의 컬럼
마케팅,마케팅 보고서,3. 매체별 개발효율 상세,클릭수,공24 공9,FACT_AD_PERFORMANCE.CLICKS,필드인벤토리,,,FACT_AD_PERFORMANCE,,,조립가능,앵커 팩트 `FACT_AD_PERFORMANCE` 자체의 컬럼
마케팅,마케팅 보고서,3. 매체별 개발효율 상세,GA 전환수(명),(215밖),FACT_AD_PERFORMANCE.GA_CONV_MEMBERS,필드인벤토리,,,FACT_AD_PERFORMANCE,,,조립가능,앵커 팩트 `FACT_AD_PERFORMANCE` 자체의 컬럼
마케팅,마케팅 보고서,3. 매체별 개발효율 상세,GA 전환수(건),(215밖),FACT_AD_PERFORMANCE.GA_CONV_MEMBERS,필드인벤토리(단위),,,FACT_AD_PERFORMANCE,,,조립가능,앵커 팩트 `FACT_AD_PERFORMANCE` 자체의 컬럼
마케팅,마케팅 보고서,3. 매체별 개발효율 상세,인입콜,공25,FACT_AD_PERFORMANCE.INBOUND_CALL,필드인벤토리,,,FACT_AD_PERFORMANCE,,,조립가능,앵커 팩트 `FACT_AD_PERFORMANCE` 자체의 컬럼
마케팅,마케팅 보고서,3. 매체별 개발효율 상세,잠재고객 이름(=타겟그룹),,(미매칭 — GOLD 물리·SV 대응 미확인),(미매칭),,,FACT_AD_PERFORMANCE,,,판정불가,GOLD 매핑이 물리 컬럼 형태가 아니다(미정·비고 등)
마케팅,마케팅 보고서,3. 매체별 개발효율 상세,member_id(=회원번호),,DIM_MEMBER.MEMBER_DK,교정등록부(WRONG_DIM),WRONG_DIM,DIM_MEMBER.MEMBER_DK,FACT_AD_PERFORMANCE,,,도달불가,[매핑교정 WRONG_DIM] 위와 동일. 단 앵커가 `FACT_AD_PERFORMANCE` 인 경우 **광고 팩트에는 회원 축이 아예 없다** — 회원 귀속은 GA4 전기간 입고(G-5) + 광고 연결키(Q10) 이후에만 가능하다. ▸ 종전 매핑 `DIM_MEMBER.MEMBER_DK` → 교정 `DIM_MEMBER.MEMBER_DK` ▸ `FACT_AD_PERFORMANCE` 에 `DIM_MEMBER` 로 가는 FK 가 없다
마케팅,마케팅 보고서,4. 전환회원 특성,매체명(브랜드2),,"⛔ 불가 — `FACT_AD_PERFORMANCE.AD_CREATIVE_SK` 243,545/243,545 전건 센티넬 + 목표측 매체 축 부재",⛔불가(등록부),,,FACT_MEMBER_EVENT,,FACT_MEMBER_MONTHLY → FACT_MEMBER_EVENT,원천부재,"🔁 **앵커 강제 교체**(FACT_MEMBER_MONTHLY → FACT_MEMBER_EVENT) — [O136 착수표 ⑰] 전환회원 특성 섹션은 개발구분 5종 및 전환 사건 시점의 속성을 분석하므로 회원×월 요약(`FACT_MEMBER_MONTHLY`)이 아닌 사건 팩트 `FACT_MEMBER_EVENT` 가 정본 앵커다. ▸ 불가 — `FACT_AD_PERFORMANCE.AD_CREATIVE_SK` 243,545/243,545 전건 센티넬 + 목표측 매체 축 부재"
마케팅,마케팅 보고서,4. 전환회원 특성,기준일시,,⛔ 불가 — 목표 원천 `TM_CM_MBER_DVLP_GOAL` 11컬럼 시간축이 `STDYY`+`STDR_MT` 뿐 — 일자 컬럼 부재,⛔불가(등록부),,,FACT_MEMBER_EVENT,,FACT_MEMBER_MONTHLY → FACT_MEMBER_EVENT,원천부재,🔁 **앵커 강제 교체**(FACT_MEMBER_MONTHLY → FACT_MEMBER_EVENT) — [O136 착수표 ⑰] 전환회원 특성 섹션은 개발구분 5종 및 전환 사건 시점의 속성을 분석하므로 회원×월 요약(`FACT_MEMBER_MONTHLY`)이 아닌 사건 팩트 `FACT_MEMBER_EVENT` 가 정본 앵커다. ▸ 불가 — 목표 원천 `TM_CM_MBER_DVLP_GOAL` 11컬럼 시간축이 `STDYY`+`STDR_MT` 뿐 — 일자 컬럼 부재
마케팅,마케팅 보고서,4. 전환회원 특성,브랜드,,DIM_MEMBER_ACQUISITION.ACQ_BRAND,교정등록부(OPENED_O45),OPENED_O45,DIM_MEMBER_ACQUISITION.ACQ_BRAND,FACT_MEMBER_EVENT,,FACT_MEMBER_MONTHLY → FACT_MEMBER_EVENT,조립가능,🔁 **앵커 강제 교체**(FACT_MEMBER_MONTHLY → FACT_MEMBER_EVENT) — [O136 착수표 ⑰] 전환회원 특성 섹션은 개발구분 5종 및 전환 사건 시점의 속성을 분석하므로 회원×월 요약(`FACT_MEMBER_MONTHLY`)이 아닌 사건 팩트 `FACT_MEMBER_EVENT` 가 정본 앵커다. ▸ [매핑교정 OPENED_O45] [O45] `FMM.CAMPAIGN_SK` 는 O8(다중귀속 규칙 미확정)로 전건 센티넬이다. **「획득 시점」 명시 규칙**으로 회원 1행에 캠페인을 확정해 우회했다(팬아웃 0 실측). ▸ 종전 매핑 `DIM_MEMBER_ACQUISITION.ACQ_BRAND` → 교정 `DIM_MEMBER_ACQUISITION.ACQ_BRAND` ▸ `FACT_MEMBER_EVENT` → `DIM_MEMBER_ACQUISITION` FK 생존(비영 존재)
마케팅,마케팅 보고서,4. 전환회원 특성,상위캠페인,,DIM_MEMBER_ACQUISITION.ACQ_PARENT_CAMPAIGN_NAME,교정등록부(OPENED_O45),OPENED_O45,DIM_MEMBER_ACQUISITION.ACQ_PARENT_CAMPAIGN_NAME,FACT_MEMBER_EVENT,,FACT_MEMBER_MONTHLY → FACT_MEMBER_EVENT,조립가능,🔁 **앵커 강제 교체**(FACT_MEMBER_MONTHLY → FACT_MEMBER_EVENT) — [O136 착수표 ⑰] 전환회원 특성 섹션은 개발구분 5종 및 전환 사건 시점의 속성을 분석하므로 회원×월 요약(`FACT_MEMBER_MONTHLY`)이 아닌 사건 팩트 `FACT_MEMBER_EVENT` 가 정본 앵커다. ▸ [매핑교정 OPENED_O45] 위와 동일 경로. ▸ 종전 매핑 `DIM_MEMBER_ACQUISITION.ACQ_PARENT_CAMPAIGN_NAME` → 교정 `DIM_MEMBER_ACQUISITION.ACQ_PARENT_CAMPAIGN_NAME` ▸ `FACT_MEMBER_EVENT` → `DIM_MEMBER_ACQUISITION` FK 생존(비영 존재)
마케팅,마케팅 보고서,4. 전환회원 특성,캠페인명,,DIM_MEMBER_ACQUISITION.ACQ_CAMPAIGN_NAME,교정등록부(OPENED_O45),OPENED_O45,DIM_MEMBER_ACQUISITION.ACQ_CAMPAIGN_NAME,FACT_MEMBER_EVENT,,FACT_MEMBER_MONTHLY → FACT_MEMBER_EVENT,조립가능,🔁 **앵커 강제 교체**(FACT_MEMBER_MONTHLY → FACT_MEMBER_EVENT) — [O136 착수표 ⑰] 전환회원 특성 섹션은 개발구분 5종 및 전환 사건 시점의 속성을 분석하므로 회원×월 요약(`FACT_MEMBER_MONTHLY`)이 아닌 사건 팩트 `FACT_MEMBER_EVENT` 가 정본 앵커다. ▸ [매핑교정 OPENED_O45] 위와 동일 경로. ▸ 종전 매핑 `DIM_MEMBER_ACQUISITION.ACQ_CAMPAIGN_NAME` → 교정 `DIM_MEMBER_ACQUISITION.ACQ_CAMPAIGN_NAME` ▸ `FACT_MEMBER_EVENT` → `DIM_MEMBER_ACQUISITION` FK 생존(비영 존재)
마케팅,마케팅 보고서,4. 전환회원 특성,개발구분,공121,FACT_MEMBER_MONTHLY.DEV_TYPE,필드인벤토리,,,FACT_MEMBER_EVENT,,FACT_MEMBER_MONTHLY → FACT_MEMBER_EVENT,값없음,"🔁 **앵커 강제 교체**(FACT_MEMBER_MONTHLY → FACT_MEMBER_EVENT) — [O136 착수표 ⑰] 전환회원 특성 섹션은 개발구분 5종 및 전환 사건 시점의 속성을 분석하므로 회원×월 요약(`FACT_MEMBER_MONTHLY`)이 아닌 사건 팩트 `FACT_MEMBER_EVENT` 가 정본 앵커다. ▸ `FACT_MEMBER_MONTHLY.DEV_TYPE` 전건 NULL (40,054,883행)"
마케팅,마케팅 보고서,4. 전환회원 특성,법인명,공114,DIM_ORG.CORP,필드인벤토리·별칭등록부,,,FACT_MEMBER_EVENT,,FACT_MEMBER_MONTHLY → FACT_MEMBER_EVENT,값없음,"🔁 **앵커 강제 교체**(FACT_MEMBER_MONTHLY → FACT_MEMBER_EVENT) — [O136 착수표 ⑰] 전환회원 특성 섹션은 개발구분 5종 및 전환 사건 시점의 속성을 분석하므로 회원×월 요약(`FACT_MEMBER_MONTHLY`)이 아닌 사건 팩트 `FACT_MEMBER_EVENT` 가 정본 앵커다. ▸ `DIM_ORG.CORP` 전건 NULL (1,315행)"
마케팅,마케팅 보고서,4. 전환회원 특성,후원사업(2)명,,DIM_MEMBER_ACQUISITION.ACQ_SPONSORSHIP_NAME,교정등록부(OPENED_O45),OPENED_O45,DIM_MEMBER_ACQUISITION.ACQ_SPONSORSHIP_NAME,FACT_MEMBER_EVENT,,FACT_MEMBER_MONTHLY → FACT_MEMBER_EVENT,조립가능,🔁 **앵커 강제 교체**(FACT_MEMBER_MONTHLY → FACT_MEMBER_EVENT) — [O136 착수표 ⑰] 전환회원 특성 섹션은 개발구분 5종 및 전환 사건 시점의 속성을 분석하므로 회원×월 요약(`FACT_MEMBER_MONTHLY`)이 아닌 사건 팩트 `FACT_MEMBER_EVENT` 가 정본 앵커다. ▸ [매핑교정 OPENED_O45] 전환회원 특성·LTV 섹션의 후원사업은 **획득 귀속**이 의미상 맞다(그 회원을 데려온 사업). ▸ 종전 매핑 `DIM_MEMBER_ACQUISITION.ACQ_SPONSORSHIP_NAME` → 교정 `DIM_MEMBER_ACQUISITION.ACQ_SPONSORSHIP_NAME` ▸ `FACT_MEMBER_EVENT` → `DIM_MEMBER_ACQUISITION` FK 생존(비영 존재)
마케팅,마케팅 보고서,4. 전환회원 특성,성별(회원),공130,DIM_MEMBER,지표사전·별칭등록부,,,FACT_MEMBER_EVENT,,FACT_MEMBER_MONTHLY → FACT_MEMBER_EVENT,조립가능,"🔁 **앵커 강제 교체**(FACT_MEMBER_MONTHLY → FACT_MEMBER_EVENT) — [O136 착수표 ⑰] 전환회원 특성 섹션은 개발구분 5종 및 전환 사건 시점의 속성을 분석하므로 회원×월 요약(`FACT_MEMBER_MONTHLY`)이 아닌 사건 팩트 `FACT_MEMBER_EVENT` 가 정본 앵커다. ▸ `FACT_MEMBER_EVENT` → `DIM_MEMBER` FK 생존(비영 존재) ▸ 🔴 `DIM_MEMBER` 는 **SCD2** 다 — 실측(O56) **7,925,716행 / 회원 1,763,065**(현재행 1,763,065). `IS_CURRENT = TRUE` 없이 조인하면 **4.49배 팬아웃**한다(FGA 실측 68,836 → 161,729 = 2.35배). ⇒ `DIM_MEMBER_CURRENT` 를 쓰거나 `IS_CURRENT = TRUE` 를 명시할 것"
마케팅,마케팅 보고서,4. 전환회원 특성,연령대,(215밖),DIM_MEMBER.AGE_BAND,필드인벤토리,,,FACT_MEMBER_EVENT,,FACT_MEMBER_MONTHLY → FACT_MEMBER_EVENT,조립가능,"🔁 **앵커 강제 교체**(FACT_MEMBER_MONTHLY → FACT_MEMBER_EVENT) — [O136 착수표 ⑰] 전환회원 특성 섹션은 개발구분 5종 및 전환 사건 시점의 속성을 분석하므로 회원×월 요약(`FACT_MEMBER_MONTHLY`)이 아닌 사건 팩트 `FACT_MEMBER_EVENT` 가 정본 앵커다. ▸ `FACT_MEMBER_EVENT` → `DIM_MEMBER` FK 생존(비영 존재) ▸ 🔴 `DIM_MEMBER` 는 **SCD2** 다 — 실측(O56) **7,925,716행 / 회원 1,763,065**(현재행 1,763,065). `IS_CURRENT = TRUE` 없이 조인하면 **4.49배 팬아웃**한다(FGA 실측 68,836 → 161,729 = 2.35배). ⇒ `DIM_MEMBER_CURRENT` 를 쓰거나 `IS_CURRENT = TRUE` 를 명시할 것"
마케팅,마케팅 보고서,4. 전환회원 특성,회원번호,,DIM_MEMBER.MEMBER_DK,교정등록부(WRONG_DIM),WRONG_DIM,DIM_MEMBER.MEMBER_DK,FACT_MEMBER_EVENT,,FACT_MEMBER_MONTHLY → FACT_MEMBER_EVENT,조립가능,"🔁 **앵커 강제 교체**(FACT_MEMBER_MONTHLY → FACT_MEMBER_EVENT) — [O136 착수표 ⑰] 전환회원 특성 섹션은 개발구분 5종 및 전환 사건 시점의 속성을 분석하므로 회원×월 요약(`FACT_MEMBER_MONTHLY`)이 아닌 사건 팩트 `FACT_MEMBER_EVENT` 가 정본 앵커다. ▸ [매핑교정 WRONG_DIM] `DIM_MEMBER_IDENTITY` 는 GA↔CRM 신원 브리지 전용 차원이고 **CRM 팩트에서 가는 FK 가 없다**. 회원번호는 모든 팩트에 `MEMBER_DK` 로 실재하고 `DIM_MEMBER` 자연키 조인이 살아 있다. 이 오매핑이 12필드에 걸쳐 반복됐다. ▸ 종전 매핑 `DIM_MEMBER.MEMBER_DK` → 교정 `DIM_MEMBER.MEMBER_DK` ▸ 앵커 팩트 `FACT_MEMBER_EVENT` 가 **동명 degenerate 컬럼 `MEMBER_DK` 을 직접 보유**한다 (실측 채움 4,633,105/4,633,105) — `DIM_MEMBER` 를 경유할 필요가 없다. 매핑을 앵커 로컬로 교정할 것(O47·P96-②)"
마케팅,마케팅 보고서,4. 전환회원 특성,개발(건),공4·5·149,FACT_MEMBER_MONTHLY.DEV_CNT,필드인벤토리,,,FACT_MEMBER_EVENT,,FACT_MEMBER_MONTHLY → FACT_MEMBER_EVENT,배분규칙필요,🔁 **앵커 강제 교체**(FACT_MEMBER_MONTHLY → FACT_MEMBER_EVENT) — [O136 착수표 ⑰] 전환회원 특성 섹션은 개발구분 5종 및 전환 사건 시점의 속성을 분석하므로 회원×월 요약(`FACT_MEMBER_MONTHLY`)이 아닌 사건 팩트 `FACT_MEMBER_EVENT` 가 정본 앵커다. ▸ 시간축 상이 — `FACT_MEMBER_EVENT`=일 vs `FACT_MEMBER_MONTHLY`=월. 🔴 굵은 쪽을 잘게 내리려면 **배분(귀속) 규칙**이 필요하다 — 규칙 없이 조인하면 굵은 값이 잘은 행마다 복제된다. 이것은 모델링이 아니라 **업무 판단**이다(O47·P95).
마케팅,마케팅 보고서,5. 캠페인별 LTV (신규),매체명(브랜드2),,"⛔ 불가 — `FACT_AD_PERFORMANCE.AD_CREATIVE_SK` 243,545/243,545 전건 센티넬 + 목표측 매체 축 부재",⛔불가(등록부),,,FACT_MEMBER_COHORT,,FACT_MEMBER_MONTHLY → FACT_MEMBER_COHORT,원천부재,"🔁 **앵커 강제 교체**(FACT_MEMBER_MONTHLY → FACT_MEMBER_COHORT) — [O136 착수표 ⑰] 캠페인별 LTV 섹션은 평균 유지기간, 12개월 이탈률, 최초 가입캠페인 중단일을 분석하므로 회원 획득 코호트 팩트 `FACT_MEMBER_COHORT` 가 정본 앵커다. ▸ 불가 — `FACT_AD_PERFORMANCE.AD_CREATIVE_SK` 243,545/243,545 전건 센티넬 + 목표측 매체 축 부재"
마케팅,마케팅 보고서,5. 캠페인별 LTV (신규),기준일시,,⛔ 불가 — 목표 원천 `TM_CM_MBER_DVLP_GOAL` 11컬럼 시간축이 `STDYY`+`STDR_MT` 뿐 — 일자 컬럼 부재,⛔불가(등록부),,,FACT_MEMBER_COHORT,,FACT_MEMBER_MONTHLY → FACT_MEMBER_COHORT,원천부재,"🔁 **앵커 강제 교체**(FACT_MEMBER_MONTHLY → FACT_MEMBER_COHORT) — [O136 착수표 ⑰] 캠페인별 LTV 섹션은 평균 유지기간, 12개월 이탈률, 최초 가입캠페인 중단일을 분석하므로 회원 획득 코호트 팩트 `FACT_MEMBER_COHORT` 가 정본 앵커다. ▸ 불가 — 목표 원천 `TM_CM_MBER_DVLP_GOAL` 11컬럼 시간축이 `STDYY`+`STDR_MT` 뿐 — 일자 컬럼 부재"
마케팅,마케팅 보고서,5. 캠페인별 LTV (신규),부서명,,DIM_MEMBER_ACQUISITION.ACQ_DEPARTMENT,교정등록부(OPENED_O45),OPENED_O45,DIM_MEMBER_ACQUISITION.ACQ_DEPARTMENT,FACT_MEMBER_COHORT,,FACT_MEMBER_MONTHLY → FACT_MEMBER_COHORT,조립가능,"🔁 **앵커 강제 교체**(FACT_MEMBER_MONTHLY → FACT_MEMBER_COHORT) — [O136 착수표 ⑰] 캠페인별 LTV 섹션은 평균 유지기간, 12개월 이탈률, 최초 가입캠페인 중단일을 분석하므로 회원 획득 코호트 팩트 `FACT_MEMBER_COHORT` 가 정본 앵커다. ▸ [매핑교정 OPENED_O45] 위 「부서」와 동일 — 회원 분석 문맥. ▸ 종전 매핑 `DIM_MEMBER_ACQUISITION.ACQ_DEPARTMENT` → 교정 `DIM_MEMBER_ACQUISITION.ACQ_DEPARTMENT` ▸ `FACT_MEMBER_COHORT` → `DIM_MEMBER_ACQUISITION` FK 생존(비영 존재)"
마케팅,마케팅 보고서,5. 캠페인별 LTV (신규),브랜드,,DIM_MEMBER_ACQUISITION.ACQ_BRAND,교정등록부(OPENED_O45),OPENED_O45,DIM_MEMBER_ACQUISITION.ACQ_BRAND,FACT_MEMBER_COHORT,,FACT_MEMBER_MONTHLY → FACT_MEMBER_COHORT,조립가능,"🔁 **앵커 강제 교체**(FACT_MEMBER_MONTHLY → FACT_MEMBER_COHORT) — [O136 착수표 ⑰] 캠페인별 LTV 섹션은 평균 유지기간, 12개월 이탈률, 최초 가입캠페인 중단일을 분석하므로 회원 획득 코호트 팩트 `FACT_MEMBER_COHORT` 가 정본 앵커다. ▸ [매핑교정 OPENED_O45] [O45] `FMM.CAMPAIGN_SK` 는 O8(다중귀속 규칙 미확정)로 전건 센티넬이다. **「획득 시점」 명시 규칙**으로 회원 1행에 캠페인을 확정해 우회했다(팬아웃 0 실측). ▸ 종전 매핑 `DIM_MEMBER_ACQUISITION.ACQ_BRAND` → 교정 `DIM_MEMBER_ACQUISITION.ACQ_BRAND` ▸ 앵커 팩트 `FACT_MEMBER_COHORT` 가 **동명 degenerate 컬럼 `ACQ_BRAND` 을 직접 보유**한다 (실측 채움 1,585,945/1,585,949) — `DIM_MEMBER_ACQUISITION` 를 경유할 필요가 없다. 매핑을 앵커 로컬로 교정할 것(O47·P96-②)"
마케팅,마케팅 보고서,5. 캠페인별 LTV (신규),상위캠페인,,DIM_MEMBER_ACQUISITION.ACQ_PARENT_CAMPAIGN_NAME,교정등록부(OPENED_O45),OPENED_O45,DIM_MEMBER_ACQUISITION.ACQ_PARENT_CAMPAIGN_NAME,FACT_MEMBER_COHORT,,FACT_MEMBER_MONTHLY → FACT_MEMBER_COHORT,조립가능,"🔁 **앵커 강제 교체**(FACT_MEMBER_MONTHLY → FACT_MEMBER_COHORT) — [O136 착수표 ⑰] 캠페인별 LTV 섹션은 평균 유지기간, 12개월 이탈률, 최초 가입캠페인 중단일을 분석하므로 회원 획득 코호트 팩트 `FACT_MEMBER_COHORT` 가 정본 앵커다. ▸ [매핑교정 OPENED_O45] 위와 동일 경로. ▸ 종전 매핑 `DIM_MEMBER_ACQUISITION.ACQ_PARENT_CAMPAIGN_NAME` → 교정 `DIM_MEMBER_ACQUISITION.ACQ_PARENT_CAMPAIGN_NAME` ▸ 앵커 팩트 `FACT_MEMBER_COHORT` 가 **동명 degenerate 컬럼 `ACQ_PARENT_CAMPAIGN_NAME` 을 직접 보유**한다 (실측 채움 1,585,945/1,585,949) — `DIM_MEMBER_ACQUISITION` 를 경유할 필요가 없다. 매핑을 앵커 로컬로 교정할 것(O47·P96-②)"
마케팅,마케팅 보고서,5. 캠페인별 LTV (신규),캠페인명,,DIM_MEMBER_ACQUISITION.ACQ_CAMPAIGN_NAME,교정등록부(OPENED_O45),OPENED_O45,DIM_MEMBER_ACQUISITION.ACQ_CAMPAIGN_NAME,FACT_MEMBER_COHORT,,FACT_MEMBER_MONTHLY → FACT_MEMBER_COHORT,조립가능,"🔁 **앵커 강제 교체**(FACT_MEMBER_MONTHLY → FACT_MEMBER_COHORT) — [O136 착수표 ⑰] 캠페인별 LTV 섹션은 평균 유지기간, 12개월 이탈률, 최초 가입캠페인 중단일을 분석하므로 회원 획득 코호트 팩트 `FACT_MEMBER_COHORT` 가 정본 앵커다. ▸ [매핑교정 OPENED_O45] 위와 동일 경로. ▸ 종전 매핑 `DIM_MEMBER_ACQUISITION.ACQ_CAMPAIGN_NAME` → 교정 `DIM_MEMBER_ACQUISITION.ACQ_CAMPAIGN_NAME` ▸ `FACT_MEMBER_COHORT` → `DIM_MEMBER_ACQUISITION` FK 생존(비영 존재)"
마케팅,마케팅 보고서,5. 캠페인별 LTV (신규),후원사업(2)명,,DIM_MEMBER_ACQUISITION.ACQ_SPONSORSHIP_NAME,교정등록부(OPENED_O45),OPENED_O45,DIM_MEMBER_ACQUISITION.ACQ_SPONSORSHIP_NAME,FACT_MEMBER_COHORT,,FACT_MEMBER_MONTHLY → FACT_MEMBER_COHORT,조립가능,"🔁 **앵커 강제 교체**(FACT_MEMBER_MONTHLY → FACT_MEMBER_COHORT) — [O136 착수표 ⑰] 캠페인별 LTV 섹션은 평균 유지기간, 12개월 이탈률, 최초 가입캠페인 중단일을 분석하므로 회원 획득 코호트 팩트 `FACT_MEMBER_COHORT` 가 정본 앵커다. ▸ [매핑교정 OPENED_O45] 전환회원 특성·LTV 섹션의 후원사업은 **획득 귀속**이 의미상 맞다(그 회원을 데려온 사업). ▸ 종전 매핑 `DIM_MEMBER_ACQUISITION.ACQ_SPONSORSHIP_NAME` → 교정 `DIM_MEMBER_ACQUISITION.ACQ_SPONSORSHIP_NAME` ▸ `FACT_MEMBER_COHORT` → `DIM_MEMBER_ACQUISITION` FK 생존(비영 존재)"
마케팅,마케팅 보고서,5. 캠페인별 LTV (신규),개발구분,공121,FACT_MEMBER_MONTHLY.DEV_TYPE,필드인벤토리,,,FACT_MEMBER_COHORT,,FACT_MEMBER_MONTHLY → FACT_MEMBER_COHORT,값없음,"🔁 **앵커 강제 교체**(FACT_MEMBER_MONTHLY → FACT_MEMBER_COHORT) — [O136 착수표 ⑰] 캠페인별 LTV 섹션은 평균 유지기간, 12개월 이탈률, 최초 가입캠페인 중단일을 분석하므로 회원 획득 코호트 팩트 `FACT_MEMBER_COHORT` 가 정본 앵커다. ▸ `FACT_MEMBER_MONTHLY.DEV_TYPE` 전건 NULL (40,054,883행)"
마케팅,마케팅 보고서,5. 캠페인별 LTV (신규),회원번호,,DIM_MEMBER.MEMBER_DK,교정등록부(WRONG_DIM),WRONG_DIM,DIM_MEMBER.MEMBER_DK,FACT_MEMBER_COHORT,,FACT_MEMBER_MONTHLY → FACT_MEMBER_COHORT,조립가능,"🔁 **앵커 강제 교체**(FACT_MEMBER_MONTHLY → FACT_MEMBER_COHORT) — [O136 착수표 ⑰] 캠페인별 LTV 섹션은 평균 유지기간, 12개월 이탈률, 최초 가입캠페인 중단일을 분석하므로 회원 획득 코호트 팩트 `FACT_MEMBER_COHORT` 가 정본 앵커다. ▸ [매핑교정 WRONG_DIM] `DIM_MEMBER_IDENTITY` 는 GA↔CRM 신원 브리지 전용 차원이고 **CRM 팩트에서 가는 FK 가 없다**. 회원번호는 모든 팩트에 `MEMBER_DK` 로 실재하고 `DIM_MEMBER` 자연키 조인이 살아 있다. 이 오매핑이 12필드에 걸쳐 반복됐다. ▸ 종전 매핑 `DIM_MEMBER.MEMBER_DK` → 교정 `DIM_MEMBER.MEMBER_DK` ▸ 앵커 팩트 `FACT_MEMBER_COHORT` 가 **동명 degenerate 컬럼 `MEMBER_DK` 을 직접 보유**한다 (실측 채움 1,585,949/1,585,949) — `DIM_MEMBER` 를 경유할 필요가 없다. 매핑을 앵커 로컬로 교정할 것(O47·P96-②)"
마케팅,마케팅 보고서,5. 캠페인별 LTV (신규),개발(건),공4·5·149,FACT_MEMBER_MONTHLY.DEV_CNT,필드인벤토리,,,FACT_MEMBER_COHORT,,FACT_MEMBER_MONTHLY → FACT_MEMBER_COHORT,배분규칙필요,"🔁 **앵커 강제 교체**(FACT_MEMBER_MONTHLY → FACT_MEMBER_COHORT) — [O136 착수표 ⑰] 캠페인별 LTV 섹션은 평균 유지기간, 12개월 이탈률, 최초 가입캠페인 중단일을 분석하므로 회원 획득 코호트 팩트 `FACT_MEMBER_COHORT` 가 정본 앵커다. ▸ 시간축 상이 — `FACT_MEMBER_COHORT`=일(획득) vs `FACT_MEMBER_MONTHLY`=월. 🔴 굵은 쪽을 잘게 내리려면 **배분(귀속) 규칙**이 필요하다 — 규칙 없이 조인하면 굵은 값이 잘은 행마다 복제된다. 이것은 모델링이 아니라 **업무 판단**이다(O47·P95)."
마케팅,마케팅 보고서,5. 캠페인별 LTV (신규),가입캠페인중단일,공26,FACT_MEMBER_MONTHLY.STOP_DATE,필드인벤토리,,,FACT_MEMBER_COHORT,,FACT_MEMBER_MONTHLY → FACT_MEMBER_COHORT,값없음,"🔁 **앵커 강제 교체**(FACT_MEMBER_MONTHLY → FACT_MEMBER_COHORT) — [O136 착수표 ⑰] 캠페인별 LTV 섹션은 평균 유지기간, 12개월 이탈률, 최초 가입캠페인 중단일을 분석하므로 회원 획득 코호트 팩트 `FACT_MEMBER_COHORT` 가 정본 앵커다. ▸ `FACT_MEMBER_MONTHLY.STOP_DATE` 전건 NULL (40,054,883행)"
마케팅,마케팅 보고서,5. 캠페인별 LTV (신규),총납입금액(회비),공69·70,FACT_MEMBER_MONTHLY.PAID_FEE,필드인벤토리·별칭등록부,,,FACT_MEMBER_COHORT,,FACT_MEMBER_MONTHLY → FACT_MEMBER_COHORT,배분규칙필요,"🔁 **앵커 강제 교체**(FACT_MEMBER_MONTHLY → FACT_MEMBER_COHORT) — [O136 착수표 ⑰] 캠페인별 LTV 섹션은 평균 유지기간, 12개월 이탈률, 최초 가입캠페인 중단일을 분석하므로 회원 획득 코호트 팩트 `FACT_MEMBER_COHORT` 가 정본 앵커다. ▸ 시간축 상이 — `FACT_MEMBER_COHORT`=일(획득) vs `FACT_MEMBER_MONTHLY`=월. 🔴 굵은 쪽을 잘게 내리려면 **배분(귀속) 규칙**이 필요하다 — 규칙 없이 조인하면 굵은 값이 잘은 행마다 복제된다. 이것은 모델링이 아니라 **업무 판단**이다(O47·P95)."
회원,1. 개발현황,1-1. [회원] 개발실적보고 (일일) · CRM 필드,기준일자,(215밖),DIM_DATE.FULL_DATE,필드인벤토리·별칭등록부,,,FACT_MEMBER_MONTHLY,,,도달불가,`FACT_MEMBER_MONTHLY` 에 `DIM_DATE` 로 가는 FK 가 없다 ▸ BRONZE 근거: `FACT_MEMBER_MONTHLY` 는 **월 grain**(`MONTH_KEY`)이고 `DATE_SK` 가 없다. 일자 분해는 `FACT_MEMBER_EVENT.DATE_SK`(사건 grain)에서만 가능하다.
회원,1. 개발현황,1-1. [회원] 개발실적보고 (일일) · CRM 필드,월목표,(215밖),FACT_DEV_ACHIEVEMENT.GOAL_CNT,필드인벤토리~,,,FACT_MEMBER_MONTHLY,,,grain부정합,엔티티축 상이 — `FACT_MEMBER_MONTHLY`=MEMBER_DK vs `FACT_DEV_ACHIEVEMENT`=ORG_SK
회원,1. 개발현황,1-1. [회원] 개발실적보고 (일일) · CRM 필드,누계목표,(YTD),SV metric — 누계 = base 의 YTD running sum (P7·물리 미저장),SV파생,,,FACT_MEMBER_MONTHLY,,,판정불가(SV파생),SV metric — 물리 컬럼이 아니라 base 로 계산된다. base 의 조립가능도를 따른다
회원,1. 개발현황,1-1. [회원] 개발실적보고 (일일) · CRM 필드,연목표,공3,SV metric — 분자: DEV_CNT(YR) / 분모: GOAL_CNT(YR),지표사전~,,,FACT_MEMBER_MONTHLY,,,판정불가(SV파생),SV metric — 물리 컬럼이 아니라 base 로 계산된다. base 의 조립가능도를 따른다
회원,1. 개발현황,1-1. [회원] 개발실적보고 (일일) · CRM 필드,법인,공114,DIM_ORG.CORP,필드인벤토리,,,FACT_MEMBER_MONTHLY,,,값없음,"`DIM_ORG.CORP` 전건 NULL (1,315행)"
회원,1. 개발현황,1-1. [회원] 개발실적보고 (일일) · CRM 필드,부서,,DIM_MEMBER_ACQUISITION.ACQ_DEPARTMENT (회원분석) / WIDE_MEMBER_EVENT.ORG_DEPARTMENT (개발실적),교정등록부(OPENED_O45),OPENED_O45,DIM_MEMBER_ACQUISITION.ACQ_DEPARTMENT (회원분석) / WIDE_MEMBER_EVENT.ORG_DEPARTMENT (개발실적),FACT_MEMBER_MONTHLY,,,조립가능,[매핑교정 OPENED_O45] 🔴 **같은 라벨이 두 축이다**(O34 `_AT_PLEDGE`/`_AT_EVENT` 규약 재적용). 개발실적보고의 부서 = **사건 부서** · 연간분석(회비)의 부서 = **획득 부서**. 두 값은 다르다. ▸ 종전 매핑 `DIM_MEMBER_ACQUISITION.ACQ_DEPARTMENT (회원분석) / WIDE_MEMBER_EVENT.ORG_DEPARTMENT (개발실적)` → 교정 `DIM_MEMBER_ACQUISITION.ACQ_DEPARTMENT (회원분석) / WIDE_MEMBER_EVENT.ORG_DEPARTMENT (개발실적)` ▸ `FACT_MEMBER_MONTHLY` → `DIM_MEMBER_ACQUISITION` FK 생존(비영 존재)
회원,1. 개발현황,1-1. [회원] 개발실적보고 (일일) · CRM 필드,브랜드,,DIM_MEMBER_ACQUISITION.ACQ_BRAND,교정등록부(OPENED_O45),OPENED_O45,DIM_MEMBER_ACQUISITION.ACQ_BRAND,FACT_MEMBER_MONTHLY,,,조립가능,[매핑교정 OPENED_O45] [O45] `FMM.CAMPAIGN_SK` 는 O8(다중귀속 규칙 미확정)로 전건 센티넬이다. **「획득 시점」 명시 규칙**으로 회원 1행에 캠페인을 확정해 우회했다(팬아웃 0 실측). ▸ 종전 매핑 `DIM_MEMBER_ACQUISITION.ACQ_BRAND` → 교정 `DIM_MEMBER_ACQUISITION.ACQ_BRAND` ▸ `FACT_MEMBER_MONTHLY` → `DIM_MEMBER_ACQUISITION` FK 생존(비영 존재)
회원,1. 개발현황,1-1. [회원] 개발실적보고 (일일) · CRM 필드,홍보방법,,DIM_MEMBER_ACQUISITION.ACQ_PROMO_METHOD_NAME,교정등록부(OPENED_O45),OPENED_O45,DIM_MEMBER_ACQUISITION.ACQ_PROMO_METHOD_NAME,FACT_MEMBER_MONTHLY,,,조립가능,[매핑교정 OPENED_O45] 위와 동일 경로. ▸ 종전 매핑 `DIM_MEMBER_ACQUISITION.ACQ_PROMO_METHOD_NAME` → 교정 `DIM_MEMBER_ACQUISITION.ACQ_PROMO_METHOD_NAME` ▸ `FACT_MEMBER_MONTHLY` → `DIM_MEMBER_ACQUISITION` FK 생존(비영 존재)
회원,1. 개발현황,1-1. [회원] 개발실적보고 (일일) · CRM 필드,상위캠페인,,DIM_MEMBER_ACQUISITION.ACQ_PARENT_CAMPAIGN_NAME,교정등록부(OPENED_O45),OPENED_O45,DIM_MEMBER_ACQUISITION.ACQ_PARENT_CAMPAIGN_NAME,FACT_MEMBER_MONTHLY,,,조립가능,[매핑교정 OPENED_O45] 위와 동일 경로. ▸ 종전 매핑 `DIM_MEMBER_ACQUISITION.ACQ_PARENT_CAMPAIGN_NAME` → 교정 `DIM_MEMBER_ACQUISITION.ACQ_PARENT_CAMPAIGN_NAME` ▸ `FACT_MEMBER_MONTHLY` → `DIM_MEMBER_ACQUISITION` FK 생존(비영 존재)
회원,1. 개발현황,1-1. [회원] 개발실적보고 (일일) · CRM 필드,캠페인,,DIM_MEMBER_ACQUISITION.ACQ_CAMPAIGN_NAME,교정등록부(OPENED_O45),OPENED_O45,DIM_MEMBER_ACQUISITION.ACQ_CAMPAIGN_NAME,FACT_MEMBER_MONTHLY,,,조립가능,[매핑교정 OPENED_O45] 위와 동일 경로. ▸ 종전 매핑 `DIM_MEMBER_ACQUISITION.ACQ_CAMPAIGN_NAME` → 교정 `DIM_MEMBER_ACQUISITION.ACQ_CAMPAIGN_NAME` ▸ `FACT_MEMBER_MONTHLY` → `DIM_MEMBER_ACQUISITION` FK 생존(비영 존재)
회원,1. 개발현황,1-1. [회원] 개발실적보고 (일일) · CRM 필드,개발구분,공121,FACT_MEMBER_MONTHLY.DEV_TYPE,필드인벤토리,,,FACT_MEMBER_MONTHLY,,,값없음,"`FACT_MEMBER_MONTHLY.DEV_TYPE` 전건 NULL (40,054,883행)"
회원,1. 개발현황,1-1. [회원] 개발실적보고 (일일) · CRM 필드,후원사업,,FACT_MEMBER_FEE.SPONSORSHIP_SK (회비) / DIM_MEMBER_ACQUISITION.ACQ_SPONSORSHIP_SK (획득),교정등록부(OPENED_O45),OPENED_O45,FACT_MEMBER_FEE.SPONSORSHIP_SK (회비) / DIM_MEMBER_ACQUISITION.ACQ_SPONSORSHIP_SK (획득),FACT_MEMBER_MONTHLY,,,조립가능,"[매핑교정 OPENED_O45] 🔴 **같은 라벨이 두 축이다**. 회비·미납 분석의 후원사업 = **납입 대상**(회비 행에 붙은 값, `SPNSR_BSNS_ID` 채움 99.83%) → `FACT_MEMBER_FEE`. 개발·중단·회원특성 분석의 후원사업 = **획득 시점**(그 회원을 데려온 사업) → `DIM_MEMBER_ACQUISITION`. 한 회원이 여러 후원사업에 내므로 회원-월 grain 에 하나로 붙일 수 없다(회원-월 37,148,615 → 회원-월-후원사업 39,563,730). ⚠️ 목표(`FACT_TARGET_DEV`)에는 후원사업 축이 없어 **목표 대비 후원사업별 달성률은 불가**하다. ▸ 종전 매핑 `FACT_MEMBER_FEE.SPONSORSHIP_SK (회비) / DIM_MEMBER_ACQUISITION.ACQ_SPONSORSHIP_SK (획득)` → 교정 `FACT_MEMBER_FEE.SPONSORSHIP_SK (회비) / DIM_MEMBER_ACQUISITION.ACQ_SPONSORSHIP_SK (획득)` ▸ [축 병기 — 앵커 `FACT_MEMBER_MONTHLY` 에 맞는 축 선택] `DIM_MEMBER_ACQUISITION.ACQ_SPONSORSHIP_SK` ▸ `FACT_MEMBER_MONTHLY` → `DIM_MEMBER_ACQUISITION` FK 생존(비영 존재) ▸ 다른 병기 축 `FACT_MEMBER_FEE.SPONSORSHIP_SK` 은 `형제팩트중복` (O47)"
회원,1. 개발현황,1-1. [회원] 개발실적보고 (일일) · CRM 필드,개발(명),공148,FACT_MEMBER_MONTHLY.DEV_MEMBERS,필드인벤토리,,,FACT_MEMBER_MONTHLY,,,조립가능,"앵커 팩트 `FACT_MEMBER_MONTHLY` 자체의 컬럼 ▸ 🔴 **비가산 처방**: 🔴 **[O56 신규 적발]** `DEV_MEMBERS` 도 비가산이다 — 실측 `SUM(DEV_MEMBERS)` **1,996,977** vs 실제 distinct 개발회원 **1,585,923** = **410,054 과대(25.9%)**. 회원-월 grain 이라 **같은 회원이 여러 달에 개발**되면 중복 계상된다(`SUM(DEV_CNT)` = 2,291,878 은 건수라 정상). ⇒ 「개발(명)」을 여러 월에 걸쳐 물으면 **`COUNT(DISTINCT MEMBER_DK)`** 로 낸다. O49 는 이 필드를 검사하지 않았다(P79/O39 와 같은 유형의 3건째 재발)"
회원,1. 개발현황,1-1. [회원] 개발실적보고 (일일) · CRM 필드,개발(건),공4·5·149,FACT_MEMBER_MONTHLY.DEV_CNT,필드인벤토리,,,FACT_MEMBER_MONTHLY,,,조립가능,앵커 팩트 `FACT_MEMBER_MONTHLY` 자체의 컬럼
회원,1. 개발현황,1-1. [회원] 개발실적보고 (일일) · CRM 필드,월 목표대비 개발건(%),(SV ratio),SV metric — 비율(%) — SV time-intelligence/ratio,SV파생,,,FACT_MEMBER_MONTHLY,,,판정불가(SV파생),SV metric — 물리 컬럼이 아니라 base 로 계산된다. base 의 조립가능도를 따른다
회원,1. 개발현황,1-1. [회원] 개발실적보고 (일일) · CRM 필드,누계 목표대비 개발건(%),(SV ratio),SV metric — 비율(%) — SV time-intelligence/ratio,SV파생,,,FACT_MEMBER_MONTHLY,,,판정불가(SV파생),SV metric — 물리 컬럼이 아니라 base 로 계산된다. base 의 조립가능도를 따른다
회원,1. 개발현황,1-1. [회원] 개발실적보고 (일일) · CRM 필드,연 목표대비 개발건(%),(SV ratio),SV metric — 비율(%) — SV time-intelligence/ratio,SV파생,,,FACT_MEMBER_MONTHLY,,,판정불가(SV파생),SV metric — 물리 컬럼이 아니라 base 로 계산된다. base 의 조립가능도를 따른다
회원,1. 개발현황,1-1. [회원] 개발실적보고 (일일) · GA 필드,방문수 합계,공92,FACT_GA_BEHAVIOR.VISITS,필드인벤토리·별칭등록부,,,FACT_GA_BEHAVIOR,,,조립가능,앵커 팩트 `FACT_GA_BEHAVIOR` 자체의 컬럼
회원,1. 개발현황,1-1. [회원] 개발실적보고 (일일) · GA 필드,활성사용자 합계,공93,FACT_GA_BEHAVIOR.ACTIVE_USERS,필드인벤토리·별칭등록부,,,FACT_GA_BEHAVIOR,,,조립가능,앵커 팩트 `FACT_GA_BEHAVIOR` 자체의 컬럼
회원,1. 개발현황,1-1. [회원] 개발실적보고 (일일) · GA 필드,방문수 대비 개발건(%),(SV ratio),SV metric — 비율(%) — SV time-intelligence/ratio,SV파생,,,FACT_GA_BEHAVIOR,,,판정불가(SV파생),SV metric — 물리 컬럼이 아니라 base 로 계산된다. base 의 조립가능도를 따른다
회원,1. 개발현황,1-1. [회원] 개발실적보고 (일일) · GA 필드,활성사용자 대비 개발건(%),(SV ratio),SV metric — 비율(%) — SV time-intelligence/ratio,SV파생,,,FACT_GA_BEHAVIOR,,,판정불가(SV파생),SV metric — 물리 컬럼이 아니라 base 로 계산된다. base 의 조립가능도를 따른다
회원,1. 개발현황,1-1. [회원] 개발실적보고 (일일) · GA 필드,PC방문수,공92,FACT_GA_BEHAVIOR.VISITS,필드인벤토리·별칭등록부,,,FACT_GA_BEHAVIOR,,,조립가능,앵커 팩트 `FACT_GA_BEHAVIOR` 자체의 컬럼
회원,1. 개발현황,1-1. [회원] 개발실적보고 (일일) · GA 필드,M방문수,공92,FACT_GA_BEHAVIOR.VISITS,필드인벤토리·별칭등록부,,,FACT_GA_BEHAVIOR,,,조립가능,앵커 팩트 `FACT_GA_BEHAVIOR` 자체의 컬럼
회원,1. 개발현황,1-1. [회원] 개발실적보고 (일일) · GA 필드,APP방문수,공92,FACT_GA_BEHAVIOR.VISITS,필드인벤토리·별칭등록부,,,FACT_GA_BEHAVIOR,,,조립가능,앵커 팩트 `FACT_GA_BEHAVIOR` 자체의 컬럼
회원,1. 개발현황,1-1. [회원] 개발실적보고 (일일) · GA 필드,PC활성사용자,공93,FACT_GA_BEHAVIOR.ACTIVE_USERS,필드인벤토리·별칭등록부,,,FACT_GA_BEHAVIOR,,,조립가능,앵커 팩트 `FACT_GA_BEHAVIOR` 자체의 컬럼
회원,1. 개발현황,1-1. [회원] 개발실적보고 (일일) · GA 필드,M활성사용자,공93,FACT_GA_BEHAVIOR.ACTIVE_USERS,필드인벤토리·별칭등록부,,,FACT_GA_BEHAVIOR,,,조립가능,앵커 팩트 `FACT_GA_BEHAVIOR` 자체의 컬럼
회원,1. 개발현황,1-1. [회원] 개발실적보고 (일일) · GA 필드,APP활성사용자,공93,FACT_GA_BEHAVIOR.ACTIVE_USERS,필드인벤토리·별칭등록부,,,FACT_GA_BEHAVIOR,,,조립가능,앵커 팩트 `FACT_GA_BEHAVIOR` 자체의 컬럼
회원,1. 개발현황,1-2. [회원] 개발실적보고 (주간) · CRM 필드,기준일자,(215밖),DIM_DATE.FULL_DATE,필드인벤토리·별칭등록부,,,FACT_DEV_ACHIEVEMENT,FACT_DEV_ACHIEVEMENT / FACT_MEMBER_FEE / FACT_MEMBER_MONTHLY,,도달불가,"⚠️ **앵커 경합** — 이 섹션은 `FACT_DEV_ACHIEVEMENT / FACT_MEMBER_FEE / FACT_MEMBER_MONTHLY` 가 동수로 경합하는 **혼합 섹션**이라 앵커를 하나 고르는 것 자체가 임의적이다. 판정은 `FACT_DEV_ACHIEVEMENT` 기준이며, **이 섹션은 한 표가 아니라 경합 팩트 수만큼의 쿼리로 나눠야 한다**(O47-B) ▸ `FACT_DEV_ACHIEVEMENT` 에 `DIM_DATE` 로 가는 FK 가 없다"
회원,1. 개발현황,1-2. [회원] 개발실적보고 (주간) · CRM 필드,월 목표,(215밖),FACT_DEV_ACHIEVEMENT.GOAL_CNT,필드인벤토리~,,,FACT_DEV_ACHIEVEMENT,FACT_DEV_ACHIEVEMENT / FACT_MEMBER_FEE / FACT_MEMBER_MONTHLY,,조립가능,"⚠️ **앵커 경합** — 이 섹션은 `FACT_DEV_ACHIEVEMENT / FACT_MEMBER_FEE / FACT_MEMBER_MONTHLY` 가 동수로 경합하는 **혼합 섹션**이라 앵커를 하나 고르는 것 자체가 임의적이다. 판정은 `FACT_DEV_ACHIEVEMENT` 기준이며, **이 섹션은 한 표가 아니라 경합 팩트 수만큼의 쿼리로 나눠야 한다**(O47-B) ▸ 앵커 팩트 `FACT_DEV_ACHIEVEMENT` 자체의 컬럼"
회원,1. 개발현황,1-2. [회원] 개발실적보고 (주간) · CRM 필드,누계목표,(YTD),SV metric — 누계 = base 의 YTD running sum (P7·물리 미저장),SV파생,,,FACT_DEV_ACHIEVEMENT,FACT_DEV_ACHIEVEMENT / FACT_MEMBER_FEE / FACT_MEMBER_MONTHLY,,판정불가(SV파생),"⚠️ **앵커 경합** — 이 섹션은 `FACT_DEV_ACHIEVEMENT / FACT_MEMBER_FEE / FACT_MEMBER_MONTHLY` 가 동수로 경합하는 **혼합 섹션**이라 앵커를 하나 고르는 것 자체가 임의적이다. 판정은 `FACT_DEV_ACHIEVEMENT` 기준이며, **이 섹션은 한 표가 아니라 경합 팩트 수만큼의 쿼리로 나눠야 한다**(O47-B) ▸ SV metric — 물리 컬럼이 아니라 base 로 계산된다. base 의 조립가능도를 따른다"
회원,1. 개발현황,1-2. [회원] 개발실적보고 (주간) · CRM 필드,연목표,공3,SV metric — 분자: DEV_CNT(YR) / 분모: GOAL_CNT(YR),지표사전~,,,FACT_DEV_ACHIEVEMENT,FACT_DEV_ACHIEVEMENT / FACT_MEMBER_FEE / FACT_MEMBER_MONTHLY,,판정불가(SV파생),"⚠️ **앵커 경합** — 이 섹션은 `FACT_DEV_ACHIEVEMENT / FACT_MEMBER_FEE / FACT_MEMBER_MONTHLY` 가 동수로 경합하는 **혼합 섹션**이라 앵커를 하나 고르는 것 자체가 임의적이다. 판정은 `FACT_DEV_ACHIEVEMENT` 기준이며, **이 섹션은 한 표가 아니라 경합 팩트 수만큼의 쿼리로 나눠야 한다**(O47-B) ▸ SV metric — 물리 컬럼이 아니라 base 로 계산된다. base 의 조립가능도를 따른다"
회원,1. 개발현황,1-2. [회원] 개발실적보고 (주간) · CRM 필드,법인,공114,DIM_ORG.CORP,필드인벤토리,,,FACT_DEV_ACHIEVEMENT,FACT_DEV_ACHIEVEMENT / FACT_MEMBER_FEE / FACT_MEMBER_MONTHLY,,값없음,"⚠️ **앵커 경합** — 이 섹션은 `FACT_DEV_ACHIEVEMENT / FACT_MEMBER_FEE / FACT_MEMBER_MONTHLY` 가 동수로 경합하는 **혼합 섹션**이라 앵커를 하나 고르는 것 자체가 임의적이다. 판정은 `FACT_DEV_ACHIEVEMENT` 기준이며, **이 섹션은 한 표가 아니라 경합 팩트 수만큼의 쿼리로 나눠야 한다**(O47-B) ▸ `DIM_ORG.CORP` 전건 NULL (1,315행)"
회원,1. 개발현황,1-2. [회원] 개발실적보고 (주간) · CRM 필드,부서,,DIM_MEMBER_ACQUISITION.ACQ_DEPARTMENT (회원분석) / WIDE_MEMBER_EVENT.ORG_DEPARTMENT (개발실적),교정등록부(OPENED_O45),OPENED_O45,DIM_MEMBER_ACQUISITION.ACQ_DEPARTMENT (회원분석) / WIDE_MEMBER_EVENT.ORG_DEPARTMENT (개발실적),FACT_DEV_ACHIEVEMENT,FACT_DEV_ACHIEVEMENT / FACT_MEMBER_FEE / FACT_MEMBER_MONTHLY,,도달불가,"⚠️ **앵커 경합** — 이 섹션은 `FACT_DEV_ACHIEVEMENT / FACT_MEMBER_FEE / FACT_MEMBER_MONTHLY` 가 동수로 경합하는 **혼합 섹션**이라 앵커를 하나 고르는 것 자체가 임의적이다. 판정은 `FACT_DEV_ACHIEVEMENT` 기준이며, **이 섹션은 한 표가 아니라 경합 팩트 수만큼의 쿼리로 나눠야 한다**(O47-B) ▸ [매핑교정 OPENED_O45] 🔴 **같은 라벨이 두 축이다**(O34 `_AT_PLEDGE`/`_AT_EVENT` 규약 재적용). 개발실적보고의 부서 = **사건 부서** · 연간분석(회비)의 부서 = **획득 부서**. 두 값은 다르다. ▸ 종전 매핑 `DIM_MEMBER_ACQUISITION.ACQ_DEPARTMENT (회원분석) / WIDE_MEMBER_EVENT.ORG_DEPARTMENT (개발실적)` → 교정 `DIM_MEMBER_ACQUISITION.ACQ_DEPARTMENT (회원분석) / WIDE_MEMBER_EVENT.ORG_DEPARTMENT (개발실적)` ▸ `FACT_DEV_ACHIEVEMENT` 에 `DIM_MEMBER_ACQUISITION` 로 가는 FK 가 없다"
회원,1. 개발현황,1-2. [회원] 개발실적보고 (주간) · CRM 필드,브랜드,,DIM_MEMBER_ACQUISITION.ACQ_BRAND,교정등록부(OPENED_O45),OPENED_O45,DIM_MEMBER_ACQUISITION.ACQ_BRAND,FACT_DEV_ACHIEVEMENT,FACT_DEV_ACHIEVEMENT / FACT_MEMBER_FEE / FACT_MEMBER_MONTHLY,,도달불가,"⚠️ **앵커 경합** — 이 섹션은 `FACT_DEV_ACHIEVEMENT / FACT_MEMBER_FEE / FACT_MEMBER_MONTHLY` 가 동수로 경합하는 **혼합 섹션**이라 앵커를 하나 고르는 것 자체가 임의적이다. 판정은 `FACT_DEV_ACHIEVEMENT` 기준이며, **이 섹션은 한 표가 아니라 경합 팩트 수만큼의 쿼리로 나눠야 한다**(O47-B) ▸ [매핑교정 OPENED_O45] [O45] `FMM.CAMPAIGN_SK` 는 O8(다중귀속 규칙 미확정)로 전건 센티넬이다. **「획득 시점」 명시 규칙**으로 회원 1행에 캠페인을 확정해 우회했다(팬아웃 0 실측). ▸ 종전 매핑 `DIM_MEMBER_ACQUISITION.ACQ_BRAND` → 교정 `DIM_MEMBER_ACQUISITION.ACQ_BRAND` ▸ `FACT_DEV_ACHIEVEMENT` 에 `DIM_MEMBER_ACQUISITION` 로 가는 FK 가 없다"
회원,1. 개발현황,1-2. [회원] 개발실적보고 (주간) · CRM 필드,홍보방법,,DIM_MEMBER_ACQUISITION.ACQ_PROMO_METHOD_NAME,교정등록부(OPENED_O45),OPENED_O45,DIM_MEMBER_ACQUISITION.ACQ_PROMO_METHOD_NAME,FACT_DEV_ACHIEVEMENT,FACT_DEV_ACHIEVEMENT / FACT_MEMBER_FEE / FACT_MEMBER_MONTHLY,,도달불가,"⚠️ **앵커 경합** — 이 섹션은 `FACT_DEV_ACHIEVEMENT / FACT_MEMBER_FEE / FACT_MEMBER_MONTHLY` 가 동수로 경합하는 **혼합 섹션**이라 앵커를 하나 고르는 것 자체가 임의적이다. 판정은 `FACT_DEV_ACHIEVEMENT` 기준이며, **이 섹션은 한 표가 아니라 경합 팩트 수만큼의 쿼리로 나눠야 한다**(O47-B) ▸ [매핑교정 OPENED_O45] 위와 동일 경로. ▸ 종전 매핑 `DIM_MEMBER_ACQUISITION.ACQ_PROMO_METHOD_NAME` → 교정 `DIM_MEMBER_ACQUISITION.ACQ_PROMO_METHOD_NAME` ▸ `FACT_DEV_ACHIEVEMENT` 에 `DIM_MEMBER_ACQUISITION` 로 가는 FK 가 없다"
회원,1. 개발현황,1-2. [회원] 개발실적보고 (주간) · CRM 필드,캠페인,,DIM_MEMBER_ACQUISITION.ACQ_CAMPAIGN_NAME,교정등록부(OPENED_O45),OPENED_O45,DIM_MEMBER_ACQUISITION.ACQ_CAMPAIGN_NAME,FACT_DEV_ACHIEVEMENT,FACT_DEV_ACHIEVEMENT / FACT_MEMBER_FEE / FACT_MEMBER_MONTHLY,,도달불가,"⚠️ **앵커 경합** — 이 섹션은 `FACT_DEV_ACHIEVEMENT / FACT_MEMBER_FEE / FACT_MEMBER_MONTHLY` 가 동수로 경합하는 **혼합 섹션**이라 앵커를 하나 고르는 것 자체가 임의적이다. 판정은 `FACT_DEV_ACHIEVEMENT` 기준이며, **이 섹션은 한 표가 아니라 경합 팩트 수만큼의 쿼리로 나눠야 한다**(O47-B) ▸ [매핑교정 OPENED_O45] 위와 동일 경로. ▸ 종전 매핑 `DIM_MEMBER_ACQUISITION.ACQ_CAMPAIGN_NAME` → 교정 `DIM_MEMBER_ACQUISITION.ACQ_CAMPAIGN_NAME` ▸ `FACT_DEV_ACHIEVEMENT` 에 `DIM_MEMBER_ACQUISITION` 로 가는 FK 가 없다"
회원,1. 개발현황,1-2. [회원] 개발실적보고 (주간) · CRM 필드,후원사업,,FACT_MEMBER_FEE.SPONSORSHIP_SK (회비) / DIM_MEMBER_ACQUISITION.ACQ_SPONSORSHIP_SK (획득),교정등록부(OPENED_O45),OPENED_O45,FACT_MEMBER_FEE.SPONSORSHIP_SK (회비) / DIM_MEMBER_ACQUISITION.ACQ_SPONSORSHIP_SK (획득),FACT_DEV_ACHIEVEMENT,FACT_DEV_ACHIEVEMENT / FACT_MEMBER_FEE / FACT_MEMBER_MONTHLY,,도달불가,"⚠️ **앵커 경합** — 이 섹션은 `FACT_DEV_ACHIEVEMENT / FACT_MEMBER_FEE / FACT_MEMBER_MONTHLY` 가 동수로 경합하는 **혼합 섹션**이라 앵커를 하나 고르는 것 자체가 임의적이다. 판정은 `FACT_DEV_ACHIEVEMENT` 기준이며, **이 섹션은 한 표가 아니라 경합 팩트 수만큼의 쿼리로 나눠야 한다**(O47-B) ▸ [매핑교정 OPENED_O45] 🔴 **같은 라벨이 두 축이다**. 회비·미납 분석의 후원사업 = **납입 대상**(회비 행에 붙은 값, `SPNSR_BSNS_ID` 채움 99.83%) → `FACT_MEMBER_FEE`. 개발·중단·회원특성 분석의 후원사업 = **획득 시점**(그 회원을 데려온 사업) → `DIM_MEMBER_ACQUISITION`. 한 회원이 여러 후원사업에 내므로 회원-월 grain 에 하나로 붙일 수 없다(회원-월 37,148,615 → 회원-월-후원사업 39,563,730). ⚠️ 목표(`FACT_TARGET_DEV`)에는 후원사업 축이 없어 **목표 대비 후원사업별 달성률은 불가**하다. ▸ 종전 매핑 `FACT_MEMBER_FEE.SPONSORSHIP_SK (회비) / DIM_MEMBER_ACQUISITION.ACQ_SPONSORSHIP_SK (획득)` → 교정 `FACT_MEMBER_FEE.SPONSORSHIP_SK (회비) / DIM_MEMBER_ACQUISITION.ACQ_SPONSORSHIP_SK (획득)` ▸ [축 병기 — 앵커 `FACT_DEV_ACHIEVEMENT` 에 맞는 축 선택] `DIM_MEMBER_ACQUISITION.ACQ_SPONSORSHIP_SK` ▸ `FACT_DEV_ACHIEVEMENT` 에 `DIM_MEMBER_ACQUISITION` 로 가는 FK 가 없다 ▸ 다른 병기 축 `FACT_MEMBER_FEE.SPONSORSHIP_SK` 은 `grain부정합` (O47)"
회원,1. 개발현황,1-2. [회원] 개발실적보고 (주간) · CRM 필드,개발(건),공4·5·149,FACT_MEMBER_MONTHLY.DEV_CNT,필드인벤토리,,,FACT_DEV_ACHIEVEMENT,FACT_DEV_ACHIEVEMENT / FACT_MEMBER_FEE / FACT_MEMBER_MONTHLY,,grain부정합,"⚠️ **앵커 경합** — 이 섹션은 `FACT_DEV_ACHIEVEMENT / FACT_MEMBER_FEE / FACT_MEMBER_MONTHLY` 가 동수로 경합하는 **혼합 섹션**이라 앵커를 하나 고르는 것 자체가 임의적이다. 판정은 `FACT_DEV_ACHIEVEMENT` 기준이며, **이 섹션은 한 표가 아니라 경합 팩트 수만큼의 쿼리로 나눠야 한다**(O47-B) ▸ 엔티티축 상이 — `FACT_DEV_ACHIEVEMENT`=ORG_SK vs `FACT_MEMBER_MONTHLY`=MEMBER_DK"
회원,1. 개발현황,1-2. [회원] 개발실적보고 (주간) · CRM 필드,누계개발(건),(YTD),SV metric — 누계 = base 의 YTD running sum (P7·물리 미저장) · base: FACT_MEMBER_MONTHLY.DEV_CNT,SV파생,,,FACT_DEV_ACHIEVEMENT,FACT_DEV_ACHIEVEMENT / FACT_MEMBER_FEE / FACT_MEMBER_MONTHLY,,판정불가(SV파생),"⚠️ **앵커 경합** — 이 섹션은 `FACT_DEV_ACHIEVEMENT / FACT_MEMBER_FEE / FACT_MEMBER_MONTHLY` 가 동수로 경합하는 **혼합 섹션**이라 앵커를 하나 고르는 것 자체가 임의적이다. 판정은 `FACT_DEV_ACHIEVEMENT` 기준이며, **이 섹션은 한 표가 아니라 경합 팩트 수만큼의 쿼리로 나눠야 한다**(O47-B) ▸ SV metric — 물리 컬럼이 아니라 base 로 계산된다. base 의 조립가능도를 따른다"
회원,1. 개발현황,1-2. [회원] 개발실적보고 (주간) · CRM 필드,전주대비 증감(%),공60,SV metric — 증감율(%) = (당기−전기)/전기×100 (P7 시계열),SV파생,,,FACT_DEV_ACHIEVEMENT,FACT_DEV_ACHIEVEMENT / FACT_MEMBER_FEE / FACT_MEMBER_MONTHLY,,판정불가(SV파생),"⚠️ **앵커 경합** — 이 섹션은 `FACT_DEV_ACHIEVEMENT / FACT_MEMBER_FEE / FACT_MEMBER_MONTHLY` 가 동수로 경합하는 **혼합 섹션**이라 앵커를 하나 고르는 것 자체가 임의적이다. 판정은 `FACT_DEV_ACHIEVEMENT` 기준이며, **이 섹션은 한 표가 아니라 경합 팩트 수만큼의 쿼리로 나눠야 한다**(O47-B) ▸ SV metric — 물리 컬럼이 아니라 base 로 계산된다. base 의 조립가능도를 따른다"
회원,1. 개발현황,1-2. [회원] 개발실적보고 (주간) · CRM 필드,월 목표 대비 개발(%),공1,SV metric — 분자: DEV_CNT / 분모: GOAL_CNT,지표사전,,,FACT_DEV_ACHIEVEMENT,FACT_DEV_ACHIEVEMENT / FACT_MEMBER_FEE / FACT_MEMBER_MONTHLY,,판정불가(SV파생),"⚠️ **앵커 경합** — 이 섹션은 `FACT_DEV_ACHIEVEMENT / FACT_MEMBER_FEE / FACT_MEMBER_MONTHLY` 가 동수로 경합하는 **혼합 섹션**이라 앵커를 하나 고르는 것 자체가 임의적이다. 판정은 `FACT_DEV_ACHIEVEMENT` 기준이며, **이 섹션은 한 표가 아니라 경합 팩트 수만큼의 쿼리로 나눠야 한다**(O47-B) ▸ SV metric — 물리 컬럼이 아니라 base 로 계산된다. base 의 조립가능도를 따른다"
회원,1. 개발현황,1-2. [회원] 개발실적보고 (주간) · CRM 필드,누계 목표 대비 개발(%),공2,SV metric — 분자: DEV_CNT(YTD) / 분모: GOAL_CNT(YTD),지표사전,,,FACT_DEV_ACHIEVEMENT,FACT_DEV_ACHIEVEMENT / FACT_MEMBER_FEE / FACT_MEMBER_MONTHLY,,판정불가(SV파생),"⚠️ **앵커 경합** — 이 섹션은 `FACT_DEV_ACHIEVEMENT / FACT_MEMBER_FEE / FACT_MEMBER_MONTHLY` 가 동수로 경합하는 **혼합 섹션**이라 앵커를 하나 고르는 것 자체가 임의적이다. 판정은 `FACT_DEV_ACHIEVEMENT` 기준이며, **이 섹션은 한 표가 아니라 경합 팩트 수만큼의 쿼리로 나눠야 한다**(O47-B) ▸ SV metric — 물리 컬럼이 아니라 base 로 계산된다. base 의 조립가능도를 따른다"
회원,1. 개발현황,1-2. [회원] 개발실적보고 (주간) · CRM 필드,연목표 대비 개발(%),공3,SV metric — 분자: DEV_CNT(YR) / 분모: GOAL_CNT(YR),지표사전,,,FACT_DEV_ACHIEVEMENT,FACT_DEV_ACHIEVEMENT / FACT_MEMBER_FEE / FACT_MEMBER_MONTHLY,,판정불가(SV파생),"⚠️ **앵커 경합** — 이 섹션은 `FACT_DEV_ACHIEVEMENT / FACT_MEMBER_FEE / FACT_MEMBER_MONTHLY` 가 동수로 경합하는 **혼합 섹션**이라 앵커를 하나 고르는 것 자체가 임의적이다. 판정은 `FACT_DEV_ACHIEVEMENT` 기준이며, **이 섹션은 한 표가 아니라 경합 팩트 수만큼의 쿼리로 나눠야 한다**(O47-B) ▸ SV metric — 물리 컬럼이 아니라 base 로 계산된다. base 의 조립가능도를 따른다"
회원,1. 개발현황,1-2. [회원] 개발실적보고 (주간) · CRM 필드,개발구성비1(%),(ratio-of-total),SV metric — 구성비/비중(%) = 부분/전체×100,SV파생,,,FACT_DEV_ACHIEVEMENT,FACT_DEV_ACHIEVEMENT / FACT_MEMBER_FEE / FACT_MEMBER_MONTHLY,,판정불가(SV파생),"⚠️ **앵커 경합** — 이 섹션은 `FACT_DEV_ACHIEVEMENT / FACT_MEMBER_FEE / FACT_MEMBER_MONTHLY` 가 동수로 경합하는 **혼합 섹션**이라 앵커를 하나 고르는 것 자체가 임의적이다. 판정은 `FACT_DEV_ACHIEVEMENT` 기준이며, **이 섹션은 한 표가 아니라 경합 팩트 수만큼의 쿼리로 나눠야 한다**(O47-B) ▸ SV metric — 물리 컬럼이 아니라 base 로 계산된다. base 의 조립가능도를 따른다"
회원,1. 개발현황,1-2. [회원] 개발실적보고 (주간) · CRM 필드,개발구성비2(%),(ratio-of-total),SV metric — 구성비/비중(%) = 부분/전체×100,SV파생,,,FACT_DEV_ACHIEVEMENT,FACT_DEV_ACHIEVEMENT / FACT_MEMBER_FEE / FACT_MEMBER_MONTHLY,,판정불가(SV파생),"⚠️ **앵커 경합** — 이 섹션은 `FACT_DEV_ACHIEVEMENT / FACT_MEMBER_FEE / FACT_MEMBER_MONTHLY` 가 동수로 경합하는 **혼합 섹션**이라 앵커를 하나 고르는 것 자체가 임의적이다. 판정은 `FACT_DEV_ACHIEVEMENT` 기준이며, **이 섹션은 한 표가 아니라 경합 팩트 수만큼의 쿼리로 나눠야 한다**(O47-B) ▸ SV metric — 물리 컬럼이 아니라 base 로 계산된다. base 의 조립가능도를 따른다"
회원,1. 개발현황,1-2. [회원] 개발실적보고 (주간) · CRM 필드,전년 동월 누계개발(건),(YTD),SV metric — 누계 = base 의 YTD running sum (P7·물리 미저장),SV파생,,,FACT_DEV_ACHIEVEMENT,FACT_DEV_ACHIEVEMENT / FACT_MEMBER_FEE / FACT_MEMBER_MONTHLY,,판정불가(SV파생),"⚠️ **앵커 경합** — 이 섹션은 `FACT_DEV_ACHIEVEMENT / FACT_MEMBER_FEE / FACT_MEMBER_MONTHLY` 가 동수로 경합하는 **혼합 섹션**이라 앵커를 하나 고르는 것 자체가 임의적이다. 판정은 `FACT_DEV_ACHIEVEMENT` 기준이며, **이 섹션은 한 표가 아니라 경합 팩트 수만큼의 쿼리로 나눠야 한다**(O47-B) ▸ SV metric — 물리 컬럼이 아니라 base 로 계산된다. base 의 조립가능도를 따른다"
회원,1. 개발현황,1-2. [회원] 개발실적보고 (주간) · GA 필드,방문수,공92,FACT_GA_BEHAVIOR.VISITS,필드인벤토리~,,,FACT_GA_BEHAVIOR,,,조립가능,앵커 팩트 `FACT_GA_BEHAVIOR` 자체의 컬럼
회원,1. 개발현황,1-2. [회원] 개발실적보고 (주간) · GA 필드,활성사용자,공93,FACT_GA_BEHAVIOR.ACTIVE_USERS,필드인벤토리~,,,FACT_GA_BEHAVIOR,,,조립가능,앵커 팩트 `FACT_GA_BEHAVIOR` 자체의 컬럼
회원,1. 개발현황,1-3. [회원] 개발실적보고 (월간) · CRM 필드,기준년월,,FACT_MEMBER_MONTHLY.MONTH_KEY,교정등록부(WRONG_GRAIN),WRONG_GRAIN,FACT_MEMBER_MONTHLY.MONTH_KEY,FACT_MEMBER_MONTHLY,,,조립가능,[매핑교정 WRONG_GRAIN] 월 팩트에 `DIM_DATE`(일 차원)를 걸 수 없다. 월 축은 `MONTH_KEY` 이고 라벨은 `SERVING.DIM_MONTH` 다. ▸ 종전 매핑 `FACT_MEMBER_MONTHLY.MONTH_KEY` → 교정 `FACT_MEMBER_MONTHLY.MONTH_KEY` ▸ 앵커 팩트 `FACT_MEMBER_MONTHLY` 자체의 컬럼
회원,1. 개발현황,1-3. [회원] 개발실적보고 (월간) · CRM 필드,월 목표,(215밖),FACT_DEV_ACHIEVEMENT.GOAL_CNT,필드인벤토리~,,,FACT_MEMBER_MONTHLY,,,grain부정합,엔티티축 상이 — `FACT_MEMBER_MONTHLY`=MEMBER_DK vs `FACT_DEV_ACHIEVEMENT`=ORG_SK
회원,1. 개발현황,1-3. [회원] 개발실적보고 (월간) · CRM 필드,개발(명),공148,FACT_MEMBER_MONTHLY.DEV_MEMBERS,필드인벤토리,,,FACT_MEMBER_MONTHLY,,,조립가능,"앵커 팩트 `FACT_MEMBER_MONTHLY` 자체의 컬럼 ▸ 🔴 **비가산 처방**: 🔴 **[O56 신규 적발]** `DEV_MEMBERS` 도 비가산이다 — 실측 `SUM(DEV_MEMBERS)` **1,996,977** vs 실제 distinct 개발회원 **1,585,923** = **410,054 과대(25.9%)**. 회원-월 grain 이라 **같은 회원이 여러 달에 개발**되면 중복 계상된다(`SUM(DEV_CNT)` = 2,291,878 은 건수라 정상). ⇒ 「개발(명)」을 여러 월에 걸쳐 물으면 **`COUNT(DISTINCT MEMBER_DK)`** 로 낸다. O49 는 이 필드를 검사하지 않았다(P79/O39 와 같은 유형의 3건째 재발)"
회원,1. 개발현황,1-3. [회원] 개발실적보고 (월간) · CRM 필드,개발(건),공4·5·149,FACT_MEMBER_MONTHLY.DEV_CNT,필드인벤토리,,,FACT_MEMBER_MONTHLY,,,조립가능,앵커 팩트 `FACT_MEMBER_MONTHLY` 자체의 컬럼
회원,1. 개발현황,1-3. [회원] 개발실적보고 (월간) · CRM 필드,월목표 대비 달성율(%),공1·2·3,SV metric — 목표달성율(%) = 개발(건)/회원개발목표 (FTG_D 분모),SV파생,,,FACT_MEMBER_MONTHLY,,,판정불가(SV파생),SV metric — 물리 컬럼이 아니라 base 로 계산된다. base 의 조립가능도를 따른다
회원,1. 개발현황,1-3. [회원] 개발실적보고 (월간) · CRM 필드,누계 목표,(YTD),SV metric — 누계 = base 의 YTD running sum (P7·물리 미저장),SV파생,,,FACT_MEMBER_MONTHLY,,,판정불가(SV파생),SV metric — 물리 컬럼이 아니라 base 로 계산된다. base 의 조립가능도를 따른다
회원,1. 개발현황,1-3. [회원] 개발실적보고 (월간) · CRM 필드,누계 개발(건),(YTD),SV metric — 누계 = base 의 YTD running sum (P7·물리 미저장) · base: FACT_MEMBER_MONTHLY.DEV_CNT,SV파생,,,FACT_MEMBER_MONTHLY,,,판정불가(SV파생),SV metric — 물리 컬럼이 아니라 base 로 계산된다. base 의 조립가능도를 따른다
회원,1. 개발현황,1-3. [회원] 개발실적보고 (월간) · CRM 필드,누계목표 대비 달성율(%),공1·2·3,SV metric — 목표달성율(%) = 개발(건)/회원개발목표 (FTG_D 분모),SV파생,,,FACT_MEMBER_MONTHLY,,,판정불가(SV파생),SV metric — 물리 컬럼이 아니라 base 로 계산된다. base 의 조립가능도를 따른다
회원,1. 개발현황,1-3. [회원] 개발실적보고 (월간) · CRM 필드,연목표,공3,SV metric — 분자: DEV_CNT(YR) / 분모: GOAL_CNT(YR),지표사전~,,,FACT_MEMBER_MONTHLY,,,판정불가(SV파생),SV metric — 물리 컬럼이 아니라 base 로 계산된다. base 의 조립가능도를 따른다
회원,1. 개발현황,1-3. [회원] 개발실적보고 (월간) · CRM 필드,연목표 대비 달성율(%),공1·2·3,SV metric — 목표달성율(%) = 개발(건)/회원개발목표 (FTG_D 분모),SV파생,,,FACT_MEMBER_MONTHLY,,,판정불가(SV파생),SV metric — 물리 컬럼이 아니라 base 로 계산된다. base 의 조립가능도를 따른다
회원,1. 개발현황,1-3. [회원] 개발실적보고 (월간) · CRM 필드,당월 1인당 후원건수,공61,SV metric — 1명당 건수 = 활동회원(건)/활동회원(명),SV파생,,,FACT_MEMBER_MONTHLY,,,판정불가(SV파생),SV metric — 물리 컬럼이 아니라 base 로 계산된다. base 의 조립가능도를 따른다
회원,1. 개발현황,1-3. [회원] 개발실적보고 (월간) · CRM 필드,전년 동월 개발(명),공148,FACT_MEMBER_MONTHLY.DEV_MEMBERS,필드인벤토리~,,,FACT_MEMBER_MONTHLY,,,조립가능,"앵커 팩트 `FACT_MEMBER_MONTHLY` 자체의 컬럼 ▸ 🔴 **비가산 처방**: 🔴 **[O56 신규 적발]** `DEV_MEMBERS` 도 비가산이다 — 실측 `SUM(DEV_MEMBERS)` **1,996,977** vs 실제 distinct 개발회원 **1,585,923** = **410,054 과대(25.9%)**. 회원-월 grain 이라 **같은 회원이 여러 달에 개발**되면 중복 계상된다(`SUM(DEV_CNT)` = 2,291,878 은 건수라 정상). ⇒ 「개발(명)」을 여러 월에 걸쳐 물으면 **`COUNT(DISTINCT MEMBER_DK)`** 로 낸다. O49 는 이 필드를 검사하지 않았다(P79/O39 와 같은 유형의 3건째 재발)"
회원,1. 개발현황,1-3. [회원] 개발실적보고 (월간) · CRM 필드,전년 동월 개발(건),공4·5·149,FACT_MEMBER_MONTHLY.DEV_CNT,필드인벤토리~,,,FACT_MEMBER_MONTHLY,,,조립가능,앵커 팩트 `FACT_MEMBER_MONTHLY` 자체의 컬럼
회원,1. 개발현황,1-3. [회원] 개발실적보고 (월간) · CRM 필드,전년 동월대비 증감(%),공60,SV metric — 증감율(%) = (당기−전기)/전기×100 (P7 시계열),SV파생,,,FACT_MEMBER_MONTHLY,,,판정불가(SV파생),SV metric — 물리 컬럼이 아니라 base 로 계산된다. base 의 조립가능도를 따른다
회원,1. 개발현황,1-3. [회원] 개발실적보고 (월간) · CRM 필드,전년 누계개발(명),(YTD),SV metric — 누계 = base 의 YTD running sum (P7·물리 미저장),SV파생,,,FACT_MEMBER_MONTHLY,,,판정불가(SV파생),SV metric — 물리 컬럼이 아니라 base 로 계산된다. base 의 조립가능도를 따른다
회원,1. 개발현황,1-3. [회원] 개발실적보고 (월간) · CRM 필드,전년 누계개발(건),(YTD),SV metric — 누계 = base 의 YTD running sum (P7·물리 미저장),SV파생,,,FACT_MEMBER_MONTHLY,,,판정불가(SV파생),SV metric — 물리 컬럼이 아니라 base 로 계산된다. base 의 조립가능도를 따른다
회원,1. 개발현황,1-3. [회원] 개발실적보고 (월간) · CRM 필드,전년 누계대비 증감(%),공60,SV metric — 증감율(%) = (당기−전기)/전기×100 (P7 시계열),SV파생,,,FACT_MEMBER_MONTHLY,,,판정불가(SV파생),SV metric — 물리 컬럼이 아니라 base 로 계산된다. base 의 조립가능도를 따른다
회원,1. 개발현황,1-3. [회원] 개발실적보고 (월간) · CRM 필드,전년 대비 증감(%),공60,SV metric — 증감율(%) = (당기−전기)/전기×100 (P7 시계열),SV파생,,,FACT_MEMBER_MONTHLY,,,판정불가(SV파생),SV metric — 물리 컬럼이 아니라 base 로 계산된다. base 의 조립가능도를 따른다
회원,1. 개발현황,1-3. [회원] 개발실적보고 (월간) · CRM 필드,부서,,DIM_MEMBER_ACQUISITION.ACQ_DEPARTMENT (회원분석) / WIDE_MEMBER_EVENT.ORG_DEPARTMENT (개발실적),교정등록부(OPENED_O45),OPENED_O45,DIM_MEMBER_ACQUISITION.ACQ_DEPARTMENT (회원분석) / WIDE_MEMBER_EVENT.ORG_DEPARTMENT (개발실적),FACT_MEMBER_MONTHLY,,,조립가능,[매핑교정 OPENED_O45] 🔴 **같은 라벨이 두 축이다**(O34 `_AT_PLEDGE`/`_AT_EVENT` 규약 재적용). 개발실적보고의 부서 = **사건 부서** · 연간분석(회비)의 부서 = **획득 부서**. 두 값은 다르다. ▸ 종전 매핑 `DIM_MEMBER_ACQUISITION.ACQ_DEPARTMENT (회원분석) / WIDE_MEMBER_EVENT.ORG_DEPARTMENT (개발실적)` → 교정 `DIM_MEMBER_ACQUISITION.ACQ_DEPARTMENT (회원분석) / WIDE_MEMBER_EVENT.ORG_DEPARTMENT (개발실적)` ▸ `FACT_MEMBER_MONTHLY` → `DIM_MEMBER_ACQUISITION` FK 생존(비영 존재)
회원,1. 개발현황,1-3. [회원] 개발실적보고 (월간) · CRM 필드,브랜드,,DIM_MEMBER_ACQUISITION.ACQ_BRAND,교정등록부(OPENED_O45),OPENED_O45,DIM_MEMBER_ACQUISITION.ACQ_BRAND,FACT_MEMBER_MONTHLY,,,조립가능,[매핑교정 OPENED_O45] [O45] `FMM.CAMPAIGN_SK` 는 O8(다중귀속 규칙 미확정)로 전건 센티넬이다. **「획득 시점」 명시 규칙**으로 회원 1행에 캠페인을 확정해 우회했다(팬아웃 0 실측). ▸ 종전 매핑 `DIM_MEMBER_ACQUISITION.ACQ_BRAND` → 교정 `DIM_MEMBER_ACQUISITION.ACQ_BRAND` ▸ `FACT_MEMBER_MONTHLY` → `DIM_MEMBER_ACQUISITION` FK 생존(비영 존재)
회원,1. 개발현황,1-3. [회원] 개발실적보고 (월간) · CRM 필드,홍보방법,,DIM_MEMBER_ACQUISITION.ACQ_PROMO_METHOD_NAME,교정등록부(OPENED_O45),OPENED_O45,DIM_MEMBER_ACQUISITION.ACQ_PROMO_METHOD_NAME,FACT_MEMBER_MONTHLY,,,조립가능,[매핑교정 OPENED_O45] 위와 동일 경로. ▸ 종전 매핑 `DIM_MEMBER_ACQUISITION.ACQ_PROMO_METHOD_NAME` → 교정 `DIM_MEMBER_ACQUISITION.ACQ_PROMO_METHOD_NAME` ▸ `FACT_MEMBER_MONTHLY` → `DIM_MEMBER_ACQUISITION` FK 생존(비영 존재)
회원,1. 개발현황,1-3. [회원] 개발실적보고 (월간) · CRM 필드,상위캠페인,,DIM_MEMBER_ACQUISITION.ACQ_PARENT_CAMPAIGN_NAME,교정등록부(OPENED_O45),OPENED_O45,DIM_MEMBER_ACQUISITION.ACQ_PARENT_CAMPAIGN_NAME,FACT_MEMBER_MONTHLY,,,조립가능,[매핑교정 OPENED_O45] 위와 동일 경로. ▸ 종전 매핑 `DIM_MEMBER_ACQUISITION.ACQ_PARENT_CAMPAIGN_NAME` → 교정 `DIM_MEMBER_ACQUISITION.ACQ_PARENT_CAMPAIGN_NAME` ▸ `FACT_MEMBER_MONTHLY` → `DIM_MEMBER_ACQUISITION` FK 생존(비영 존재)
회원,1. 개발현황,1-3. [회원] 개발실적보고 (월간) · CRM 필드,캠페인,,DIM_MEMBER_ACQUISITION.ACQ_CAMPAIGN_NAME,교정등록부(OPENED_O45),OPENED_O45,DIM_MEMBER_ACQUISITION.ACQ_CAMPAIGN_NAME,FACT_MEMBER_MONTHLY,,,조립가능,[매핑교정 OPENED_O45] 위와 동일 경로. ▸ 종전 매핑 `DIM_MEMBER_ACQUISITION.ACQ_CAMPAIGN_NAME` → 교정 `DIM_MEMBER_ACQUISITION.ACQ_CAMPAIGN_NAME` ▸ `FACT_MEMBER_MONTHLY` → `DIM_MEMBER_ACQUISITION` FK 생존(비영 존재)
회원,1. 개발현황,1-3. [회원] 개발실적보고 (월간) · CRM 필드,후원사업,,FACT_MEMBER_FEE.SPONSORSHIP_SK (회비) / DIM_MEMBER_ACQUISITION.ACQ_SPONSORSHIP_SK (획득),교정등록부(OPENED_O45),OPENED_O45,FACT_MEMBER_FEE.SPONSORSHIP_SK (회비) / DIM_MEMBER_ACQUISITION.ACQ_SPONSORSHIP_SK (획득),FACT_MEMBER_MONTHLY,,,조립가능,"[매핑교정 OPENED_O45] 🔴 **같은 라벨이 두 축이다**. 회비·미납 분석의 후원사업 = **납입 대상**(회비 행에 붙은 값, `SPNSR_BSNS_ID` 채움 99.83%) → `FACT_MEMBER_FEE`. 개발·중단·회원특성 분석의 후원사업 = **획득 시점**(그 회원을 데려온 사업) → `DIM_MEMBER_ACQUISITION`. 한 회원이 여러 후원사업에 내므로 회원-월 grain 에 하나로 붙일 수 없다(회원-월 37,148,615 → 회원-월-후원사업 39,563,730). ⚠️ 목표(`FACT_TARGET_DEV`)에는 후원사업 축이 없어 **목표 대비 후원사업별 달성률은 불가**하다. ▸ 종전 매핑 `FACT_MEMBER_FEE.SPONSORSHIP_SK (회비) / DIM_MEMBER_ACQUISITION.ACQ_SPONSORSHIP_SK (획득)` → 교정 `FACT_MEMBER_FEE.SPONSORSHIP_SK (회비) / DIM_MEMBER_ACQUISITION.ACQ_SPONSORSHIP_SK (획득)` ▸ [축 병기 — 앵커 `FACT_MEMBER_MONTHLY` 에 맞는 축 선택] `DIM_MEMBER_ACQUISITION.ACQ_SPONSORSHIP_SK` ▸ `FACT_MEMBER_MONTHLY` → `DIM_MEMBER_ACQUISITION` FK 생존(비영 존재) ▸ 다른 병기 축 `FACT_MEMBER_FEE.SPONSORSHIP_SK` 은 `형제팩트중복` (O47)"
회원,1. 개발현황,1-3. [회원] 개발실적보고 (월간) · CRM 필드,개발구분,공121,FACT_MEMBER_MONTHLY.DEV_TYPE,필드인벤토리,,,FACT_MEMBER_MONTHLY,,,값없음,"`FACT_MEMBER_MONTHLY.DEV_TYPE` 전건 NULL (40,054,883행)"
회원,1. 개발현황,1-3. [회원] 개발실적보고 (월간) · CRM 필드,연령대,(215밖),DIM_MEMBER.AGE_BAND,필드인벤토리,,,FACT_MEMBER_MONTHLY,,,조립가능,"`FACT_MEMBER_MONTHLY` → `DIM_MEMBER` FK 생존(비영 존재) ▸ 🔴 `DIM_MEMBER` 는 **SCD2** 다 — 실측(O56) **7,925,716행 / 회원 1,763,065**(현재행 1,763,065). `IS_CURRENT = TRUE` 없이 조인하면 **4.49배 팬아웃**한다(FGA 실측 68,836 → 161,729 = 2.35배). ⇒ `DIM_MEMBER_CURRENT` 를 쓰거나 `IS_CURRENT = TRUE` 를 명시할 것"
회원,1. 개발현황,1-3. [회원] 개발실적보고 (월간) · CRM 필드,지역,공131,DIM_MEMBER.REGION,필드인벤토리,,,FACT_MEMBER_MONTHLY,,,조립가능,"`FACT_MEMBER_MONTHLY` → `DIM_MEMBER` FK 생존(비영 존재) ▸ 🔴 `DIM_MEMBER` 는 **SCD2** 다 — 실측(O56) **7,925,716행 / 회원 1,763,065**(현재행 1,763,065). `IS_CURRENT = TRUE` 없이 조인하면 **4.49배 팬아웃**한다(FGA 실측 68,836 → 161,729 = 2.35배). ⇒ `DIM_MEMBER_CURRENT` 를 쓰거나 `IS_CURRENT = TRUE` 를 명시할 것"
회원,1. 개발현황,1-3. [회원] 개발실적보고 (월간) · CRM 필드,후원금액대(약정금액 기준 ÷ 10000원),공72,FACT_MEMBER_MONTHLY.AMOUNT_BAND1,필드인벤토리·별칭등록부,,,FACT_MEMBER_MONTHLY,,,값없음,"`FACT_MEMBER_MONTHLY.AMOUNT_BAND1` 전건 NULL (40,054,883행)"
회원,1. 개발현황,1-3. [회원] 개발실적보고 (월간) · CRM 필드,후원금액대2,공73,FMM(스냅샷),지표사전,,,FACT_MEMBER_MONTHLY,,,조립가능,앵커 팩트 `FACT_MEMBER_MONTHLY` 자체의 컬럼
회원,1. 개발현황,1-3. [회원] 개발실적보고 (월간) · CRM 필드,후원기간대(납입기준),공74,FACT_MEMBER_MONTHLY.PERIOD_BAND1,필드인벤토리·별칭등록부,,,FACT_MEMBER_MONTHLY,,,값없음,"`FACT_MEMBER_MONTHLY.PERIOD_BAND1` 전건 NULL (40,054,883행)"
회원,1. 개발현황,1-3. [회원] 개발실적보고 (월간) · CRM 필드,회원번호,,DIM_MEMBER.MEMBER_DK,교정등록부(WRONG_DIM),WRONG_DIM,DIM_MEMBER.MEMBER_DK,FACT_MEMBER_MONTHLY,,,조립가능,"[매핑교정 WRONG_DIM] `DIM_MEMBER_IDENTITY` 는 GA↔CRM 신원 브리지 전용 차원이고 **CRM 팩트에서 가는 FK 가 없다**. 회원번호는 모든 팩트에 `MEMBER_DK` 로 실재하고 `DIM_MEMBER` 자연키 조인이 살아 있다. 이 오매핑이 12필드에 걸쳐 반복됐다. ▸ 종전 매핑 `DIM_MEMBER.MEMBER_DK` → 교정 `DIM_MEMBER.MEMBER_DK` ▸ 앵커 팩트 `FACT_MEMBER_MONTHLY` 가 **동명 degenerate 컬럼 `MEMBER_DK` 을 직접 보유**한다 (실측 채움 40,054,883/40,054,883) — `DIM_MEMBER` 를 경유할 필요가 없다. 매핑을 앵커 로컬로 교정할 것(O47·P96-②)"
회원,1. 개발현황,1-3. [회원] 개발실적보고 (월간) · CRM 필드,인바운드콜수,(215밖),FACT_MEMBER_MONTHLY.INBOUND_CALL_CNT,필드인벤토리,,,FACT_MEMBER_MONTHLY,,,값없음,"`FACT_MEMBER_MONTHLY.INBOUND_CALL_CNT` 전건 0 (40,054,883행)"
회원,1. 개발현황,1-3. [회원] 개발실적보고 (월간) · CRM 필드,TS콜수,(215밖),FACT_MEMBER_MONTHLY.TS_CALL_CNT,필드인벤토리,,,FACT_MEMBER_MONTHLY,,,값없음,"`FACT_MEMBER_MONTHLY.TS_CALL_CNT` 전건 0 (40,054,883행)"
회원,1. 개발현황,1-3. [회원] 개발실적보고 (월간) · GA 필드,방문수,공92,FACT_GA_BEHAVIOR.VISITS,필드인벤토리~,,,FACT_GA_BEHAVIOR,,,조립가능,앵커 팩트 `FACT_GA_BEHAVIOR` 자체의 컬럼
회원,1. 개발현황,1-3. [회원] 개발실적보고 (월간) · GA 필드,활성사용자,공93,FACT_GA_BEHAVIOR.ACTIVE_USERS,필드인벤토리~,,,FACT_GA_BEHAVIOR,,,조립가능,앵커 팩트 `FACT_GA_BEHAVIOR` 자체의 컬럼
회원,1. 개발현황,1-3. [회원] 개발실적보고 (월간) · GA 필드,방문수,공92,FACT_GA_BEHAVIOR.VISITS,필드인벤토리~,,,FACT_GA_BEHAVIOR,,,조립가능,앵커 팩트 `FACT_GA_BEHAVIOR` 자체의 컬럼
회원,1. 개발현황,1-3. [회원] 개발실적보고 (월간) · GA 필드,활성사용자,공93,FACT_GA_BEHAVIOR.ACTIVE_USERS,필드인벤토리~,,,FACT_GA_BEHAVIOR,,,조립가능,앵커 팩트 `FACT_GA_BEHAVIOR` 자체의 컬럼
회원,1. 개발현황,1-3. [회원] 개발실적보고 (월간) · GA 필드,이벤트수,공95,FACT_GA_BEHAVIOR.EVENT_CNT,필드인벤토리~,,,FACT_GA_BEHAVIOR,,,조립가능,앵커 팩트 `FACT_GA_BEHAVIOR` 자체의 컬럼
회원,2. 회원특성,2-1. [회원] 주간 중단보고,기준일자,(215밖),DIM_DATE.FULL_DATE,필드인벤토리·별칭등록부,,,FACT_MEMBER_EVENT,,,조립가능,`FACT_MEMBER_EVENT` → `DIM_DATE` FK 생존(비영 존재)
회원,2. 회원특성,2-1. [회원] 주간 중단보고,신규기존구분,공113,DIM_MEMBER.NEW_EXISTING_FLAG,필드인벤토리,,,FACT_MEMBER_EVENT,,,조립가능,"`FACT_MEMBER_EVENT` → `DIM_MEMBER` FK 생존(비영 존재) ▸ 🔴 `DIM_MEMBER` 는 **SCD2** 다 — 실측(O56) **7,925,716행 / 회원 1,763,065**(현재행 1,763,065). `IS_CURRENT = TRUE` 없이 조인하면 **4.49배 팬아웃**한다(FGA 실측 68,836 → 161,729 = 2.35배). ⇒ `DIM_MEMBER_CURRENT` 를 쓰거나 `IS_CURRENT = TRUE` 를 명시할 것"
회원,2. 회원특성,2-1. [회원] 주간 중단보고,중단(명) *당월 주차,(215밖),FACT_MEMBER_EVENT.STOP_MEMBERS,필드인벤토리~,,,FACT_MEMBER_EVENT,,,조립가능,"앵커 팩트 `FACT_MEMBER_EVENT` 자체의 컬럼 ▸ 🔴 **비가산 처방**: `STOP_MEMBERS` 는 「명」이 아니라 **사건행당 1 인 플래그**다 — 실측(O56) `SUM(STOP_MEMBERS) = SUM(STOP_CNT) = 중단행수` 가 전부 **1,038,262** 로 동일하다. 주차별로 집계해 더하면 **972,925** 인데 실제 distinct 회원은 **903,064** 라 **7.74% 과대**다(같은 회원이 여러 주에 중단). 🟢 BRONZE 독립 확증: 원천 `TM_MM_FDRM_MBER_SPNSR_DSCNTC` 행 **1,038,262** · distinct `MBER_NO` **903,064** — GOLD 와 정확히 일치한다. ⇒ 처방은 「사전집계 후 SUM」이 아니라 **`COUNT(DISTINCT MEMBER_DK)`(비가산)** 이며 **주차 합계를 월로 더하지 않는다**"
회원,2. 회원특성,2-1. [회원] 주간 중단보고,중단(건) *당월 주차,,FACT_MEMBER_EVENT.STOP_CNT,교정등록부(WRONG_GRAIN),WRONG_GRAIN,FACT_MEMBER_EVENT.STOP_CNT,FACT_MEMBER_EVENT,,,조립가능,[매핑교정 WRONG_GRAIN] [O56] 주차 축은 `FME.DATE_SK` 에만 있다 — `FMM` 은 `MONTH_KEY` 뿐이라 주차 분해가 불가하다. 이관 손실 0(월 롤업 466개월 전건 일치). ▸ 종전 매핑 `FACT_MEMBER_EVENT.STOP_CNT` → 교정 `FACT_MEMBER_EVENT.STOP_CNT` ▸ 앵커 팩트 `FACT_MEMBER_EVENT` 자체의 컬럼
회원,2. 회원특성,2-1. [회원] 주간 중단보고,중단(명) *전년 동월 주차,(215밖),FACT_MEMBER_EVENT.STOP_MEMBERS,필드인벤토리~,,,FACT_MEMBER_EVENT,,,조립가능,"앵커 팩트 `FACT_MEMBER_EVENT` 자체의 컬럼 ▸ 🔴 **비가산 처방**: `STOP_MEMBERS` 는 「명」이 아니라 **사건행당 1 인 플래그**다 — 실측(O56) `SUM(STOP_MEMBERS) = SUM(STOP_CNT) = 중단행수` 가 전부 **1,038,262** 로 동일하다. 주차별로 집계해 더하면 **972,925** 인데 실제 distinct 회원은 **903,064** 라 **7.74% 과대**다(같은 회원이 여러 주에 중단). 🟢 BRONZE 독립 확증: 원천 `TM_MM_FDRM_MBER_SPNSR_DSCNTC` 행 **1,038,262** · distinct `MBER_NO` **903,064** — GOLD 와 정확히 일치한다. ⇒ 처방은 「사전집계 후 SUM」이 아니라 **`COUNT(DISTINCT MEMBER_DK)`(비가산)** 이며 **주차 합계를 월로 더하지 않는다**"
회원,2. 회원특성,2-1. [회원] 주간 중단보고,중단(건) *전년 동월 주차,,FACT_MEMBER_EVENT.STOP_CNT,교정등록부(WRONG_GRAIN),WRONG_GRAIN,FACT_MEMBER_EVENT.STOP_CNT,FACT_MEMBER_EVENT,,,조립가능,[매핑교정 WRONG_GRAIN] [O56] 위와 동일 — 주차 축은 `FME` 뿐이다. ▸ 종전 매핑 `FACT_MEMBER_EVENT.STOP_CNT` → 교정 `FACT_MEMBER_EVENT.STOP_CNT` ▸ 앵커 팩트 `FACT_MEMBER_EVENT` 자체의 컬럼
회원,2. 회원특성,2-1. [회원] 주간 중단보고,중단(명) *전전년 동월 주차,(215밖),FACT_MEMBER_EVENT.STOP_MEMBERS,필드인벤토리~,,,FACT_MEMBER_EVENT,,,조립가능,"앵커 팩트 `FACT_MEMBER_EVENT` 자체의 컬럼 ▸ 🔴 **비가산 처방**: `STOP_MEMBERS` 는 「명」이 아니라 **사건행당 1 인 플래그**다 — 실측(O56) `SUM(STOP_MEMBERS) = SUM(STOP_CNT) = 중단행수` 가 전부 **1,038,262** 로 동일하다. 주차별로 집계해 더하면 **972,925** 인데 실제 distinct 회원은 **903,064** 라 **7.74% 과대**다(같은 회원이 여러 주에 중단). 🟢 BRONZE 독립 확증: 원천 `TM_MM_FDRM_MBER_SPNSR_DSCNTC` 행 **1,038,262** · distinct `MBER_NO` **903,064** — GOLD 와 정확히 일치한다. ⇒ 처방은 「사전집계 후 SUM」이 아니라 **`COUNT(DISTINCT MEMBER_DK)`(비가산)** 이며 **주차 합계를 월로 더하지 않는다**"
회원,2. 회원특성,2-1. [회원] 주간 중단보고,중단(건) *전전년 동월 주차,,FACT_MEMBER_EVENT.STOP_CNT,교정등록부(WRONG_GRAIN),WRONG_GRAIN,FACT_MEMBER_EVENT.STOP_CNT,FACT_MEMBER_EVENT,,,조립가능,[매핑교정 WRONG_GRAIN] [O56] 위와 동일 — 주차 축은 `FME` 뿐이다. ▸ 종전 매핑 `FACT_MEMBER_EVENT.STOP_CNT` → 교정 `FACT_MEMBER_EVENT.STOP_CNT` ▸ 앵커 팩트 `FACT_MEMBER_EVENT` 자체의 컬럼
회원,2. 회원특성,2-1. [회원] 주간 중단보고,중단 구성비(%),(ratio-of-total),SV metric — 구성비/비중(%) = 부분/전체×100,SV파생,,,FACT_MEMBER_EVENT,,,판정불가(SV파생),SV metric — 물리 컬럼이 아니라 base 로 계산된다. base 의 조립가능도를 따른다
회원,2. 회원특성,2-1. [회원] 주간 중단보고,전년 대비 증감(명),공59,SV metric — 증감 = 당기−전기 (P7 시계열),SV파생,,,FACT_MEMBER_EVENT,,,판정불가(SV파생),SV metric — 물리 컬럼이 아니라 base 로 계산된다. base 의 조립가능도를 따른다
회원,2. 회원특성,2-1. [회원] 주간 중단보고,전년 대비 증감(건),공59,SV metric — 증감 = 당기−전기 (P7 시계열),SV파생,,,FACT_MEMBER_EVENT,,,판정불가(SV파생),SV metric — 물리 컬럼이 아니라 base 로 계산된다. base 의 조립가능도를 따른다
회원,2. 회원특성,2-1. [회원] 주간 중단보고,전년 대비 건 증감(%),공60,SV metric — 증감율(%) = (당기−전기)/전기×100 (P7 시계열),SV파생,,,FACT_MEMBER_EVENT,,,판정불가(SV파생),SV metric — 물리 컬럼이 아니라 base 로 계산된다. base 의 조립가능도를 따른다
회원,2. 회원특성,2-1. [회원] 주간 중단보고,전전년 대비 증감(명),공59,SV metric — 증감 = 당기−전기 (P7 시계열),SV파생,,,FACT_MEMBER_EVENT,,,판정불가(SV파생),SV metric — 물리 컬럼이 아니라 base 로 계산된다. base 의 조립가능도를 따른다
회원,2. 회원특성,2-1. [회원] 주간 중단보고,전전년 대비 증감(건),공59,SV metric — 증감 = 당기−전기 (P7 시계열),SV파생,,,FACT_MEMBER_EVENT,,,판정불가(SV파생),SV metric — 물리 컬럼이 아니라 base 로 계산된다. base 의 조립가능도를 따른다
회원,2. 회원특성,2-1. [회원] 주간 중단보고,전전년 대비 건 증감(%),공60,SV metric — 증감율(%) = (당기−전기)/전기×100 (P7 시계열),SV파생,,,FACT_MEMBER_EVENT,,,판정불가(SV파생),SV metric — 물리 컬럼이 아니라 base 로 계산된다. base 의 조립가능도를 따른다
회원,2. 회원특성,2-1. [회원] 주간 중단보고,기준년도,(215밖),DIM_DATE.YEAR,필드인벤토리·별칭등록부,,,FACT_MEMBER_EVENT,,,조립가능,`FACT_MEMBER_EVENT` → `DIM_DATE` FK 생존(비영 존재)
회원,2. 회원특성,2-1. [회원] 주간 중단보고,당해년도 주간 개발건,,FACT_MEMBER_EVENT.DEV_CNT,교정등록부(WRONG_GRAIN),WRONG_GRAIN,FACT_MEMBER_EVENT.DEV_CNT,FACT_MEMBER_EVENT,,,조립가능,"[매핑교정 WRONG_GRAIN] [O56] 「주간」 개발건은 일 축이 필요하다 — `FME.DATE_SK`. 이관 손실 0(DEV 월 롤업 2,291,878 전건 일치). ▸ 종전 매핑 `FACT_MEMBER_EVENT.DEV_CNT` → 교정 `FACT_MEMBER_EVENT.DEV_CNT` ▸ 앵커 팩트 `FACT_MEMBER_EVENT` 자체의 컬럼"
회원,2. 회원특성,2-1. [회원] 주간 중단보고,전년도 주간 개발건,,FACT_MEMBER_EVENT.DEV_CNT,교정등록부(WRONG_GRAIN),WRONG_GRAIN,FACT_MEMBER_EVENT.DEV_CNT,FACT_MEMBER_EVENT,,,조립가능,[매핑교정 WRONG_GRAIN] [O56] 위와 동일. ▸ 종전 매핑 `FACT_MEMBER_EVENT.DEV_CNT` → 교정 `FACT_MEMBER_EVENT.DEV_CNT` ▸ 앵커 팩트 `FACT_MEMBER_EVENT` 자체의 컬럼
회원,2. 회원특성,2-1. [회원] 주간 중단보고,전전년도 주간 개발건,,FACT_MEMBER_EVENT.DEV_CNT,교정등록부(WRONG_GRAIN),WRONG_GRAIN,FACT_MEMBER_EVENT.DEV_CNT,FACT_MEMBER_EVENT,,,조립가능,[매핑교정 WRONG_GRAIN] [O56] 위와 동일. ▸ 종전 매핑 `FACT_MEMBER_EVENT.DEV_CNT` → 교정 `FACT_MEMBER_EVENT.DEV_CNT` ▸ 앵커 팩트 `FACT_MEMBER_EVENT` 자체의 컬럼
회원,2. 회원특성,2-1. [회원] 주간 중단보고,중단율2(%),공55,SV metric — 분자: STOP_CNT / 분모: DEV_CNT,지표사전,,,FACT_MEMBER_EVENT,,,판정불가(SV파생),SV metric — 물리 컬럼이 아니라 base 로 계산된다. base 의 조립가능도를 따른다
회원,2. 회원특성,2-1. [회원] 주간 중단보고,가입경로,(215밖),DIM_MEMBER.JOIN_PATH_CD,필드인벤토리~,,,FACT_MEMBER_EVENT,,,조립가능,"`FACT_MEMBER_EVENT` → `DIM_MEMBER` FK 생존(비영 존재) ▸ 🔴 `DIM_MEMBER` 는 **SCD2** 다 — 실측(O56) **7,925,716행 / 회원 1,763,065**(현재행 1,763,065). `IS_CURRENT = TRUE` 없이 조인하면 **4.49배 팬아웃**한다(FGA 실측 68,836 → 161,729 = 2.35배). ⇒ `DIM_MEMBER_CURRENT` 를 쓰거나 `IS_CURRENT = TRUE` 를 명시할 것"
회원,2. 회원특성,2-1. [회원] 주간 중단보고,회원번호,,DIM_MEMBER.MEMBER_DK,교정등록부(WRONG_DIM),WRONG_DIM,DIM_MEMBER.MEMBER_DK,FACT_MEMBER_EVENT,,,조립가능,"[매핑교정 WRONG_DIM] `DIM_MEMBER_IDENTITY` 는 GA↔CRM 신원 브리지 전용 차원이고 **CRM 팩트에서 가는 FK 가 없다**. 회원번호는 모든 팩트에 `MEMBER_DK` 로 실재하고 `DIM_MEMBER` 자연키 조인이 살아 있다. 이 오매핑이 12필드에 걸쳐 반복됐다. ▸ 종전 매핑 `DIM_MEMBER.MEMBER_DK` → 교정 `DIM_MEMBER.MEMBER_DK` ▸ 앵커 팩트 `FACT_MEMBER_EVENT` 가 **동명 degenerate 컬럼 `MEMBER_DK` 을 직접 보유**한다 (실측 채움 4,633,105/4,633,105) — `DIM_MEMBER` 를 경유할 필요가 없다. 매핑을 앵커 로컬로 교정할 것(O47·P96-②)"
회원,2. 회원특성,2-1. [회원] 주간 중단보고,법인,공114,DIM_ORG.CORP,필드인벤토리,,,FACT_MEMBER_EVENT,,,값없음,"`DIM_ORG.CORP` 전건 NULL (1,315행)"
회원,2. 회원특성,2-1. [회원] 주간 중단보고,회원구분,(215밖),DIM_MEMBER.MBER_DIV_CD,필드인벤토리~,,,FACT_MEMBER_EVENT,,,조립가능,"`FACT_MEMBER_EVENT` → `DIM_MEMBER` FK 생존(비영 존재) ▸ 🔴 `DIM_MEMBER` 는 **SCD2** 다 — 실측(O56) **7,925,716행 / 회원 1,763,065**(현재행 1,763,065). `IS_CURRENT = TRUE` 없이 조인하면 **4.49배 팬아웃**한다(FGA 실측 68,836 → 161,729 = 2.35배). ⇒ `DIM_MEMBER_CURRENT` 를 쓰거나 `IS_CURRENT = TRUE` 를 명시할 것"
회원,2. 회원특성,2-1. [회원] 주간 중단보고,납입방식,,FACT_MEMBER_FEE.PAYMENT_SK,교정등록부(OPENED_O45),OPENED_O45,FACT_MEMBER_FEE.PAYMENT_SK,FACT_MEMBER_EVENT,,,배분규칙필요,[매핑교정 OPENED_O45] [O45] 결제수단은 **회비 행의 속성**이다(`SETLE_CD` 11종 · 채움 99.78%). `FMM` 은 회원-월 grain 이라 붙이면 귀속 규칙이 필요했다. ⚠️라벨 커버리지 99.3% — 5종(`3`·`10`·`6`·`13`·`7`)은 코드그룹 미특정(O45-B). ▸ 종전 매핑 `FACT_MEMBER_FEE.PAYMENT_SK` → 교정 `FACT_MEMBER_FEE.PAYMENT_SK` ▸ 시간축 상이 — `FACT_MEMBER_EVENT`=일 vs `FACT_MEMBER_FEE`=월. 🔴 굵은 쪽을 잘게 내리려면 **배분(귀속) 규칙**이 필요하다 — 규칙 없이 조인하면 굵은 값이 잘은 행마다 복제된다. 이것은 모델링이 아니라 **업무 판단**이다(O47·P95).
회원,2. 회원특성,2-1. [회원] 주간 중단보고,후원금액,(215밖),DIM_MEMBER_ACQUISITION.ACQ_SPNSR_AMT,필드인벤토리~,,,FACT_MEMBER_EVENT,,,조립가능,`FACT_MEMBER_EVENT` → `DIM_MEMBER_ACQUISITION` FK 생존(비영 존재)
회원,2. 회원특성,2-1. [회원] 주간 중단보고,가입일,(215밖),FACT_MEMBER_EVENT.JOIN_DATE,필드인벤토리,,,FACT_MEMBER_EVENT,,,조립가능,앵커 팩트 `FACT_MEMBER_EVENT` 자체의 컬럼
회원,2. 회원특성,2-1. [회원] 주간 중단보고,중단일,(215밖),FACT_MEMBER_EVENT.STOP_DATE,필드인벤토리,,,FACT_MEMBER_EVENT,,,조립가능,앵커 팩트 `FACT_MEMBER_EVENT` 자체의 컬럼
회원,2. 회원특성,2-1. [회원] 주간 중단보고,중단사유,공162,DIM_REASON,지표사전,,,FACT_MEMBER_EVENT,,,조립가능,`FACT_MEMBER_EVENT` → `DIM_REASON` FK 생존(비영 존재)
회원,2. 회원특성,2-1. [회원] 주간 중단보고,브랜드,,DIM_MEMBER_ACQUISITION.ACQ_BRAND,교정등록부(OPENED_O45),OPENED_O45,DIM_MEMBER_ACQUISITION.ACQ_BRAND,FACT_MEMBER_EVENT,,,조립가능,[매핑교정 OPENED_O45] [O45] `FMM.CAMPAIGN_SK` 는 O8(다중귀속 규칙 미확정)로 전건 센티넬이다. **「획득 시점」 명시 규칙**으로 회원 1행에 캠페인을 확정해 우회했다(팬아웃 0 실측). ▸ 종전 매핑 `DIM_MEMBER_ACQUISITION.ACQ_BRAND` → 교정 `DIM_MEMBER_ACQUISITION.ACQ_BRAND` ▸ `FACT_MEMBER_EVENT` → `DIM_MEMBER_ACQUISITION` FK 생존(비영 존재)
회원,2. 회원특성,2-1. [회원] 주간 중단보고,상위캠페인,,DIM_MEMBER_ACQUISITION.ACQ_PARENT_CAMPAIGN_NAME,교정등록부(OPENED_O45),OPENED_O45,DIM_MEMBER_ACQUISITION.ACQ_PARENT_CAMPAIGN_NAME,FACT_MEMBER_EVENT,,,조립가능,[매핑교정 OPENED_O45] 위와 동일 경로. ▸ 종전 매핑 `DIM_MEMBER_ACQUISITION.ACQ_PARENT_CAMPAIGN_NAME` → 교정 `DIM_MEMBER_ACQUISITION.ACQ_PARENT_CAMPAIGN_NAME` ▸ `FACT_MEMBER_EVENT` → `DIM_MEMBER_ACQUISITION` FK 생존(비영 존재)
회원,2. 회원특성,2-1. [회원] 주간 중단보고,가입캠페인,(215밖),DIM_MEMBER_ACQUISITION.ACQ_CAMPAIGN_NAME,필드인벤토리,,,FACT_MEMBER_EVENT,,,조립가능,`FACT_MEMBER_EVENT` → `DIM_MEMBER_ACQUISITION` FK 생존(비영 존재)
회원,2. 회원특성,2-1. [회원] 주간 중단보고,가입부서,,DIM_MEMBER_ACQUISITION.ACQ_DEPARTMENT,교정등록부(OPENED_O45),OPENED_O45,DIM_MEMBER_ACQUISITION.ACQ_DEPARTMENT,FACT_MEMBER_EVENT,,,조립가능,[매핑교정 OPENED_O45] 「가입」 부서는 정의상 **획득 시점** 부서다 — 현재 소속(`DIM_ORG.DEPARTMENT`)에 붙이면 조직 개편 이력이 섞여 조용히 틀린다(P60). ▸ 종전 매핑 `DIM_MEMBER_ACQUISITION.ACQ_DEPARTMENT` → 교정 `DIM_MEMBER_ACQUISITION.ACQ_DEPARTMENT` ▸ `FACT_MEMBER_EVENT` → `DIM_MEMBER_ACQUISITION` FK 생존(비영 존재)
회원,2. 회원특성,2-2. [회원] 월간 중단보고,연도초활동(건),공37·157,FACT_MEMBER_MONTHLY.ACTIVE_CNT,필드인벤토리~,,,FACT_MEMBER_MONTHLY,,,조립가능,앵커 팩트 `FACT_MEMBER_MONTHLY` 자체의 컬럼
회원,2. 회원특성,2-2. [회원] 월간 중단보고,신규기존구분,공113,DIM_MEMBER.NEW_EXISTING_FLAG,필드인벤토리,,,FACT_MEMBER_MONTHLY,,,조립가능,"`FACT_MEMBER_MONTHLY` → `DIM_MEMBER` FK 생존(비영 존재) ▸ 🔴 `DIM_MEMBER` 는 **SCD2** 다 — 실측(O56) **7,925,716행 / 회원 1,763,065**(현재행 1,763,065). `IS_CURRENT = TRUE` 없이 조인하면 **4.49배 팬아웃**한다(FGA 실측 68,836 → 161,729 = 2.35배). ⇒ `DIM_MEMBER_CURRENT` 를 쓰거나 `IS_CURRENT = TRUE` 를 명시할 것"
회원,2. 회원특성,2-2. [회원] 월간 중단보고,누계개발(명),(YTD),SV metric — 누계 = base 의 YTD running sum (P7·물리 미저장) · base: FACT_MEMBER_MONTHLY.DEV_MEMBERS,SV파생,,,FACT_MEMBER_MONTHLY,,,판정불가(SV파생),SV metric — 물리 컬럼이 아니라 base 로 계산된다. base 의 조립가능도를 따른다
회원,2. 회원특성,2-2. [회원] 월간 중단보고,누계개발(건),(YTD),SV metric — 누계 = base 의 YTD running sum (P7·물리 미저장) · base: FACT_MEMBER_MONTHLY.DEV_CNT,SV파생,,,FACT_MEMBER_MONTHLY,,,판정불가(SV파생),SV metric — 물리 컬럼이 아니라 base 로 계산된다. base 의 조립가능도를 따른다
회원,2. 회원특성,2-2. [회원] 월간 중단보고,누계중단(명),(YTD),SV metric — 누계 = base 의 YTD running sum (P7·물리 미저장) · base: FACT_MEMBER_EVENT.STOP_MEMBERS,SV파생,,,FACT_MEMBER_MONTHLY,,,판정불가(SV파생),SV metric — 물리 컬럼이 아니라 base 로 계산된다. base 의 조립가능도를 따른다
회원,2. 회원특성,2-2. [회원] 월간 중단보고,누계중단(건),(YTD),SV metric — 누계 = base 의 YTD running sum (P7·물리 미저장) · base: FACT_MEMBER_MONTHLY.STOP_CNT,SV파생,,,FACT_MEMBER_MONTHLY,,,판정불가(SV파생),SV metric — 물리 컬럼이 아니라 base 로 계산된다. base 의 조립가능도를 따른다
회원,2. 회원특성,2-2. [회원] 월간 중단보고,누계중단율1(%),(SV ratio),SV metric — 비율(%) — SV time-intelligence/ratio,SV파생,,,FACT_MEMBER_MONTHLY,,,판정불가(SV파생),SV metric — 물리 컬럼이 아니라 base 로 계산된다. base 의 조립가능도를 따른다
회원,2. 회원특성,2-2. [회원] 월간 중단보고,전년도 증감(%),공60,SV metric — 증감율(%) = (당기−전기)/전기×100 (P7 시계열),SV파생,,,FACT_MEMBER_MONTHLY,,,판정불가(SV파생),SV metric — 물리 컬럼이 아니라 base 로 계산된다. base 의 조립가능도를 따른다
회원,2. 회원특성,2-2. [회원] 월간 중단보고,전전년도 증감(%),공60,SV metric — 증감율(%) = (당기−전기)/전기×100 (P7 시계열),SV파생,,,FACT_MEMBER_MONTHLY,,,판정불가(SV파생),SV metric — 물리 컬럼이 아니라 base 로 계산된다. base 의 조립가능도를 따른다
회원,2. 회원특성,2-2. [회원] 월간 중단보고,개발(건),공4·5·149,FACT_MEMBER_MONTHLY.DEV_CNT,필드인벤토리,,,FACT_MEMBER_MONTHLY,,,조립가능,앵커 팩트 `FACT_MEMBER_MONTHLY` 자체의 컬럼
회원,2. 회원특성,2-2. [회원] 월간 중단보고,전월말 활동(건),공37·157,FACT_MEMBER_MONTHLY.ACTIVE_CNT,필드인벤토리~,,,FACT_MEMBER_MONTHLY,,,조립가능,앵커 팩트 `FACT_MEMBER_MONTHLY` 자체의 컬럼
회원,2. 회원특성,2-2. [회원] 월간 중단보고,중단(명),(215밖),FACT_MEMBER_EVENT.STOP_MEMBERS,필드인벤토리,,,FACT_MEMBER_MONTHLY,,,집계필요,"시간축 상이 — `FACT_MEMBER_MONTHLY`=월 vs `FACT_MEMBER_EVENT`=일. 🟢 **불가가 아니다** — `FACT_MEMBER_EVENT` 를 앵커 grain 으로 **먼저 집계한 뒤** 조인하면 팬아웃이 0 이다. 🔴 naive 조인(사전집계 없이)만 이중계상을 만든다. 실측 증명: `FMM ⋈ (FSE→회원·월 사전집계)` 행 40,054,883 **불변** · 청구액 891,959,790,888 **불변**(2026-08-07 O47). ▸ BRONZE 근거: `FACT_MEMBER_EVENT` 는 **사건(일) grain**, `FACT_MEMBER_MONTHLY` 는 **월 grain** 이다. FMM 은 FME 의 월 롤업이므로(`SUM(DEV_CNT)` 양쪽 **2,291,878 동일**) 같은 표에서 더하면 **이중계상**이다. 필요한 축을 가진 쪽 **하나만** 고른다 — 일자·부서·사유·캠페인은 FME, 회비·미납은 FMM. ▸ 🔴 **비가산 처방**: `STOP_MEMBERS` 는 「명」이 아니라 **사건행당 1 인 플래그**다 — 실측(O56) `SUM(STOP_MEMBERS) = SUM(STOP_CNT) = 중단행수` 가 전부 **1,038,262** 로 동일하다. 주차별로 집계해 더하면 **972,925** 인데 실제 distinct 회원은 **903,064** 라 **7.74% 과대**다(같은 회원이 여러 주에 중단). 🟢 BRONZE 독립 확증: 원천 `TM_MM_FDRM_MBER_SPNSR_DSCNTC` 행 **1,038,262** · distinct `MBER_NO` **903,064** — GOLD 와 정확히 일치한다. ⇒ 처방은 「사전집계 후 SUM」이 아니라 **`COUNT(DISTINCT MEMBER_DK)`(비가산)** 이며 **주차 합계를 월로 더하지 않는다**"
회원,2. 회원특성,2-2. [회원] 월간 중단보고,중단(건),공35,FACT_MEMBER_MONTHLY.STOP_CNT,필드인벤토리,,,FACT_MEMBER_MONTHLY,,,조립가능,앵커 팩트 `FACT_MEMBER_MONTHLY` 자체의 컬럼
회원,2. 회원특성,2-2. [회원] 월간 중단보고,월 중단율(%),(SV ratio),SV metric — 비율(%) — SV time-intelligence/ratio,SV파생,,,FACT_MEMBER_MONTHLY,,,판정불가(SV파생),SV metric — 물리 컬럼이 아니라 base 로 계산된다. base 의 조립가능도를 따른다
회원,2. 회원특성,2-2. [회원] 월간 중단보고,중단 증감(명),공59,SV metric — 증감 = 당기−전기 (P7 시계열),SV파생,,,FACT_MEMBER_MONTHLY,,,판정불가(SV파생),SV metric — 물리 컬럼이 아니라 base 로 계산된다. base 의 조립가능도를 따른다
회원,2. 회원특성,2-2. [회원] 월간 중단보고,중단 증감(건),공59,SV metric — 증감 = 당기−전기 (P7 시계열),SV파생,,,FACT_MEMBER_MONTHLY,,,판정불가(SV파생),SV metric — 물리 컬럼이 아니라 base 로 계산된다. base 의 조립가능도를 따른다
회원,2. 회원특성,2-2. [회원] 월간 중단보고,중단율 증감(%p),공60,SV metric — 증감율(%) = (당기−전기)/전기×100 (P7 시계열),SV파생,,,FACT_MEMBER_MONTHLY,,,판정불가(SV파생),SV metric — 물리 컬럼이 아니라 base 로 계산된다. base 의 조립가능도를 따른다
회원,2. 회원특성,2-2. [회원] 월간 중단보고,누계중단율2(%),(SV ratio),SV metric — 비율(%) — SV time-intelligence/ratio,SV파생,,,FACT_MEMBER_MONTHLY,,,판정불가(SV파생),SV metric — 물리 컬럼이 아니라 base 로 계산된다. base 의 조립가능도를 따른다
회원,2. 회원특성,2-2. [회원] 월간 중단보고,누계중단 증감(명),공59,SV metric — 증감 = 당기−전기 (P7 시계열),SV파생,,,FACT_MEMBER_MONTHLY,,,판정불가(SV파생),SV metric — 물리 컬럼이 아니라 base 로 계산된다. base 의 조립가능도를 따른다
회원,2. 회원특성,2-2. [회원] 월간 중단보고,누계중단 증감(건),공59,SV metric — 증감 = 당기−전기 (P7 시계열),SV파생,,,FACT_MEMBER_MONTHLY,,,판정불가(SV파생),SV metric — 물리 컬럼이 아니라 base 로 계산된다. base 의 조립가능도를 따른다
회원,2. 회원특성,2-2. [회원] 월간 중단보고,누계중단율 증감(%p),공60,SV metric — 증감율(%) = (당기−전기)/전기×100 (P7 시계열),SV파생,,,FACT_MEMBER_MONTHLY,,,판정불가(SV파생),SV metric — 물리 컬럼이 아니라 base 로 계산된다. base 의 조립가능도를 따른다
회원,2. 회원특성,2-2. [회원] 월간 중단보고,미납중단(명),(215밖),FACT_MEMBER_EVENT.UNPAID_STOP_MEMBERS,필드인벤토리,,,FACT_MEMBER_MONTHLY,,,값없음,"`FACT_MEMBER_EVENT.UNPAID_STOP_MEMBERS` 전건 0 (4,633,105행)"
회원,2. 회원특성,2-2. [회원] 월간 중단보고,미납중단(건),(215밖),FACT_MEMBER_EVENT.UNPAID_STOP_CNT,필드인벤토리,,,FACT_MEMBER_MONTHLY,,,값없음,"`FACT_MEMBER_EVENT.UNPAID_STOP_CNT` 전건 0 (4,633,105행)"
회원,2. 회원특성,2-2. [회원] 월간 중단보고,전체 중 미납중단구성비(%),(ratio-of-total),SV metric — 구성비/비중(%) = 부분/전체×100,SV파생,,,FACT_MEMBER_MONTHLY,,,판정불가(SV파생),SV metric — 물리 컬럼이 아니라 base 로 계산된다. base 의 조립가능도를 따른다
회원,2. 회원특성,2-2. [회원] 월간 중단보고,전체회원 활동(건),공37·157,FACT_MEMBER_MONTHLY.ACTIVE_CNT,필드인벤토리~,,,FACT_MEMBER_MONTHLY,,,조립가능,앵커 팩트 `FACT_MEMBER_MONTHLY` 자체의 컬럼
회원,2. 회원특성,2-2. [회원] 월간 중단보고,부서,,DIM_MEMBER_ACQUISITION.ACQ_DEPARTMENT (회원분석) / WIDE_MEMBER_EVENT.ORG_DEPARTMENT (개발실적),교정등록부(OPENED_O45),OPENED_O45,DIM_MEMBER_ACQUISITION.ACQ_DEPARTMENT (회원분석) / WIDE_MEMBER_EVENT.ORG_DEPARTMENT (개발실적),FACT_MEMBER_MONTHLY,,,조립가능,[매핑교정 OPENED_O45] 🔴 **같은 라벨이 두 축이다**(O34 `_AT_PLEDGE`/`_AT_EVENT` 규약 재적용). 개발실적보고의 부서 = **사건 부서** · 연간분석(회비)의 부서 = **획득 부서**. 두 값은 다르다. ▸ 종전 매핑 `DIM_MEMBER_ACQUISITION.ACQ_DEPARTMENT (회원분석) / WIDE_MEMBER_EVENT.ORG_DEPARTMENT (개발실적)` → 교정 `DIM_MEMBER_ACQUISITION.ACQ_DEPARTMENT (회원분석) / WIDE_MEMBER_EVENT.ORG_DEPARTMENT (개발실적)` ▸ `FACT_MEMBER_MONTHLY` → `DIM_MEMBER_ACQUISITION` FK 생존(비영 존재)
회원,2. 회원특성,2-2. [회원] 월간 중단보고,브랜드,,DIM_MEMBER_ACQUISITION.ACQ_BRAND,교정등록부(OPENED_O45),OPENED_O45,DIM_MEMBER_ACQUISITION.ACQ_BRAND,FACT_MEMBER_MONTHLY,,,조립가능,[매핑교정 OPENED_O45] [O45] `FMM.CAMPAIGN_SK` 는 O8(다중귀속 규칙 미확정)로 전건 센티넬이다. **「획득 시점」 명시 규칙**으로 회원 1행에 캠페인을 확정해 우회했다(팬아웃 0 실측). ▸ 종전 매핑 `DIM_MEMBER_ACQUISITION.ACQ_BRAND` → 교정 `DIM_MEMBER_ACQUISITION.ACQ_BRAND` ▸ `FACT_MEMBER_MONTHLY` → `DIM_MEMBER_ACQUISITION` FK 생존(비영 존재)
회원,2. 회원특성,2-2. [회원] 월간 중단보고,상위캠페인,,DIM_MEMBER_ACQUISITION.ACQ_PARENT_CAMPAIGN_NAME,교정등록부(OPENED_O45),OPENED_O45,DIM_MEMBER_ACQUISITION.ACQ_PARENT_CAMPAIGN_NAME,FACT_MEMBER_MONTHLY,,,조립가능,[매핑교정 OPENED_O45] 위와 동일 경로. ▸ 종전 매핑 `DIM_MEMBER_ACQUISITION.ACQ_PARENT_CAMPAIGN_NAME` → 교정 `DIM_MEMBER_ACQUISITION.ACQ_PARENT_CAMPAIGN_NAME` ▸ `FACT_MEMBER_MONTHLY` → `DIM_MEMBER_ACQUISITION` FK 생존(비영 존재)
회원,2. 회원특성,2-2. [회원] 월간 중단보고,캠페인,,DIM_MEMBER_ACQUISITION.ACQ_CAMPAIGN_NAME,교정등록부(OPENED_O45),OPENED_O45,DIM_MEMBER_ACQUISITION.ACQ_CAMPAIGN_NAME,FACT_MEMBER_MONTHLY,,,조립가능,[매핑교정 OPENED_O45] 위와 동일 경로. ▸ 종전 매핑 `DIM_MEMBER_ACQUISITION.ACQ_CAMPAIGN_NAME` → 교정 `DIM_MEMBER_ACQUISITION.ACQ_CAMPAIGN_NAME` ▸ `FACT_MEMBER_MONTHLY` → `DIM_MEMBER_ACQUISITION` FK 생존(비영 존재)
회원,2. 회원특성,2-2. [회원] 월간 중단보고,후원사업,,FACT_MEMBER_FEE.SPONSORSHIP_SK (회비) / DIM_MEMBER_ACQUISITION.ACQ_SPONSORSHIP_SK (획득),교정등록부(OPENED_O45),OPENED_O45,FACT_MEMBER_FEE.SPONSORSHIP_SK (회비) / DIM_MEMBER_ACQUISITION.ACQ_SPONSORSHIP_SK (획득),FACT_MEMBER_MONTHLY,,,조립가능,"[매핑교정 OPENED_O45] 🔴 **같은 라벨이 두 축이다**. 회비·미납 분석의 후원사업 = **납입 대상**(회비 행에 붙은 값, `SPNSR_BSNS_ID` 채움 99.83%) → `FACT_MEMBER_FEE`. 개발·중단·회원특성 분석의 후원사업 = **획득 시점**(그 회원을 데려온 사업) → `DIM_MEMBER_ACQUISITION`. 한 회원이 여러 후원사업에 내므로 회원-월 grain 에 하나로 붙일 수 없다(회원-월 37,148,615 → 회원-월-후원사업 39,563,730). ⚠️ 목표(`FACT_TARGET_DEV`)에는 후원사업 축이 없어 **목표 대비 후원사업별 달성률은 불가**하다. ▸ 종전 매핑 `FACT_MEMBER_FEE.SPONSORSHIP_SK (회비) / DIM_MEMBER_ACQUISITION.ACQ_SPONSORSHIP_SK (획득)` → 교정 `FACT_MEMBER_FEE.SPONSORSHIP_SK (회비) / DIM_MEMBER_ACQUISITION.ACQ_SPONSORSHIP_SK (획득)` ▸ [축 병기 — 앵커 `FACT_MEMBER_MONTHLY` 에 맞는 축 선택] `DIM_MEMBER_ACQUISITION.ACQ_SPONSORSHIP_SK` ▸ `FACT_MEMBER_MONTHLY` → `DIM_MEMBER_ACQUISITION` FK 생존(비영 존재) ▸ 다른 병기 축 `FACT_MEMBER_FEE.SPONSORSHIP_SK` 은 `형제팩트중복` (O47)"
회원,2. 회원특성,2-2. [회원] 월간 중단보고,납입방식,,FACT_MEMBER_FEE.PAYMENT_SK,교정등록부(OPENED_O45),OPENED_O45,FACT_MEMBER_FEE.PAYMENT_SK,FACT_MEMBER_MONTHLY,,,형제팩트중복,"[매핑교정 OPENED_O45] [O45] 결제수단은 **회비 행의 속성**이다(`SETLE_CD` 11종 · 채움 99.78%). `FMM` 은 회원-월 grain 이라 붙이면 귀속 규칙이 필요했다. ⚠️라벨 커버리지 99.3% — 5종(`3`·`10`·`6`·`13`·`7`)은 코드그룹 미특정(O45-B). ▸ 종전 매핑 `FACT_MEMBER_FEE.PAYMENT_SK` → 교정 `FACT_MEMBER_FEE.PAYMENT_SK` ▸ 동일 원천 형제 팩트 — 함께 조립하면 이중계상. 둘 다 `SILVER.CRM_PAYMENT_BILLING` 파생이다. 실측 조인 시 `FMM.BILLED_AMT` 891,959,790,888 → 1,056,821,121,099 = **+18.5% 과대계상**(행 40,054,883 → 40,262,076). 🔴 이 필드는 **`FACT_MEMBER_FEE` 를 앵커로 바꿔서** 얻어야 한다 — FMM 과 같은 표에 두지 말 것. 회원-월 요약이 필요하면 FMM, 회비 분해가 필요하면 FMF 중 **하나만** 고른다."
회원,2. 회원특성,2-2. [회원] 월간 중단보고,연령대,(215밖),DIM_MEMBER.AGE_BAND,필드인벤토리,,,FACT_MEMBER_MONTHLY,,,조립가능,"`FACT_MEMBER_MONTHLY` → `DIM_MEMBER` FK 생존(비영 존재) ▸ 🔴 `DIM_MEMBER` 는 **SCD2** 다 — 실측(O56) **7,925,716행 / 회원 1,763,065**(현재행 1,763,065). `IS_CURRENT = TRUE` 없이 조인하면 **4.49배 팬아웃**한다(FGA 실측 68,836 → 161,729 = 2.35배). ⇒ `DIM_MEMBER_CURRENT` 를 쓰거나 `IS_CURRENT = TRUE` 를 명시할 것"
회원,2. 회원특성,2-2. [회원] 월간 중단보고,최초가입일,공28,DIM_MEMBER.FIRST_JOIN_DATE,필드인벤토리~,,,FACT_MEMBER_MONTHLY,,,조립가능,"`FACT_MEMBER_MONTHLY` → `DIM_MEMBER` FK 생존(비영 존재) ▸ 🔴 `DIM_MEMBER` 는 **SCD2** 다 — 실측(O56) **7,925,716행 / 회원 1,763,065**(현재행 1,763,065). `IS_CURRENT = TRUE` 없이 조인하면 **4.49배 팬아웃**한다(FGA 실측 68,836 → 161,729 = 2.35배). ⇒ `DIM_MEMBER_CURRENT` 를 쓰거나 `IS_CURRENT = TRUE` 를 명시할 것"
회원,2. 회원특성,2-2. [회원] 월간 중단보고,최종중단일,공30,DIM_MEMBER.LAST_STOP_DATE,필드인벤토리,,,FACT_MEMBER_MONTHLY,,,조립가능,"`FACT_MEMBER_MONTHLY` → `DIM_MEMBER` FK 생존(비영 존재) ▸ 🔴 `DIM_MEMBER` 는 **SCD2** 다 — 실측(O56) **7,925,716행 / 회원 1,763,065**(현재행 1,763,065). `IS_CURRENT = TRUE` 없이 조인하면 **4.49배 팬아웃**한다(FGA 실측 68,836 → 161,729 = 2.35배). ⇒ `DIM_MEMBER_CURRENT` 를 쓰거나 `IS_CURRENT = TRUE` 를 명시할 것"
회원,2. 회원특성,2-2. [회원] 월간 중단보고,최초캠페인,공29,DIM_MEMBER.FIRST_CAMPAIGN,필드인벤토리,,,FACT_MEMBER_MONTHLY,,,조립가능,"`FACT_MEMBER_MONTHLY` → `DIM_MEMBER` FK 생존(비영 존재) ▸ 🔴 `DIM_MEMBER` 는 **SCD2** 다 — 실측(O56) **7,925,716행 / 회원 1,763,065**(현재행 1,763,065). `IS_CURRENT = TRUE` 없이 조인하면 **4.49배 팬아웃**한다(FGA 실측 68,836 → 161,729 = 2.35배). ⇒ `DIM_MEMBER_CURRENT` 를 쓰거나 `IS_CURRENT = TRUE` 를 명시할 것"
회원,2. 회원특성,2-2. [회원] 월간 중단보고,최종캠페인,공31,DIM_MEMBER.LAST_CAMPAIGN,필드인벤토리,,,FACT_MEMBER_MONTHLY,,,조립가능,"`FACT_MEMBER_MONTHLY` → `DIM_MEMBER` FK 생존(비영 존재) ▸ 🔴 `DIM_MEMBER` 는 **SCD2** 다 — 실측(O56) **7,925,716행 / 회원 1,763,065**(현재행 1,763,065). `IS_CURRENT = TRUE` 없이 조인하면 **4.49배 팬아웃**한다(FGA 실측 68,836 → 161,729 = 2.35배). ⇒ `DIM_MEMBER_CURRENT` 를 쓰거나 `IS_CURRENT = TRUE` 를 명시할 것"
회원,2. 회원특성,2-2. [회원] 월간 중단보고,회원번호,,DIM_MEMBER.MEMBER_DK,교정등록부(WRONG_DIM),WRONG_DIM,DIM_MEMBER.MEMBER_DK,FACT_MEMBER_MONTHLY,,,조립가능,"[매핑교정 WRONG_DIM] `DIM_MEMBER_IDENTITY` 는 GA↔CRM 신원 브리지 전용 차원이고 **CRM 팩트에서 가는 FK 가 없다**. 회원번호는 모든 팩트에 `MEMBER_DK` 로 실재하고 `DIM_MEMBER` 자연키 조인이 살아 있다. 이 오매핑이 12필드에 걸쳐 반복됐다. ▸ 종전 매핑 `DIM_MEMBER.MEMBER_DK` → 교정 `DIM_MEMBER.MEMBER_DK` ▸ 앵커 팩트 `FACT_MEMBER_MONTHLY` 가 **동명 degenerate 컬럼 `MEMBER_DK` 을 직접 보유**한다 (실측 채움 40,054,883/40,054,883) — `DIM_MEMBER` 를 경유할 필요가 없다. 매핑을 앵커 로컬로 교정할 것(O47·P96-②)"
회원,2. 회원특성,2-3. [회원] 연간분석 (개발/활동) 분석 *월간기준,법인,공114,DIM_ORG.CORP,필드인벤토리,,,FACT_MEMBER_MONTHLY,,,값없음,"`DIM_ORG.CORP` 전건 NULL (1,315행)"
회원,2. 회원특성,2-3. [회원] 연간분석 (개발/활동) 분석 *월간기준,신규기존구분(최초가입일 당해년도 기준),공113,DIM_MEMBER.NEW_EXISTING_FLAG,필드인벤토리~,,,FACT_MEMBER_MONTHLY,,,조립가능,"`FACT_MEMBER_MONTHLY` → `DIM_MEMBER` FK 생존(비영 존재) ▸ 🔴 `DIM_MEMBER` 는 **SCD2** 다 — 실측(O56) **7,925,716행 / 회원 1,763,065**(현재행 1,763,065). `IS_CURRENT = TRUE` 없이 조인하면 **4.49배 팬아웃**한다(FGA 실측 68,836 → 161,729 = 2.35배). ⇒ `DIM_MEMBER_CURRENT` 를 쓰거나 `IS_CURRENT = TRUE` 를 명시할 것"
회원,2. 회원특성,2-3. [회원] 연간분석 (개발/활동) 분석 *월간기준,개발구분,공121,FACT_MEMBER_MONTHLY.DEV_TYPE,필드인벤토리,,,FACT_MEMBER_MONTHLY,,,값없음,"`FACT_MEMBER_MONTHLY.DEV_TYPE` 전건 NULL (40,054,883행)"
회원,2. 회원특성,2-3. [회원] 연간분석 (개발/활동) 분석 *월간기준,실적지부(본부/지부),공115,DIM_ORG.DIVISION,필드인벤토리~,,,FACT_MEMBER_MONTHLY,,,값없음,"`DIM_ORG.DIVISION` 전건 NULL (1,315행)"
회원,2. 회원특성,2-3. [회원] 연간분석 (개발/활동) 분석 *월간기준,브랜드,,DIM_MEMBER_ACQUISITION.ACQ_BRAND,교정등록부(OPENED_O45),OPENED_O45,DIM_MEMBER_ACQUISITION.ACQ_BRAND,FACT_MEMBER_MONTHLY,,,조립가능,[매핑교정 OPENED_O45] [O45] `FMM.CAMPAIGN_SK` 는 O8(다중귀속 규칙 미확정)로 전건 센티넬이다. **「획득 시점」 명시 규칙**으로 회원 1행에 캠페인을 확정해 우회했다(팬아웃 0 실측). ▸ 종전 매핑 `DIM_MEMBER_ACQUISITION.ACQ_BRAND` → 교정 `DIM_MEMBER_ACQUISITION.ACQ_BRAND` ▸ `FACT_MEMBER_MONTHLY` → `DIM_MEMBER_ACQUISITION` FK 생존(비영 존재)
회원,2. 회원특성,2-3. [회원] 연간분석 (개발/활동) 분석 *월간기준,홍보방법,,DIM_MEMBER_ACQUISITION.ACQ_PROMO_METHOD_NAME,교정등록부(OPENED_O45),OPENED_O45,DIM_MEMBER_ACQUISITION.ACQ_PROMO_METHOD_NAME,FACT_MEMBER_MONTHLY,,,조립가능,[매핑교정 OPENED_O45] 위와 동일 경로. ▸ 종전 매핑 `DIM_MEMBER_ACQUISITION.ACQ_PROMO_METHOD_NAME` → 교정 `DIM_MEMBER_ACQUISITION.ACQ_PROMO_METHOD_NAME` ▸ `FACT_MEMBER_MONTHLY` → `DIM_MEMBER_ACQUISITION` FK 생존(비영 존재)
회원,2. 회원특성,2-3. [회원] 연간분석 (개발/활동) 분석 *월간기준,상위캠페인,,DIM_MEMBER_ACQUISITION.ACQ_PARENT_CAMPAIGN_NAME,교정등록부(OPENED_O45),OPENED_O45,DIM_MEMBER_ACQUISITION.ACQ_PARENT_CAMPAIGN_NAME,FACT_MEMBER_MONTHLY,,,조립가능,[매핑교정 OPENED_O45] 위와 동일 경로. ▸ 종전 매핑 `DIM_MEMBER_ACQUISITION.ACQ_PARENT_CAMPAIGN_NAME` → 교정 `DIM_MEMBER_ACQUISITION.ACQ_PARENT_CAMPAIGN_NAME` ▸ `FACT_MEMBER_MONTHLY` → `DIM_MEMBER_ACQUISITION` FK 생존(비영 존재)
회원,2. 회원특성,2-3. [회원] 연간분석 (개발/활동) 분석 *월간기준,캠페인,,DIM_MEMBER_ACQUISITION.ACQ_CAMPAIGN_NAME,교정등록부(OPENED_O45),OPENED_O45,DIM_MEMBER_ACQUISITION.ACQ_CAMPAIGN_NAME,FACT_MEMBER_MONTHLY,,,조립가능,[매핑교정 OPENED_O45] 위와 동일 경로. ▸ 종전 매핑 `DIM_MEMBER_ACQUISITION.ACQ_CAMPAIGN_NAME` → 교정 `DIM_MEMBER_ACQUISITION.ACQ_CAMPAIGN_NAME` ▸ `FACT_MEMBER_MONTHLY` → `DIM_MEMBER_ACQUISITION` FK 생존(비영 존재)
회원,2. 회원특성,2-3. [회원] 연간분석 (개발/활동) 분석 *월간기준,후원사업,,FACT_MEMBER_FEE.SPONSORSHIP_SK (회비) / DIM_MEMBER_ACQUISITION.ACQ_SPONSORSHIP_SK (획득),교정등록부(OPENED_O45),OPENED_O45,FACT_MEMBER_FEE.SPONSORSHIP_SK (회비) / DIM_MEMBER_ACQUISITION.ACQ_SPONSORSHIP_SK (획득),FACT_MEMBER_MONTHLY,,,조립가능,"[매핑교정 OPENED_O45] 🔴 **같은 라벨이 두 축이다**. 회비·미납 분석의 후원사업 = **납입 대상**(회비 행에 붙은 값, `SPNSR_BSNS_ID` 채움 99.83%) → `FACT_MEMBER_FEE`. 개발·중단·회원특성 분석의 후원사업 = **획득 시점**(그 회원을 데려온 사업) → `DIM_MEMBER_ACQUISITION`. 한 회원이 여러 후원사업에 내므로 회원-월 grain 에 하나로 붙일 수 없다(회원-월 37,148,615 → 회원-월-후원사업 39,563,730). ⚠️ 목표(`FACT_TARGET_DEV`)에는 후원사업 축이 없어 **목표 대비 후원사업별 달성률은 불가**하다. ▸ 종전 매핑 `FACT_MEMBER_FEE.SPONSORSHIP_SK (회비) / DIM_MEMBER_ACQUISITION.ACQ_SPONSORSHIP_SK (획득)` → 교정 `FACT_MEMBER_FEE.SPONSORSHIP_SK (회비) / DIM_MEMBER_ACQUISITION.ACQ_SPONSORSHIP_SK (획득)` ▸ [축 병기 — 앵커 `FACT_MEMBER_MONTHLY` 에 맞는 축 선택] `DIM_MEMBER_ACQUISITION.ACQ_SPONSORSHIP_SK` ▸ `FACT_MEMBER_MONTHLY` → `DIM_MEMBER_ACQUISITION` FK 생존(비영 존재) ▸ 다른 병기 축 `FACT_MEMBER_FEE.SPONSORSHIP_SK` 은 `형제팩트중복` (O47)"
회원,2. 회원특성,2-3. [회원] 연간분석 (개발/활동) 분석 *월간기준,연령대,(215밖),DIM_MEMBER.AGE_BAND,필드인벤토리,,,FACT_MEMBER_MONTHLY,,,조립가능,"`FACT_MEMBER_MONTHLY` → `DIM_MEMBER` FK 생존(비영 존재) ▸ 🔴 `DIM_MEMBER` 는 **SCD2** 다 — 실측(O56) **7,925,716행 / 회원 1,763,065**(현재행 1,763,065). `IS_CURRENT = TRUE` 없이 조인하면 **4.49배 팬아웃**한다(FGA 실측 68,836 → 161,729 = 2.35배). ⇒ `DIM_MEMBER_CURRENT` 를 쓰거나 `IS_CURRENT = TRUE` 를 명시할 것"
회원,2. 회원특성,2-3. [회원] 연간분석 (개발/활동) 분석 *월간기준,납입방식,,FACT_MEMBER_FEE.PAYMENT_SK,교정등록부(OPENED_O45),OPENED_O45,FACT_MEMBER_FEE.PAYMENT_SK,FACT_MEMBER_MONTHLY,,,형제팩트중복,"[매핑교정 OPENED_O45] [O45] 결제수단은 **회비 행의 속성**이다(`SETLE_CD` 11종 · 채움 99.78%). `FMM` 은 회원-월 grain 이라 붙이면 귀속 규칙이 필요했다. ⚠️라벨 커버리지 99.3% — 5종(`3`·`10`·`6`·`13`·`7`)은 코드그룹 미특정(O45-B). ▸ 종전 매핑 `FACT_MEMBER_FEE.PAYMENT_SK` → 교정 `FACT_MEMBER_FEE.PAYMENT_SK` ▸ 동일 원천 형제 팩트 — 함께 조립하면 이중계상. 둘 다 `SILVER.CRM_PAYMENT_BILLING` 파생이다. 실측 조인 시 `FMM.BILLED_AMT` 891,959,790,888 → 1,056,821,121,099 = **+18.5% 과대계상**(행 40,054,883 → 40,262,076). 🔴 이 필드는 **`FACT_MEMBER_FEE` 를 앵커로 바꿔서** 얻어야 한다 — FMM 과 같은 표에 두지 말 것. 회원-월 요약이 필요하면 FMM, 회비 분해가 필요하면 FMF 중 **하나만** 고른다."
회원,2. 회원특성,2-3. [회원] 연간분석 (개발/활동) 분석 *월간기준,개발(명),공148,FACT_MEMBER_MONTHLY.DEV_MEMBERS,필드인벤토리,,,FACT_MEMBER_MONTHLY,,,조립가능,"앵커 팩트 `FACT_MEMBER_MONTHLY` 자체의 컬럼 ▸ 🔴 **비가산 처방**: 🔴 **[O56 신규 적발]** `DEV_MEMBERS` 도 비가산이다 — 실측 `SUM(DEV_MEMBERS)` **1,996,977** vs 실제 distinct 개발회원 **1,585,923** = **410,054 과대(25.9%)**. 회원-월 grain 이라 **같은 회원이 여러 달에 개발**되면 중복 계상된다(`SUM(DEV_CNT)` = 2,291,878 은 건수라 정상). ⇒ 「개발(명)」을 여러 월에 걸쳐 물으면 **`COUNT(DISTINCT MEMBER_DK)`** 로 낸다. O49 는 이 필드를 검사하지 않았다(P79/O39 와 같은 유형의 3건째 재발)"
회원,2. 회원특성,2-3. [회원] 연간분석 (개발/활동) 분석 *월간기준,개발(건),공4·5·149,FACT_MEMBER_MONTHLY.DEV_CNT,필드인벤토리,,,FACT_MEMBER_MONTHLY,,,조립가능,앵커 팩트 `FACT_MEMBER_MONTHLY` 자체의 컬럼
회원,2. 회원특성,2-3. [회원] 연간분석 (개발/활동) 분석 *월간기준,개발구성비(%),(ratio-of-total),SV metric — 구성비/비중(%) = 부분/전체×100,SV파생,,,FACT_MEMBER_MONTHLY,,,판정불가(SV파생),SV metric — 물리 컬럼이 아니라 base 로 계산된다. base 의 조립가능도를 따른다
회원,2. 회원특성,2-3. [회원] 연간분석 (개발/활동) 분석 *월간기준,누계개발(명),(YTD),SV metric — 누계 = base 의 YTD running sum (P7·물리 미저장) · base: FACT_MEMBER_MONTHLY.DEV_MEMBERS,SV파생,,,FACT_MEMBER_MONTHLY,,,판정불가(SV파생),SV metric — 물리 컬럼이 아니라 base 로 계산된다. base 의 조립가능도를 따른다
회원,2. 회원특성,2-3. [회원] 연간분석 (개발/활동) 분석 *월간기준,누계개발(건),(YTD),SV metric — 누계 = base 의 YTD running sum (P7·물리 미저장) · base: FACT_MEMBER_MONTHLY.DEV_CNT,SV파생,,,FACT_MEMBER_MONTHLY,,,판정불가(SV파생),SV metric — 물리 컬럼이 아니라 base 로 계산된다. base 의 조립가능도를 따른다
회원,2. 회원특성,2-3. [회원] 연간분석 (개발/활동) 분석 *월간기준,누계개발구성비(%),(ratio-of-total),SV metric — 구성비/비중(%) = 부분/전체×100,SV파생,,,FACT_MEMBER_MONTHLY,,,판정불가(SV파생),SV metric — 물리 컬럼이 아니라 base 로 계산된다. base 의 조립가능도를 따른다
회원,2. 회원특성,2-3. [회원] 연간분석 (개발/활동) 분석 *월간기준,상위캠페인 10개,(215밖),DIM_MEMBER_ACQUISITION.ACQ_PARENT_CAMPAIGN_NAME,필드인벤토리~,,,FACT_MEMBER_MONTHLY,,,조립가능,`FACT_MEMBER_MONTHLY` → `DIM_MEMBER_ACQUISITION` FK 생존(비영 존재)
회원,2. 회원특성,2-3. [회원] 연간분석 (개발/활동) 분석 *월간기준,전년대비 증감 개발(명),공59,SV metric — 증감 = 당기−전기 (P7 시계열),SV파생,,,FACT_MEMBER_MONTHLY,,,판정불가(SV파생),SV metric — 물리 컬럼이 아니라 base 로 계산된다. base 의 조립가능도를 따른다
회원,2. 회원특성,2-3. [회원] 연간분석 (개발/활동) 분석 *월간기준,전년대비 증감 개발(건),공59,SV metric — 증감 = 당기−전기 (P7 시계열),SV파생,,,FACT_MEMBER_MONTHLY,,,판정불가(SV파생),SV metric — 물리 컬럼이 아니라 base 로 계산된다. base 의 조립가능도를 따른다
회원,2. 회원특성,2-3. [회원] 연간분석 (개발/활동) 분석 *월간기준,전년대비 증감 개발구성비(%p),(ratio-of-total),SV metric — 구성비/비중(%) = 부분/전체×100,SV파생,,,FACT_MEMBER_MONTHLY,,,판정불가(SV파생),SV metric — 물리 컬럼이 아니라 base 로 계산된다. base 의 조립가능도를 따른다
회원,2. 회원특성,2-3. [회원] 연간분석 (개발/활동) 분석 *월간기준,활동(명),공156,FACT_MEMBER_MONTHLY.ACTIVE_MEMBERS,필드인벤토리,,,FACT_MEMBER_MONTHLY,,,조립가능,앵커 팩트 `FACT_MEMBER_MONTHLY` 자체의 컬럼
회원,2. 회원특성,2-3. [회원] 연간분석 (개발/활동) 분석 *월간기준,활동(건),공37·157,FACT_MEMBER_MONTHLY.ACTIVE_CNT,필드인벤토리,,,FACT_MEMBER_MONTHLY,,,조립가능,앵커 팩트 `FACT_MEMBER_MONTHLY` 자체의 컬럼
회원,2. 회원특성,2-3. [회원] 연간분석 (개발/활동) 분석 *월간기준,활동구성비(%),(ratio-of-total),SV metric — 구성비/비중(%) = 부분/전체×100,SV파생,,,FACT_MEMBER_MONTHLY,,,판정불가(SV파생),SV metric — 물리 컬럼이 아니라 base 로 계산된다. base 의 조립가능도를 따른다
회원,2. 회원특성,2-3. [회원] 연간분석 (개발/활동) 분석 *월간기준,활동율,공45,SV metric — 분자: MONTH_END_ACTIVE_CNT / 분모: YEAR_START_ACTIVE_CNT + DEV_CNT(YTD),지표사전,,,FACT_MEMBER_MONTHLY,,,판정불가(SV파생),SV metric — 물리 컬럼이 아니라 base 로 계산된다. base 의 조립가능도를 따른다
회원,2. 회원특성,2-3. [회원] 연간분석 (개발/활동) 분석 *월간기준,활동율2,(SV ratio),SV metric — 비율(%) — SV time-intelligence/ratio,SV파생,,,FACT_MEMBER_MONTHLY,,,판정불가(SV파생),SV metric — 물리 컬럼이 아니라 base 로 계산된다. base 의 조립가능도를 따른다
회원,2. 회원특성,2-3. [회원] 연간분석 (개발/활동) 분석 *월간기준,평균후원기간,(SV avg),SV metric — 평균 = base AVG (SV 집계),SV파생,,,FACT_MEMBER_MONTHLY,,,판정불가(SV파생),SV metric — 물리 컬럼이 아니라 base 로 계산된다. base 의 조립가능도를 따른다
회원,2. 회원특성,2-4. [회원] 연간분석 (회비) 분석 *월간기준,납입(명),,SV metric — 납입회원수(명) = COUNT(DISTINCT MEMBER_DK WHERE 납입성공),교정등록부(WRONG_UNIT),WRONG_UNIT,SV metric — 납입회원수(명) = COUNT(DISTINCT MEMBER_DK WHERE 납입성공),FACT_MEMBER_FEE,,,판정불가(SV파생),[매핑교정 WRONG_UNIT] 물리 컬럼이 없다(#80 미구현). 원천은 실재하므로 SV 에서 산출 가능하다 — `FACT_MEMBER_FEE`(회비 grain)에서 회원 distinct 로 센다. 🔴 `PAID_FEE` 를 「명」으로 쓰지 말 것. ▸ 종전 매핑 `SV metric — 납입회원수(명) = COUNT(DISTINCT MEMBER_DK WHERE 납입성공)` → 교정 `SV metric — 납입회원수(명) = COUNT(DISTINCT MEMBER_DK WHERE 납입성공)` ▸ SV metric — 물리 컬럼이 아니라 base 로 계산된다. base 의 조립가능도를 따른다
회원,2. 회원특성,2-4. [회원] 연간분석 (회비) 분석 *월간기준,납입(원),공69·70,FACT_MEMBER_MONTHLY.PAID_FEE,필드인벤토리·별칭등록부,,,FACT_MEMBER_FEE,,,형제팩트중복,"동일 원천 형제 팩트 — 함께 조립하면 이중계상. 둘 다 `SILVER.CRM_PAYMENT_BILLING` 파생이다. 실측 조인 시 `FMM.BILLED_AMT` 891,959,790,888 → 1,056,821,121,099 = **+18.5% 과대계상**(행 40,054,883 → 40,262,076). 🔴 이 필드는 **`FACT_MEMBER_FEE` 를 앵커로 바꿔서** 얻어야 한다 — FMM 과 같은 표에 두지 말 것. 회원-월 요약이 필요하면 FMM, 회비 분해가 필요하면 FMF 중 **하나만** 고른다."
회원,2. 회원특성,2-4. [회원] 연간분석 (회비) 분석 *월간기준,납입구성비(%),(ratio-of-total),SV metric — 구성비/비중(%) = 부분/전체×100,SV파생,,,FACT_MEMBER_FEE,,,판정불가(SV파생),SV metric — 물리 컬럼이 아니라 base 로 계산된다. base 의 조립가능도를 따른다
회원,2. 회원특성,2-4. [회원] 연간분석 (회비) 분석 *월간기준,납입률 (납입/활동),(SV ratio),SV metric — 비율(%) — SV time-intelligence/ratio,SV파생,,,FACT_MEMBER_FEE,,,판정불가(SV파생),SV metric — 물리 컬럼이 아니라 base 로 계산된다. base 의 조립가능도를 따른다
회원,2. 회원특성,2-4. [회원] 연간분석 (회비) 분석 *월간기준,납입률2 (납입/총활동),(SV ratio),SV metric — 비율(%) — SV time-intelligence/ratio,SV파생,,,FACT_MEMBER_FEE,,,판정불가(SV파생),SV metric — 물리 컬럼이 아니라 base 로 계산된다. base 의 조립가능도를 따른다
회원,2. 회원특성,2-4. [회원] 연간분석 (회비) 분석 *월간기준,회원번호,,DIM_MEMBER.MEMBER_DK,교정등록부(WRONG_DIM),WRONG_DIM,DIM_MEMBER.MEMBER_DK,FACT_MEMBER_FEE,,,조립가능,"[매핑교정 WRONG_DIM] `DIM_MEMBER_IDENTITY` 는 GA↔CRM 신원 브리지 전용 차원이고 **CRM 팩트에서 가는 FK 가 없다**. 회원번호는 모든 팩트에 `MEMBER_DK` 로 실재하고 `DIM_MEMBER` 자연키 조인이 살아 있다. 이 오매핑이 12필드에 걸쳐 반복됐다. ▸ 종전 매핑 `DIM_MEMBER.MEMBER_DK` → 교정 `DIM_MEMBER.MEMBER_DK` ▸ 앵커 팩트 `FACT_MEMBER_FEE` 가 **동명 degenerate 컬럼 `MEMBER_DK` 을 직접 보유**한다 (실측 채움 40,262,076/40,262,076) — `DIM_MEMBER` 를 경유할 필요가 없다. 매핑을 앵커 로컬로 교정할 것(O47·P96-②)"
회원,2. 회원특성,2-4. [회원] 연간분석 (회비) 분석 *월간기준,법인,공114,DIM_ORG.CORP,필드인벤토리,,,FACT_MEMBER_FEE,,,값없음,"`DIM_ORG.CORP` 전건 NULL (1,315행)"
회원,2. 회원특성,2-4. [회원] 연간분석 (회비) 분석 *월간기준,실적지부,공115,DIM_ORG.DIVISION,필드인벤토리·별칭등록부,,,FACT_MEMBER_FEE,,,값없음,"`DIM_ORG.DIVISION` 전건 NULL (1,315행)"
회원,2. 회원특성,2-4. [회원] 연간분석 (회비) 분석 *월간기준,브랜드,,DIM_MEMBER_ACQUISITION.ACQ_BRAND,교정등록부(OPENED_O45),OPENED_O45,DIM_MEMBER_ACQUISITION.ACQ_BRAND,FACT_MEMBER_FEE,,,조립가능,[매핑교정 OPENED_O45] [O45] `FMM.CAMPAIGN_SK` 는 O8(다중귀속 규칙 미확정)로 전건 센티넬이다. **「획득 시점」 명시 규칙**으로 회원 1행에 캠페인을 확정해 우회했다(팬아웃 0 실측). ▸ 종전 매핑 `DIM_MEMBER_ACQUISITION.ACQ_BRAND` → 교정 `DIM_MEMBER_ACQUISITION.ACQ_BRAND` ▸ `FACT_MEMBER_FEE` → `DIM_MEMBER_ACQUISITION` FK 생존(비영 존재)
회원,2. 회원특성,2-4. [회원] 연간분석 (회비) 분석 *월간기준,홍보방법,,DIM_MEMBER_ACQUISITION.ACQ_PROMO_METHOD_NAME,교정등록부(OPENED_O45),OPENED_O45,DIM_MEMBER_ACQUISITION.ACQ_PROMO_METHOD_NAME,FACT_MEMBER_FEE,,,조립가능,[매핑교정 OPENED_O45] 위와 동일 경로. ▸ 종전 매핑 `DIM_MEMBER_ACQUISITION.ACQ_PROMO_METHOD_NAME` → 교정 `DIM_MEMBER_ACQUISITION.ACQ_PROMO_METHOD_NAME` ▸ `FACT_MEMBER_FEE` → `DIM_MEMBER_ACQUISITION` FK 생존(비영 존재)
회원,2. 회원특성,2-4. [회원] 연간분석 (회비) 분석 *월간기준,상위캠페인,,DIM_MEMBER_ACQUISITION.ACQ_PARENT_CAMPAIGN_NAME,교정등록부(OPENED_O45),OPENED_O45,DIM_MEMBER_ACQUISITION.ACQ_PARENT_CAMPAIGN_NAME,FACT_MEMBER_FEE,,,조립가능,[매핑교정 OPENED_O45] 위와 동일 경로. ▸ 종전 매핑 `DIM_MEMBER_ACQUISITION.ACQ_PARENT_CAMPAIGN_NAME` → 교정 `DIM_MEMBER_ACQUISITION.ACQ_PARENT_CAMPAIGN_NAME` ▸ `FACT_MEMBER_FEE` → `DIM_MEMBER_ACQUISITION` FK 생존(비영 존재)
회원,2. 회원특성,2-4. [회원] 연간분석 (회비) 분석 *월간기준,캠페인,,DIM_MEMBER_ACQUISITION.ACQ_CAMPAIGN_NAME,교정등록부(OPENED_O45),OPENED_O45,DIM_MEMBER_ACQUISITION.ACQ_CAMPAIGN_NAME,FACT_MEMBER_FEE,,,조립가능,[매핑교정 OPENED_O45] 위와 동일 경로. ▸ 종전 매핑 `DIM_MEMBER_ACQUISITION.ACQ_CAMPAIGN_NAME` → 교정 `DIM_MEMBER_ACQUISITION.ACQ_CAMPAIGN_NAME` ▸ `FACT_MEMBER_FEE` → `DIM_MEMBER_ACQUISITION` FK 생존(비영 존재)
회원,2. 회원특성,2-4. [회원] 연간분석 (회비) 분석 *월간기준,후원사업,,FACT_MEMBER_FEE.SPONSORSHIP_SK (회비) / DIM_MEMBER_ACQUISITION.ACQ_SPONSORSHIP_SK (획득),교정등록부(OPENED_O45),OPENED_O45,FACT_MEMBER_FEE.SPONSORSHIP_SK (회비) / DIM_MEMBER_ACQUISITION.ACQ_SPONSORSHIP_SK (획득),FACT_MEMBER_FEE,,,조립가능,"[매핑교정 OPENED_O45] 🔴 **같은 라벨이 두 축이다**. 회비·미납 분석의 후원사업 = **납입 대상**(회비 행에 붙은 값, `SPNSR_BSNS_ID` 채움 99.83%) → `FACT_MEMBER_FEE`. 개발·중단·회원특성 분석의 후원사업 = **획득 시점**(그 회원을 데려온 사업) → `DIM_MEMBER_ACQUISITION`. 한 회원이 여러 후원사업에 내므로 회원-월 grain 에 하나로 붙일 수 없다(회원-월 37,148,615 → 회원-월-후원사업 39,563,730). ⚠️ 목표(`FACT_TARGET_DEV`)에는 후원사업 축이 없어 **목표 대비 후원사업별 달성률은 불가**하다. ▸ 종전 매핑 `FACT_MEMBER_FEE.SPONSORSHIP_SK (회비) / DIM_MEMBER_ACQUISITION.ACQ_SPONSORSHIP_SK (획득)` → 교정 `FACT_MEMBER_FEE.SPONSORSHIP_SK (회비) / DIM_MEMBER_ACQUISITION.ACQ_SPONSORSHIP_SK (획득)` ▸ 앵커 팩트 `FACT_MEMBER_FEE` 자체의 컬럼"
회원,2. 회원특성,2-4. [회원] 연간분석 (회비) 분석 *월간기준,회원상태,공132,DIM_MEMBER,지표사전,,,FACT_MEMBER_FEE,,,조립가능,"`FACT_MEMBER_FEE` → `DIM_MEMBER` FK 생존(비영 존재) ▸ 🔴 `DIM_MEMBER` 는 **SCD2** 다 — 실측(O56) **7,925,716행 / 회원 1,763,065**(현재행 1,763,065). `IS_CURRENT = TRUE` 없이 조인하면 **4.49배 팬아웃**한다(FGA 실측 68,836 → 161,729 = 2.35배). ⇒ `DIM_MEMBER_CURRENT` 를 쓰거나 `IS_CURRENT = TRUE` 를 명시할 것"
회원,2. 회원특성,2-4. [회원] 연간분석 (회비) 분석 *월간기준,최초가입일,공28,DIM_MEMBER.FIRST_JOIN_DATE,필드인벤토리~,,,FACT_MEMBER_FEE,,,조립가능,"`FACT_MEMBER_FEE` → `DIM_MEMBER` FK 생존(비영 존재) ▸ 🔴 `DIM_MEMBER` 는 **SCD2** 다 — 실측(O56) **7,925,716행 / 회원 1,763,065**(현재행 1,763,065). `IS_CURRENT = TRUE` 없이 조인하면 **4.49배 팬아웃**한다(FGA 실측 68,836 → 161,729 = 2.35배). ⇒ `DIM_MEMBER_CURRENT` 를 쓰거나 `IS_CURRENT = TRUE` 를 명시할 것"
회원,2. 회원특성,2-4. [회원] 연간분석 (회비) 분석 *월간기준,납입(원),공69·70,FACT_MEMBER_MONTHLY.PAID_FEE,필드인벤토리·별칭등록부,,,FACT_MEMBER_FEE,,,형제팩트중복,"동일 원천 형제 팩트 — 함께 조립하면 이중계상. 둘 다 `SILVER.CRM_PAYMENT_BILLING` 파생이다. 실측 조인 시 `FMM.BILLED_AMT` 891,959,790,888 → 1,056,821,121,099 = **+18.5% 과대계상**(행 40,054,883 → 40,262,076). 🔴 이 필드는 **`FACT_MEMBER_FEE` 를 앵커로 바꿔서** 얻어야 한다 — FMM 과 같은 표에 두지 말 것. 회원-월 요약이 필요하면 FMM, 회비 분해가 필요하면 FMF 중 **하나만** 고른다."
회원,2. 회원특성,2-4. [회원] 연간분석 (회비) 분석 *월간기준,누계납입(원),(YTD),SV metric — 누계 = base 의 YTD running sum (P7·물리 미저장),SV파생,,,FACT_MEMBER_FEE,,,판정불가(SV파생),SV metric — 물리 컬럼이 아니라 base 로 계산된다. base 의 조립가능도를 따른다
회원,2. 회원특성,2-4. [회원] 연간분석 (회비) 분석 *월간기준,기준일(납입일),,FACT_MEMBER_FEE.LAST_PAY_DATE_SK,교정등록부(OPENED_O45),OPENED_O45,FACT_MEMBER_FEE.LAST_PAY_DATE_SK,FACT_MEMBER_FEE,,,조립가능,"[매핑교정 OPENED_O45] [O45] 회비 팩트 신설로 열렸다. 납입일(`PAY_DE` 채움 41,115,150 = 86.5%)은 회비 grain 에만 있다. 🔴 시점 축이며 합계가 아니다. ▸ 종전 매핑 `FACT_MEMBER_FEE.LAST_PAY_DATE_SK` → 교정 `FACT_MEMBER_FEE.LAST_PAY_DATE_SK` ▸ 앵커 팩트 `FACT_MEMBER_FEE` 자체의 컬럼"
회원,2. 회원특성,2-4. [회원] 연간분석 (회비) 분석 *월간기준,결제방식,,FACT_MEMBER_FEE.PAYMENT_SK,교정등록부(OPENED_O45),OPENED_O45,FACT_MEMBER_FEE.PAYMENT_SK,FACT_MEMBER_FEE,,,조립가능,[매핑교정 OPENED_O45] 위 「납입방식」과 동일 축이다. ▸ 종전 매핑 `FACT_MEMBER_FEE.PAYMENT_SK` → 교정 `FACT_MEMBER_FEE.PAYMENT_SK` ▸ 앵커 팩트 `FACT_MEMBER_FEE` 자체의 컬럼
회원,2. 회원특성,2-4. [회원] 연간분석 (회비) 분석 *월간기준,회원번호,,DIM_MEMBER.MEMBER_DK,교정등록부(WRONG_DIM),WRONG_DIM,DIM_MEMBER.MEMBER_DK,FACT_MEMBER_FEE,,,조립가능,"[매핑교정 WRONG_DIM] `DIM_MEMBER_IDENTITY` 는 GA↔CRM 신원 브리지 전용 차원이고 **CRM 팩트에서 가는 FK 가 없다**. 회원번호는 모든 팩트에 `MEMBER_DK` 로 실재하고 `DIM_MEMBER` 자연키 조인이 살아 있다. 이 오매핑이 12필드에 걸쳐 반복됐다. ▸ 종전 매핑 `DIM_MEMBER.MEMBER_DK` → 교정 `DIM_MEMBER.MEMBER_DK` ▸ 앵커 팩트 `FACT_MEMBER_FEE` 가 **동명 degenerate 컬럼 `MEMBER_DK` 을 직접 보유**한다 (실측 채움 40,262,076/40,262,076) — `DIM_MEMBER` 를 경유할 필요가 없다. 매핑을 앵커 로컬로 교정할 것(O47·P96-②)"
회원,3. 서비스,3-1. [회원] 서비스효과성분석보고 (알림톡/이메일) *일일기준 · CRM 필드,발송일,(215밖),FACT_SERVICE_EVENT.DATE_SK,필드인벤토리,,,FACT_SERVICE_EVENT,,,조립가능,앵커 팩트 `FACT_SERVICE_EVENT` 자체의 컬럼
회원,3. 서비스,3-1. [회원] 서비스효과성분석보고 (알림톡/이메일) *일일기준 · CRM 필드,발송구분(대),공133,DIM_SERVICE.SEND_TYPE_L,필드인벤토리,,,FACT_SERVICE_EVENT,,,조립가능,`FACT_SERVICE_EVENT` → `DIM_SERVICE` FK 생존(비영 존재)
회원,3. 서비스,3-1. [회원] 서비스효과성분석보고 (알림톡/이메일) *일일기준 · CRM 필드,발송구분(중),공134,DIM_SERVICE.SEND_TYPE_M,필드인벤토리,,,FACT_SERVICE_EVENT,,,조립가능,`FACT_SERVICE_EVENT` → `DIM_SERVICE` FK 생존(비영 존재)
회원,3. 서비스,3-1. [회원] 서비스효과성분석보고 (알림톡/이메일) *일일기준 · CRM 필드,발송구분(소),공135,DIM_SERVICE.SEND_TYPE_S,필드인벤토리,,,FACT_SERVICE_EVENT,,,조립가능,`FACT_SERVICE_EVENT` → `DIM_SERVICE` FK 생존(비영 존재)
회원,3. 서비스,3-1. [회원] 서비스효과성분석보고 (알림톡/이메일) *일일기준 · CRM 필드,제목,공136,FACT_SERVICE_EVENT.SEND_TITLE,필드인벤토리,,,FACT_SERVICE_EVENT,,,조립가능,앵커 팩트 `FACT_SERVICE_EVENT` 자체의 컬럼
회원,3. 서비스,3-1. [회원] 서비스효과성분석보고 (알림톡/이메일) *일일기준 · CRM 필드,발송유형,(215밖),FACT_SERVICE_EVENT.SEND_TYPE,필드인벤토리,,,FACT_SERVICE_EVENT,,,조립가능,앵커 팩트 `FACT_SERVICE_EVENT` 자체의 컬럼
회원,3. 서비스,3-1. [회원] 서비스효과성분석보고 (알림톡/이메일) *일일기준 · CRM 필드,발송(명),,SV metric — SV_SERVICE.DISTINCT_SEND_MEMBERS = COUNT(DISTINCT MEMBER_DK),교정등록부(WRONG_UNIT),WRONG_UNIT,SV metric — SV_SERVICE.DISTINCT_SEND_MEMBERS = COUNT(DISTINCT MEMBER_DK),FACT_SERVICE_EVENT,,,판정불가(SV파생),"[매핑교정 WRONG_UNIT] 🔴 `FACT_SERVICE_EVENT.SEND_MEMBERS` 는 0/1 플래그의 SUM 이라 **건수**다 — 「명」으로 쓰면 과대값이 나온다(O39 실측: SUM 38,470,780 vs 고유회원 1,031,971 = 37.3배). 「명」은 SV 의 `COUNT(DISTINCT)` metric 으로 답해야 한다. ▸ 종전 매핑 `SV metric — SV_SERVICE.DISTINCT_SEND_MEMBERS = COUNT(DISTINCT MEMBER_DK)` → 교정 `SV metric — SV_SERVICE.DISTINCT_SEND_MEMBERS = COUNT(DISTINCT MEMBER_DK)` ▸ SV metric — 물리 컬럼이 아니라 base 로 계산된다. base 의 조립가능도를 따른다"
회원,3. 서비스,3-1. [회원] 서비스효과성분석보고 (알림톡/이메일) *일일기준 · CRM 필드,성공(명),,FACT_SERVICE_EVENT.SUCCESS_MEMBERS,교정등록부(WRONG_UNIT),WRONG_UNIT,FACT_SERVICE_EVENT.SUCCESS_MEMBERS,FACT_SERVICE_EVENT,,,조립가능,[매핑교정 WRONG_UNIT] `_MEMBERS` 는 건수 플래그 계열이다(O39). ⚠️ 이 컬럼은 O39-B 로 **전건 0**(값 미주입) — 조회하면 `0` 이 돌아온다. ▸ 종전 매핑 `FACT_SERVICE_EVENT.SUCCESS_MEMBERS` → 교정 `FACT_SERVICE_EVENT.SUCCESS_MEMBERS` ▸ 앵커 팩트 `FACT_SERVICE_EVENT` 자체의 컬럼
회원,3. 서비스,3-1. [회원] 서비스효과성분석보고 (알림톡/이메일) *일일기준 · CRM 필드,실패(명),,FACT_SERVICE_EVENT.FAIL_MEMBERS,교정등록부(WRONG_UNIT),WRONG_UNIT,FACT_SERVICE_EVENT.FAIL_MEMBERS,FACT_SERVICE_EVENT,,,조립가능,[매핑교정 WRONG_UNIT] 위와 동일 계열 · O39-B 전건 0. ▸ 종전 매핑 `FACT_SERVICE_EVENT.FAIL_MEMBERS` → 교정 `FACT_SERVICE_EVENT.FAIL_MEMBERS` ▸ 앵커 팩트 `FACT_SERVICE_EVENT` 자체의 컬럼
회원,3. 서비스,3-1. [회원] 서비스효과성분석보고 (알림톡/이메일) *일일기준 · CRM 필드,발송대비 성공율(%),(FSE 파생),SV metric — 성공율(%) = SUCCESS_MEMBERS/SEND_MEMBERS,SV파생,,,FACT_SERVICE_EVENT,,,판정불가(SV파생),SV metric — 물리 컬럼이 아니라 base 로 계산된다. base 의 조립가능도를 따른다
회원,3. 서비스,3-1. [회원] 서비스효과성분석보고 (알림톡/이메일) *일일기준 · CRM 필드,회원번호,,DIM_MEMBER.MEMBER_DK,교정등록부(WRONG_DIM),WRONG_DIM,DIM_MEMBER.MEMBER_DK,FACT_SERVICE_EVENT,,,조립가능,"[매핑교정 WRONG_DIM] `DIM_MEMBER_IDENTITY` 는 GA↔CRM 신원 브리지 전용 차원이고 **CRM 팩트에서 가는 FK 가 없다**. 회원번호는 모든 팩트에 `MEMBER_DK` 로 실재하고 `DIM_MEMBER` 자연키 조인이 살아 있다. 이 오매핑이 12필드에 걸쳐 반복됐다. ▸ 종전 매핑 `DIM_MEMBER.MEMBER_DK` → 교정 `DIM_MEMBER.MEMBER_DK` ▸ 앵커 팩트 `FACT_SERVICE_EVENT` 가 **동명 degenerate 컬럼 `MEMBER_DK` 을 직접 보유**한다 (실측 채움 38,467,142/38,467,142) — `DIM_MEMBER` 를 경유할 필요가 없다. 매핑을 앵커 로컬로 교정할 것(O47·P96-②)"
회원,3. 서비스,3-1. [회원] 서비스효과성분석보고 (알림톡/이메일) *일일기준 · CRM 필드,아동번호,,(미매핑 — 결연 도메인 SILVER 모델 부재),교정등록부(WRONG_DIM),WRONG_DIM,(미매핑 — 결연 도메인 SILVER 모델 부재),FACT_SERVICE_EVENT,,,판정불가,[매핑교정 WRONG_DIM] `TM_RM_CHILD_MSTR_INFO` 는 `_sources.yml` 미등록 = **SILVER 모델 자체가 없다**. 결함이 아니라 도메인 스코프 밖이다(07_코드체계 §4-1 의 「SILVER 모델 부재」 6건과 동일 계열). ▸ 종전 매핑 `(미매핑 — 결연 도메인 SILVER 모델 부재)` → 교정 `(미매핑 — 결연 도메인 SILVER 모델 부재)` ▸ GOLD 매핑이 물리 컬럼 형태가 아니다(미정·비고 등)
회원,3. 서비스,3-1. [회원] 서비스효과성분석보고 (알림톡/이메일) *일일기준 · CRM 필드,결연회원중단여부,(215밖),FACT_SERVICE_EVENT.MEMBER_STOP_FLAG,필드인벤토리,,,FACT_SERVICE_EVENT,,,값없음,"`FACT_SERVICE_EVENT.MEMBER_STOP_FLAG` 전건 NULL (38,467,142행)"
회원,3. 서비스,3-1. [회원] 서비스효과성분석보고 (알림톡/이메일) *일일기준 · CRM 필드,회원상태,공132,DIM_MEMBER,지표사전,,,FACT_SERVICE_EVENT,,,조립가능,"`FACT_SERVICE_EVENT` → `DIM_MEMBER` FK 생존(비영 존재) ▸ 🔴 `DIM_MEMBER` 는 **SCD2** 다 — 실측(O56) **7,925,716행 / 회원 1,763,065**(현재행 1,763,065). `IS_CURRENT = TRUE` 없이 조인하면 **4.49배 팬아웃**한다(FGA 실측 68,836 → 161,729 = 2.35배). ⇒ `DIM_MEMBER_CURRENT` 를 쓰거나 `IS_CURRENT = TRUE` 를 명시할 것"
회원,3. 서비스,3-1. [회원] 서비스효과성분석보고 (알림톡/이메일) *일일기준 · CRM 필드,발송상태1,공138,FACT_SERVICE_EVENT.SEND_STATUS,필드인벤토리~,,,FACT_SERVICE_EVENT,,,조립가능,앵커 팩트 `FACT_SERVICE_EVENT` 자체의 컬럼
회원,3. 서비스,3-1. [회원] 서비스효과성분석보고 (알림톡/이메일) *일일기준 · CRM 필드,발송상태2,(215밖),FACT_SERVICE_EVENT.SEND_STATUS2,필드인벤토리,,,FACT_SERVICE_EVENT,,,값없음,"`FACT_SERVICE_EVENT.SEND_STATUS2` 전건 NULL (38,467,142행)"
회원,3. 서비스,3-1. [회원] 서비스효과성분석보고 (알림톡/이메일) *일일기준 · CRM 필드,중단(명),(215밖),FACT_MEMBER_EVENT.STOP_MEMBERS,필드인벤토리,,,FACT_SERVICE_EVENT,,,grain부정합,"엔티티축 상이 — `FACT_SERVICE_EVENT`=MEMBER_DK vs `FACT_MEMBER_EVENT`=MEMBER_DK,ORG_SK ▸ BRONZE 근거: 발송 건 grain ↔ 개발·중단 사건 grain. 두 사건은 **1:1 대응이 아니다** — 발송 후 반응을 보려면 `FACT_SERVICE_EVENT.D5_*` 코호트 컬럼을 써야 하나 그것은 **전건 0**(미구현)이다."
회원,3. 서비스,3-1. [회원] 서비스효과성분석보고 (알림톡/이메일) *일일기준 · CRM 필드,중단(건),공35,FACT_MEMBER_MONTHLY.STOP_CNT,필드인벤토리,,,FACT_SERVICE_EVENT,,,배분규칙필요,"시간축 상이 — `FACT_SERVICE_EVENT`=일 vs `FACT_MEMBER_MONTHLY`=월. 🔴 굵은 쪽을 잘게 내리려면 **배분(귀속) 규칙**이 필요하다 — 규칙 없이 조인하면 굵은 값이 잘은 행마다 복제된다. 이것은 모델링이 아니라 **업무 판단**이다(O47·P95). ▸ BRONZE 근거: 발송은 **발송 건 grain**(`SEND_KEY`), 회원월은 **회원-월 grain** 이다. 발송 대상 회원의 회비를 같은 표에 놓으면 발송 건수만큼 회비가 복제된다(실측 38,470,780행 vs 고유회원 1,031,971 = **37.3배**)."
회원,3. 서비스,3-1. [회원] 서비스효과성분석보고 (알림톡/이메일) *일일기준 · CRM 필드,최초캠페인,공29,DIM_MEMBER.FIRST_CAMPAIGN,필드인벤토리,,,FACT_SERVICE_EVENT,,,조립가능,"`FACT_SERVICE_EVENT` → `DIM_MEMBER` FK 생존(비영 존재) ▸ 🔴 `DIM_MEMBER` 는 **SCD2** 다 — 실측(O56) **7,925,716행 / 회원 1,763,065**(현재행 1,763,065). `IS_CURRENT = TRUE` 없이 조인하면 **4.49배 팬아웃**한다(FGA 실측 68,836 → 161,729 = 2.35배). ⇒ `DIM_MEMBER_CURRENT` 를 쓰거나 `IS_CURRENT = TRUE` 를 명시할 것"
회원,3. 서비스,3-1. [회원] 서비스효과성분석보고 (알림톡/이메일) *일일기준 · CRM 필드,최초브랜드,,DIM_MEMBER_ACQUISITION.ACQ_BRAND,교정등록부(OPENED_O45),OPENED_O45,DIM_MEMBER_ACQUISITION.ACQ_BRAND,FACT_SERVICE_EVENT,,,조립가능,[매핑교정 OPENED_O45] 「최초」 = 획득 시점. `DIM_CAMPAIGN.BRAND` 는 캠페인 속성이라 **회원 축으로 도달할 수 없다**(`FMM.CAMPAIGN_SK` 전건 센티넬 = O8). ▸ 종전 매핑 `DIM_MEMBER_ACQUISITION.ACQ_BRAND` → 교정 `DIM_MEMBER_ACQUISITION.ACQ_BRAND` ▸ `FACT_SERVICE_EVENT` → `DIM_MEMBER_ACQUISITION` FK 생존(비영 존재)
회원,3. 서비스,3-1. [회원] 서비스효과성분석보고 (알림톡/이메일) *일일기준 · CRM 필드,최초상위캠페인,(215밖),DIM_MEMBER_ACQUISITION.ACQ_PARENT_CAMPAIGN_NAME,필드인벤토리~,,,FACT_SERVICE_EVENT,,,조립가능,`FACT_SERVICE_EVENT` → `DIM_MEMBER_ACQUISITION` FK 생존(비영 존재)
회원,3. 서비스,3-1. [회원] 서비스효과성분석보고 (알림톡/이메일) *일일기준 · CRM 필드,최초 후원사업,(215밖),DIM_MEMBER.FIRST_SPONSORSHIP,필드인벤토리,,,FACT_SERVICE_EVENT,,,조립가능,"`FACT_SERVICE_EVENT` → `DIM_MEMBER` FK 생존(비영 존재) ▸ 🔴 `DIM_MEMBER` 는 **SCD2** 다 — 실측(O56) **7,925,716행 / 회원 1,763,065**(현재행 1,763,065). `IS_CURRENT = TRUE` 없이 조인하면 **4.49배 팬아웃**한다(FGA 실측 68,836 → 161,729 = 2.35배). ⇒ `DIM_MEMBER_CURRENT` 를 쓰거나 `IS_CURRENT = TRUE` 를 명시할 것"
회원,3. 서비스,3-1. [회원] 서비스효과성분석보고 (알림톡/이메일) *일일기준 · CRM 필드,현재 후원사업,(215밖),DIM_MEMBER.CURRENT_SPONSORSHIP,필드인벤토리,,,FACT_SERVICE_EVENT,,,조립가능,"`FACT_SERVICE_EVENT` → `DIM_MEMBER` FK 생존(비영 존재) ▸ 🔴 `DIM_MEMBER` 는 **SCD2** 다 — 실측(O56) **7,925,716행 / 회원 1,763,065**(현재행 1,763,065). `IS_CURRENT = TRUE` 없이 조인하면 **4.49배 팬아웃**한다(FGA 실측 68,836 → 161,729 = 2.35배). ⇒ `DIM_MEMBER_CURRENT` 를 쓰거나 `IS_CURRENT = TRUE` 를 명시할 것"
회원,3. 서비스,3-1. [회원] 서비스효과성분석보고 (알림톡/이메일) *일일기준 · CRM 필드,연령대,(215밖),DIM_MEMBER.AGE_BAND,필드인벤토리,,,FACT_SERVICE_EVENT,,,조립가능,"`FACT_SERVICE_EVENT` → `DIM_MEMBER` FK 생존(비영 존재) ▸ 🔴 `DIM_MEMBER` 는 **SCD2** 다 — 실측(O56) **7,925,716행 / 회원 1,763,065**(현재행 1,763,065). `IS_CURRENT = TRUE` 없이 조인하면 **4.49배 팬아웃**한다(FGA 실측 68,836 → 161,729 = 2.35배). ⇒ `DIM_MEMBER_CURRENT` 를 쓰거나 `IS_CURRENT = TRUE` 를 명시할 것"
회원,3. 서비스,3-1. [회원] 서비스효과성분석보고 (알림톡/이메일) *일일기준 · CRM 필드,증액(명),공150,FACT_MEMBER_MONTHLY.INCREASE_MEMBERS,필드인벤토리,,,FACT_SERVICE_EVENT,,,값없음,"`FACT_MEMBER_MONTHLY.INCREASE_MEMBERS` 전건 0 (40,054,883행)"
회원,3. 서비스,3-1. [회원] 서비스효과성분석보고 (알림톡/이메일) *일일기준 · CRM 필드,증액(건),공151,FACT_MEMBER_MONTHLY.INCREASE_CNT,필드인벤토리,,,FACT_SERVICE_EVENT,,,값없음,"`FACT_MEMBER_MONTHLY.INCREASE_CNT` 전건 0 (40,054,883행)"
회원,3. 서비스,3-1. [회원] 서비스효과성분석보고 (알림톡/이메일) *일일기준 · CRM 필드,서신 참여(명),공88,FACT_SERVICE_EVENT.LETTER_PART_MEMBERS,필드인벤토리,,,FACT_SERVICE_EVENT,,,값없음,"`FACT_SERVICE_EVENT.LETTER_PART_MEMBERS` 전건 0 (38,467,142행)"
회원,3. 서비스,3-1. [회원] 서비스효과성분석보고 (알림톡/이메일) *일일기준 · CRM 필드,서신 참여(건),공89,FACT_SERVICE_EVENT.LETTER_PART_CNT,필드인벤토리,,,FACT_SERVICE_EVENT,,,값없음,"`FACT_SERVICE_EVENT.LETTER_PART_CNT` 전건 0 (38,467,142행)"
회원,3. 서비스,3-1. [회원] 서비스효과성분석보고 (알림톡/이메일) *일일기준 · CRM 필드,선물금 참여(명),공90,FACT_SERVICE_EVENT.GIFT_PART_MEMBERS,필드인벤토리,,,FACT_SERVICE_EVENT,,,값없음,"`FACT_SERVICE_EVENT.GIFT_PART_MEMBERS` 전건 0 (38,467,142행)"
회원,3. 서비스,3-1. [회원] 서비스효과성분석보고 (알림톡/이메일) *일일기준 · CRM 필드,선물금 참여(건),공90,FACT_SERVICE_EVENT.GIFT_PART_MEMBERS,필드인벤토리(단위),,,FACT_SERVICE_EVENT,,,값없음,"`FACT_SERVICE_EVENT.GIFT_PART_MEMBERS` 전건 0 (38,467,142행)"
회원,3. 서비스,3-1. [회원] 서비스효과성분석보고 (알림톡/이메일) *일일기준 · CRM 필드,이벤트 관리,(215밖),FACT_EVENT_PARTICIPATION.PARTICIPATION_TIMES,필드인벤토리·별칭등록부,,,FACT_SERVICE_EVENT,,,값없음,"`FACT_EVENT_PARTICIPATION.PARTICIPATION_TIMES` 전건 0 (1,134,126행)"
회원,3. 서비스,3-1. [회원] 서비스효과성분석보고 (알림톡/이메일) *일일기준 · GA 필드,조회수,공96,FACT_GA_BEHAVIOR.VIEW_CNT,필드인벤토리~,,,FACT_GA_BEHAVIOR,,,조립가능,앵커 팩트 `FACT_GA_BEHAVIOR` 자체의 컬럼
회원,3. 서비스,3-1. [회원] 서비스효과성분석보고 (알림톡/이메일) *일일기준 · GA 필드,이벤트수,공95,FACT_GA_BEHAVIOR.EVENT_CNT,필드인벤토리~,,,FACT_GA_BEHAVIOR,,,조립가능,앵커 팩트 `FACT_GA_BEHAVIOR` 자체의 컬럼
회원,3. 서비스,3-1. [회원] 서비스효과성분석보고 (알림톡/이메일) *일일기준 · GA 필드,세션수,공97,FACT_GA_BEHAVIOR.SESSION_CNT,필드인벤토리~,,,FACT_GA_BEHAVIOR,,,조립가능,앵커 팩트 `FACT_GA_BEHAVIOR` 자체의 컬럼
회원,3. 서비스,3-1. [회원] 서비스효과성분석보고 (알림톡/이메일) *일일기준 · GA 필드,평균 세션 시간,공98,FACT_GA_BEHAVIOR.AVG_SESSION_DURATION,필드인벤토리,,,FACT_GA_BEHAVIOR,,,값없음,"`FACT_GA_BEHAVIOR.AVG_SESSION_DURATION` 전건 NULL (4,376,339행)"
회원,3. 서비스,3-2. [회원] 증액마케팅보고 *월간기준 · CRM 필드,발송일,(215밖),FACT_SERVICE_EVENT.DATE_SK,필드인벤토리,,,FACT_SERVICE_EVENT,,,조립가능,앵커 팩트 `FACT_SERVICE_EVENT` 자체의 컬럼
회원,3. 서비스,3-2. [회원] 증액마케팅보고 *월간기준 · CRM 필드,발송구분(대),공133,DIM_SERVICE.SEND_TYPE_L,필드인벤토리,,,FACT_SERVICE_EVENT,,,조립가능,`FACT_SERVICE_EVENT` → `DIM_SERVICE` FK 생존(비영 존재)
회원,3. 서비스,3-2. [회원] 증액마케팅보고 *월간기준 · CRM 필드,발송구분(중),공134,DIM_SERVICE.SEND_TYPE_M,필드인벤토리,,,FACT_SERVICE_EVENT,,,조립가능,`FACT_SERVICE_EVENT` → `DIM_SERVICE` FK 생존(비영 존재)
회원,3. 서비스,3-2. [회원] 증액마케팅보고 *월간기준 · CRM 필드,발송구분(소),공135,DIM_SERVICE.SEND_TYPE_S,필드인벤토리,,,FACT_SERVICE_EVENT,,,조립가능,`FACT_SERVICE_EVENT` → `DIM_SERVICE` FK 생존(비영 존재)
회원,3. 서비스,3-2. [회원] 증액마케팅보고 *월간기준 · CRM 필드,제목,공136,FACT_SERVICE_EVENT.SEND_TITLE,필드인벤토리,,,FACT_SERVICE_EVENT,,,조립가능,앵커 팩트 `FACT_SERVICE_EVENT` 자체의 컬럼
회원,3. 서비스,3-2. [회원] 증액마케팅보고 *월간기준 · CRM 필드,발송유형,(215밖),FACT_SERVICE_EVENT.SEND_TYPE,필드인벤토리,,,FACT_SERVICE_EVENT,,,조립가능,앵커 팩트 `FACT_SERVICE_EVENT` 자체의 컬럼
회원,3. 서비스,3-2. [회원] 증액마케팅보고 *월간기준 · CRM 필드,발송(명),,SV metric — SV_SERVICE.DISTINCT_SEND_MEMBERS = COUNT(DISTINCT MEMBER_DK),교정등록부(WRONG_UNIT),WRONG_UNIT,SV metric — SV_SERVICE.DISTINCT_SEND_MEMBERS = COUNT(DISTINCT MEMBER_DK),FACT_SERVICE_EVENT,,,판정불가(SV파생),"[매핑교정 WRONG_UNIT] 🔴 `FACT_SERVICE_EVENT.SEND_MEMBERS` 는 0/1 플래그의 SUM 이라 **건수**다 — 「명」으로 쓰면 과대값이 나온다(O39 실측: SUM 38,470,780 vs 고유회원 1,031,971 = 37.3배). 「명」은 SV 의 `COUNT(DISTINCT)` metric 으로 답해야 한다. ▸ 종전 매핑 `SV metric — SV_SERVICE.DISTINCT_SEND_MEMBERS = COUNT(DISTINCT MEMBER_DK)` → 교정 `SV metric — SV_SERVICE.DISTINCT_SEND_MEMBERS = COUNT(DISTINCT MEMBER_DK)` ▸ SV metric — 물리 컬럼이 아니라 base 로 계산된다. base 의 조립가능도를 따른다"
회원,3. 서비스,3-2. [회원] 증액마케팅보고 *월간기준 · CRM 필드,성공(명),,FACT_SERVICE_EVENT.SUCCESS_MEMBERS,교정등록부(WRONG_UNIT),WRONG_UNIT,FACT_SERVICE_EVENT.SUCCESS_MEMBERS,FACT_SERVICE_EVENT,,,조립가능,[매핑교정 WRONG_UNIT] `_MEMBERS` 는 건수 플래그 계열이다(O39). ⚠️ 이 컬럼은 O39-B 로 **전건 0**(값 미주입) — 조회하면 `0` 이 돌아온다. ▸ 종전 매핑 `FACT_SERVICE_EVENT.SUCCESS_MEMBERS` → 교정 `FACT_SERVICE_EVENT.SUCCESS_MEMBERS` ▸ 앵커 팩트 `FACT_SERVICE_EVENT` 자체의 컬럼
회원,3. 서비스,3-2. [회원] 증액마케팅보고 *월간기준 · CRM 필드,실패(명),,FACT_SERVICE_EVENT.FAIL_MEMBERS,교정등록부(WRONG_UNIT),WRONG_UNIT,FACT_SERVICE_EVENT.FAIL_MEMBERS,FACT_SERVICE_EVENT,,,조립가능,[매핑교정 WRONG_UNIT] 위와 동일 계열 · O39-B 전건 0. ▸ 종전 매핑 `FACT_SERVICE_EVENT.FAIL_MEMBERS` → 교정 `FACT_SERVICE_EVENT.FAIL_MEMBERS` ▸ 앵커 팩트 `FACT_SERVICE_EVENT` 자체의 컬럼
회원,3. 서비스,3-2. [회원] 증액마케팅보고 *월간기준 · CRM 필드,발송대비 성공율(%),(FSE 파생),SV metric — 성공율(%) = SUCCESS_MEMBERS/SEND_MEMBERS,SV파생,,,FACT_SERVICE_EVENT,,,판정불가(SV파생),SV metric — 물리 컬럼이 아니라 base 로 계산된다. base 의 조립가능도를 따른다
회원,3. 서비스,3-2. [회원] 증액마케팅보고 *월간기준 · CRM 필드,개발(명),공148,FACT_MEMBER_MONTHLY.DEV_MEMBERS,필드인벤토리,,,FACT_SERVICE_EVENT,,,배분규칙필요,"시간축 상이 — `FACT_SERVICE_EVENT`=일 vs `FACT_MEMBER_MONTHLY`=월. 🔴 굵은 쪽을 잘게 내리려면 **배분(귀속) 규칙**이 필요하다 — 규칙 없이 조인하면 굵은 값이 잘은 행마다 복제된다. 이것은 모델링이 아니라 **업무 판단**이다(O47·P95). ▸ BRONZE 근거: 발송은 **발송 건 grain**(`SEND_KEY`), 회원월은 **회원-월 grain** 이다. 발송 대상 회원의 회비를 같은 표에 놓으면 발송 건수만큼 회비가 복제된다(실측 38,470,780행 vs 고유회원 1,031,971 = **37.3배**)."
회원,3. 서비스,3-2. [회원] 증액마케팅보고 *월간기준 · CRM 필드,개발(건),공4·5·149,FACT_MEMBER_MONTHLY.DEV_CNT,필드인벤토리,,,FACT_SERVICE_EVENT,,,배분규칙필요,"시간축 상이 — `FACT_SERVICE_EVENT`=일 vs `FACT_MEMBER_MONTHLY`=월. 🔴 굵은 쪽을 잘게 내리려면 **배분(귀속) 규칙**이 필요하다 — 규칙 없이 조인하면 굵은 값이 잘은 행마다 복제된다. 이것은 모델링이 아니라 **업무 판단**이다(O47·P95). ▸ BRONZE 근거: 발송은 **발송 건 grain**(`SEND_KEY`), 회원월은 **회원-월 grain** 이다. 발송 대상 회원의 회비를 같은 표에 놓으면 발송 건수만큼 회비가 복제된다(실측 38,470,780행 vs 고유회원 1,031,971 = **37.3배**)."
회원,3. 서비스,3-2. [회원] 증액마케팅보고 *월간기준 · CRM 필드,중단(명),(215밖),FACT_MEMBER_EVENT.STOP_MEMBERS,필드인벤토리,,,FACT_SERVICE_EVENT,,,grain부정합,"엔티티축 상이 — `FACT_SERVICE_EVENT`=MEMBER_DK vs `FACT_MEMBER_EVENT`=MEMBER_DK,ORG_SK ▸ BRONZE 근거: 발송 건 grain ↔ 개발·중단 사건 grain. 두 사건은 **1:1 대응이 아니다** — 발송 후 반응을 보려면 `FACT_SERVICE_EVENT.D5_*` 코호트 컬럼을 써야 하나 그것은 **전건 0**(미구현)이다."
회원,3. 서비스,3-2. [회원] 증액마케팅보고 *월간기준 · CRM 필드,중단(건),공35,FACT_MEMBER_MONTHLY.STOP_CNT,필드인벤토리,,,FACT_SERVICE_EVENT,,,배분규칙필요,"시간축 상이 — `FACT_SERVICE_EVENT`=일 vs `FACT_MEMBER_MONTHLY`=월. 🔴 굵은 쪽을 잘게 내리려면 **배분(귀속) 규칙**이 필요하다 — 규칙 없이 조인하면 굵은 값이 잘은 행마다 복제된다. 이것은 모델링이 아니라 **업무 판단**이다(O47·P95). ▸ BRONZE 근거: 발송은 **발송 건 grain**(`SEND_KEY`), 회원월은 **회원-월 grain** 이다. 발송 대상 회원의 회비를 같은 표에 놓으면 발송 건수만큼 회비가 복제된다(실측 38,470,780행 vs 고유회원 1,031,971 = **37.3배**)."
회원,3. 서비스,3-2. [회원] 증액마케팅보고 *월간기준 · CRM 필드,발송 대비 개발명(%),(SV ratio),SV metric — 비율(%) — SV time-intelligence/ratio,SV파생,,,FACT_SERVICE_EVENT,,,판정불가(SV파생),SV metric — 물리 컬럼이 아니라 base 로 계산된다. base 의 조립가능도를 따른다
회원,3. 서비스,3-2. [회원] 증액마케팅보고 *월간기준 · CRM 필드,발송 대비 중단명(%),(SV ratio),SV metric — 비율(%) — SV time-intelligence/ratio,SV파생,,,FACT_SERVICE_EVENT,,,판정불가(SV파생),SV metric — 물리 컬럼이 아니라 base 로 계산된다. base 의 조립가능도를 따른다
회원,3. 서비스,3-2. [회원] 증액마케팅보고 *월간기준 · CRM 필드,회원번호,,DIM_MEMBER.MEMBER_DK,교정등록부(WRONG_DIM),WRONG_DIM,DIM_MEMBER.MEMBER_DK,FACT_SERVICE_EVENT,,,조립가능,"[매핑교정 WRONG_DIM] `DIM_MEMBER_IDENTITY` 는 GA↔CRM 신원 브리지 전용 차원이고 **CRM 팩트에서 가는 FK 가 없다**. 회원번호는 모든 팩트에 `MEMBER_DK` 로 실재하고 `DIM_MEMBER` 자연키 조인이 살아 있다. 이 오매핑이 12필드에 걸쳐 반복됐다. ▸ 종전 매핑 `DIM_MEMBER.MEMBER_DK` → 교정 `DIM_MEMBER.MEMBER_DK` ▸ 앵커 팩트 `FACT_SERVICE_EVENT` 가 **동명 degenerate 컬럼 `MEMBER_DK` 을 직접 보유**한다 (실측 채움 38,467,142/38,467,142) — `DIM_MEMBER` 를 경유할 필요가 없다. 매핑을 앵커 로컬로 교정할 것(O47·P96-②)"
회원,3. 서비스,3-2. [회원] 증액마케팅보고 *월간기준 · CRM 필드,브랜드,,DIM_MEMBER_ACQUISITION.ACQ_BRAND,교정등록부(OPENED_O45),OPENED_O45,DIM_MEMBER_ACQUISITION.ACQ_BRAND,FACT_SERVICE_EVENT,,,조립가능,[매핑교정 OPENED_O45] [O45] `FMM.CAMPAIGN_SK` 는 O8(다중귀속 규칙 미확정)로 전건 센티넬이다. **「획득 시점」 명시 규칙**으로 회원 1행에 캠페인을 확정해 우회했다(팬아웃 0 실측). ▸ 종전 매핑 `DIM_MEMBER_ACQUISITION.ACQ_BRAND` → 교정 `DIM_MEMBER_ACQUISITION.ACQ_BRAND` ▸ `FACT_SERVICE_EVENT` → `DIM_MEMBER_ACQUISITION` FK 생존(비영 존재)
회원,3. 서비스,3-2. [회원] 증액마케팅보고 *월간기준 · CRM 필드,상위캠페인,,DIM_MEMBER_ACQUISITION.ACQ_PARENT_CAMPAIGN_NAME,교정등록부(OPENED_O45),OPENED_O45,DIM_MEMBER_ACQUISITION.ACQ_PARENT_CAMPAIGN_NAME,FACT_SERVICE_EVENT,,,조립가능,[매핑교정 OPENED_O45] 위와 동일 경로. ▸ 종전 매핑 `DIM_MEMBER_ACQUISITION.ACQ_PARENT_CAMPAIGN_NAME` → 교정 `DIM_MEMBER_ACQUISITION.ACQ_PARENT_CAMPAIGN_NAME` ▸ `FACT_SERVICE_EVENT` → `DIM_MEMBER_ACQUISITION` FK 생존(비영 존재)
회원,3. 서비스,3-2. [회원] 증액마케팅보고 *월간기준 · CRM 필드,캠페인,,DIM_MEMBER_ACQUISITION.ACQ_CAMPAIGN_NAME,교정등록부(OPENED_O45),OPENED_O45,DIM_MEMBER_ACQUISITION.ACQ_CAMPAIGN_NAME,FACT_SERVICE_EVENT,,,조립가능,[매핑교정 OPENED_O45] 위와 동일 경로. ▸ 종전 매핑 `DIM_MEMBER_ACQUISITION.ACQ_CAMPAIGN_NAME` → 교정 `DIM_MEMBER_ACQUISITION.ACQ_CAMPAIGN_NAME` ▸ `FACT_SERVICE_EVENT` → `DIM_MEMBER_ACQUISITION` FK 생존(비영 존재)
회원,3. 서비스,3-2. [회원] 증액마케팅보고 *월간기준 · CRM 필드,후원사업,,FACT_MEMBER_FEE.SPONSORSHIP_SK (회비) / DIM_MEMBER_ACQUISITION.ACQ_SPONSORSHIP_SK (획득),교정등록부(OPENED_O45),OPENED_O45,FACT_MEMBER_FEE.SPONSORSHIP_SK (회비) / DIM_MEMBER_ACQUISITION.ACQ_SPONSORSHIP_SK (획득),FACT_SERVICE_EVENT,,,조립가능,"[매핑교정 OPENED_O45] 🔴 **같은 라벨이 두 축이다**. 회비·미납 분석의 후원사업 = **납입 대상**(회비 행에 붙은 값, `SPNSR_BSNS_ID` 채움 99.83%) → `FACT_MEMBER_FEE`. 개발·중단·회원특성 분석의 후원사업 = **획득 시점**(그 회원을 데려온 사업) → `DIM_MEMBER_ACQUISITION`. 한 회원이 여러 후원사업에 내므로 회원-월 grain 에 하나로 붙일 수 없다(회원-월 37,148,615 → 회원-월-후원사업 39,563,730). ⚠️ 목표(`FACT_TARGET_DEV`)에는 후원사업 축이 없어 **목표 대비 후원사업별 달성률은 불가**하다. ▸ 종전 매핑 `FACT_MEMBER_FEE.SPONSORSHIP_SK (회비) / DIM_MEMBER_ACQUISITION.ACQ_SPONSORSHIP_SK (획득)` → 교정 `FACT_MEMBER_FEE.SPONSORSHIP_SK (회비) / DIM_MEMBER_ACQUISITION.ACQ_SPONSORSHIP_SK (획득)` ▸ [축 병기 — 앵커 `FACT_SERVICE_EVENT` 에 맞는 축 선택] `DIM_MEMBER_ACQUISITION.ACQ_SPONSORSHIP_SK` ▸ `FACT_SERVICE_EVENT` → `DIM_MEMBER_ACQUISITION` FK 생존(비영 존재) ▸ 다른 병기 축 `FACT_MEMBER_FEE.SPONSORSHIP_SK` 은 `배분규칙필요` (O47)"
회원,3. 서비스,3-2. [회원] 증액마케팅보고 *월간기준 · CRM 필드,연령대,(215밖),DIM_MEMBER.AGE_BAND,필드인벤토리,,,FACT_SERVICE_EVENT,,,조립가능,"`FACT_SERVICE_EVENT` → `DIM_MEMBER` FK 생존(비영 존재) ▸ 🔴 `DIM_MEMBER` 는 **SCD2** 다 — 실측(O56) **7,925,716행 / 회원 1,763,065**(현재행 1,763,065). `IS_CURRENT = TRUE` 없이 조인하면 **4.49배 팬아웃**한다(FGA 실측 68,836 → 161,729 = 2.35배). ⇒ `DIM_MEMBER_CURRENT` 를 쓰거나 `IS_CURRENT = TRUE` 를 명시할 것"
회원,3. 서비스,3-2. [회원] 증액마케팅보고 *월간기준 · CRM 필드,성별,공130,DIM_MEMBER,지표사전,,,FACT_SERVICE_EVENT,,,조립가능,"`FACT_SERVICE_EVENT` → `DIM_MEMBER` FK 생존(비영 존재) ▸ 🔴 `DIM_MEMBER` 는 **SCD2** 다 — 실측(O56) **7,925,716행 / 회원 1,763,065**(현재행 1,763,065). `IS_CURRENT = TRUE` 없이 조인하면 **4.49배 팬아웃**한다(FGA 실측 68,836 → 161,729 = 2.35배). ⇒ `DIM_MEMBER_CURRENT` 를 쓰거나 `IS_CURRENT = TRUE` 를 명시할 것"
회원,3. 서비스,3-2. [회원] 증액마케팅보고 *월간기준 · CRM 필드,지역,공131,DIM_MEMBER.REGION,필드인벤토리,,,FACT_SERVICE_EVENT,,,조립가능,"`FACT_SERVICE_EVENT` → `DIM_MEMBER` FK 생존(비영 존재) ▸ 🔴 `DIM_MEMBER` 는 **SCD2** 다 — 실측(O56) **7,925,716행 / 회원 1,763,065**(현재행 1,763,065). `IS_CURRENT = TRUE` 없이 조인하면 **4.49배 팬아웃**한다(FGA 실측 68,836 → 161,729 = 2.35배). ⇒ `DIM_MEMBER_CURRENT` 를 쓰거나 `IS_CURRENT = TRUE` 를 명시할 것"
회원,3. 서비스,3-2. [회원] 증액마케팅보고 *월간기준 · CRM 필드,후원기간(개월),공127,FACT_MEMBER_MONTHLY.SPONSOR_MONTHS,필드인벤토리,,,FACT_SERVICE_EVENT,,,값없음,"`FACT_MEMBER_MONTHLY.SPONSOR_MONTHS` 전건 0 (40,054,883행)"
회원,3. 서비스,3-2. [회원] 증액마케팅보고 *월간기준 · GA 필드,event_category,공99,DIM_GA_EVENT,지표사전,,,FACT_GA_BEHAVIOR,,,조립가능,`FACT_GA_BEHAVIOR` → `DIM_GA_EVENT` FK 생존(비영 존재)
회원,3. 서비스,3-2. [회원] 증액마케팅보고 *월간기준 · GA 필드,event_label,공100,DIM_GA_EVENT,지표사전,,,FACT_GA_BEHAVIOR,,,조립가능,`FACT_GA_BEHAVIOR` → `DIM_GA_EVENT` FK 생존(비영 존재)
회원,3. 서비스,3-2. [회원] 증액마케팅보고 *월간기준 · GA 필드,event_action,공101,DIM_GA_EVENT,지표사전,,,FACT_GA_BEHAVIOR,,,조립가능,`FACT_GA_BEHAVIOR` → `DIM_GA_EVENT` FK 생존(비영 존재)
회원,3. 서비스,3-2. [회원] 증액마케팅보고 *월간기준 · GA 필드,세션수,공97,FACT_GA_BEHAVIOR.SESSION_CNT,필드인벤토리~,,,FACT_GA_BEHAVIOR,,,조립가능,앵커 팩트 `FACT_GA_BEHAVIOR` 자체의 컬럼
회원,3. 서비스,3-2. [회원] 증액마케팅보고 *월간기준 · GA 필드,조회수,공96,FACT_GA_BEHAVIOR.VIEW_CNT,필드인벤토리~,,,FACT_GA_BEHAVIOR,,,조립가능,앵커 팩트 `FACT_GA_BEHAVIOR` 자체의 컬럼
회원,3. 서비스,3-2. [회원] 증액마케팅보고 *월간기준 · GA 필드,이벤트수,공95,FACT_GA_BEHAVIOR.EVENT_CNT,필드인벤토리~,,,FACT_GA_BEHAVIOR,,,조립가능,앵커 팩트 `FACT_GA_BEHAVIOR` 자체의 컬럼
회원,3. 서비스,3-2. [회원] 증액마케팅보고 *월간기준 · GA 필드,참여세션수,(215밖),FACT_GA_BEHAVIOR.ENGAGED_SESSIONS,필드인벤토리,,,FACT_GA_BEHAVIOR,,,조립가능,앵커 팩트 `FACT_GA_BEHAVIOR` 자체의 컬럼
회원,3. 서비스,3-2. [회원] 증액마케팅보고 *월간기준 · GA 필드,이탈률,공108,FACT_GA_BEHAVIOR.BOUNCE_RATE,필드인벤토리,,,FACT_GA_BEHAVIOR,,,값없음,"`FACT_GA_BEHAVIOR.BOUNCE_RATE` 전건 NULL (4,376,339행)"
회원,3. 서비스,3-2. [회원] 증액마케팅보고 *월간기준 · GA 필드,참여율,(215밖),FACT_GA_BEHAVIOR.ENGAGEMENT_RATE,필드인벤토리,,,FACT_GA_BEHAVIOR,,,조립가능,앵커 팩트 `FACT_GA_BEHAVIOR` 자체의 컬럼
회원,3. 서비스,3-2. [회원] 증액마케팅보고 *월간기준 · GA 필드,평균세션시간,공98,FACT_GA_BEHAVIOR.AVG_SESSION_DURATION,필드인벤토리,,,FACT_GA_BEHAVIOR,,,값없음,"`FACT_GA_BEHAVIOR.AVG_SESSION_DURATION` 전건 NULL (4,376,339행)"
회원,3. 서비스,3-2. [회원] 증액마케팅보고 *월간기준 · GA 필드,세션당 평균 참여 시간,(215밖),FACT_GA_BEHAVIOR.AVG_ENGAGEMENT_TIME_PER_SESSION,필드인벤토리,,,FACT_GA_BEHAVIOR,,,조립가능,앵커 팩트 `FACT_GA_BEHAVIOR` 자체의 컬럼
회원,3. 서비스,3-2. [회원] 증액마케팅보고 *월간기준 · GA 필드,평균 세션 시간2,공98,FACT_GA_BEHAVIOR.AVG_SESSION_DURATION,필드인벤토리~,,,FACT_GA_BEHAVIOR,,,값없음,"`FACT_GA_BEHAVIOR.AVG_SESSION_DURATION` 전건 NULL (4,376,339행)"
회원,3. 서비스,3-2. [회원] 증액마케팅보고 *월간기준 · GA 필드,세션당 평균 참여 시간2,(215밖),FACT_GA_BEHAVIOR.AVG_ENGAGEMENT_TIME_PER_SESSION,필드인벤토리~,,,FACT_GA_BEHAVIOR,,,조립가능,앵커 팩트 `FACT_GA_BEHAVIOR` 자체의 컬럼
회원,3. 서비스,3-2. [회원] 증액마케팅보고 *월간기준 · GA 필드,방문수,공92,FACT_GA_BEHAVIOR.VISITS,필드인벤토리~,,,FACT_GA_BEHAVIOR,,,조립가능,앵커 팩트 `FACT_GA_BEHAVIOR` 자체의 컬럼
회원,3. 서비스,3-2. [회원] 증액마케팅보고 *월간기준 · GA 필드,세션캠페인,공102,FACT_GA_BEHAVIOR.CAMPAIGN_SK,필드인벤토리,,,FACT_GA_BEHAVIOR,,,값없음,"`FACT_GA_BEHAVIOR.CAMPAIGN_SK` 전건 0 (4,376,339행)"
회원,3. 서비스,3-2. [회원] 증액마케팅보고 *월간기준 · GA 필드,세션 수동 광고 콘텐츠,공103,DIM_GA_SOURCE.UTM_CONTENT,필드인벤토리,,,FACT_GA_BEHAVIOR,,,조립가능,`FACT_GA_BEHAVIOR` → `DIM_GA_SOURCE` FK 생존(비영 존재)
회원,3. 서비스,3-2. [회원] 증액마케팅보고 *월간기준 · GA 필드,세션 수동 검색어,공104,DIM_GA_SOURCE.UTM_TERM,필드인벤토리,,,FACT_GA_BEHAVIOR,,,조립가능,`FACT_GA_BEHAVIOR` → `DIM_GA_SOURCE` FK 생존(비영 존재)
회원,3. 서비스,3-2. [회원] 증액마케팅보고 *월간기준 · GA 필드,페이지경로+쿼리문자열,공105,FGA(attr),지표사전,,,FACT_GA_BEHAVIOR,,,조립가능,앵커 팩트 `FACT_GA_BEHAVIOR` 자체의 컬럼
회원,3. 서비스,3-2. [회원] 증액마케팅보고 *월간기준 · GA 필드,페이지위치,공106,FACT_GA_BEHAVIOR.PAGE_LOCATION,필드인벤토리,,,FACT_GA_BEHAVIOR,,,조립가능,앵커 팩트 `FACT_GA_BEHAVIOR` 자체의 컬럼
회원,3. 서비스,3-3. [회원] 개발메일결과보고 *일간기준 · CRM 필드,발송일,(215밖),FACT_SERVICE_EVENT.DATE_SK,필드인벤토리,,,FACT_SERVICE_EVENT,,,조립가능,앵커 팩트 `FACT_SERVICE_EVENT` 자체의 컬럼
회원,3. 서비스,3-3. [회원] 개발메일결과보고 *일간기준 · CRM 필드,발송구분(대),공133,DIM_SERVICE.SEND_TYPE_L,필드인벤토리,,,FACT_SERVICE_EVENT,,,조립가능,`FACT_SERVICE_EVENT` → `DIM_SERVICE` FK 생존(비영 존재)
회원,3. 서비스,3-3. [회원] 개발메일결과보고 *일간기준 · CRM 필드,발송구분(중),공134,DIM_SERVICE.SEND_TYPE_M,필드인벤토리,,,FACT_SERVICE_EVENT,,,조립가능,`FACT_SERVICE_EVENT` → `DIM_SERVICE` FK 생존(비영 존재)
회원,3. 서비스,3-3. [회원] 개발메일결과보고 *일간기준 · CRM 필드,발송구분(소),공135,DIM_SERVICE.SEND_TYPE_S,필드인벤토리,,,FACT_SERVICE_EVENT,,,조립가능,`FACT_SERVICE_EVENT` → `DIM_SERVICE` FK 생존(비영 존재)
회원,3. 서비스,3-3. [회원] 개발메일결과보고 *일간기준 · CRM 필드,제목,공136,FACT_SERVICE_EVENT.SEND_TITLE,필드인벤토리,,,FACT_SERVICE_EVENT,,,조립가능,앵커 팩트 `FACT_SERVICE_EVENT` 자체의 컬럼
회원,3. 서비스,3-3. [회원] 개발메일결과보고 *일간기준 · CRM 필드,발송(명),,SV metric — SV_SERVICE.DISTINCT_SEND_MEMBERS = COUNT(DISTINCT MEMBER_DK),교정등록부(WRONG_UNIT),WRONG_UNIT,SV metric — SV_SERVICE.DISTINCT_SEND_MEMBERS = COUNT(DISTINCT MEMBER_DK),FACT_SERVICE_EVENT,,,판정불가(SV파생),"[매핑교정 WRONG_UNIT] 🔴 `FACT_SERVICE_EVENT.SEND_MEMBERS` 는 0/1 플래그의 SUM 이라 **건수**다 — 「명」으로 쓰면 과대값이 나온다(O39 실측: SUM 38,470,780 vs 고유회원 1,031,971 = 37.3배). 「명」은 SV 의 `COUNT(DISTINCT)` metric 으로 답해야 한다. ▸ 종전 매핑 `SV metric — SV_SERVICE.DISTINCT_SEND_MEMBERS = COUNT(DISTINCT MEMBER_DK)` → 교정 `SV metric — SV_SERVICE.DISTINCT_SEND_MEMBERS = COUNT(DISTINCT MEMBER_DK)` ▸ SV metric — 물리 컬럼이 아니라 base 로 계산된다. base 의 조립가능도를 따른다"
회원,3. 서비스,3-3. [회원] 개발메일결과보고 *일간기준 · CRM 필드,성공(명),,FACT_SERVICE_EVENT.SUCCESS_MEMBERS,교정등록부(WRONG_UNIT),WRONG_UNIT,FACT_SERVICE_EVENT.SUCCESS_MEMBERS,FACT_SERVICE_EVENT,,,조립가능,[매핑교정 WRONG_UNIT] `_MEMBERS` 는 건수 플래그 계열이다(O39). ⚠️ 이 컬럼은 O39-B 로 **전건 0**(값 미주입) — 조회하면 `0` 이 돌아온다. ▸ 종전 매핑 `FACT_SERVICE_EVENT.SUCCESS_MEMBERS` → 교정 `FACT_SERVICE_EVENT.SUCCESS_MEMBERS` ▸ 앵커 팩트 `FACT_SERVICE_EVENT` 자체의 컬럼
회원,3. 서비스,3-3. [회원] 개발메일결과보고 *일간기준 · CRM 필드,실패(명),,FACT_SERVICE_EVENT.FAIL_MEMBERS,교정등록부(WRONG_UNIT),WRONG_UNIT,FACT_SERVICE_EVENT.FAIL_MEMBERS,FACT_SERVICE_EVENT,,,조립가능,[매핑교정 WRONG_UNIT] 위와 동일 계열 · O39-B 전건 0. ▸ 종전 매핑 `FACT_SERVICE_EVENT.FAIL_MEMBERS` → 교정 `FACT_SERVICE_EVENT.FAIL_MEMBERS` ▸ 앵커 팩트 `FACT_SERVICE_EVENT` 자체의 컬럼
회원,3. 서비스,3-3. [회원] 개발메일결과보고 *일간기준 · CRM 필드,발송대비 성공율(%),(FSE 파생),SV metric — 성공율(%) = SUCCESS_MEMBERS/SEND_MEMBERS,SV파생,,,FACT_SERVICE_EVENT,,,판정불가(SV파생),SV metric — 물리 컬럼이 아니라 base 로 계산된다. base 의 조립가능도를 따른다
회원,3. 서비스,3-3. [회원] 개발메일결과보고 *일간기준 · CRM 필드,오픈(명),,FACT_SERVICE_EVENT.OPEN_MEMBERS,교정등록부(WRONG_UNIT),WRONG_UNIT,FACT_SERVICE_EVENT.OPEN_MEMBERS,FACT_SERVICE_EVENT,,,조립가능,[매핑교정 WRONG_UNIT] 🔴 원천 `URL_OTHBC_*` 가 **전건 NULL** 이라 값이 없다(C-9-R). 컬럼 존재를 가용성으로 읽지 말 것. ▸ 종전 매핑 `FACT_SERVICE_EVENT.OPEN_MEMBERS` → 교정 `FACT_SERVICE_EVENT.OPEN_MEMBERS` ▸ 앵커 팩트 `FACT_SERVICE_EVENT` 자체의 컬럼
회원,3. 서비스,3-3. [회원] 개발메일결과보고 *일간기준 · CRM 필드,발송성공대비 오픈율(%),(SV ratio),SV metric — 비율(%) — SV time-intelligence/ratio,SV파생,,,FACT_SERVICE_EVENT,,,판정불가(SV파생),SV metric — 물리 컬럼이 아니라 base 로 계산된다. base 의 조립가능도를 따른다
회원,3. 서비스,3-3. [회원] 개발메일결과보고 *일간기준 · CRM 필드,개발(명),공148,FACT_MEMBER_MONTHLY.DEV_MEMBERS,필드인벤토리,,,FACT_SERVICE_EVENT,,,배분규칙필요,"시간축 상이 — `FACT_SERVICE_EVENT`=일 vs `FACT_MEMBER_MONTHLY`=월. 🔴 굵은 쪽을 잘게 내리려면 **배분(귀속) 규칙**이 필요하다 — 규칙 없이 조인하면 굵은 값이 잘은 행마다 복제된다. 이것은 모델링이 아니라 **업무 판단**이다(O47·P95). ▸ BRONZE 근거: 발송은 **발송 건 grain**(`SEND_KEY`), 회원월은 **회원-월 grain** 이다. 발송 대상 회원의 회비를 같은 표에 놓으면 발송 건수만큼 회비가 복제된다(실측 38,470,780행 vs 고유회원 1,031,971 = **37.3배**)."
회원,3. 서비스,3-3. [회원] 개발메일결과보고 *일간기준 · CRM 필드,개발(건),공4·5·149,FACT_MEMBER_MONTHLY.DEV_CNT,필드인벤토리,,,FACT_SERVICE_EVENT,,,배분규칙필요,"시간축 상이 — `FACT_SERVICE_EVENT`=일 vs `FACT_MEMBER_MONTHLY`=월. 🔴 굵은 쪽을 잘게 내리려면 **배분(귀속) 규칙**이 필요하다 — 규칙 없이 조인하면 굵은 값이 잘은 행마다 복제된다. 이것은 모델링이 아니라 **업무 판단**이다(O47·P95). ▸ BRONZE 근거: 발송은 **발송 건 grain**(`SEND_KEY`), 회원월은 **회원-월 grain** 이다. 발송 대상 회원의 회비를 같은 표에 놓으면 발송 건수만큼 회비가 복제된다(실측 38,470,780행 vs 고유회원 1,031,971 = **37.3배**)."
회원,3. 서비스,3-3. [회원] 개발메일결과보고 *일간기준 · CRM 필드,발송성공대비 개발율(%),(SV ratio),SV metric — 비율(%) — SV time-intelligence/ratio,SV파생,,,FACT_SERVICE_EVENT,,,판정불가(SV파생),SV metric — 물리 컬럼이 아니라 base 로 계산된다. base 의 조립가능도를 따른다
회원,3. 서비스,3-3. [회원] 개발메일결과보고 *일간기준 · CRM 필드,회원번호,,DIM_MEMBER.MEMBER_DK,교정등록부(WRONG_DIM),WRONG_DIM,DIM_MEMBER.MEMBER_DK,FACT_SERVICE_EVENT,,,조립가능,"[매핑교정 WRONG_DIM] `DIM_MEMBER_IDENTITY` 는 GA↔CRM 신원 브리지 전용 차원이고 **CRM 팩트에서 가는 FK 가 없다**. 회원번호는 모든 팩트에 `MEMBER_DK` 로 실재하고 `DIM_MEMBER` 자연키 조인이 살아 있다. 이 오매핑이 12필드에 걸쳐 반복됐다. ▸ 종전 매핑 `DIM_MEMBER.MEMBER_DK` → 교정 `DIM_MEMBER.MEMBER_DK` ▸ 앵커 팩트 `FACT_SERVICE_EVENT` 가 **동명 degenerate 컬럼 `MEMBER_DK` 을 직접 보유**한다 (실측 채움 38,467,142/38,467,142) — `DIM_MEMBER` 를 경유할 필요가 없다. 매핑을 앵커 로컬로 교정할 것(O47·P96-②)"
회원,3. 서비스,3-3. [회원] 개발메일결과보고 *일간기준 · CRM 필드,브랜드,,DIM_MEMBER_ACQUISITION.ACQ_BRAND,교정등록부(OPENED_O45),OPENED_O45,DIM_MEMBER_ACQUISITION.ACQ_BRAND,FACT_SERVICE_EVENT,,,조립가능,[매핑교정 OPENED_O45] [O45] `FMM.CAMPAIGN_SK` 는 O8(다중귀속 규칙 미확정)로 전건 센티넬이다. **「획득 시점」 명시 규칙**으로 회원 1행에 캠페인을 확정해 우회했다(팬아웃 0 실측). ▸ 종전 매핑 `DIM_MEMBER_ACQUISITION.ACQ_BRAND` → 교정 `DIM_MEMBER_ACQUISITION.ACQ_BRAND` ▸ `FACT_SERVICE_EVENT` → `DIM_MEMBER_ACQUISITION` FK 생존(비영 존재)
회원,3. 서비스,3-3. [회원] 개발메일결과보고 *일간기준 · CRM 필드,상위캠페인,,DIM_MEMBER_ACQUISITION.ACQ_PARENT_CAMPAIGN_NAME,교정등록부(OPENED_O45),OPENED_O45,DIM_MEMBER_ACQUISITION.ACQ_PARENT_CAMPAIGN_NAME,FACT_SERVICE_EVENT,,,조립가능,[매핑교정 OPENED_O45] 위와 동일 경로. ▸ 종전 매핑 `DIM_MEMBER_ACQUISITION.ACQ_PARENT_CAMPAIGN_NAME` → 교정 `DIM_MEMBER_ACQUISITION.ACQ_PARENT_CAMPAIGN_NAME` ▸ `FACT_SERVICE_EVENT` → `DIM_MEMBER_ACQUISITION` FK 생존(비영 존재)
회원,3. 서비스,3-3. [회원] 개발메일결과보고 *일간기준 · CRM 필드,홍보방법,,DIM_MEMBER_ACQUISITION.ACQ_PROMO_METHOD_NAME,교정등록부(OPENED_O45),OPENED_O45,DIM_MEMBER_ACQUISITION.ACQ_PROMO_METHOD_NAME,FACT_SERVICE_EVENT,,,조립가능,[매핑교정 OPENED_O45] 위와 동일 경로. ▸ 종전 매핑 `DIM_MEMBER_ACQUISITION.ACQ_PROMO_METHOD_NAME` → 교정 `DIM_MEMBER_ACQUISITION.ACQ_PROMO_METHOD_NAME` ▸ `FACT_SERVICE_EVENT` → `DIM_MEMBER_ACQUISITION` FK 생존(비영 존재)
회원,3. 서비스,3-3. [회원] 개발메일결과보고 *일간기준 · CRM 필드,캠페인,,DIM_MEMBER_ACQUISITION.ACQ_CAMPAIGN_NAME,교정등록부(OPENED_O45),OPENED_O45,DIM_MEMBER_ACQUISITION.ACQ_CAMPAIGN_NAME,FACT_SERVICE_EVENT,,,조립가능,[매핑교정 OPENED_O45] 위와 동일 경로. ▸ 종전 매핑 `DIM_MEMBER_ACQUISITION.ACQ_CAMPAIGN_NAME` → 교정 `DIM_MEMBER_ACQUISITION.ACQ_CAMPAIGN_NAME` ▸ `FACT_SERVICE_EVENT` → `DIM_MEMBER_ACQUISITION` FK 생존(비영 존재)
회원,3. 서비스,3-3. [회원] 개발메일결과보고 *일간기준 · CRM 필드,개발구분,공121,FACT_MEMBER_MONTHLY.DEV_TYPE,필드인벤토리,,,FACT_SERVICE_EVENT,,,값없음,"`FACT_MEMBER_MONTHLY.DEV_TYPE` 전건 NULL (40,054,883행)"
회원,3. 서비스,3-3. [회원] 개발메일결과보고 *일간기준 · CRM 필드,메일수신여부,(215밖),FACT_SERVICE_EVENT.MAIL_RECEIVE_FLAG,필드인벤토리,,,FACT_SERVICE_EVENT,,,값없음,"`FACT_SERVICE_EVENT.MAIL_RECEIVE_FLAG` 전건 NULL (38,467,142행)"
회원,3. 서비스,3-3. [회원] 개발메일결과보고 *일간기준 · GA 필드,세션수,공97,FACT_GA_BEHAVIOR.SESSION_CNT,필드인벤토리~,,,FACT_GA_BEHAVIOR,,,조립가능,앵커 팩트 `FACT_GA_BEHAVIOR` 자체의 컬럼
회원,3. 서비스,3-3. [회원] 개발메일결과보고 *일간기준 · GA 필드,평균 세션 시간,공98,FACT_GA_BEHAVIOR.AVG_SESSION_DURATION,필드인벤토리,,,FACT_GA_BEHAVIOR,,,값없음,"`FACT_GA_BEHAVIOR.AVG_SESSION_DURATION` 전건 NULL (4,376,339행)"
회원,3. 서비스,3-3. [회원] 개발메일결과보고 *일간기준 · GA 필드,이탈율,공108,FACT_GA_BEHAVIOR.BOUNCE_RATE,필드인벤토리,,,FACT_GA_BEHAVIOR,,,값없음,"`FACT_GA_BEHAVIOR.BOUNCE_RATE` 전건 NULL (4,376,339행)"
회원,3. 서비스,3-3. [회원] 개발메일결과보고 *일간기준 · GA 필드,스크롤깊이,공107,FACT_GA_BEHAVIOR.SCROLL_DEPTH,필드인벤토리,,,FACT_GA_BEHAVIOR,,,조립가능,앵커 팩트 `FACT_GA_BEHAVIOR` 자체의 컬럼
회원,3. 서비스,3-3. [회원] 개발메일결과보고 *일간기준 · GA 필드,event_category,공99,DIM_GA_EVENT,지표사전,,,FACT_GA_BEHAVIOR,,,조립가능,`FACT_GA_BEHAVIOR` → `DIM_GA_EVENT` FK 생존(비영 존재)
회원,3. 서비스,3-3. [회원] 개발메일결과보고 *일간기준 · GA 필드,event_label,공100,DIM_GA_EVENT,지표사전,,,FACT_GA_BEHAVIOR,,,조립가능,`FACT_GA_BEHAVIOR` → `DIM_GA_EVENT` FK 생존(비영 존재)
회원,3. 서비스,3-3. [회원] 개발메일결과보고 *일간기준 · GA 필드,event_action,공101,DIM_GA_EVENT,지표사전,,,FACT_GA_BEHAVIOR,,,조립가능,`FACT_GA_BEHAVIOR` → `DIM_GA_EVENT` FK 생존(비영 존재)
회원,3. 서비스,3-4. [회원] 미납중단안내서비스보고 *일간기준 · CRM 필드,발송일,(215밖),FACT_SERVICE_EVENT.DATE_SK,필드인벤토리,,,FACT_SERVICE_EVENT,,,조립가능,앵커 팩트 `FACT_SERVICE_EVENT` 자체의 컬럼
회원,3. 서비스,3-4. [회원] 미납중단안내서비스보고 *일간기준 · CRM 필드,발송구분(대),공133,DIM_SERVICE.SEND_TYPE_L,필드인벤토리,,,FACT_SERVICE_EVENT,,,조립가능,`FACT_SERVICE_EVENT` → `DIM_SERVICE` FK 생존(비영 존재)
회원,3. 서비스,3-4. [회원] 미납중단안내서비스보고 *일간기준 · CRM 필드,발송구분(중),공134,DIM_SERVICE.SEND_TYPE_M,필드인벤토리,,,FACT_SERVICE_EVENT,,,조립가능,`FACT_SERVICE_EVENT` → `DIM_SERVICE` FK 생존(비영 존재)
회원,3. 서비스,3-4. [회원] 미납중단안내서비스보고 *일간기준 · CRM 필드,발송구분(소),공135,DIM_SERVICE.SEND_TYPE_S,필드인벤토리,,,FACT_SERVICE_EVENT,,,조립가능,`FACT_SERVICE_EVENT` → `DIM_SERVICE` FK 생존(비영 존재)
회원,3. 서비스,3-4. [회원] 미납중단안내서비스보고 *일간기준 · CRM 필드,제목,공136,FACT_SERVICE_EVENT.SEND_TITLE,필드인벤토리,,,FACT_SERVICE_EVENT,,,조립가능,앵커 팩트 `FACT_SERVICE_EVENT` 자체의 컬럼
회원,3. 서비스,3-4. [회원] 미납중단안내서비스보고 *일간기준 · CRM 필드,발송유형,(215밖),FACT_SERVICE_EVENT.SEND_TYPE,필드인벤토리,,,FACT_SERVICE_EVENT,,,조립가능,앵커 팩트 `FACT_SERVICE_EVENT` 자체의 컬럼
회원,3. 서비스,3-4. [회원] 미납중단안내서비스보고 *일간기준 · CRM 필드,발송(명),,SV metric — SV_SERVICE.DISTINCT_SEND_MEMBERS = COUNT(DISTINCT MEMBER_DK),교정등록부(WRONG_UNIT),WRONG_UNIT,SV metric — SV_SERVICE.DISTINCT_SEND_MEMBERS = COUNT(DISTINCT MEMBER_DK),FACT_SERVICE_EVENT,,,판정불가(SV파생),"[매핑교정 WRONG_UNIT] 🔴 `FACT_SERVICE_EVENT.SEND_MEMBERS` 는 0/1 플래그의 SUM 이라 **건수**다 — 「명」으로 쓰면 과대값이 나온다(O39 실측: SUM 38,470,780 vs 고유회원 1,031,971 = 37.3배). 「명」은 SV 의 `COUNT(DISTINCT)` metric 으로 답해야 한다. ▸ 종전 매핑 `SV metric — SV_SERVICE.DISTINCT_SEND_MEMBERS = COUNT(DISTINCT MEMBER_DK)` → 교정 `SV metric — SV_SERVICE.DISTINCT_SEND_MEMBERS = COUNT(DISTINCT MEMBER_DK)` ▸ SV metric — 물리 컬럼이 아니라 base 로 계산된다. base 의 조립가능도를 따른다"
회원,3. 서비스,3-4. [회원] 미납중단안내서비스보고 *일간기준 · CRM 필드,성공(명),,FACT_SERVICE_EVENT.SUCCESS_MEMBERS,교정등록부(WRONG_UNIT),WRONG_UNIT,FACT_SERVICE_EVENT.SUCCESS_MEMBERS,FACT_SERVICE_EVENT,,,조립가능,[매핑교정 WRONG_UNIT] `_MEMBERS` 는 건수 플래그 계열이다(O39). ⚠️ 이 컬럼은 O39-B 로 **전건 0**(값 미주입) — 조회하면 `0` 이 돌아온다. ▸ 종전 매핑 `FACT_SERVICE_EVENT.SUCCESS_MEMBERS` → 교정 `FACT_SERVICE_EVENT.SUCCESS_MEMBERS` ▸ 앵커 팩트 `FACT_SERVICE_EVENT` 자체의 컬럼
회원,3. 서비스,3-4. [회원] 미납중단안내서비스보고 *일간기준 · CRM 필드,실패(명),,FACT_SERVICE_EVENT.FAIL_MEMBERS,교정등록부(WRONG_UNIT),WRONG_UNIT,FACT_SERVICE_EVENT.FAIL_MEMBERS,FACT_SERVICE_EVENT,,,조립가능,[매핑교정 WRONG_UNIT] 위와 동일 계열 · O39-B 전건 0. ▸ 종전 매핑 `FACT_SERVICE_EVENT.FAIL_MEMBERS` → 교정 `FACT_SERVICE_EVENT.FAIL_MEMBERS` ▸ 앵커 팩트 `FACT_SERVICE_EVENT` 자체의 컬럼
회원,3. 서비스,3-4. [회원] 미납중단안내서비스보고 *일간기준 · CRM 필드,발송대비 성공율(%),(FSE 파생),SV metric — 성공율(%) = SUCCESS_MEMBERS/SEND_MEMBERS,SV파생,,,FACT_SERVICE_EVENT,,,판정불가(SV파생),SV metric — 물리 컬럼이 아니라 base 로 계산된다. base 의 조립가능도를 따른다
회원,3. 서비스,3-4. [회원] 미납중단안내서비스보고 *일간기준 · CRM 필드,회원상태,공132,DIM_MEMBER,지표사전,,,FACT_SERVICE_EVENT,,,조립가능,"`FACT_SERVICE_EVENT` → `DIM_MEMBER` FK 생존(비영 존재) ▸ 🔴 `DIM_MEMBER` 는 **SCD2** 다 — 실측(O56) **7,925,716행 / 회원 1,763,065**(현재행 1,763,065). `IS_CURRENT = TRUE` 없이 조인하면 **4.49배 팬아웃**한다(FGA 실측 68,836 → 161,729 = 2.35배). ⇒ `DIM_MEMBER_CURRENT` 를 쓰거나 `IS_CURRENT = TRUE` 를 명시할 것"
회원,3. 서비스,3-4. [회원] 미납중단안내서비스보고 *일간기준 · CRM 필드,납입방식,,FACT_MEMBER_FEE.PAYMENT_SK,교정등록부(OPENED_O45),OPENED_O45,FACT_MEMBER_FEE.PAYMENT_SK,FACT_SERVICE_EVENT,,,배분규칙필요,[매핑교정 OPENED_O45] [O45] 결제수단은 **회비 행의 속성**이다(`SETLE_CD` 11종 · 채움 99.78%). `FMM` 은 회원-월 grain 이라 붙이면 귀속 규칙이 필요했다. ⚠️라벨 커버리지 99.3% — 5종(`3`·`10`·`6`·`13`·`7`)은 코드그룹 미특정(O45-B). ▸ 종전 매핑 `FACT_MEMBER_FEE.PAYMENT_SK` → 교정 `FACT_MEMBER_FEE.PAYMENT_SK` ▸ 시간축 상이 — `FACT_SERVICE_EVENT`=일 vs `FACT_MEMBER_FEE`=월. 🔴 굵은 쪽을 잘게 내리려면 **배분(귀속) 규칙**이 필요하다 — 규칙 없이 조인하면 굵은 값이 잘은 행마다 복제된다. 이것은 모델링이 아니라 **업무 판단**이다(O47·P95).
회원,3. 서비스,3-4. [회원] 미납중단안내서비스보고 *일간기준 · CRM 필드,중단채널,(215밖),FACT_SERVICE_EVENT.STOP_CHANNEL,필드인벤토리,,,FACT_SERVICE_EVENT,,,조립가능,앵커 팩트 `FACT_SERVICE_EVENT` 자체의 컬럼
회원,3. 서비스,3-4. [회원] 미납중단안내서비스보고 *일간기준 · GA 필드,세션캠페인,공102,FACT_GA_BEHAVIOR.CAMPAIGN_SK,필드인벤토리,,,FACT_GA_BEHAVIOR,,,값없음,"`FACT_GA_BEHAVIOR.CAMPAIGN_SK` 전건 0 (4,376,339행)"
회원,3. 서비스,3-4. [회원] 미납중단안내서비스보고 *일간기준 · GA 필드,세션콘텐츠,공103,DIM_GA_SOURCE.UTM_CONTENT,필드인벤토리·별칭등록부,,,FACT_GA_BEHAVIOR,,,조립가능,`FACT_GA_BEHAVIOR` → `DIM_GA_SOURCE` FK 생존(비영 존재)
회원,3. 서비스,3-4. [회원] 미납중단안내서비스보고 *일간기준 · GA 필드,조회수,공96,FACT_GA_BEHAVIOR.VIEW_CNT,필드인벤토리~,,,FACT_GA_BEHAVIOR,,,조립가능,앵커 팩트 `FACT_GA_BEHAVIOR` 자체의 컬럼
회원,3. 서비스,3-4. [회원] 미납중단안내서비스보고 *일간기준 · GA 필드,세션수,공97,FACT_GA_BEHAVIOR.SESSION_CNT,필드인벤토리~,,,FACT_GA_BEHAVIOR,,,조립가능,앵커 팩트 `FACT_GA_BEHAVIOR` 자체의 컬럼
회원,3. 서비스,3-5. [회원] 참여콘텐츠분석보고 (온라인이벤트) *일간기준 · CRM 필드,참여일,,(미매칭 — GOLD 물리·SV 대응 미확인),(미매칭),,,FACT_EVENT_PARTICIPATION,,,판정불가,GOLD 매핑이 물리 컬럼 형태가 아니다(미정·비고 등)
회원,3. 서비스,3-5. [회원] 참여콘텐츠분석보고 (온라인이벤트) *일간기준 · CRM 필드,정기후원금,(215밖),FACT_EVENT_PARTICIPATION.REGULAR_DONATION,필드인벤토리~,,,FACT_EVENT_PARTICIPATION,,,조립가능,앵커 팩트 `FACT_EVENT_PARTICIPATION` 자체의 컬럼
회원,3. 서비스,3-5. [회원] 참여콘텐츠분석보고 (온라인이벤트) *일간기준 · CRM 필드,정기후원금 *(중복)*,(215밖),FACT_EVENT_PARTICIPATION.REGULAR_DONATION,필드인벤토리~,,,FACT_EVENT_PARTICIPATION,,,조립가능,앵커 팩트 `FACT_EVENT_PARTICIPATION` 자체의 컬럼
회원,3. 서비스,3-5. [회원] 참여콘텐츠분석보고 (온라인이벤트) *일간기준 · CRM 필드,총 참여수,(215밖),FACT_EVENT_PARTICIPATION.PARTICIPATION_TIMES,필드인벤토리·별칭등록부,,,FACT_EVENT_PARTICIPATION,,,값없음,"`FACT_EVENT_PARTICIPATION.PARTICIPATION_TIMES` 전건 0 (1,134,126행)"
회원,3. 서비스,3-5. [회원] 참여콘텐츠분석보고 (온라인이벤트) *일간기준 · CRM 필드,이벤트 참여 횟수 - 전체,(215밖),FACT_EVENT_PARTICIPATION.PARTICIPATION_TIMES,필드인벤토리~,,,FACT_EVENT_PARTICIPATION,,,값없음,"`FACT_EVENT_PARTICIPATION.PARTICIPATION_TIMES` 전건 0 (1,134,126행)"
회원,3. 서비스,3-5. [회원] 참여콘텐츠분석보고 (온라인이벤트) *일간기준 · CRM 필드,이벤트 참여 횟수 - 전체 *(중복)*,(215밖),FACT_EVENT_PARTICIPATION.PARTICIPATION_TIMES,필드인벤토리~,,,FACT_EVENT_PARTICIPATION,,,값없음,"`FACT_EVENT_PARTICIPATION.PARTICIPATION_TIMES` 전건 0 (1,134,126행)"
회원,3. 서비스,3-5. [회원] 참여콘텐츠분석보고 (온라인이벤트) *일간기준 · CRM 필드,이벤트명,(215밖),DIM_EVENT.EVENT_NAME,필드인벤토리·별칭등록부,,,FACT_EVENT_PARTICIPATION,,,조립가능,`FACT_EVENT_PARTICIPATION` → `DIM_EVENT` FK 생존(비영 존재)
회원,3. 서비스,3-5. [회원] 참여콘텐츠분석보고 (온라인이벤트) *일간기준 · CRM 필드,참여자수,(215밖),FACT_EVENT_PARTICIPATION.PARTICIPANT_CNT,필드인벤토리,,,FACT_EVENT_PARTICIPATION,,,조립가능,앵커 팩트 `FACT_EVENT_PARTICIPATION` 자체의 컬럼
회원,3. 서비스,3-5. [회원] 참여콘텐츠분석보고 (온라인이벤트) *일간기준 · CRM 필드,이벤트 구분,(215밖),DIM_EVENT.EVENT_CATEGORY,필드인벤토리·별칭등록부,,,FACT_EVENT_PARTICIPATION,,,조립가능,`FACT_EVENT_PARTICIPATION` → `DIM_EVENT` FK 생존(비영 존재)
회원,3. 서비스,3-5. [회원] 참여콘텐츠분석보고 (온라인이벤트) *일간기준 · CRM 필드,이벤트 구분 *(중복)*,(215밖),DIM_EVENT.EVENT_CATEGORY,필드인벤토리·별칭등록부,,,FACT_EVENT_PARTICIPATION,,,조립가능,`FACT_EVENT_PARTICIPATION` → `DIM_EVENT` FK 생존(비영 존재)
회원,3. 서비스,3-5. [회원] 참여콘텐츠분석보고 (온라인이벤트) *일간기준 · CRM 필드,참여경로,(215밖),FACT_EVENT_PARTICIPATION.PART_PATH,필드인벤토리,,,FACT_EVENT_PARTICIPATION,,,조립가능,앵커 팩트 `FACT_EVENT_PARTICIPATION` 자체의 컬럼
회원,3. 서비스,3-5. [회원] 참여콘텐츠분석보고 (온라인이벤트) *일간기준 · CRM 필드,참여경로 *(중복)*,(215밖),FACT_EVENT_PARTICIPATION.PART_PATH,필드인벤토리,,,FACT_EVENT_PARTICIPATION,,,조립가능,앵커 팩트 `FACT_EVENT_PARTICIPATION` 자체의 컬럼
회원,3. 서비스,3-5. [회원] 참여콘텐츠분석보고 (온라인이벤트) *일간기준 · CRM 필드,참여채널,(215밖),FACT_EVENT_PARTICIPATION.PART_CHANNEL,필드인벤토리,,,FACT_EVENT_PARTICIPATION,,,조립가능,앵커 팩트 `FACT_EVENT_PARTICIPATION` 자체의 컬럼
회원,3. 서비스,3-5. [회원] 참여콘텐츠분석보고 (온라인이벤트) *일간기준 · CRM 필드,참여채널 *(중복)*,(215밖),FACT_EVENT_PARTICIPATION.PART_CHANNEL,필드인벤토리,,,FACT_EVENT_PARTICIPATION,,,조립가능,앵커 팩트 `FACT_EVENT_PARTICIPATION` 자체의 컬럼
회원,3. 서비스,3-5. [회원] 참여콘텐츠분석보고 (온라인이벤트) *일간기준 · CRM 필드,당첨여부,(215밖),FACT_EVENT_PARTICIPATION.WIN_FLAG,필드인벤토리,,,FACT_EVENT_PARTICIPATION,,,조립가능,앵커 팩트 `FACT_EVENT_PARTICIPATION` 자체의 컬럼
회원,3. 서비스,3-5. [회원] 참여콘텐츠분석보고 (온라인이벤트) *일간기준 · CRM 필드,이벤트구분,(215밖),DIM_EVENT.EVENT_CATEGORY,필드인벤토리·별칭등록부,,,FACT_EVENT_PARTICIPATION,,,조립가능,`FACT_EVENT_PARTICIPATION` → `DIM_EVENT` FK 생존(비영 존재)
회원,3. 서비스,3-5. [회원] 참여콘텐츠분석보고 (온라인이벤트) *일간기준 · CRM 필드,이벤트명 *(중복)*,(215밖),DIM_EVENT.EVENT_NAME,필드인벤토리·별칭등록부,,,FACT_EVENT_PARTICIPATION,,,조립가능,`FACT_EVENT_PARTICIPATION` → `DIM_EVENT` FK 생존(비영 존재)
회원,3. 서비스,3-5. [회원] 참여콘텐츠분석보고 (온라인이벤트) *일간기준 · CRM 필드,법인,공114,DIM_ORG.CORP,필드인벤토리,,,FACT_EVENT_PARTICIPATION,,,값없음,"`DIM_ORG.CORP` 전건 NULL (1,315행)"
회원,3. 서비스,3-5. [회원] 참여콘텐츠분석보고 (온라인이벤트) *일간기준 · CRM 필드,회원번호,,DIM_MEMBER.MEMBER_DK,교정등록부(WRONG_DIM),WRONG_DIM,DIM_MEMBER.MEMBER_DK,FACT_EVENT_PARTICIPATION,,,조립가능,"[매핑교정 WRONG_DIM] `DIM_MEMBER_IDENTITY` 는 GA↔CRM 신원 브리지 전용 차원이고 **CRM 팩트에서 가는 FK 가 없다**. 회원번호는 모든 팩트에 `MEMBER_DK` 로 실재하고 `DIM_MEMBER` 자연키 조인이 살아 있다. 이 오매핑이 12필드에 걸쳐 반복됐다. ▸ 종전 매핑 `DIM_MEMBER.MEMBER_DK` → 교정 `DIM_MEMBER.MEMBER_DK` ▸ 앵커 팩트 `FACT_EVENT_PARTICIPATION` 가 **동명 degenerate 컬럼 `MEMBER_DK` 을 직접 보유**한다 (실측 채움 1,134,126/1,134,126) — `DIM_MEMBER` 를 경유할 필요가 없다. 매핑을 앵커 로컬로 교정할 것(O47·P96-②)"
회원,3. 서비스,3-5. [회원] 참여콘텐츠분석보고 (온라인이벤트) *일간기준 · CRM 필드,연령,(215밖),DIM_MEMBER.AGE_BAND,필드인벤토리·별칭등록부,,,FACT_EVENT_PARTICIPATION,,,조립가능,"`FACT_EVENT_PARTICIPATION` → `DIM_MEMBER` FK 생존(비영 존재) ▸ 🔴 `DIM_MEMBER` 는 **SCD2** 다 — 실측(O56) **7,925,716행 / 회원 1,763,065**(현재행 1,763,065). `IS_CURRENT = TRUE` 없이 조인하면 **4.49배 팬아웃**한다(FGA 실측 68,836 → 161,729 = 2.35배). ⇒ `DIM_MEMBER_CURRENT` 를 쓰거나 `IS_CURRENT = TRUE` 를 명시할 것"
회원,3. 서비스,3-5. [회원] 참여콘텐츠분석보고 (온라인이벤트) *일간기준 · CRM 필드,성별,공130,DIM_MEMBER,지표사전,,,FACT_EVENT_PARTICIPATION,,,조립가능,"`FACT_EVENT_PARTICIPATION` → `DIM_MEMBER` FK 생존(비영 존재) ▸ 🔴 `DIM_MEMBER` 는 **SCD2** 다 — 실측(O56) **7,925,716행 / 회원 1,763,065**(현재행 1,763,065). `IS_CURRENT = TRUE` 없이 조인하면 **4.49배 팬아웃**한다(FGA 실측 68,836 → 161,729 = 2.35배). ⇒ `DIM_MEMBER_CURRENT` 를 쓰거나 `IS_CURRENT = TRUE` 를 명시할 것"
회원,3. 서비스,3-5. [회원] 참여콘텐츠분석보고 (온라인이벤트) *일간기준 · CRM 필드,지역,공131,DIM_MEMBER.REGION,필드인벤토리,,,FACT_EVENT_PARTICIPATION,,,조립가능,"`FACT_EVENT_PARTICIPATION` → `DIM_MEMBER` FK 생존(비영 존재) ▸ 🔴 `DIM_MEMBER` 는 **SCD2** 다 — 실측(O56) **7,925,716행 / 회원 1,763,065**(현재행 1,763,065). `IS_CURRENT = TRUE` 없이 조인하면 **4.49배 팬아웃**한다(FGA 실측 68,836 → 161,729 = 2.35배). ⇒ `DIM_MEMBER_CURRENT` 를 쓰거나 `IS_CURRENT = TRUE` 를 명시할 것"
회원,3. 서비스,3-5. [회원] 참여콘텐츠분석보고 (온라인이벤트) *일간기준 · CRM 필드,최초캠페인,공29,DIM_MEMBER.FIRST_CAMPAIGN,필드인벤토리,,,FACT_EVENT_PARTICIPATION,,,조립가능,"`FACT_EVENT_PARTICIPATION` → `DIM_MEMBER` FK 생존(비영 존재) ▸ 🔴 `DIM_MEMBER` 는 **SCD2** 다 — 실측(O56) **7,925,716행 / 회원 1,763,065**(현재행 1,763,065). `IS_CURRENT = TRUE` 없이 조인하면 **4.49배 팬아웃**한다(FGA 실측 68,836 → 161,729 = 2.35배). ⇒ `DIM_MEMBER_CURRENT` 를 쓰거나 `IS_CURRENT = TRUE` 를 명시할 것"
회원,3. 서비스,3-5. [회원] 참여콘텐츠분석보고 (온라인이벤트) *일간기준 · CRM 필드,최근캠페인,공120,DIM_CAMPAIGN,지표사전~,,,FACT_EVENT_PARTICIPATION,,,도달불가,`FACT_EVENT_PARTICIPATION` → `DIM_CAMPAIGN` FK **전건 센티넬** — 조인해도 `(미매핑)` 한 덩어리가 된다
회원,3. 서비스,3-5. [회원] 참여콘텐츠분석보고 (온라인이벤트) *일간기준 · CRM 필드,후원사업,,FACT_MEMBER_FEE.SPONSORSHIP_SK (회비) / DIM_MEMBER_ACQUISITION.ACQ_SPONSORSHIP_SK (획득),교정등록부(OPENED_O45),OPENED_O45,FACT_MEMBER_FEE.SPONSORSHIP_SK (회비) / DIM_MEMBER_ACQUISITION.ACQ_SPONSORSHIP_SK (획득),FACT_EVENT_PARTICIPATION,,,조립가능,"[매핑교정 OPENED_O45] 🔴 **같은 라벨이 두 축이다**. 회비·미납 분석의 후원사업 = **납입 대상**(회비 행에 붙은 값, `SPNSR_BSNS_ID` 채움 99.83%) → `FACT_MEMBER_FEE`. 개발·중단·회원특성 분석의 후원사업 = **획득 시점**(그 회원을 데려온 사업) → `DIM_MEMBER_ACQUISITION`. 한 회원이 여러 후원사업에 내므로 회원-월 grain 에 하나로 붙일 수 없다(회원-월 37,148,615 → 회원-월-후원사업 39,563,730). ⚠️ 목표(`FACT_TARGET_DEV`)에는 후원사업 축이 없어 **목표 대비 후원사업별 달성률은 불가**하다. ▸ 종전 매핑 `FACT_MEMBER_FEE.SPONSORSHIP_SK (회비) / DIM_MEMBER_ACQUISITION.ACQ_SPONSORSHIP_SK (획득)` → 교정 `FACT_MEMBER_FEE.SPONSORSHIP_SK (회비) / DIM_MEMBER_ACQUISITION.ACQ_SPONSORSHIP_SK (획득)` ▸ [축 병기 — 앵커 `FACT_EVENT_PARTICIPATION` 에 맞는 축 선택] `DIM_MEMBER_ACQUISITION.ACQ_SPONSORSHIP_SK` ▸ `FACT_EVENT_PARTICIPATION` → `DIM_MEMBER_ACQUISITION` FK 생존(비영 존재) ▸ 다른 병기 축 `FACT_MEMBER_FEE.SPONSORSHIP_SK` 은 `배분규칙필요` (O47)"
회원,3. 서비스,3-5. [회원] 참여콘텐츠분석보고 (온라인이벤트) *일간기준 · CRM 필드,회원상태,공132,DIM_MEMBER,지표사전,,,FACT_EVENT_PARTICIPATION,,,조립가능,"`FACT_EVENT_PARTICIPATION` → `DIM_MEMBER` FK 생존(비영 존재) ▸ 🔴 `DIM_MEMBER` 는 **SCD2** 다 — 실측(O56) **7,925,716행 / 회원 1,763,065**(현재행 1,763,065). `IS_CURRENT = TRUE` 없이 조인하면 **4.49배 팬아웃**한다(FGA 실측 68,836 → 161,729 = 2.35배). ⇒ `DIM_MEMBER_CURRENT` 를 쓰거나 `IS_CURRENT = TRUE` 를 명시할 것"
회원,3. 서비스,3-5. [회원] 참여콘텐츠분석보고 (온라인이벤트) *일간기준 · CRM 필드,최근참여일,,(미매칭 — GOLD 물리·SV 대응 미확인),(미매칭),,,FACT_EVENT_PARTICIPATION,,,판정불가,GOLD 매핑이 물리 컬럼 형태가 아니다(미정·비고 등)
회원,3. 서비스,3-5. [회원] 참여콘텐츠분석보고 (온라인이벤트) *일간기준 · CRM 필드,참여 횟수,(215밖),FACT_EVENT_PARTICIPATION.PARTICIPATION_TIMES,필드인벤토리,,,FACT_EVENT_PARTICIPATION,,,값없음,"`FACT_EVENT_PARTICIPATION.PARTICIPATION_TIMES` 전건 0 (1,134,126행)"
회원,3. 서비스,3-5. [회원] 참여콘텐츠분석보고 (온라인이벤트) *일간기준 · CRM 필드,후원금액,(215밖),DIM_MEMBER_ACQUISITION.ACQ_SPNSR_AMT,필드인벤토리~,,,FACT_EVENT_PARTICIPATION,,,조립가능,`FACT_EVENT_PARTICIPATION` → `DIM_MEMBER_ACQUISITION` FK 생존(비영 존재)
회원,3. 서비스,3-5. [회원] 참여콘텐츠분석보고 (온라인이벤트) *일간기준 · CRM 필드,참여채널 *(중복)*,(215밖),FACT_EVENT_PARTICIPATION.PART_CHANNEL,필드인벤토리,,,FACT_EVENT_PARTICIPATION,,,조립가능,앵커 팩트 `FACT_EVENT_PARTICIPATION` 자체의 컬럼
회원,3. 서비스,3-5. [회원] 참여콘텐츠분석보고 (온라인이벤트) *일간기준 · CRM 필드,참여경로 *(중복)*,(215밖),FACT_EVENT_PARTICIPATION.PART_PATH,필드인벤토리,,,FACT_EVENT_PARTICIPATION,,,조립가능,앵커 팩트 `FACT_EVENT_PARTICIPATION` 자체의 컬럼
회원,3. 서비스,3-5. [회원] 참여콘텐츠분석보고 (온라인이벤트) *일간기준 · CRM 필드,참여상태,(215밖),FACT_EVENT_PARTICIPATION.PART_STATUS,필드인벤토리,,,FACT_EVENT_PARTICIPATION,,,조립가능,앵커 팩트 `FACT_EVENT_PARTICIPATION` 자체의 컬럼
회원,3. 서비스,3-5. [회원] 참여콘텐츠분석보고 (온라인이벤트) *일간기준 · GA 필드,세션수,공97,FACT_GA_BEHAVIOR.SESSION_CNT,필드인벤토리~,,,FACT_GA_BEHAVIOR,,,조립가능,앵커 팩트 `FACT_GA_BEHAVIOR` 자체의 컬럼
회원,3. 서비스,3-5. [회원] 참여콘텐츠분석보고 (온라인이벤트) *일간기준 · GA 필드,이탈률,공108,FACT_GA_BEHAVIOR.BOUNCE_RATE,필드인벤토리,,,FACT_GA_BEHAVIOR,,,값없음,"`FACT_GA_BEHAVIOR.BOUNCE_RATE` 전건 NULL (4,376,339행)"
회원,3. 서비스,3-5. [회원] 참여콘텐츠분석보고 (온라인이벤트) *일간기준 · GA 필드,평균 세션시간,공98,FACT_GA_BEHAVIOR.AVG_SESSION_DURATION,필드인벤토리,,,FACT_GA_BEHAVIOR,,,값없음,"`FACT_GA_BEHAVIOR.AVG_SESSION_DURATION` 전건 NULL (4,376,339행)"
회원,3. 서비스,3-5. [회원] 참여콘텐츠분석보고 (온라인이벤트) *일간기준 · GA 필드,세션캠페인,공102,FACT_GA_BEHAVIOR.CAMPAIGN_SK,필드인벤토리,,,FACT_GA_BEHAVIOR,,,값없음,"`FACT_GA_BEHAVIOR.CAMPAIGN_SK` 전건 0 (4,376,339행)"
회원,3. 서비스,3-5. [회원] 참여콘텐츠분석보고 (온라인이벤트) *일간기준 · GA 필드,세션수동콘텐츠,공103,DIM_GA_SOURCE.UTM_CONTENT,필드인벤토리·별칭등록부,,,FACT_GA_BEHAVIOR,,,조립가능,`FACT_GA_BEHAVIOR` → `DIM_GA_SOURCE` FK 생존(비영 존재)
회원,3. 서비스,3-5. [회원] 참여콘텐츠분석보고 (온라인이벤트) *일간기준 · GA 필드,세션수동검색어,공104,DIM_GA_SOURCE.UTM_TERM,필드인벤토리,,,FACT_GA_BEHAVIOR,,,조립가능,`FACT_GA_BEHAVIOR` → `DIM_GA_SOURCE` FK 생존(비영 존재)
회원,3. 서비스,3-5. [회원] 참여콘텐츠분석보고 (온라인이벤트) *일간기준 · GA 필드,페이지경로,공105,FACT_GA_BEHAVIOR.PAGE_PATH,필드인벤토리~,,,FACT_GA_BEHAVIOR,,,조립가능,앵커 팩트 `FACT_GA_BEHAVIOR` 자체의 컬럼
회원,3. 서비스,3-5. [회원] 참여콘텐츠분석보고 (온라인이벤트) *일간기준 · GA 필드,페이지위치,공106,FACT_GA_BEHAVIOR.PAGE_LOCATION,필드인벤토리,,,FACT_GA_BEHAVIOR,,,조립가능,앵커 팩트 `FACT_GA_BEHAVIOR` 자체의 컬럼
회원,3. 서비스,3-5. [회원] 참여콘텐츠분석보고 (온라인이벤트) *일간기준 · GA 필드,event_category,공99,DIM_GA_EVENT,지표사전,,,FACT_GA_BEHAVIOR,,,조립가능,`FACT_GA_BEHAVIOR` → `DIM_GA_EVENT` FK 생존(비영 존재)
회원,3. 서비스,3-5. [회원] 참여콘텐츠분석보고 (온라인이벤트) *일간기준 · GA 필드,event_label,공100,DIM_GA_EVENT,지표사전,,,FACT_GA_BEHAVIOR,,,조립가능,`FACT_GA_BEHAVIOR` → `DIM_GA_EVENT` FK 생존(비영 존재)
회원,3. 서비스,3-5. [회원] 참여콘텐츠분석보고 (온라인이벤트) *일간기준 · GA 필드,event_action,공101,DIM_GA_EVENT,지표사전,,,FACT_GA_BEHAVIOR,,,조립가능,`FACT_GA_BEHAVIOR` → `DIM_GA_EVENT` FK 생존(비영 존재)
회원,3. 서비스,3-6. [회원] 참여콘텐츠분석보고 (문화이벤트) *일간기준 · CRM 필드,행사구분,(215밖),DIM_EVENT.EVENT_CATEGORY,필드인벤토리,,,FACT_EVENT_PARTICIPATION,,,조립가능,`FACT_EVENT_PARTICIPATION` → `DIM_EVENT` FK 생존(비영 존재)
회원,3. 서비스,3-6. [회원] 참여콘텐츠분석보고 (문화이벤트) *일간기준 · CRM 필드,행사명,(215밖),DIM_EVENT.EVENT_NAME,필드인벤토리,,,FACT_EVENT_PARTICIPATION,,,조립가능,`FACT_EVENT_PARTICIPATION` → `DIM_EVENT` FK 생존(비영 존재)
회원,3. 서비스,3-6. [회원] 참여콘텐츠분석보고 (문화이벤트) *일간기준 · CRM 필드,행사기간,(215밖),DIM_EVENT.EVENT_START_DATE,필드인벤토리~,,,FACT_EVENT_PARTICIPATION,,,조립가능,`FACT_EVENT_PARTICIPATION` → `DIM_EVENT` FK 생존(비영 존재)
회원,3. 서비스,3-6. [회원] 참여콘텐츠분석보고 (문화이벤트) *일간기준 · CRM 필드,모집인원,(215밖),FACT_EVENT_PARTICIPATION.RECRUIT_CNT,필드인벤토리,,,FACT_EVENT_PARTICIPATION,,,조립가능,앵커 팩트 `FACT_EVENT_PARTICIPATION` 자체의 컬럼
회원,3. 서비스,3-6. [회원] 참여콘텐츠분석보고 (문화이벤트) *일간기준 · CRM 필드,총 인원,(215밖),FACT_EVENT_PARTICIPATION.TOTAL_CNT,필드인벤토리,,,FACT_EVENT_PARTICIPATION,,,조립가능,앵커 팩트 `FACT_EVENT_PARTICIPATION` 자체의 컬럼
회원,3. 서비스,3-6. [회원] 참여콘텐츠분석보고 (문화이벤트) *일간기준 · CRM 필드,대기인원,(215밖),FACT_EVENT_PARTICIPATION.WAIT_CNT,필드인벤토리,,,FACT_EVENT_PARTICIPATION,,,조립가능,앵커 팩트 `FACT_EVENT_PARTICIPATION` 자체의 컬럼
회원,3. 서비스,3-6. [회원] 참여콘텐츠분석보고 (문화이벤트) *일간기준 · CRM 필드,취소인원,(215밖),FACT_EVENT_PARTICIPATION.CANCEL_CNT,필드인벤토리,,,FACT_EVENT_PARTICIPATION,,,조립가능,앵커 팩트 `FACT_EVENT_PARTICIPATION` 자체의 컬럼
회원,3. 서비스,3-6. [회원] 참여콘텐츠분석보고 (문화이벤트) *일간기준 · CRM 필드,신청확정인원,(215밖),FACT_EVENT_PARTICIPATION.CONFIRM_CNT,필드인벤토리,,,FACT_EVENT_PARTICIPATION,,,값없음,"`FACT_EVENT_PARTICIPATION.CONFIRM_CNT` 전건 0 (1,134,126행)"
회원,3. 서비스,3-6. [회원] 참여콘텐츠분석보고 (문화이벤트) *일간기준 · CRM 필드,참여인원,(215밖),FACT_EVENT_PARTICIPATION.PARTICIPATE_CNT,필드인벤토리,,,FACT_EVENT_PARTICIPATION,,,조립가능,앵커 팩트 `FACT_EVENT_PARTICIPATION` 자체의 컬럼
회원,3. 서비스,3-6. [회원] 참여콘텐츠분석보고 (문화이벤트) *일간기준 · CRM 필드,불참인원,(215밖),FACT_EVENT_PARTICIPATION.ABSENT_CNT,필드인벤토리,,,FACT_EVENT_PARTICIPATION,,,조립가능,앵커 팩트 `FACT_EVENT_PARTICIPATION` 자체의 컬럼
회원,3. 서비스,3-6. [회원] 참여콘텐츠분석보고 (문화이벤트) *일간기준 · CRM 필드,행사명 *(중복)*,(215밖),DIM_EVENT.EVENT_NAME,필드인벤토리,,,FACT_EVENT_PARTICIPATION,,,조립가능,`FACT_EVENT_PARTICIPATION` → `DIM_EVENT` FK 생존(비영 존재)
회원,3. 서비스,3-6. [회원] 참여콘텐츠분석보고 (문화이벤트) *일간기준 · CRM 필드,신청일자,,(미매칭 — GOLD 물리·SV 대응 미확인),(미매칭),,,FACT_EVENT_PARTICIPATION,,,판정불가,GOLD 매핑이 물리 컬럼 형태가 아니다(미정·비고 등)
회원,3. 서비스,3-6. [회원] 참여콘텐츠분석보고 (문화이벤트) *일간기준 · CRM 필드,법인구분,공114,DIM_ORG.CORP,필드인벤토리·별칭등록부,,,FACT_EVENT_PARTICIPATION,,,값없음,"`DIM_ORG.CORP` 전건 NULL (1,315행)"
회원,3. 서비스,3-6. [회원] 참여콘텐츠분석보고 (문화이벤트) *일간기준 · CRM 필드,회원번호,,DIM_MEMBER.MEMBER_DK,교정등록부(WRONG_DIM),WRONG_DIM,DIM_MEMBER.MEMBER_DK,FACT_EVENT_PARTICIPATION,,,조립가능,"[매핑교정 WRONG_DIM] `DIM_MEMBER_IDENTITY` 는 GA↔CRM 신원 브리지 전용 차원이고 **CRM 팩트에서 가는 FK 가 없다**. 회원번호는 모든 팩트에 `MEMBER_DK` 로 실재하고 `DIM_MEMBER` 자연키 조인이 살아 있다. 이 오매핑이 12필드에 걸쳐 반복됐다. ▸ 종전 매핑 `DIM_MEMBER.MEMBER_DK` → 교정 `DIM_MEMBER.MEMBER_DK` ▸ 앵커 팩트 `FACT_EVENT_PARTICIPATION` 가 **동명 degenerate 컬럼 `MEMBER_DK` 을 직접 보유**한다 (실측 채움 1,134,126/1,134,126) — `DIM_MEMBER` 를 경유할 필요가 없다. 매핑을 앵커 로컬로 교정할 것(O47·P96-②)"
회원,3. 서비스,3-6. [회원] 참여콘텐츠분석보고 (문화이벤트) *일간기준 · CRM 필드,회원상태,공132,DIM_MEMBER,지표사전,,,FACT_EVENT_PARTICIPATION,,,조립가능,"`FACT_EVENT_PARTICIPATION` → `DIM_MEMBER` FK 생존(비영 존재) ▸ 🔴 `DIM_MEMBER` 는 **SCD2** 다 — 실측(O56) **7,925,716행 / 회원 1,763,065**(현재행 1,763,065). `IS_CURRENT = TRUE` 없이 조인하면 **4.49배 팬아웃**한다(FGA 실측 68,836 → 161,729 = 2.35배). ⇒ `DIM_MEMBER_CURRENT` 를 쓰거나 `IS_CURRENT = TRUE` 를 명시할 것"
회원,3. 서비스,3-6. [회원] 참여콘텐츠분석보고 (문화이벤트) *일간기준 · CRM 필드,참여상태,(215밖),FACT_EVENT_PARTICIPATION.PART_STATUS,필드인벤토리,,,FACT_EVENT_PARTICIPATION,,,조립가능,앵커 팩트 `FACT_EVENT_PARTICIPATION` 자체의 컬럼
회원,3. 서비스,3-6. [회원] 참여콘텐츠분석보고 (문화이벤트) *일간기준 · CRM 필드,본인참여,(215밖),FACT_EVENT_PARTICIPATION.SELF_PART_FLAG,필드인벤토리,,,FACT_EVENT_PARTICIPATION,,,값없음,"`FACT_EVENT_PARTICIPATION.SELF_PART_FLAG` 전건 NULL (1,134,126행)"
회원,3. 서비스,3-6. [회원] 참여콘텐츠분석보고 (문화이벤트) *일간기준 · CRM 필드,후원사업명,,FACT_MEMBER_FEE.SPONSORSHIP_SK (회비) / DIM_MEMBER_ACQUISITION.ACQ_SPONSORSHIP_SK (획득),교정등록부(OPENED_O45),OPENED_O45,FACT_MEMBER_FEE.SPONSORSHIP_SK (회비) / DIM_MEMBER_ACQUISITION.ACQ_SPONSORSHIP_SK (획득),FACT_EVENT_PARTICIPATION,,,조립가능,[매핑교정 OPENED_O45] 위 「후원사업」과 동일 — 🔴 같은 라벨이 두 축이다. ▸ 종전 매핑 `FACT_MEMBER_FEE.SPONSORSHIP_SK (회비) / DIM_MEMBER_ACQUISITION.ACQ_SPONSORSHIP_SK (획득)` → 교정 `FACT_MEMBER_FEE.SPONSORSHIP_SK (회비) / DIM_MEMBER_ACQUISITION.ACQ_SPONSORSHIP_SK (획득)` ▸ [축 병기 — 앵커 `FACT_EVENT_PARTICIPATION` 에 맞는 축 선택] `DIM_MEMBER_ACQUISITION.ACQ_SPONSORSHIP_SK` ▸ `FACT_EVENT_PARTICIPATION` → `DIM_MEMBER_ACQUISITION` FK 생존(비영 존재) ▸ 다른 병기 축 `FACT_MEMBER_FEE.SPONSORSHIP_SK` 은 `배분규칙필요` (O47)
회원,3. 서비스,3-6. [회원] 참여콘텐츠분석보고 (문화이벤트) *일간기준 · CRM 필드,후원금액,(215밖),DIM_MEMBER_ACQUISITION.ACQ_SPNSR_AMT,필드인벤토리~,,,FACT_EVENT_PARTICIPATION,,,조립가능,`FACT_EVENT_PARTICIPATION` → `DIM_MEMBER_ACQUISITION` FK 생존(비영 존재)
회원,3. 서비스,3-6. [회원] 참여콘텐츠분석보고 (문화이벤트) *일간기준 · CRM 필드,신청경로,(215밖),DIM_EVENT.APPLY_CHANNEL,필드인벤토리,,,FACT_EVENT_PARTICIPATION,,,값없음,"`DIM_EVENT.APPLY_CHANNEL` 전건 NULL (3,787행)"
회원,3. 서비스,3-6. [회원] 참여콘텐츠분석보고 (문화이벤트) *일간기준 · CRM 필드,성별,공130,DIM_MEMBER,지표사전,,,FACT_EVENT_PARTICIPATION,,,조립가능,"`FACT_EVENT_PARTICIPATION` → `DIM_MEMBER` FK 생존(비영 존재) ▸ 🔴 `DIM_MEMBER` 는 **SCD2** 다 — 실측(O56) **7,925,716행 / 회원 1,763,065**(현재행 1,763,065). `IS_CURRENT = TRUE` 없이 조인하면 **4.49배 팬아웃**한다(FGA 실측 68,836 → 161,729 = 2.35배). ⇒ `DIM_MEMBER_CURRENT` 를 쓰거나 `IS_CURRENT = TRUE` 를 명시할 것"
회원,3. 서비스,3-6. [회원] 참여콘텐츠분석보고 (문화이벤트) *일간기준 · CRM 필드,연령,(215밖),DIM_MEMBER.AGE_BAND,필드인벤토리·별칭등록부,,,FACT_EVENT_PARTICIPATION,,,조립가능,"`FACT_EVENT_PARTICIPATION` → `DIM_MEMBER` FK 생존(비영 존재) ▸ 🔴 `DIM_MEMBER` 는 **SCD2** 다 — 실측(O56) **7,925,716행 / 회원 1,763,065**(현재행 1,763,065). `IS_CURRENT = TRUE` 없이 조인하면 **4.49배 팬아웃**한다(FGA 실측 68,836 → 161,729 = 2.35배). ⇒ `DIM_MEMBER_CURRENT` 를 쓰거나 `IS_CURRENT = TRUE` 를 명시할 것"
회원,3. 서비스,3-6. [회원] 참여콘텐츠분석보고 (문화이벤트) *일간기준 · CRM 필드,대기횟수,(215밖),FACT_EVENT_PARTICIPATION.WAIT_TIMES,필드인벤토리,,,FACT_EVENT_PARTICIPATION,,,값없음,"`FACT_EVENT_PARTICIPATION.WAIT_TIMES` 전건 0 (1,134,126행)"
회원,3. 서비스,3-6. [회원] 참여콘텐츠분석보고 (문화이벤트) *일간기준 · CRM 필드,불참횟수,(215밖),FACT_EVENT_PARTICIPATION.ABSENT_TIMES,필드인벤토리,,,FACT_EVENT_PARTICIPATION,,,값없음,"`FACT_EVENT_PARTICIPATION.ABSENT_TIMES` 전건 0 (1,134,126행)"
회원,3. 서비스,3-6. [회원] 참여콘텐츠분석보고 (문화이벤트) *일간기준 · CRM 필드,참여횟수,(215밖),FACT_EVENT_PARTICIPATION.PARTICIPATION_TIMES,필드인벤토리,,,FACT_EVENT_PARTICIPATION,,,값없음,"`FACT_EVENT_PARTICIPATION.PARTICIPATION_TIMES` 전건 0 (1,134,126행)"
회원,3. 서비스,3-6. [회원] 참여콘텐츠분석보고 (문화이벤트) *일간기준 · CRM 필드,누적 신청 횟수,(215밖),FACT_EVENT_PARTICIPATION.CUM_APPLY_TIMES,필드인벤토리,,,FACT_EVENT_PARTICIPATION,,,값없음,"`FACT_EVENT_PARTICIPATION.CUM_APPLY_TIMES` 전건 0 (1,134,126행)"
회원,3. 서비스,3-6. [회원] 참여콘텐츠분석보고 (문화이벤트) *일간기준 · CRM 필드,증액여부(Y/N),(215밖),FACT_EVENT_PARTICIPATION.INCREASE_FLAG,필드인벤토리~,,,FACT_EVENT_PARTICIPATION,,,조립가능,앵커 팩트 `FACT_EVENT_PARTICIPATION` 자체의 컬럼
회원,3. 서비스,3-6. [회원] 참여콘텐츠분석보고 (문화이벤트) *일간기준 · CRM 필드,조회수,공96,FACT_GA_BEHAVIOR.VIEW_CNT,필드인벤토리~,,,FACT_EVENT_PARTICIPATION,,,타원천,원천 상이 — `FACT_EVENT_PARTICIPATION`=CRM vs `FACT_GA_BEHAVIOR`=GA4. 연결키 확보 전 교차 금지
회원,3. 서비스,3-6. [회원] 참여콘텐츠분석보고 (문화이벤트) *일간기준 · GA 필드,세션수,공97,FACT_GA_BEHAVIOR.SESSION_CNT,필드인벤토리~,,,FACT_GA_BEHAVIOR,,,조립가능,앵커 팩트 `FACT_GA_BEHAVIOR` 자체의 컬럼
회원,3. 서비스,3-6. [회원] 참여콘텐츠분석보고 (문화이벤트) *일간기준 · GA 필드,참여 세션수,(215밖),FACT_GA_BEHAVIOR.ENGAGED_SESSIONS,필드인벤토리,,,FACT_GA_BEHAVIOR,,,조립가능,앵커 팩트 `FACT_GA_BEHAVIOR` 자체의 컬럼
회원,3. 서비스,3-6. [회원] 참여콘텐츠분석보고 (문화이벤트) *일간기준 · GA 필드,이탈률,공108,FACT_GA_BEHAVIOR.BOUNCE_RATE,필드인벤토리,,,FACT_GA_BEHAVIOR,,,값없음,"`FACT_GA_BEHAVIOR.BOUNCE_RATE` 전건 NULL (4,376,339행)"
회원,3. 서비스,3-6. [회원] 참여콘텐츠분석보고 (문화이벤트) *일간기준 · GA 필드,평균 세션시간,공98,FACT_GA_BEHAVIOR.AVG_SESSION_DURATION,필드인벤토리,,,FACT_GA_BEHAVIOR,,,값없음,"`FACT_GA_BEHAVIOR.AVG_SESSION_DURATION` 전건 NULL (4,376,339행)"
회원,3. 서비스,3-6. [회원] 참여콘텐츠분석보고 (문화이벤트) *일간기준 · GA 필드,세션캠페인,공102,FACT_GA_BEHAVIOR.CAMPAIGN_SK,필드인벤토리,,,FACT_GA_BEHAVIOR,,,값없음,"`FACT_GA_BEHAVIOR.CAMPAIGN_SK` 전건 0 (4,376,339행)"
회원,3. 서비스,3-6. [회원] 참여콘텐츠분석보고 (문화이벤트) *일간기준 · GA 필드,세션수동콘텐츠,공103,DIM_GA_SOURCE.UTM_CONTENT,필드인벤토리·별칭등록부,,,FACT_GA_BEHAVIOR,,,조립가능,`FACT_GA_BEHAVIOR` → `DIM_GA_SOURCE` FK 생존(비영 존재)
회원,3. 서비스,3-6. [회원] 참여콘텐츠분석보고 (문화이벤트) *일간기준 · GA 필드,세션수동검색어,공104,DIM_GA_SOURCE.UTM_TERM,필드인벤토리,,,FACT_GA_BEHAVIOR,,,조립가능,`FACT_GA_BEHAVIOR` → `DIM_GA_SOURCE` FK 생존(비영 존재)
회원,3. 서비스,3-6. [회원] 참여콘텐츠분석보고 (문화이벤트) *일간기준 · GA 필드,세션 소스/매체,공109,DIM_GA_SOURCE.SOURCE_MEDIUM,필드인벤토리,,,FACT_GA_BEHAVIOR,,,조립가능,`FACT_GA_BEHAVIOR` → `DIM_GA_SOURCE` FK 생존(비영 존재)
회원,3. 서비스,3-6. [회원] 참여콘텐츠분석보고 (문화이벤트) *일간기준 · GA 필드,페이지경로,공105,FACT_GA_BEHAVIOR.PAGE_PATH,필드인벤토리~,,,FACT_GA_BEHAVIOR,,,조립가능,앵커 팩트 `FACT_GA_BEHAVIOR` 자체의 컬럼
회원,3. 서비스,3-6. [회원] 참여콘텐츠분석보고 (문화이벤트) *일간기준 · GA 필드,페이지위치,공106,FACT_GA_BEHAVIOR.PAGE_LOCATION,필드인벤토리,,,FACT_GA_BEHAVIOR,,,조립가능,앵커 팩트 `FACT_GA_BEHAVIOR` 자체의 컬럼
회원,3. 서비스,3-6. [회원] 참여콘텐츠분석보고 (문화이벤트) *일간기준 · GA 필드,event_category,공99,DIM_GA_EVENT,지표사전,,,FACT_GA_BEHAVIOR,,,조립가능,`FACT_GA_BEHAVIOR` → `DIM_GA_EVENT` FK 생존(비영 존재)
회원,3. 서비스,3-6. [회원] 참여콘텐츠분석보고 (문화이벤트) *일간기준 · GA 필드,event_label,공100,DIM_GA_EVENT,지표사전,,,FACT_GA_BEHAVIOR,,,조립가능,`FACT_GA_BEHAVIOR` → `DIM_GA_EVENT` FK 생존(비영 존재)
회원,3. 서비스,3-6. [회원] 참여콘텐츠분석보고 (문화이벤트) *일간기준 · GA 필드,event_action,공101,DIM_GA_EVENT,지표사전,,,FACT_GA_BEHAVIOR,,,조립가능,`FACT_GA_BEHAVIOR` → `DIM_GA_EVENT` FK 생존(비영 존재)
회원,3. 서비스,3-6. [회원] 참여콘텐츠분석보고 (문화이벤트) *일간기준 · GA 필드,이벤트수,공95,FACT_GA_BEHAVIOR.EVENT_CNT,필드인벤토리~,,,FACT_GA_BEHAVIOR,,,조립가능,앵커 팩트 `FACT_GA_BEHAVIOR` 자체의 컬럼
회원,3. 서비스,3-6. [회원] 참여콘텐츠분석보고 (문화이벤트) *일간기준 · GA 필드,활성사용자,공93,FACT_GA_BEHAVIOR.ACTIVE_USERS,필드인벤토리~,,,FACT_GA_BEHAVIOR,,,조립가능,앵커 팩트 `FACT_GA_BEHAVIOR` 자체의 컬럼
회원,3. 서비스,3-6. [회원] 참여콘텐츠분석보고 (문화이벤트) *일간기준 · GA 필드,총사용자,공94,FACT_GA_BEHAVIOR.TOTAL_USERS,필드인벤토리~,,,FACT_GA_BEHAVIOR,,,조립가능,앵커 팩트 `FACT_GA_BEHAVIOR` 자체의 컬럼
회원,3. 서비스,3-7. [회원] 앱참여수치분석보고 *월간기준 · 좌측 컬럼 (CRM/GA/어드민 혼합),홈페이지 ID,(215밖),DIM_MEMBER_IDENTITY.HOMEPAGE_ID,필드인벤토리,,,FACT_GA_BEHAVIOR,FACT_GA_BEHAVIOR / FACT_SERVICE_EVENT,,조립가능,"⚠️ **앵커 경합** — 이 섹션은 `FACT_GA_BEHAVIOR / FACT_SERVICE_EVENT` 가 동수로 경합하는 **혼합 섹션**이라 앵커를 하나 고르는 것 자체가 임의적이다. 판정은 `FACT_GA_BEHAVIOR` 기준이며, **이 섹션은 한 표가 아니라 경합 팩트 수만큼의 쿼리로 나눠야 한다**(O47-B) ▸ `FACT_GA_BEHAVIOR` → `DIM_MEMBER_IDENTITY` FK 생존(비영 존재)"
회원,3. 서비스,3-7. [회원] 앱참여수치분석보고 *월간기준 · 좌측 컬럼 (CRM/GA/어드민 혼합),성별,공130,DIM_MEMBER,지표사전,,,FACT_GA_BEHAVIOR,FACT_GA_BEHAVIOR / FACT_SERVICE_EVENT,,조립가능,"⚠️ **앵커 경합** — 이 섹션은 `FACT_GA_BEHAVIOR / FACT_SERVICE_EVENT` 가 동수로 경합하는 **혼합 섹션**이라 앵커를 하나 고르는 것 자체가 임의적이다. 판정은 `FACT_GA_BEHAVIOR` 기준이며, **이 섹션은 한 표가 아니라 경합 팩트 수만큼의 쿼리로 나눠야 한다**(O47-B) ▸ `FACT_GA_BEHAVIOR` → `DIM_MEMBER_IDENTITY` → `DIM_MEMBER` **2홉 브리지 경유**(브리지 FK 생존 · 조인키 `MEMBER_DK`) ▸ `FGA` 에 `MEMBER_DK` 가 없다는 사실은 **회원 축 도달불가를 뜻하지 않는다** — `DIM_MEMBER_IDENTITY` 가 **전건 1:1 브리지**다(실측 O56: 1,763,066행 · `IDENTITY_SK` 유일 1,763,066 · `MEMBER_DK` 유일 1,763,066 · NULL 0). 2홉 조인 실측: base 68,836 → **47,112**(= 68,836 − unknown 21,724 **정확히 일치** ⇒ 실회원 행 전건 매칭 · 팬아웃 0) · 3홉(+`DIM_MEMBER_ACQUISITION`) 45,792. 채움(분모 = 실회원 행 47,112 · P128): 성별 **47,112 = 100%** · 연령대·지역 **45,601 = 96.79%** · 획득축 **45,792 = 97.20%**. 🔴 단서 두 가지: ㉮ `IDENTITY_SK = 0`(unknown) **21,724행 = 31.6%** 이므로 **분모로 쓰면 과소**다 — 실회원 모집단을 명시할 것 ㉯ 🔴 **`DIM_MEMBER` 를 직접 조인하지 말 것** — SCD2 라서 **7,925,716행**(회원 1,763,065)이고 필터 없이 조인하면 **161,729행 = 2.35배 팬아웃**한다. `DIM_MEMBER_CURRENT` 또는 `IS_CURRENT = TRUE` 를 쓰면 47,112 로 정확하다 ▸ 🔴 `DIM_MEMBER` 는 **SCD2** 다 — 실측(O56) **7,925,716행 / 회원 1,763,065**(현재행 1,763,065). `IS_CURRENT = TRUE` 없이 조인하면 **4.49배 팬아웃**한다(FGA 실측 68,836 → 161,729 = 2.35배). ⇒ `DIM_MEMBER_CURRENT` 를 쓰거나 `IS_CURRENT = TRUE` 를 명시할 것"
회원,3. 서비스,3-7. [회원] 앱참여수치분석보고 *월간기준 · 좌측 컬럼 (CRM/GA/어드민 혼합),연령대,(215밖),DIM_MEMBER.AGE_BAND,필드인벤토리,,,FACT_GA_BEHAVIOR,FACT_GA_BEHAVIOR / FACT_SERVICE_EVENT,,조립가능,"⚠️ **앵커 경합** — 이 섹션은 `FACT_GA_BEHAVIOR / FACT_SERVICE_EVENT` 가 동수로 경합하는 **혼합 섹션**이라 앵커를 하나 고르는 것 자체가 임의적이다. 판정은 `FACT_GA_BEHAVIOR` 기준이며, **이 섹션은 한 표가 아니라 경합 팩트 수만큼의 쿼리로 나눠야 한다**(O47-B) ▸ `FACT_GA_BEHAVIOR` → `DIM_MEMBER_IDENTITY` → `DIM_MEMBER` **2홉 브리지 경유**(브리지 FK 생존 · 조인키 `MEMBER_DK`) ▸ `FGA` 에 `MEMBER_DK` 가 없다는 사실은 **회원 축 도달불가를 뜻하지 않는다** — `DIM_MEMBER_IDENTITY` 가 **전건 1:1 브리지**다(실측 O56: 1,763,066행 · `IDENTITY_SK` 유일 1,763,066 · `MEMBER_DK` 유일 1,763,066 · NULL 0). 2홉 조인 실측: base 68,836 → **47,112**(= 68,836 − unknown 21,724 **정확히 일치** ⇒ 실회원 행 전건 매칭 · 팬아웃 0) · 3홉(+`DIM_MEMBER_ACQUISITION`) 45,792. 채움(분모 = 실회원 행 47,112 · P128): 성별 **47,112 = 100%** · 연령대·지역 **45,601 = 96.79%** · 획득축 **45,792 = 97.20%**. 🔴 단서 두 가지: ㉮ `IDENTITY_SK = 0`(unknown) **21,724행 = 31.6%** 이므로 **분모로 쓰면 과소**다 — 실회원 모집단을 명시할 것 ㉯ 🔴 **`DIM_MEMBER` 를 직접 조인하지 말 것** — SCD2 라서 **7,925,716행**(회원 1,763,065)이고 필터 없이 조인하면 **161,729행 = 2.35배 팬아웃**한다. `DIM_MEMBER_CURRENT` 또는 `IS_CURRENT = TRUE` 를 쓰면 47,112 로 정확하다 ▸ 🔴 `DIM_MEMBER` 는 **SCD2** 다 — 실측(O56) **7,925,716행 / 회원 1,763,065**(현재행 1,763,065). `IS_CURRENT = TRUE` 없이 조인하면 **4.49배 팬아웃**한다(FGA 실측 68,836 → 161,729 = 2.35배). ⇒ `DIM_MEMBER_CURRENT` 를 쓰거나 `IS_CURRENT = TRUE` 를 명시할 것"
회원,3. 서비스,3-7. [회원] 앱참여수치분석보고 *월간기준 · 좌측 컬럼 (CRM/GA/어드민 혼합),지역,공131,DIM_MEMBER.REGION,필드인벤토리,,,FACT_GA_BEHAVIOR,FACT_GA_BEHAVIOR / FACT_SERVICE_EVENT,,조립가능,"⚠️ **앵커 경합** — 이 섹션은 `FACT_GA_BEHAVIOR / FACT_SERVICE_EVENT` 가 동수로 경합하는 **혼합 섹션**이라 앵커를 하나 고르는 것 자체가 임의적이다. 판정은 `FACT_GA_BEHAVIOR` 기준이며, **이 섹션은 한 표가 아니라 경합 팩트 수만큼의 쿼리로 나눠야 한다**(O47-B) ▸ `FACT_GA_BEHAVIOR` → `DIM_MEMBER_IDENTITY` → `DIM_MEMBER` **2홉 브리지 경유**(브리지 FK 생존 · 조인키 `MEMBER_DK`) ▸ `FGA` 에 `MEMBER_DK` 가 없다는 사실은 **회원 축 도달불가를 뜻하지 않는다** — `DIM_MEMBER_IDENTITY` 가 **전건 1:1 브리지**다(실측 O56: 1,763,066행 · `IDENTITY_SK` 유일 1,763,066 · `MEMBER_DK` 유일 1,763,066 · NULL 0). 2홉 조인 실측: base 68,836 → **47,112**(= 68,836 − unknown 21,724 **정확히 일치** ⇒ 실회원 행 전건 매칭 · 팬아웃 0) · 3홉(+`DIM_MEMBER_ACQUISITION`) 45,792. 채움(분모 = 실회원 행 47,112 · P128): 성별 **47,112 = 100%** · 연령대·지역 **45,601 = 96.79%** · 획득축 **45,792 = 97.20%**. 🔴 단서 두 가지: ㉮ `IDENTITY_SK = 0`(unknown) **21,724행 = 31.6%** 이므로 **분모로 쓰면 과소**다 — 실회원 모집단을 명시할 것 ㉯ 🔴 **`DIM_MEMBER` 를 직접 조인하지 말 것** — SCD2 라서 **7,925,716행**(회원 1,763,065)이고 필터 없이 조인하면 **161,729행 = 2.35배 팬아웃**한다. `DIM_MEMBER_CURRENT` 또는 `IS_CURRENT = TRUE` 를 쓰면 47,112 로 정확하다 ▸ 🔴 `DIM_MEMBER` 는 **SCD2** 다 — 실측(O56) **7,925,716행 / 회원 1,763,065**(현재행 1,763,065). `IS_CURRENT = TRUE` 없이 조인하면 **4.49배 팬아웃**한다(FGA 실측 68,836 → 161,729 = 2.35배). ⇒ `DIM_MEMBER_CURRENT` 를 쓰거나 `IS_CURRENT = TRUE` 를 명시할 것"
회원,3. 서비스,3-7. [회원] 앱참여수치분석보고 *월간기준 · 좌측 컬럼 (CRM/GA/어드민 혼합),후원사업,,FACT_MEMBER_FEE.SPONSORSHIP_SK (회비) / DIM_MEMBER_ACQUISITION.ACQ_SPONSORSHIP_SK (획득),교정등록부(OPENED_O45),OPENED_O45,FACT_MEMBER_FEE.SPONSORSHIP_SK (회비) / DIM_MEMBER_ACQUISITION.ACQ_SPONSORSHIP_SK (획득),FACT_GA_BEHAVIOR,FACT_GA_BEHAVIOR / FACT_SERVICE_EVENT,,조립가능,"⚠️ **앵커 경합** — 이 섹션은 `FACT_GA_BEHAVIOR / FACT_SERVICE_EVENT` 가 동수로 경합하는 **혼합 섹션**이라 앵커를 하나 고르는 것 자체가 임의적이다. 판정은 `FACT_GA_BEHAVIOR` 기준이며, **이 섹션은 한 표가 아니라 경합 팩트 수만큼의 쿼리로 나눠야 한다**(O47-B) ▸ [매핑교정 OPENED_O45] 🔴 **같은 라벨이 두 축이다**. 회비·미납 분석의 후원사업 = **납입 대상**(회비 행에 붙은 값, `SPNSR_BSNS_ID` 채움 99.83%) → `FACT_MEMBER_FEE`. 개발·중단·회원특성 분석의 후원사업 = **획득 시점**(그 회원을 데려온 사업) → `DIM_MEMBER_ACQUISITION`. 한 회원이 여러 후원사업에 내므로 회원-월 grain 에 하나로 붙일 수 없다(회원-월 37,148,615 → 회원-월-후원사업 39,563,730). ⚠️ 목표(`FACT_TARGET_DEV`)에는 후원사업 축이 없어 **목표 대비 후원사업별 달성률은 불가**하다. ▸ 종전 매핑 `FACT_MEMBER_FEE.SPONSORSHIP_SK (회비) / DIM_MEMBER_ACQUISITION.ACQ_SPONSORSHIP_SK (획득)` → 교정 `FACT_MEMBER_FEE.SPONSORSHIP_SK (회비) / DIM_MEMBER_ACQUISITION.ACQ_SPONSORSHIP_SK (획득)` ▸ [축 병기 — 앵커 `FACT_GA_BEHAVIOR` 에 맞는 축 선택] `DIM_MEMBER_ACQUISITION.ACQ_SPONSORSHIP_SK` ▸ `FACT_GA_BEHAVIOR` → `DIM_MEMBER_IDENTITY` → `DIM_MEMBER_ACQUISITION` **2홉 브리지 경유**(브리지 FK 생존 · 조인키 `MEMBER_DK`) ▸ `FGA` 에 `MEMBER_DK` 가 없다는 사실은 **회원 축 도달불가를 뜻하지 않는다** — `DIM_MEMBER_IDENTITY` 가 **전건 1:1 브리지**다(실측 O56: 1,763,066행 · `IDENTITY_SK` 유일 1,763,066 · `MEMBER_DK` 유일 1,763,066 · NULL 0). 2홉 조인 실측: base 68,836 → **47,112**(= 68,836 − unknown 21,724 **정확히 일치** ⇒ 실회원 행 전건 매칭 · 팬아웃 0) · 3홉(+`DIM_MEMBER_ACQUISITION`) 45,792. 채움(분모 = 실회원 행 47,112 · P128): 성별 **47,112 = 100%** · 연령대·지역 **45,601 = 96.79%** · 획득축 **45,792 = 97.20%**. 🔴 단서 두 가지: ㉮ `IDENTITY_SK = 0`(unknown) **21,724행 = 31.6%** 이므로 **분모로 쓰면 과소**다 — 실회원 모집단을 명시할 것 ㉯ 🔴 **`DIM_MEMBER` 를 직접 조인하지 말 것** — SCD2 라서 **7,925,716행**(회원 1,763,065)이고 필터 없이 조인하면 **161,729행 = 2.35배 팬아웃**한다. `DIM_MEMBER_CURRENT` 또는 `IS_CURRENT = TRUE` 를 쓰면 47,112 로 정확하다 ▸ 다른 병기 축 `FACT_MEMBER_FEE.SPONSORSHIP_SK` 은 `타원천` (O47)"
회원,3. 서비스,3-7. [회원] 앱참여수치분석보고 *월간기준 · 좌측 컬럼 (CRM/GA/어드민 혼합),상위캠페인,,DIM_MEMBER_ACQUISITION.ACQ_PARENT_CAMPAIGN_NAME,교정등록부(OPENED_O45),OPENED_O45,DIM_MEMBER_ACQUISITION.ACQ_PARENT_CAMPAIGN_NAME,FACT_GA_BEHAVIOR,FACT_GA_BEHAVIOR / FACT_SERVICE_EVENT,,조립가능,"⚠️ **앵커 경합** — 이 섹션은 `FACT_GA_BEHAVIOR / FACT_SERVICE_EVENT` 가 동수로 경합하는 **혼합 섹션**이라 앵커를 하나 고르는 것 자체가 임의적이다. 판정은 `FACT_GA_BEHAVIOR` 기준이며, **이 섹션은 한 표가 아니라 경합 팩트 수만큼의 쿼리로 나눠야 한다**(O47-B) ▸ [매핑교정 OPENED_O45] 위와 동일 경로. ▸ 종전 매핑 `DIM_MEMBER_ACQUISITION.ACQ_PARENT_CAMPAIGN_NAME` → 교정 `DIM_MEMBER_ACQUISITION.ACQ_PARENT_CAMPAIGN_NAME` ▸ `FACT_GA_BEHAVIOR` → `DIM_MEMBER_IDENTITY` → `DIM_MEMBER_ACQUISITION` **2홉 브리지 경유**(브리지 FK 생존 · 조인키 `MEMBER_DK`) ▸ `FGA` 에 `MEMBER_DK` 가 없다는 사실은 **회원 축 도달불가를 뜻하지 않는다** — `DIM_MEMBER_IDENTITY` 가 **전건 1:1 브리지**다(실측 O56: 1,763,066행 · `IDENTITY_SK` 유일 1,763,066 · `MEMBER_DK` 유일 1,763,066 · NULL 0). 2홉 조인 실측: base 68,836 → **47,112**(= 68,836 − unknown 21,724 **정확히 일치** ⇒ 실회원 행 전건 매칭 · 팬아웃 0) · 3홉(+`DIM_MEMBER_ACQUISITION`) 45,792. 채움(분모 = 실회원 행 47,112 · P128): 성별 **47,112 = 100%** · 연령대·지역 **45,601 = 96.79%** · 획득축 **45,792 = 97.20%**. 🔴 단서 두 가지: ㉮ `IDENTITY_SK = 0`(unknown) **21,724행 = 31.6%** 이므로 **분모로 쓰면 과소**다 — 실회원 모집단을 명시할 것 ㉯ 🔴 **`DIM_MEMBER` 를 직접 조인하지 말 것** — SCD2 라서 **7,925,716행**(회원 1,763,065)이고 필터 없이 조인하면 **161,729행 = 2.35배 팬아웃**한다. `DIM_MEMBER_CURRENT` 또는 `IS_CURRENT = TRUE` 를 쓰면 47,112 로 정확하다"
회원,3. 서비스,3-7. [회원] 앱참여수치분석보고 *월간기준 · 좌측 컬럼 (CRM/GA/어드민 혼합),가입캠페인,(215밖),DIM_MEMBER_ACQUISITION.ACQ_CAMPAIGN_NAME,필드인벤토리,,,FACT_GA_BEHAVIOR,FACT_GA_BEHAVIOR / FACT_SERVICE_EVENT,,조립가능,"⚠️ **앵커 경합** — 이 섹션은 `FACT_GA_BEHAVIOR / FACT_SERVICE_EVENT` 가 동수로 경합하는 **혼합 섹션**이라 앵커를 하나 고르는 것 자체가 임의적이다. 판정은 `FACT_GA_BEHAVIOR` 기준이며, **이 섹션은 한 표가 아니라 경합 팩트 수만큼의 쿼리로 나눠야 한다**(O47-B) ▸ `FACT_GA_BEHAVIOR` → `DIM_MEMBER_IDENTITY` → `DIM_MEMBER_ACQUISITION` **2홉 브리지 경유**(브리지 FK 생존 · 조인키 `MEMBER_DK`) ▸ `FGA` 에 `MEMBER_DK` 가 없다는 사실은 **회원 축 도달불가를 뜻하지 않는다** — `DIM_MEMBER_IDENTITY` 가 **전건 1:1 브리지**다(실측 O56: 1,763,066행 · `IDENTITY_SK` 유일 1,763,066 · `MEMBER_DK` 유일 1,763,066 · NULL 0). 2홉 조인 실측: base 68,836 → **47,112**(= 68,836 − unknown 21,724 **정확히 일치** ⇒ 실회원 행 전건 매칭 · 팬아웃 0) · 3홉(+`DIM_MEMBER_ACQUISITION`) 45,792. 채움(분모 = 실회원 행 47,112 · P128): 성별 **47,112 = 100%** · 연령대·지역 **45,601 = 96.79%** · 획득축 **45,792 = 97.20%**. 🔴 단서 두 가지: ㉮ `IDENTITY_SK = 0`(unknown) **21,724행 = 31.6%** 이므로 **분모로 쓰면 과소**다 — 실회원 모집단을 명시할 것 ㉯ 🔴 **`DIM_MEMBER` 를 직접 조인하지 말 것** — SCD2 라서 **7,925,716행**(회원 1,763,065)이고 필터 없이 조인하면 **161,729행 = 2.35배 팬아웃**한다. `DIM_MEMBER_CURRENT` 또는 `IS_CURRENT = TRUE` 를 쓰면 47,112 로 정확하다"
회원,3. 서비스,3-7. [회원] 앱참여수치분석보고 *월간기준 · 좌측 컬럼 (CRM/GA/어드민 혼합),후원금액,(215밖),DIM_MEMBER_ACQUISITION.ACQ_SPNSR_AMT,필드인벤토리~,,,FACT_GA_BEHAVIOR,FACT_GA_BEHAVIOR / FACT_SERVICE_EVENT,,조립가능,"⚠️ **앵커 경합** — 이 섹션은 `FACT_GA_BEHAVIOR / FACT_SERVICE_EVENT` 가 동수로 경합하는 **혼합 섹션**이라 앵커를 하나 고르는 것 자체가 임의적이다. 판정은 `FACT_GA_BEHAVIOR` 기준이며, **이 섹션은 한 표가 아니라 경합 팩트 수만큼의 쿼리로 나눠야 한다**(O47-B) ▸ `FACT_GA_BEHAVIOR` → `DIM_MEMBER_IDENTITY` → `DIM_MEMBER_ACQUISITION` **2홉 브리지 경유**(브리지 FK 생존 · 조인키 `MEMBER_DK`) ▸ `FGA` 에 `MEMBER_DK` 가 없다는 사실은 **회원 축 도달불가를 뜻하지 않는다** — `DIM_MEMBER_IDENTITY` 가 **전건 1:1 브리지**다(실측 O56: 1,763,066행 · `IDENTITY_SK` 유일 1,763,066 · `MEMBER_DK` 유일 1,763,066 · NULL 0). 2홉 조인 실측: base 68,836 → **47,112**(= 68,836 − unknown 21,724 **정확히 일치** ⇒ 실회원 행 전건 매칭 · 팬아웃 0) · 3홉(+`DIM_MEMBER_ACQUISITION`) 45,792. 채움(분모 = 실회원 행 47,112 · P128): 성별 **47,112 = 100%** · 연령대·지역 **45,601 = 96.79%** · 획득축 **45,792 = 97.20%**. 🔴 단서 두 가지: ㉮ `IDENTITY_SK = 0`(unknown) **21,724행 = 31.6%** 이므로 **분모로 쓰면 과소**다 — 실회원 모집단을 명시할 것 ㉯ 🔴 **`DIM_MEMBER` 를 직접 조인하지 말 것** — SCD2 라서 **7,925,716행**(회원 1,763,065)이고 필터 없이 조인하면 **161,729행 = 2.35배 팬아웃**한다. `DIM_MEMBER_CURRENT` 또는 `IS_CURRENT = TRUE` 를 쓰면 47,112 로 정확하다"
회원,3. 서비스,3-7. [회원] 앱참여수치분석보고 *월간기준 · 좌측 컬럼 (CRM/GA/어드민 혼합),event_category,공99,DIM_GA_EVENT,지표사전,,,FACT_GA_BEHAVIOR,FACT_GA_BEHAVIOR / FACT_SERVICE_EVENT,,조립가능,"⚠️ **앵커 경합** — 이 섹션은 `FACT_GA_BEHAVIOR / FACT_SERVICE_EVENT` 가 동수로 경합하는 **혼합 섹션**이라 앵커를 하나 고르는 것 자체가 임의적이다. 판정은 `FACT_GA_BEHAVIOR` 기준이며, **이 섹션은 한 표가 아니라 경합 팩트 수만큼의 쿼리로 나눠야 한다**(O47-B) ▸ `FACT_GA_BEHAVIOR` → `DIM_GA_EVENT` FK 생존(비영 존재)"
회원,3. 서비스,3-7. [회원] 앱참여수치분석보고 *월간기준 · 좌측 컬럼 (CRM/GA/어드민 혼합),Event_action,공101,DIM_GA_EVENT,지표사전,,,FACT_GA_BEHAVIOR,FACT_GA_BEHAVIOR / FACT_SERVICE_EVENT,,조립가능,"⚠️ **앵커 경합** — 이 섹션은 `FACT_GA_BEHAVIOR / FACT_SERVICE_EVENT` 가 동수로 경합하는 **혼합 섹션**이라 앵커를 하나 고르는 것 자체가 임의적이다. 판정은 `FACT_GA_BEHAVIOR` 기준이며, **이 섹션은 한 표가 아니라 경합 팩트 수만큼의 쿼리로 나눠야 한다**(O47-B) ▸ `FACT_GA_BEHAVIOR` → `DIM_GA_EVENT` FK 생존(비영 존재)"
회원,3. 서비스,3-7. [회원] 앱참여수치분석보고 *월간기준 · 좌측 컬럼 (CRM/GA/어드민 혼합),Event_label,공100,DIM_GA_EVENT,지표사전,,,FACT_GA_BEHAVIOR,FACT_GA_BEHAVIOR / FACT_SERVICE_EVENT,,조립가능,"⚠️ **앵커 경합** — 이 섹션은 `FACT_GA_BEHAVIOR / FACT_SERVICE_EVENT` 가 동수로 경합하는 **혼합 섹션**이라 앵커를 하나 고르는 것 자체가 임의적이다. 판정은 `FACT_GA_BEHAVIOR` 기준이며, **이 섹션은 한 표가 아니라 경합 팩트 수만큼의 쿼리로 나눠야 한다**(O47-B) ▸ `FACT_GA_BEHAVIOR` → `DIM_GA_EVENT` FK 생존(비영 존재)"
회원,3. 서비스,3-7. [회원] 앱참여수치분석보고 *월간기준 · 좌측 컬럼 (CRM/GA/어드민 혼합),세션 수,공97,FACT_GA_BEHAVIOR.SESSION_CNT,필드인벤토리~,,,FACT_GA_BEHAVIOR,FACT_GA_BEHAVIOR / FACT_SERVICE_EVENT,,조립가능,"⚠️ **앵커 경합** — 이 섹션은 `FACT_GA_BEHAVIOR / FACT_SERVICE_EVENT` 가 동수로 경합하는 **혼합 섹션**이라 앵커를 하나 고르는 것 자체가 임의적이다. 판정은 `FACT_GA_BEHAVIOR` 기준이며, **이 섹션은 한 표가 아니라 경합 팩트 수만큼의 쿼리로 나눠야 한다**(O47-B) ▸ 앵커 팩트 `FACT_GA_BEHAVIOR` 자체의 컬럼"
회원,3. 서비스,3-7. [회원] 앱참여수치분석보고 *월간기준 · 좌측 컬럼 (CRM/GA/어드민 혼합),이벤트수,공95,FACT_GA_BEHAVIOR.EVENT_CNT,필드인벤토리~,,,FACT_GA_BEHAVIOR,FACT_GA_BEHAVIOR / FACT_SERVICE_EVENT,,조립가능,"⚠️ **앵커 경합** — 이 섹션은 `FACT_GA_BEHAVIOR / FACT_SERVICE_EVENT` 가 동수로 경합하는 **혼합 섹션**이라 앵커를 하나 고르는 것 자체가 임의적이다. 판정은 `FACT_GA_BEHAVIOR` 기준이며, **이 섹션은 한 표가 아니라 경합 팩트 수만큼의 쿼리로 나눠야 한다**(O47-B) ▸ 앵커 팩트 `FACT_GA_BEHAVIOR` 자체의 컬럼"
회원,3. 서비스,3-7. [회원] 앱참여수치분석보고 *월간기준 · 좌측 컬럼 (CRM/GA/어드민 혼합),발송건수,,FACT_SERVICE_EVENT.SEND_MEMBERS,교정등록부(WRONG_UNIT),WRONG_UNIT,FACT_SERVICE_EVENT.SEND_MEMBERS,FACT_GA_BEHAVIOR,FACT_GA_BEHAVIOR / FACT_SERVICE_EVENT,,타원천,"⚠️ **앵커 경합** — 이 섹션은 `FACT_GA_BEHAVIOR / FACT_SERVICE_EVENT` 가 동수로 경합하는 **혼합 섹션**이라 앵커를 하나 고르는 것 자체가 임의적이다. 판정은 `FACT_GA_BEHAVIOR` 기준이며, **이 섹션은 한 표가 아니라 경합 팩트 수만큼의 쿼리로 나눠야 한다**(O47-B) ▸ [매핑교정 WRONG_UNIT] 이쪽이 물리 컬럼의 실제 의미(건수)다. 컬럼명이 `_MEMBERS` 라 「명」으로 오해된다(O39·P78). ▸ 종전 매핑 `FACT_SERVICE_EVENT.SEND_MEMBERS` → 교정 `FACT_SERVICE_EVENT.SEND_MEMBERS` ▸ 원천 상이 — `FACT_GA_BEHAVIOR`=GA4 vs `FACT_SERVICE_EVENT`=CRM. 연결키 확보 전 교차 금지"
회원,3. 서비스,3-7. [회원] 앱참여수치분석보고 *월간기준 · 좌측 컬럼 (CRM/GA/어드민 혼합),성공건수,,FACT_SERVICE_EVENT.SUCCESS_MEMBERS,교정등록부(WRONG_UNIT),WRONG_UNIT,FACT_SERVICE_EVENT.SUCCESS_MEMBERS,FACT_GA_BEHAVIOR,FACT_GA_BEHAVIOR / FACT_SERVICE_EVENT,,타원천,"⚠️ **앵커 경합** — 이 섹션은 `FACT_GA_BEHAVIOR / FACT_SERVICE_EVENT` 가 동수로 경합하는 **혼합 섹션**이라 앵커를 하나 고르는 것 자체가 임의적이다. 판정은 `FACT_GA_BEHAVIOR` 기준이며, **이 섹션은 한 표가 아니라 경합 팩트 수만큼의 쿼리로 나눠야 한다**(O47-B) ▸ [매핑교정 WRONG_UNIT] 위와 동일 컬럼 · 전건 0. ▸ 종전 매핑 `FACT_SERVICE_EVENT.SUCCESS_MEMBERS` → 교정 `FACT_SERVICE_EVENT.SUCCESS_MEMBERS` ▸ 원천 상이 — `FACT_GA_BEHAVIOR`=GA4 vs `FACT_SERVICE_EVENT`=CRM. 연결키 확보 전 교차 금지"
회원,3. 서비스,3-7. [회원] 앱참여수치분석보고 *월간기준 · 우측 GA 필드,event_category,공99,DIM_GA_EVENT,지표사전,,,FACT_GA_BEHAVIOR,,,조립가능,`FACT_GA_BEHAVIOR` → `DIM_GA_EVENT` FK 생존(비영 존재)
회원,3. 서비스,3-7. [회원] 앱참여수치분석보고 *월간기준 · 우측 GA 필드,Event_action,공101,DIM_GA_EVENT,지표사전,,,FACT_GA_BEHAVIOR,,,조립가능,`FACT_GA_BEHAVIOR` → `DIM_GA_EVENT` FK 생존(비영 존재)
회원,3. 서비스,3-7. [회원] 앱참여수치분석보고 *월간기준 · 우측 GA 필드,Event_label,공100,DIM_GA_EVENT,지표사전,,,FACT_GA_BEHAVIOR,,,조립가능,`FACT_GA_BEHAVIOR` → `DIM_GA_EVENT` FK 생존(비영 존재)
회원,3. 서비스,3-7. [회원] 앱참여수치분석보고 *월간기준 · 우측 GA 필드,세션 수,공97,FACT_GA_BEHAVIOR.SESSION_CNT,필드인벤토리~,,,FACT_GA_BEHAVIOR,,,조립가능,앵커 팩트 `FACT_GA_BEHAVIOR` 자체의 컬럼
회원,3. 서비스,3-7. [회원] 앱참여수치분석보고 *월간기준 · 우측 GA 필드,이벤트수,공95,FACT_GA_BEHAVIOR.EVENT_CNT,필드인벤토리~,,,FACT_GA_BEHAVIOR,,,조립가능,앵커 팩트 `FACT_GA_BEHAVIOR` 자체의 컬럼
