[0m00:44:46.684878 [debug] [Thread-4 (]: Finished running node test.gn_dw_silver.not_null_FACT_MEMBER_MONTHLY_REASON_SK.f8ce6985f0
[0m00:44:46.685946 [debug] [Thread-4 (]: Began running node test.gn_dw_silver.relationships_FACT_MEMBER_MONTHLY_PAYMENT_SK__PAYMENT_SK__ref_DIM_PAYMENT_.7172472640
[0m00:44:46.686706 [info ] [Thread-4 (]: 393 of 397 START test relationships_FACT_MEMBER_MONTHLY_PAYMENT_SK__PAYMENT_SK__ref_DIM_PAYMENT_  [RUN]
[0m00:44:46.687488 [debug] [Thread-4 (]: Re-using an available connection from the pool (formerly test.gn_dw_silver.not_null_FACT_MEMBER_MONTHLY_REASON_SK.f8ce6985f0, now test.gn_dw_silver.relationships_FACT_MEMBER_MONTHLY_PAYMENT_SK__PAYMENT_SK__ref_DIM_PAYMENT_.7172472640)
[0m00:44:46.688029 [debug] [Thread-4 (]: Began compiling node test.gn_dw_silver.relationships_FACT_MEMBER_MONTHLY_PAYMENT_SK__PAYMENT_SK__ref_DIM_PAYMENT_.7172472640
[0m00:44:46.698195 [debug] [Thread-4 (]: Writing injected SQL for node "test.gn_dw_silver.relationships_FACT_MEMBER_MONTHLY_PAYMENT_SK__PAYMENT_SK__ref_DIM_PAYMENT_.7172472640"
[0m00:44:46.699074 [debug] [Thread-4 (]: Began executing node test.gn_dw_silver.relationships_FACT_MEMBER_MONTHLY_PAYMENT_SK__PAYMENT_SK__ref_DIM_PAYMENT_.7172472640
[0m00:44:46.703331 [debug] [Thread-4 (]: Writing runtime sql for node "test.gn_dw_silver.relationships_FACT_MEMBER_MONTHLY_PAYMENT_SK__PAYMENT_SK__ref_DIM_PAYMENT_.7172472640"
[0m00:44:46.704821 [debug] [Thread-4 (]: Using snowflake connection "test.gn_dw_silver.relationships_FACT_MEMBER_MONTHLY_PAYMENT_SK__PAYMENT_SK__ref_DIM_PAYMENT_.7172472640"
[0m00:44:46.705470 [debug] [Thread-4 (]: On test.gn_dw_silver.relationships_FACT_MEMBER_MONTHLY_PAYMENT_SK__PAYMENT_SK__ref_DIM_PAYMENT_.7172472640: /* {"app": "dbt", "dbt_version": "1.9.4", "profile_name": "default", "target_name": "dev", "node_id": "test.gn_dw_silver.relationships_FACT_MEMBER_MONTHLY_PAYMENT_SK__PAYMENT_SK__ref_DIM_PAYMENT_.7172472640"} */
select
      count(*) as failures,
      count(*) != 0 as should_warn,
      count(*) != 0 as should_error
    from (
      
    
    

with child as (
    select PAYMENT_SK as from_field
    from (select * from GN_DW.GOLD.FACT_MEMBER_MONTHLY where PAYMENT_SK != 0) dbt_subquery
    where PAYMENT_SK is not null
),

parent as (
    select PAYMENT_SK as to_field
    from GN_DW.GOLD.DIM_PAYMENT
)

select
    from_field

from child
left join parent
    on child.from_field = parent.to_field

where parent.to_field is null



      
    ) dbt_internal_test
[0m00:44:46.706000 [debug] [Thread-4 (]: Opening a new connection, currently in state init
[0m00:44:46.777792 [debug] [Thread-5 (]: SQL status: SUCCESS 1 in 0.496 seconds
[0m00:44:46.780166 [info ] [Thread-5 (]: 390 of 397 PASS not_null_FACT_MEMBER_MONTHLY_SPONSORSHIP_SK .................... [[32mPASS[0m in 0.56s]
[0m00:44:46.781083 [debug] [Thread-5 (]: Finished running node test.gn_dw_silver.not_null_FACT_MEMBER_MONTHLY_SPONSORSHIP_SK.49ec4a89dd
[0m00:44:46.781770 [debug] [Thread-5 (]: Began running node test.gn_dw_silver.relationships_FACT_MEMBER_MONTHLY_REASON_SK__REASON_SK__ref_DIM_REASON_.8a12a3a3fa
[0m00:44:46.782429 [info ] [Thread-5 (]: 394 of 397 START test relationships_FACT_MEMBER_MONTHLY_REASON_SK__REASON_SK__ref_DIM_REASON_  [RUN]
[0m00:44:46.783152 [debug] [Thread-5 (]: Re-using an available connection from the pool (formerly test.gn_dw_silver.not_null_FACT_MEMBER_MONTHLY_SPONSORSHIP_SK.49ec4a89dd, now test.gn_dw_silver.relationships_FACT_MEMBER_MONTHLY_REASON_SK__REASON_SK__ref_DIM_REASON_.8a12a3a3fa)
[0m00:44:46.783674 [debug] [Thread-5 (]: Began compiling node test.gn_dw_silver.relationships_FACT_MEMBER_MONTHLY_REASON_SK__REASON_SK__ref_DIM_REASON_.8a12a3a3fa
[0m00:44:46.791337 [debug] [Thread-5 (]: Writing injected SQL for node "test.gn_dw_silver.relationships_FACT_MEMBER_MONTHLY_REASON_SK__REASON_SK__ref_DIM_REASON_.8a12a3a3fa"
[0m00:44:46.792191 [debug] [Thread-3 (]: SQL status: SUCCESS 1 in 0.505 seconds
[0m00:44:46.794652 [info ] [Thread-3 (]: 391 of 397 PASS relationships_FACT_MEMBER_MONTHLY_CAMPAIGN_SK__CAMPAIGN_SK__ref_DIM_CAMPAIGN_  [[32mPASS[0m in 0.56s]
[0m00:44:46.795490 [debug] [Thread-5 (]: Began executing node test.gn_dw_silver.relationships_FACT_MEMBER_MONTHLY_REASON_SK__REASON_SK__ref_DIM_REASON_.8a12a3a3fa
[0m00:44:46.796289 [debug] [Thread-3 (]: Finished running node test.gn_dw_silver.relationships_FACT_MEMBER_MONTHLY_CAMPAIGN_SK__CAMPAIGN_SK__ref_DIM_CAMPAIGN_.bf9b261cf7
[0m00:44:46.800484 [debug] [Thread-5 (]: Writing runtime sql for node "test.gn_dw_silver.relationships_FACT_MEMBER_MONTHLY_REASON_SK__REASON_SK__ref_DIM_REASON_.8a12a3a3fa"
[0m00:44:46.801310 [debug] [Thread-3 (]: Began running node test.gn_dw_silver.relationships_FACT_MEMBER_MONTHLY_SPONSORSHIP_SK__SPONSORSHIP_SK__ref_DIM_SPONSORSHIP_.76de336439
[0m00:44:46.802341 [info ] [Thread-3 (]: 395 of 397 START test relationships_FACT_MEMBER_MONTHLY_SPONSORSHIP_SK__SPONSORSHIP_SK__ref_DIM_SPONSORSHIP_  [RUN]
[0m00:44:46.803705 [debug] [Thread-5 (]: Using snowflake connection "test.gn_dw_silver.relationships_FACT_MEMBER_MONTHLY_REASON_SK__REASON_SK__ref_DIM_REASON_.8a12a3a3fa"
[0m00:44:46.804388 [debug] [Thread-3 (]: Re-using an available connection from the pool (formerly test.gn_dw_silver.relationships_FACT_MEMBER_MONTHLY_CAMPAIGN_SK__CAMPAIGN_SK__ref_DIM_CAMPAIGN_.bf9b261cf7, now test.gn_dw_silver.relationships_FACT_MEMBER_MONTHLY_SPONSORSHIP_SK__SPONSORSHIP_SK__ref_DIM_SPONSORSHIP_.76de336439)
[0m00:44:46.805045 [debug] [Thread-5 (]: On test.gn_dw_silver.relationships_FACT_MEMBER_MONTHLY_REASON_SK__REASON_SK__ref_DIM_REASON_.8a12a3a3fa: /* {"app": "dbt", "dbt_version": "1.9.4", "profile_name": "default", "target_name": "dev", "node_id": "test.gn_dw_silver.relationships_FACT_MEMBER_MONTHLY_REASON_SK__REASON_SK__ref_DIM_REASON_.8a12a3a3fa"} */
select
      count(*) as failures,
      count(*) != 0 as should_warn,
      count(*) != 0 as should_error
    from (
      
    
    

with child as (
    select REASON_SK as from_field
    from (select * from GN_DW.GOLD.FACT_MEMBER_MONTHLY where REASON_SK != 0) dbt_subquery
    where REASON_SK is not null
),

parent as (
    select REASON_SK as to_field
    from GN_DW.GOLD.DIM_REASON
)

select
    from_field

from child
left join parent
    on child.from_field = parent.to_field

where parent.to_field is null



      
    ) dbt_internal_test
[0m00:44:46.805655 [debug] [Thread-3 (]: Began compiling node test.gn_dw_silver.relationships_FACT_MEMBER_MONTHLY_SPONSORSHIP_SK__SPONSORSHIP_SK__ref_DIM_SPONSORSHIP_.76de336439
[0m00:44:46.806205 [debug] [Thread-5 (]: Opening a new connection, currently in state init
[0m00:44:46.814590 [debug] [Thread-3 (]: Writing injected SQL for node "test.gn_dw_silver.relationships_FACT_MEMBER_MONTHLY_SPONSORSHIP_SK__SPONSORSHIP_SK__ref_DIM_SPONSORSHIP_.76de336439"
[0m00:44:46.816067 [debug] [Thread-3 (]: Began executing node test.gn_dw_silver.relationships_FACT_MEMBER_MONTHLY_SPONSORSHIP_SK__SPONSORSHIP_SK__ref_DIM_SPONSORSHIP_.76de336439
[0m00:44:46.819824 [debug] [Thread-3 (]: Writing runtime sql for node "test.gn_dw_silver.relationships_FACT_MEMBER_MONTHLY_SPONSORSHIP_SK__SPONSORSHIP_SK__ref_DIM_SPONSORSHIP_.76de336439"
[0m00:44:46.821335 [debug] [Thread-3 (]: Using snowflake connection "test.gn_dw_silver.relationships_FACT_MEMBER_MONTHLY_SPONSORSHIP_SK__SPONSORSHIP_SK__ref_DIM_SPONSORSHIP_.76de336439"
[0m00:44:46.821923 [debug] [Thread-3 (]: On test.gn_dw_silver.relationships_FACT_MEMBER_MONTHLY_SPONSORSHIP_SK__SPONSORSHIP_SK__ref_DIM_SPONSORSHIP_.76de336439: /* {"app": "dbt", "dbt_version": "1.9.4", "profile_name": "default", "target_name": "dev", "node_id": "test.gn_dw_silver.relationships_FACT_MEMBER_MONTHLY_SPONSORSHIP_SK__SPONSORSHIP_SK__ref_DIM_SPONSORSHIP_.76de336439"} */
select
      count(*) as failures,
      count(*) != 0 as should_warn,
      count(*) != 0 as should_error
    from (
      
    
    

with child as (
    select SPONSORSHIP_SK as from_field
    from (select * from GN_DW.GOLD.FACT_MEMBER_MONTHLY where SPONSORSHIP_SK != 0) dbt_subquery
    where SPONSORSHIP_SK is not null
),

parent as (
    select SPONSORSHIP_SK as to_field
    from GN_DW.GOLD.DIM_SPONSORSHIP
)

select
    from_field

from child
left join parent
    on child.from_field = parent.to_field

where parent.to_field is null



      
    ) dbt_internal_test
[0m00:44:46.822450 [debug] [Thread-3 (]: Opening a new connection, currently in state init
[0m00:44:47.155769 [debug] [Thread-4 (]: SQL status: SUCCESS 1 in 0.450 seconds
[0m00:44:47.158295 [info ] [Thread-4 (]: 393 of 397 PASS relationships_FACT_MEMBER_MONTHLY_PAYMENT_SK__PAYMENT_SK__ref_DIM_PAYMENT_  [[32mPASS[0m in 0.47s]
[0m00:44:47.159130 [debug] [Thread-4 (]: Finished running node test.gn_dw_silver.relationships_FACT_MEMBER_MONTHLY_PAYMENT_SK__PAYMENT_SK__ref_DIM_PAYMENT_.7172472640
[0m00:44:47.159832 [debug] [Thread-4 (]: Began running node test.gn_dw_silver.warn_fmm_reason_unmapped_f_rows
[0m00:44:47.160503 [info ] [Thread-4 (]: 396 of 397 START test warn_fmm_reason_unmapped_f_rows .......................... [RUN]
[0m00:44:47.161301 [debug] [Thread-4 (]: Re-using an available connection from the pool (formerly test.gn_dw_silver.relationships_FACT_MEMBER_MONTHLY_PAYMENT_SK__PAYMENT_SK__ref_DIM_PAYMENT_.7172472640, now test.gn_dw_silver.warn_fmm_reason_unmapped_f_rows)
[0m00:44:47.161844 [debug] [Thread-4 (]: Began compiling node test.gn_dw_silver.warn_fmm_reason_unmapped_f_rows
[0m00:44:47.166917 [debug] [Thread-4 (]: Writing injected SQL for node "test.gn_dw_silver.warn_fmm_reason_unmapped_f_rows"
[0m00:44:47.167708 [debug] [Thread-4 (]: Began executing node test.gn_dw_silver.warn_fmm_reason_unmapped_f_rows
[0m00:44:47.171636 [debug] [Thread-4 (]: Writing runtime sql for node "test.gn_dw_silver.warn_fmm_reason_unmapped_f_rows"
[0m00:44:47.172418 [debug] [Thread-2 (]: SQL status: SUCCESS 1 in 0.748 seconds
[0m00:44:47.175482 [warn ] [Thread-2 (]: 392 of 397 WARN 199 relationships_FACT_MEMBER_MONTHLY_MEMBER_DK__MEMBER_DK__ref_DIM_MEMBER_  [[33mWARN 199[0m in 0.77s]
[0m00:44:47.176769 [debug] [Thread-4 (]: Using snowflake connection "test.gn_dw_silver.warn_fmm_reason_unmapped_f_rows"
[0m00:44:47.177595 [debug] [Thread-2 (]: Finished running node test.gn_dw_silver.relationships_FACT_MEMBER_MONTHLY_MEMBER_DK__MEMBER_DK__ref_DIM_MEMBER_.80e6832a0c
[0m00:44:47.178218 [debug] [Thread-4 (]: On test.gn_dw_silver.warn_fmm_reason_unmapped_f_rows: /* {"app": "dbt", "dbt_version": "1.9.4", "profile_name": "default", "target_name": "dev", "node_id": "test.gn_dw_silver.warn_fmm_reason_unmapped_f_rows"} */
select
      count(*) as failures,
      count(*) != 0 as should_warn,
      count(*) != 0 as should_error
    from (
      -- W3 회귀 방어: 미납(F) 행 중 코드그룹 매핑 실패로 REASON_SK=0이 된 비율 감시.
-- Co-authored with CoCo
-- 정상 범위: ~137,778건 (PAY_STAT_CD=NULL 수기처리 or SETLE_CD 미매핑). 이는 기대 gap.
-- 경보 조건: 미납 행(UNPAID_FLAG_EOM=TRUE AND HAS_BILLING=TRUE) 중 REASON_SK=0 비율이 5% 초과 시 warn.
--   현 baseline = 137,811 / 3,302,535 = 4.17%. 신규 SETLE_CD/코드계열 유입 시 증가 → 매핑 갱신 신호.


with fmm as (
    select REASON_SK, UNPAID_FLAG_EOM, HAS_BILLING
    from GN_DW.GOLD.FACT_MEMBER_MONTHLY
    where HAS_BILLING = TRUE and UNPAID_FLAG_EOM = TRUE
)
select
    COUNT(*) as unmapped_cnt,
    (select COUNT(*) from fmm) as total_unpaid,
    unmapped_cnt * 100.0 / NULLIF(total_unpaid, 0) as pct
from fmm
where REASON_SK = 0
having pct > 5.0
      
    ) dbt_internal_test
[0m00:44:47.179075 [debug] [Thread-4 (]: Opening a new connection, currently in state init
[0m00:44:47.234232 [debug] [Thread-3 (]: SQL status: SUCCESS 1 in 0.412 seconds
[0m00:44:47.236578 [info ] [Thread-3 (]: 395 of 397 PASS relationships_FACT_MEMBER_MONTHLY_SPONSORSHIP_SK__SPONSORSHIP_SK__ref_DIM_SPONSORSHIP_  [[32mPASS[0m in 0.43s]
[0m00:44:47.237465 [debug] [Thread-3 (]: Finished running node test.gn_dw_silver.relationships_FACT_MEMBER_MONTHLY_SPONSORSHIP_SK__SPONSORSHIP_SK__ref_DIM_SPONSORSHIP_.76de336439
[0m00:44:47.362100 [debug] [Thread-5 (]: SQL status: SUCCESS 1 in 0.556 seconds
[0m00:44:47.364402 [info ] [Thread-5 (]: 394 of 397 PASS relationships_FACT_MEMBER_MONTHLY_REASON_SK__REASON_SK__ref_DIM_REASON_  [[32mPASS[0m in 0.58s]
[0m00:44:47.365279 [debug] [Thread-5 (]: Finished running node test.gn_dw_silver.relationships_FACT_MEMBER_MONTHLY_REASON_SK__REASON_SK__ref_DIM_REASON_.8a12a3a3fa
[0m00:44:47.833328 [debug] [Thread-4 (]: SQL status: SUCCESS 1 in 0.654 seconds
[0m00:44:47.835651 [info ] [Thread-4 (]: 396 of 397 PASS warn_fmm_reason_unmapped_f_rows ................................ [[32mPASS[0m in 0.67s]
[0m00:44:47.836432 [debug] [Thread-4 (]: Finished running node test.gn_dw_silver.warn_fmm_reason_unmapped_f_rows
[0m00:44:47.837515 [debug] [Thread-2 (]: Began running node model.gn_dw_silver.WIDE_MEMBER_MONTHLY
[0m00:44:47.838438 [info ] [Thread-2 (]: 397 of 397 START sql view model GOLD.WIDE_MEMBER_MONTHLY ....................... [RUN]
[0m00:44:47.839112 [debug] [Thread-2 (]: Re-using an available connection from the pool (formerly test.gn_dw_silver.relationships_FACT_MEMBER_MONTHLY_MEMBER_DK__MEMBER_DK__ref_DIM_MEMBER_.80e6832a0c, now model.gn_dw_silver.WIDE_MEMBER_MONTHLY)
[0m00:44:47.839629 [debug] [Thread-2 (]: Began compiling node model.gn_dw_silver.WIDE_MEMBER_MONTHLY
[0m00:44:47.846316 [debug] [Thread-2 (]: Writing injected SQL for node "model.gn_dw_silver.WIDE_MEMBER_MONTHLY"
[0m00:44:47.847115 [debug] [Thread-2 (]: Began executing node model.gn_dw_silver.WIDE_MEMBER_MONTHLY
[0m00:44:48.035113 [debug] [Thread-2 (]: Writing runtime sql for node "model.gn_dw_silver.WIDE_MEMBER_MONTHLY"
[0m00:44:48.039959 [debug] [Thread-2 (]: Using snowflake connection "model.gn_dw_silver.WIDE_MEMBER_MONTHLY"
[0m00:44:48.040866 [debug] [Thread-2 (]: On model.gn_dw_silver.WIDE_MEMBER_MONTHLY: /* {"app": "dbt", "dbt_version": "1.9.4", "profile_name": "default", "target_name": "dev", "node_id": "model.gn_dw_silver.WIDE_MEMBER_MONTHLY"} */
create or replace   view GN_DW.GOLD.WIDE_MEMBER_MONTHLY
  
   as (
    -- WIDE_MEMBER_MONTHLY: 회원 월 팩트(FMM) 평탄화 소비뷰 — ref() 거버넌스 (정본 09_빅테이블 VIEW.md §3.1)
-- Co-authored with CoCo


select
    f.MONTH_KEY,
    FLOOR(f.MONTH_KEY / 100)   as CAL_YEAR,
    MOD(f.MONTH_KEY, 100)      as CAL_MONTH,
    f.MEMBER_DK,
    f.DEV_CNT, f.DEV_MEMBERS,
    f.STOP_CNT, f.UNPAID_CNT,
    f.ACTIVE_CNT, f.ACTIVE_MEMBERS,
    f.ACTIVE_CUM_CNT, f.ACTIVE_CUM_MEMBERS,
    f.INCREASE_CNT, f.INCREASE_MEMBERS,
    f.DECREASE_CNT, f.CHURN_CNT,
    f.YEAR_START_ACTIVE_CNT, f.YEAR_END_ACTIVE_CNT,
    f.MONTH_END_ACTIVE_CNT, f.PREV_MONTH_END_ACTIVE_CNT,
    f.CAMPAIGN_UNPAID_CNT, f.STATUS_UNPAID_CNT,
    f.REGULAR_FEE, f.REGULAR_ONETIME_FEE, f.ONETIME_ONETIME_FEE,
    f.PAID_FEE, f.BILLED_AMT,
    f.INBOUND_CALL_CNT, f.TS_CALL_CNT,
    f.DEV_TYPE, f.NEW_FLAG, f.INCREASE_FLAG, f.REDONATE_FLAG,
    f.JOIN_DATE, f.STOP_DATE,
    f.AMOUNT_BAND1, f.AMOUNT_BAND2, f.PERIOD_BAND1, f.PERIOD_BAND2,
    f.SPONSOR_MONTHS, f.SPONSOR_YEARS, f.PAID_MONTHS,
    f.NEW_EXISTING_FLAG, f.UNPAID_FLAG_BOM, f.UNPAID_FLAG_EOM,
    f.DW_SOURCE_SYSTEM,
    -- [2026-08-03 O26] 회원 속성 노출 재구성 — 코드=BRONZE 원천명 · 라벨=분석 용어.
    --   종전은 코드만(`MEMBER_GENDER`=M/F/U 등) 노출해 현업이 WIDE 에서 코드만 보던 상태였다.
    m.SEX                 as SEX,                     -- CM013 코드 raw
    m.SEX_NM              as SEX_NM,                  -- CM013 원천 라벨(국내/외국인 축)
    m.GENDER_NAME         as MEMBER_GENDER_NAME,      -- CM017 분석 라벨 = 정본 공#130
    m.AREA_CD             as MEMBER_AREA_CD,          -- [O27] CM018 코드 raw (라벨=MEMBER_REGION)
    m.REGION              as MEMBER_REGION,
    m.AGE                 as MEMBER_AGE_CD,           -- [O27] CM014 코드 raw. ⚠️연속형 나이 아님
    m.AGE_BAND            as MEMBER_AGE_BAND,
    m.MBER_STAT_CD        as MBER_STAT_CD,            -- MM010 코드 raw
    m.MEMBER_STATUS_NAME  as MEMBER_STATUS_NAME,      -- MM010 분석 라벨(#132)
    m.PREV_MBER_STAT_CD   as PREV_MBER_STAT_CD,       -- [O27] 상태전이 이전상태 코드(MM010)
    m.PREV_MEMBER_STATUS_NAME as PREV_MEMBER_STATUS_NAME,  -- [O27] 이전상태 라벨(MM010)
    m.MBER_DIV_CD         as MBER_DIV_CD,             -- MM018 코드 raw
    m.MEMBER_TYPE_NAME    as MEMBER_TYPE_NAME,        -- MM018 분석 라벨
    m.FIRST_JOIN_DATE     as MEMBER_FIRST_JOIN_DATE,
    m.FIRST_CAMPAIGN      as MEMBER_FIRST_CAMPAIGN,
    m.JOIN_PATH_CD        as JOIN_PATH_CD,            -- MM014 코드 raw
    m.ENROLL_PATH_NAME    as MEMBER_ENROLL_PATH_NAME, -- MM014 분석 라벨
    m.FIRST_SPONSORSHIP   as MEMBER_FIRST_SPONSORSHIP,
    m.LAST_STOP_DATE      as MEMBER_LAST_STOP_DATE,   -- [O27] as-of 최종중단일(그 시점까지)
    c.CAMPAIGN_BK         as CAMPAIGN_BK,
    c.BRAND               as CAMPAIGN_BRAND,
    c.PARENT_CAMPAIGN     as CAMPAIGN_PARENT,
    c.CAMPAIGN_NAME       as CAMPAIGN_NAME,
    c.PROMO_METHOD        as CAMPAIGN_PROMO_METHOD,
    c.CAMPAIGN_TYPE       as CAMPAIGN_TYPE,
    s.SPONSORSHIP_BK      as SPONSORSHIP_BK,
    s.SPONSORSHIP_NAME    as SPONSORSHIP_NAME,
    s.SPONSORSHIP_ABBR    as SPONSORSHIP_ABBR,
    p.PAYMENT_METHOD      as PAYMENT_METHOD,
    p.SETTLE_METHOD       as PAYMENT_SETTLE_METHOD,
    p.FEE_TYPE            as PAYMENT_FEE_TYPE,
    r.REASON_CODE         as REASON_CODE,
    r.REASON_NAME         as REASON_NAME,
    r.REASON_TYPE         as REASON_TYPE
from GN_DW.GOLD.FACT_MEMBER_MONTHLY f
left join (
    select MEMBER_DK, SEX, SEX_NM, GENDER_NAME, AREA_CD, REGION, AGE, AGE_BAND, MBER_STAT_CD, MEMBER_STATUS_NAME, PREV_MBER_STAT_CD, PREV_MEMBER_STATUS_NAME, MBER_DIV_CD, MEMBER_TYPE_NAME, JOIN_PATH_CD, ENROLL_PATH_NAME,
           FIRST_JOIN_DATE, FIRST_CAMPAIGN, FIRST_SPONSORSHIP, LAST_STOP_DATE
    from GN_DW.GOLD.DIM_MEMBER
    where IS_CURRENT = TRUE
    qualify ROW_NUMBER() OVER (PARTITION BY MEMBER_DK
        ORDER BY EFFECTIVE_FROM DESC NULLS LAST, MEMBER_SK DESC) = 1
) m on f.MEMBER_DK = m.MEMBER_DK
left join GN_DW.GOLD.DIM_CAMPAIGN     c on f.CAMPAIGN_SK    = c.CAMPAIGN_SK
left join GN_DW.GOLD.DIM_SPONSORSHIP  s on f.SPONSORSHIP_SK = s.SPONSORSHIP_SK
left join GN_DW.GOLD.DIM_PAYMENT      p on f.PAYMENT_SK     = p.PAYMENT_SK
left join GN_DW.GOLD.DIM_REASON       r on f.REASON_SK      = r.REASON_SK
  );
[0m00:44:48.041683 [debug] [Thread-2 (]: Opening a new connection, currently in state init
[0m00:44:48.775192 [debug] [Thread-2 (]: SQL status: SUCCESS 1 in 0.733 seconds
[0m00:44:48.777872 [debug] [Thread-2 (]: Using snowflake connection "model.gn_dw_silver.WIDE_MEMBER_MONTHLY"
[0m00:44:48.778461 [debug] [Thread-2 (]: On model.gn_dw_silver.WIDE_MEMBER_MONTHLY: /* {"app": "dbt", "dbt_version": "1.9.4", "profile_name": "default", "target_name": "dev", "node_id": "model.gn_dw_silver.WIDE_MEMBER_MONTHLY"} */
COMMENT ON VIEW GN_DW.GOLD.WIDE_MEMBER_MONTHLY IS '회원 월 팩트 평탄화 (FMM × MEMBER[현재버전]·CAMPAIGN·SPONSORSHIP·PAYMENT·REASON). 월 grain=MONTH_KEY.'
[0m00:44:48.851624 [debug] [Thread-2 (]: SQL status: SUCCESS 1 in 0.072 seconds
[0m00:44:48.861993 [debug] [Thread-2 (]: Using snowflake connection "model.gn_dw_silver.WIDE_MEMBER_MONTHLY"
[0m00:44:48.863021 [debug] [Thread-2 (]: On model.gn_dw_silver.WIDE_MEMBER_MONTHLY: /* {"app": "dbt", "dbt_version": "1.9.4", "profile_name": "default", "target_name": "dev", "node_id": "model.gn_dw_silver.WIDE_MEMBER_MONTHLY"} */
ALTER VIEW GN_DW.GOLD.WIDE_MEMBER_MONTHLY ALTER COLUMN CAL_YEAR COMMENT 'FLOOR(MONTH_KEY/100) — 연도', COLUMN CAL_MONTH COMMENT 'MOD(MONTH_KEY,100) — 월', COLUMN MONTH_KEY COMMENT 'YYYYMM', COLUMN MEMBER_DK COMMENT '불변 회원키(조인용)', COLUMN DEV_CNT COMMENT '개발(건) SUM(금액)/10000 (#4·5·149)', COLUMN DEV_MEMBERS COMMENT '개발(명) COUNT (#148)', COLUMN STOP_CNT COMMENT '중단(건) (#35, FME 롤업)', COLUMN UNPAID_CNT COMMENT '미납(건) (#36)', COLUMN ACTIVE_CNT COMMENT '활동(건) (#37·157)', COLUMN ACTIVE_MEMBERS COMMENT '활동(명) (#156)', COLUMN ACTIVE_CUM_CNT COMMENT '활동누계(건) (#159)', COLUMN ACTIVE_CUM_MEMBERS COMMENT '활동누계(명) (#158)', COLUMN INCREASE_CNT COMMENT '증액(건) (#151)', COLUMN INCREASE_MEMBERS COMMENT '증액(명) (#150)', COLUMN DECREASE_CNT COMMENT '감액(건) SUM(감액금액)/10000 (#38)', COLUMN CHURN_CNT COMMENT '이탈(건) SUM(취소+감액)/10000 (신규#20)', COLUMN YEAR_START_ACTIVE_CNT COMMENT '연도초 활동회원(건) (#49)', COLUMN YEAR_END_ACTIVE_CNT COMMENT '연도말 활동회원(건) (#50)', COLUMN MONTH_END_ACTIVE_CNT COMMENT '월말활동회원(건) (#52)', COLUMN PREV_MONTH_END_ACTIVE_CNT COMMENT '전월말 활동회원(건) (#53)', COLUMN CAMPAIGN_UNPAID_CNT COMMENT '캠페인별 미납(건) (#83)', COLUMN STATUS_UNPAID_CNT COMMENT '회원상태별 미납(건) (#84)', COLUMN REGULAR_FEE COMMENT '정기회비(원) (#66)', COLUMN REGULAR_ONETIME_FEE COMMENT '정기회원 일시회비(원) (#67)', COLUMN ONETIME_ONETIME_FEE COMMENT '일시회원 일시회비(원) (#68)', COLUMN PAID_FEE COMMENT '납입회비(원) (#69·70 단일화)', COLUMN BILLED_AMT COMMENT '청구(원) (#71)', COLUMN INBOUND_CALL_CNT COMMENT '인바운드콜수 (overview)', COLUMN TS_CALL_CNT COMMENT 'TS콜수 (overview)', COLUMN DEV_TYPE COMMENT '개발구분 (#121)', COLUMN NEW_FLAG COMMENT '신규여부 (#32)', COLUMN INCREASE_FLAG COMMENT '증액여부 (#33)', COLUMN REDONATE_FLAG COMMENT '재후원여부 (#34)', COLUMN JOIN_DATE COMMENT '캠페인 가입일 (#27)', COLUMN STOP_DATE COMMENT '가입캠페인 중단일 (#26)', COLUMN AMOUNT_BAND1 COMMENT '후원금액대1 5만 (#72)', COLUMN AMOUNT_BAND2 COMMENT '후원금액대2 1만 (#73)', COLUMN PERIOD_BAND1 COMMENT '후원기간대1 5년 (#74)', COLUMN PERIOD_BAND2 COMMENT '후원기간대2 1년 (#75)', COLUMN SPONSOR_MONTHS COMMENT '후원기간(개월) (#127)', COLUMN SPONSOR_YEARS COMMENT '후원기간(년) (#128)', COLUMN PAID_MONTHS COMMENT '납입개월수 (#129)', COLUMN NEW_EXISTING_FLAG COMMENT '신규/기존(시점귀속, #113)', COLUMN UNPAID_FLAG_BOM COMMENT '월초 미납회원 여부(=전월말 상태, #80)', COLUMN UNPAID_FLAG_EOM COMMENT '월말 미납회원 여부 (#80)', COLUMN DW_SOURCE_SYSTEM COMMENT '원천 시스템 식별', COLUMN SEX COMMENT 'DIM_MEMBER.SEX — 성별 코드 raw(CM013 0~8). 라벨=SEX_NM(원천)·MEMBER_GENDER_NAME(분석)', COLUMN SEX_NM COMMENT 'DIM_MEMBER.SEX_NM — CM013 원천 라벨(국내/외국인 축 보존)', COLUMN MEMBER_GENDER_NAME COMMENT 'DIM_MEMBER.GENDER_NAME — 성별 (#130) CM017 분석 라벨: 남자/여자/기타/단체/기업', COLUMN MEMBER_AREA_CD COMMENT 'DIM_MEMBER.AREA_CD — 지역 코드 raw(CM018 18종 + sentinel ''0''). 라벨=MEMBER_REGION', COLUMN MEMBER_REGION COMMENT 'DIM_MEMBER.REGION — 지역 (#131) CM018 약칭 라벨(서울/경기/인천…). ⚠️개발약정 **시점 스냅샷**이라 SCD2 버전별로 다를 수 있다(O27). ONCE(일시회원)는 개발약정 부재로 NULL', COLUMN MEMBER_AGE_CD COMMENT 'DIM_MEMBER.AGE — 연령대 코드 raw(CM014 1~12). 🔴연속형 나이가 아니다(1=10대미만…9=70대이상·10=단체·11=기업·12=기타). 라벨=MEMBER_AGE_BAND', COLUMN MEMBER_AGE_BAND COMMENT 'DIM_MEMBER.AGE_BAND — 연령대 CM014 라벨. ⚠️개발약정 **시점 스냅샷**(O27). ONCE 는 NULL', COLUMN MBER_STAT_CD COMMENT 'DIM_MEMBER.MBER_STAT_CD — 회원상태 코드 raw(MM010)', COLUMN PREV_MBER_STAT_CD COMMENT 'DIM_MEMBER.PREV_MBER_STAT_CD — 상태전이 **이전상태** 코드(MM010). 원천 STATUS_HIST.BF_STAT_CD 100%·12/12 일치. 이력 미보유행은 NULL', COLUMN PREV_MEMBER_STATUS_NAME COMMENT 'DIM_MEMBER.PREV_MEMBER_STATUS_NAME — 이전상태 라벨(MM010). 현재상태와 짝지어 전이 분석에 쓴다', COLUMN MEMBER_STATUS_NAME COMMENT 'DIM_MEMBER.MEMBER_STATUS_NAME — 회원상태 (#132) MM010 라벨: 1활동회원·2~11미납·12후원중단', COLUMN MBER_DIV_CD COMMENT 'DIM_MEMBER.MBER_DIV_CD — 회원구분 코드 raw(MM018)', COLUMN MEMBER_TYPE_NAME COMMENT 'DIM_MEMBER.MEMBER_TYPE_NAME — 회원구분 MM018 라벨(개인/기업/단체)', COLUMN MEMBER_FIRST_JOIN_DATE COMMENT 'DIM_MEMBER.FIRST_JOIN_DATE — 최초가입일 (#28)', COLUMN MEMBER_FIRST_CAMPAIGN COMMENT 'DIM_MEMBER.FIRST_CAMPAIGN — 최초캠페인 (#29)', COLUMN JOIN_PATH_CD COMMENT 'DIM_MEMBER.JOIN_PATH_CD — 가입경로 코드 raw(MM014)', COLUMN MEMBER_ENROLL_PATH_NAME COMMENT 'DIM_MEMBER.ENROLL_PATH_NAME — 가입경로 MM014 라벨', COLUMN MEMBER_FIRST_SPONSORSHIP COMMENT 'DIM_MEMBER.FIRST_SPONSORSHIP — 최초후원사업(최소 발생일의 SPNSR_BSNS_ID). ONCE 는 NULL', COLUMN MEMBER_LAST_STOP_DATE COMMENT 'DIM_MEMBER.LAST_STOP_DATE — 최종중단일. 🔴그 버전 시점까지의 as-of max 다(단순 max 는 미래정보 누설). 적중 19.73%', COLUMN CAMPAIGN_BK COMMENT 'DIM_CAMPAIGN.CAMPAIGN_BK — 캠페인 업무키', COLUMN CAMPAIGN_BRAND COMMENT 'DIM_CAMPAIGN.BRAND — 공통브랜드 (#117)', COLUMN CAMPAIGN_PARENT COMMENT 'DIM_CAMPAIGN.PARENT_CAMPAIGN — 공통상위캠페인 (#119)', COLUMN CAMPAIGN_NAME COMMENT 'DIM_CAMPAIGN.CAMPAIGN_NAME — 캠페인명 (#120)', COLUMN CAMPAIGN_PROMO_METHOD COMMENT 'DIM_CAMPAIGN.PROMO_METHOD — 홍보방법 (#118)', COLUMN CAMPAIGN_TYPE COMMENT 'DIM_CAMPAIGN.CAMPAIGN_TYPE — 캠페인 유형 (#17)', COLUMN SPONSORSHIP_BK COMMENT 'DIM_SPONSORSHIP.SPONSORSHIP_BK — 후원사업 업무키', COLUMN SPONSORSHIP_NAME COMMENT 'DIM_SPONSORSHIP.SPONSORSHIP_NAME — 후원사업 전체 (#123)', COLUMN SPONSORSHIP_ABBR COMMENT 'DIM_SPONSORSHIP.SPONSORSHIP_ABBR — 약칭 (#124)', COLUMN PAYMENT_METHOD COMMENT 'DIM_PAYMENT.PAYMENT_METHOD — 납입방식 (#125)', COLUMN PAYMENT_SETTLE_METHOD COMMENT 'DIM_PAYMENT.SETTLE_METHOD — 결제방식', COLUMN PAYMENT_FEE_TYPE COMMENT 'DIM_PAYMENT.FEE_TYPE — 회비유형(정기/일시)', COLUMN REASON_CODE COMMENT 'DIM_REASON.REASON_CODE — 사유코드', COLUMN REASON_NAME COMMENT 'DIM_REASON.REASON_NAME — 중단사유·미납사유 (#162·#82)', COLUMN REASON_TYPE COMMENT 'DIM_REASON.REASON_TYPE — 중단/미납 구분'
[0m00:44:49.179955 [debug] [Thread-2 (]: SQL status: SUCCESS 1 in 0.316 seconds
[0m00:44:49.182712 [info ] [Thread-2 (]: 397 of 397 OK created sql view model GOLD.WIDE_MEMBER_MONTHLY .................. [[32mSUCCESS 1[0m in 1.34s]
[0m00:44:49.183514 [debug] [Thread-2 (]: Finished running node model.gn_dw_silver.WIDE_MEMBER_MONTHLY
[0m00:44:49.188192 [debug] [Dummy-1   ]: Connection 'master' was properly closed.
[0m00:44:49.188986 [debug] [Dummy-1   ]: Connection 'model.gn_dw_silver.WIDE_MEMBER_MONTHLY' was properly closed.
[0m00:44:49.189543 [debug] [Dummy-1   ]: Connection 'test.gn_dw_silver.relationships_FACT_MEMBER_MONTHLY_SPONSORSHIP_SK__SPONSORSHIP_SK__ref_DIM_SPONSORSHIP_.76de336439' was properly closed.
[0m00:44:49.189975 [debug] [Dummy-1   ]: Connection 'test.gn_dw_silver.warn_fmm_reason_unmapped_f_rows' was properly closed.
[0m00:44:49.190380 [debug] [Dummy-1   ]: Connection 'test.gn_dw_silver.relationships_FACT_MEMBER_MONTHLY_REASON_SK__REASON_SK__ref_DIM_REASON_.8a12a3a3fa' was properly closed.
[0m00:44:49.191504 [info ] [Dummy-1   ]: 
[0m00:44:49.192058 [info ] [Dummy-1   ]: Finished running 67 incremental models, 316 data tests, 14 view models in 0 hours 2 minutes and 52.46 seconds (172.46s).
[0m00:44:49.236061 [debug] [Dummy-1   ]: Command end result
[0m00:44:49.349183 [debug] [Dummy-1   ]: Wrote artifact WritableManifest to /tmp/dbt/target/manifest.json
[0m00:44:49.352855 [debug] [Dummy-1   ]: Wrote artifact SemanticManifest to /tmp/dbt/target/semantic_manifest.json
[0m00:44:49.378608 [debug] [Dummy-1   ]: Wrote artifact RunExecutionResult to /tmp/dbt/target/run_results.json
[0m00:44:49.379684 [info ] [Dummy-1   ]: 
[0m00:44:49.380336 [info ] [Dummy-1   ]: [33mCompleted with 27 warnings:[0m
[0m00:44:49.380799 [info ] [Dummy-1   ]: 
[0m00:44:49.381453 [warn ] [Dummy-1   ]: [33mWarning in test relationships_CRM_EVENT_PARTICIPATION_EVENT_KEY__EVENT_KEY__ref_CRM_EVENT_ (models/silver/crm/_crm_schema.yml)[0m
[0m00:44:49.382001 [warn ] [Dummy-1   ]: Got 263611 results, configured to warn if != 0
[0m00:44:49.382425 [info ] [Dummy-1   ]: 
[0m00:44:49.382917 [info ] [Dummy-1   ]:   compiled code at /tmp/dbt/target/compiled/gn_dw_silver/models/silver/crm/_crm_schema.yml/relationships_CRM_EVENT_PARTIC_331020e79f15655b831fb1b1d8ef85ef.sql
[0m00:44:49.383392 [info ] [Dummy-1   ]: 
[0m00:44:49.383967 [warn ] [Dummy-1   ]: [33mWarning in test relationships_CRM_SEND_RESULT_SNDNG_KEY__SNDNG_KEY__ref_CRM_SEND_REQUEST_ (models/silver/crm/_crm_schema.yml)[0m
[0m00:44:49.384504 [warn ] [Dummy-1   ]: Got 9 results, configured to warn if != 0
[0m00:44:49.384994 [info ] [Dummy-1   ]: 
[0m00:44:49.385499 [info ] [Dummy-1   ]:   compiled code at /tmp/dbt/target/compiled/gn_dw_silver/models/silver/crm/_crm_schema.yml/relationships_CRM_SEND_RESULT_b65afea0ea2156dc62d2ce14c1019842.sql
[0m00:44:49.385958 [info ] [Dummy-1   ]: 
[0m00:44:49.386549 [warn ] [Dummy-1   ]: [33mWarning in test not_null_CRM_SEND_MEMBER_MBER_NO (models/silver/crm/_crm_schema.yml)[0m
[0m00:44:49.387075 [warn ] [Dummy-1   ]: Got 745 results, configured to warn if != 0
[0m00:44:49.387487 [info ] [Dummy-1   ]: 
[0m00:44:49.387922 [info ] [Dummy-1   ]:   compiled code at /tmp/dbt/target/compiled/gn_dw_silver/models/silver/crm/_crm_schema.yml/not_null_CRM_SEND_MEMBER_MBER_NO.sql
[0m00:44:49.388317 [info ] [Dummy-1   ]: 
[0m00:44:49.388824 [warn ] [Dummy-1   ]: [33mWarning in test relationships_CRM_SEND_MEMBER_SNDNG_KEY__SNDNG_KEY__ref_CRM_SEND_REQUEST_ (models/silver/crm/_crm_schema.yml)[0m
[0m00:44:49.389431 [warn ] [Dummy-1   ]: Got 11313 results, configured to warn if != 0
[0m00:44:49.389862 [info ] [Dummy-1   ]: 
[0m00:44:49.390389 [info ] [Dummy-1   ]:   compiled code at /tmp/dbt/target/compiled/gn_dw_silver/models/silver/crm/_crm_schema.yml/relationships_CRM_SEND_MEMBER_80693429ba6cfe4a85378eebdb614e43.sql
[0m00:44:49.390862 [info ] [Dummy-1   ]: 
[0m00:44:49.391431 [warn ] [Dummy-1   ]: [33mWarning in test not_null_CRM_PAYMENT_BILLING_MBER_NO (models/silver/crm/_crm_schema.yml)[0m
[0m00:44:49.392132 [warn ] [Dummy-1   ]: Got 5 results, configured to warn if != 0
[0m00:44:49.392627 [info ] [Dummy-1   ]: 
[0m00:44:49.393214 [info ] [Dummy-1   ]:   compiled code at /tmp/dbt/target/compiled/gn_dw_silver/models/silver/crm/_crm_schema.yml/not_null_CRM_PAYMENT_BILLING_MBER_NO.sql
[0m00:44:49.393688 [info ] [Dummy-1   ]: 
[0m00:44:49.394256 [warn ] [Dummy-1   ]: [33mWarning in test not_null_CRM_PAYMENT_BILLING_RQEST_RST_CD (models/silver/crm/_crm_schema.yml)[0m
[0m00:44:49.394819 [warn ] [Dummy-1   ]: Got 1096 results, configured to warn if != 0
[0m00:44:49.395286 [info ] [Dummy-1   ]: 
[0m00:44:49.395805 [info ] [Dummy-1   ]:   compiled code at /tmp/dbt/target/compiled/gn_dw_silver/models/silver/crm/_crm_schema.yml/not_null_CRM_PAYMENT_BILLING_RQEST_RST_CD.sql
[0m00:44:49.396265 [info ] [Dummy-1   ]: 
[0m00:44:49.396825 [warn ] [Dummy-1   ]: [33mWarning in test relationships_CRM_PAYMENT_BILLING_SPNSR_BSNS_ID__SPNSR_BSNS_ID__ref_CRM_SPONSORSHIP_ (models/silver/crm/_crm_schema.yml)[0m
[0m00:44:49.397475 [warn ] [Dummy-1   ]: Got 1 result, configured to warn if != 0
[0m00:44:49.397910 [info ] [Dummy-1   ]: 
[0m00:44:49.398420 [info ] [Dummy-1   ]:   compiled code at /tmp/dbt/target/compiled/gn_dw_silver/models/silver/crm/_crm_schema.yml/relationships_CRM_PAYMENT_BILL_4baa281a933eb94f99678f6e48c26ecf.sql
[0m00:44:49.398900 [info ] [Dummy-1   ]: 
[0m00:44:49.399480 [warn ] [Dummy-1   ]: [33mWarning in test not_null_CRM_CAMPAIGN_CMPGN_CTGR_NM (models/silver/crm/_crm_schema.yml)[0m
[0m00:44:49.400019 [warn ] [Dummy-1   ]: Got 23 results, configured to warn if != 0
[0m00:44:49.400430 [info ] [Dummy-1   ]: 
[0m00:44:49.400992 [info ] [Dummy-1   ]:   compiled code at /tmp/dbt/target/compiled/gn_dw_silver/models/silver/crm/_crm_schema.yml/not_null_CRM_CAMPAIGN_CMPGN_CTGR_NM.sql
[0m00:44:49.401475 [info ] [Dummy-1   ]: 
[0m00:44:49.402024 [warn ] [Dummy-1   ]: [33mWarning in test not_null_CRM_CAMPAIGN_CMPGN_TYPE1_NM (models/silver/crm/_crm_schema.yml)[0m
[0m00:44:49.402532 [warn ] [Dummy-1   ]: Got 740 results, configured to warn if != 0
[0m00:44:49.402939 [info ] [Dummy-1   ]: 
[0m00:44:49.403425 [info ] [Dummy-1   ]:   compiled code at /tmp/dbt/target/compiled/gn_dw_silver/models/silver/crm/_crm_schema.yml/not_null_CRM_CAMPAIGN_CMPGN_TYPE1_NM.sql
[0m00:44:49.403858 [info ] [Dummy-1   ]: 
[0m00:44:49.404432 [warn ] [Dummy-1   ]: [33mWarning in test relationships_CRM_CAMPAIGN_SPNSR_BSNS_ID__SPNSR_BSNS_ID__ref_CRM_SPONSORSHIP_ (models/silver/crm/_crm_schema.yml)[0m
[0m00:44:49.405096 [warn ] [Dummy-1   ]: Got 18091 results, configured to warn if != 0
[0m00:44:49.405539 [info ] [Dummy-1   ]: 
[0m00:44:49.406069 [info ] [Dummy-1   ]:   compiled code at /tmp/dbt/target/compiled/gn_dw_silver/models/silver/crm/_crm_schema.yml/relationships_CRM_CAMPAIGN_fd8e5b79093e11bc721b6a283587ac31.sql
[0m00:44:49.406544 [info ] [Dummy-1   ]: 
[0m00:44:49.407141 [warn ] [Dummy-1   ]: [33mWarning in test relationships_CRM_EVENT_PARTICIPATION_MBER_NO__MEMBER_DK__ref_CRM_MEMBER_ (models/silver/crm/_crm_schema.yml)[0m
[0m00:44:49.407745 [warn ] [Dummy-1   ]: Got 9480 results, configured to warn if != 0
[0m00:44:49.408163 [info ] [Dummy-1   ]: 
[0m00:44:49.408634 [info ] [Dummy-1   ]:   compiled code at /tmp/dbt/target/compiled/gn_dw_silver/models/silver/crm/_crm_schema.yml/relationships_CRM_EVENT_PARTIC_7a50223d48ddbb0c607dc3f009995964.sql
[0m00:44:49.409164 [info ] [Dummy-1   ]: 
[0m00:44:49.409717 [warn ] [Dummy-1   ]: [33mWarning in test relationships_CRM_MEMBER_CMPGN_CD__CMPGN_CD__ref_CRM_CAMPAIGN_ (models/silver/crm/_crm_schema.yml)[0m
[0m00:44:49.410257 [warn ] [Dummy-1   ]: Got 4 results, configured to warn if != 0
[0m00:44:49.410677 [info ] [Dummy-1   ]: 
[0m00:44:49.411159 [info ] [Dummy-1   ]:   compiled code at /tmp/dbt/target/compiled/gn_dw_silver/models/silver/crm/_crm_schema.yml/relationships_CRM_MEMBER_CMPGN_CD__CMPGN_CD__ref_CRM_CAMPAIGN_.sql
[0m00:44:49.411641 [info ] [Dummy-1   ]: 
[0m00:44:49.412210 [warn ] [Dummy-1   ]: [33mWarning in test relationships_CRM_MEMBER_RESPONSOR_MBER_NO__MEMBER_DK__ref_CRM_MEMBER_ (models/silver/crm/_crm_schema.yml)[0m
[0m00:44:49.412744 [warn ] [Dummy-1   ]: Got 1 result, configured to warn if != 0
[0m00:44:49.413247 [info ] [Dummy-1   ]: 
[0m00:44:49.413753 [info ] [Dummy-1   ]:   compiled code at /tmp/dbt/target/compiled/gn_dw_silver/models/silver/crm/_crm_schema.yml/relationships_CRM_MEMBER_RESPO_01c6a587fd3e5cfd4731a927f9f56435.sql
[0m00:44:49.414228 [info ] [Dummy-1   ]: 
[0m00:44:49.414796 [warn ] [Dummy-1   ]: [33mWarning in test relationships_CRM_PAYMENT_BILLING_MBER_NO__MEMBER_DK__ref_CRM_MEMBER_ (models/silver/crm/_crm_schema.yml)[0m
[0m00:44:49.415351 [warn ] [Dummy-1   ]: Got 309 results, configured to warn if != 0
[0m00:44:49.415776 [info ] [Dummy-1   ]: 
[0m00:44:49.416268 [info ] [Dummy-1   ]:   compiled code at /tmp/dbt/target/compiled/gn_dw_silver/models/silver/crm/_crm_schema.yml/relationships_CRM_PAYMENT_BILL_4761e5f3d0f98739b68268025c98f86d.sql
[0m00:44:49.416722 [info ] [Dummy-1   ]: 
[0m00:44:49.417341 [warn ] [Dummy-1   ]: [33mWarning in test relationships_CRM_SEND_MEMBER_MBER_NO__MEMBER_DK__ref_CRM_MEMBER_ (models/silver/crm/_crm_schema.yml)[0m
[0m00:44:49.417863 [warn ] [Dummy-1   ]: Got 31486 results, configured to warn if != 0
[0m00:44:49.418278 [info ] [Dummy-1   ]: 
[0m00:44:49.418749 [info ] [Dummy-1   ]:   compiled code at /tmp/dbt/target/compiled/gn_dw_silver/models/silver/crm/_crm_schema.yml/relationships_CRM_SEND_MEMBER_bcea8d89cddbfdcc37ce5b6212a8b788.sql
[0m00:44:49.419222 [info ] [Dummy-1   ]: 
[0m00:44:49.419814 [warn ] [Dummy-1   ]: [33mWarning in test relationships_GA4_IDENTITY_MBER_NO__MEMBER_DK__ref_CRM_MEMBER_ (models/silver/ga4/_ga4_schema.yml)[0m
[0m00:44:49.420364 [warn ] [Dummy-1   ]: Got 172 results, configured to warn if != 0
[0m00:44:49.420803 [info ] [Dummy-1   ]: 
[0m00:44:49.421358 [info ] [Dummy-1   ]:   compiled code at /tmp/dbt/target/compiled/gn_dw_silver/models/silver/ga4/_ga4_schema.yml/relationships_GA4_IDENTITY_MBER_NO__MEMBER_DK__ref_CRM_MEMBER_.sql
[0m00:44:49.421788 [info ] [Dummy-1   ]: 
[0m00:44:49.422315 [warn ] [Dummy-1   ]: [33mWarning in test relationships_CRM_MEMBER_DEV_CMPGN_CD__CMPGN_CD__ref_CRM_CAMPAIGN_ (models/silver/crm/_crm_schema.yml)[0m
[0m00:44:49.422828 [warn ] [Dummy-1   ]: Got 18 results, configured to warn if != 0
[0m00:44:49.423241 [info ] [Dummy-1   ]: 
[0m00:44:49.423723 [info ] [Dummy-1   ]:   compiled code at /tmp/dbt/target/compiled/gn_dw_silver/models/silver/crm/_crm_schema.yml/relationships_CRM_MEMBER_DEV_aa08643d8bba99dfea741173c17d6e78.sql
[0m00:44:49.424146 [info ] [Dummy-1   ]: 
[0m00:44:49.424661 [warn ] [Dummy-1   ]: [33mWarning in test relationships_CRM_MEMBER_DEV_MBER_NO__MEMBER_DK__ref_CRM_MEMBER_ (models/silver/crm/_crm_schema.yml)[0m
[0m00:44:49.425260 [warn ] [Dummy-1   ]: Got 270 results, configured to warn if != 0
[0m00:44:49.425667 [info ] [Dummy-1   ]: 
[0m00:44:49.426134 [info ] [Dummy-1   ]:   compiled code at /tmp/dbt/target/compiled/gn_dw_silver/models/silver/crm/_crm_schema.yml/relationships_CRM_MEMBER_DEV_7dd7ec21164eb879e314b7daa9de79c0.sql
[0m00:44:49.426569 [info ] [Dummy-1   ]: 
[0m00:44:49.427105 [warn ] [Dummy-1   ]: [33mWarning in test relationships_CRM_MEMBER_DISCONTINUE_MBER_NO__MEMBER_DK__ref_CRM_MEMBER_ (models/silver/crm/_crm_schema.yml)[0m
[0m00:44:49.427639 [warn ] [Dummy-1   ]: Got 1 result, configured to warn if != 0
[0m00:44:49.428037 [info ] [Dummy-1   ]: 
[0m00:44:49.428521 [info ] [Dummy-1   ]:   compiled code at /tmp/dbt/target/compiled/gn_dw_silver/models/silver/crm/_crm_schema.yml/relationships_CRM_MEMBER_DISCO_e856d53d2222ce64eefd8d577dc1c329.sql
[0m00:44:49.429006 [info ] [Dummy-1   ]: 
[0m00:44:49.429569 [warn ] [Dummy-1   ]: [33mWarning in test relationships_CRM_MEMBER_STATUS_HIST_MBER_NO__MEMBER_DK__ref_CRM_MEMBER_ (models/silver/crm/_crm_schema.yml)[0m
[0m00:44:49.430075 [warn ] [Dummy-1   ]: Got 85 results, configured to warn if != 0
[0m00:44:49.430470 [info ] [Dummy-1   ]: 
[0m00:44:49.430933 [info ] [Dummy-1   ]:   compiled code at /tmp/dbt/target/compiled/gn_dw_silver/models/silver/crm/_crm_schema.yml/relationships_CRM_MEMBER_STATU_fba6021c51be36b447ff2ca91196c869.sql
[0m00:44:49.431362 [info ] [Dummy-1   ]: 
[0m00:44:49.431911 [warn ] [Dummy-1   ]: [33mWarning in test relationships_CRM_PAYMENT_METHOD_MBER_NO__MEMBER_DK__ref_CRM_MEMBER_ (models/silver/crm/_crm_schema.yml)[0m
[0m00:44:49.432427 [warn ] [Dummy-1   ]: Got 37 results, configured to warn if != 0
[0m00:44:49.432823 [info ] [Dummy-1   ]: 
[0m00:44:49.433396 [info ] [Dummy-1   ]:   compiled code at /tmp/dbt/target/compiled/gn_dw_silver/models/silver/crm/_crm_schema.yml/relationships_CRM_PAYMENT_METH_335a58759c830ee616a2f9578d443a3a.sql
[0m00:44:49.433866 [info ] [Dummy-1   ]: 
[0m00:44:49.434408 [warn ] [Dummy-1   ]: [33mWarning in test accepted_values_FACT_EVENT_PARTICIPATION_PART_STATUS__1__2__3__4__5__6__110__120__130__140__150__160__170__180__190__200__210__220 (models/gold/_gold_ready_schema.yml)[0m
[0m00:44:49.434955 [warn ] [Dummy-1   ]: Got 1 result, configured to warn if != 0
[0m00:44:49.435363 [info ] [Dummy-1   ]: 
[0m00:44:49.435844 [info ] [Dummy-1   ]:   compiled code at /tmp/dbt/target/compiled/gn_dw_silver/models/gold/_gold_ready_schema.yml/accepted_values_FACT_EVENT_PAR_3e4477efe5bd670b9bd4e7a6aa7935a7.sql
[0m00:44:49.436267 [info ] [Dummy-1   ]: 
[0m00:44:49.436789 [warn ] [Dummy-1   ]: [33mWarning in test relationships_FACT_EVENT_PARTICIPATION_MEMBER_DK__MEMBER_DK__ref_DIM_MEMBER_ (models/gold/_gold_ready_schema.yml)[0m
[0m00:44:49.437386 [warn ] [Dummy-1   ]: Got 9480 results, configured to warn if != 0
[0m00:44:49.437783 [info ] [Dummy-1   ]: 
[0m00:44:49.438243 [info ] [Dummy-1   ]:   compiled code at /tmp/dbt/target/compiled/gn_dw_silver/models/gold/_gold_ready_schema.yml/relationships_FACT_EVENT_PARTI_63eef567f98b97d61ca36bd4c2454f77.sql
[0m00:44:49.438677 [info ] [Dummy-1   ]: 
[0m00:44:49.439238 [warn ] [Dummy-1   ]: [33mWarning in test relationships_FACT_MEMBER_EVENT_MEMBER_DK__MEMBER_DK__ref_DIM_MEMBER_ (models/gold/_gold_ready_schema.yml)[0m
[0m00:44:49.439774 [warn ] [Dummy-1   ]: Got 271 results, configured to warn if != 0
[0m00:44:49.440183 [info ] [Dummy-1   ]: 
[0m00:44:49.440674 [info ] [Dummy-1   ]:   compiled code at /tmp/dbt/target/compiled/gn_dw_silver/models/gold/_gold_ready_schema.yml/relationships_FACT_MEMBER_EVEN_1a7591eb24f2db09b72ae74e3af18676.sql
[0m00:44:49.441185 [info ] [Dummy-1   ]: 
[0m00:44:49.441746 [warn ] [Dummy-1   ]: [33mWarning in test relationships_FACT_SERVICE_EVENT_MEMBER_DK__MEMBER_DK__ref_DIM_MEMBER_ (models/gold/_gold_ready_schema.yml)[0m
[0m00:44:49.442290 [warn ] [Dummy-1   ]: Got 31486 results, configured to warn if != 0
[0m00:44:49.442710 [info ] [Dummy-1   ]: 
[0m00:44:49.443188 [info ] [Dummy-1   ]:   compiled code at /tmp/dbt/target/compiled/gn_dw_silver/models/gold/_gold_ready_schema.yml/relationships_FACT_SERVICE_EVE_32dbeb2f1e2ff1799ad1608621406ecd.sql
[0m00:44:49.443658 [info ] [Dummy-1   ]: 
[0m00:44:49.444198 [warn ] [Dummy-1   ]: [33mWarning in test relationships_FACT_MEMBER_COHORT_MEMBER_DK__MEMBER_DK__ref_DIM_MEMBER_ (models/gold/_gold_ready_schema.yml)[0m
[0m00:44:49.444720 [warn ] [Dummy-1   ]: Got 16 results, configured to warn if != 0
[0m00:44:49.445211 [info ] [Dummy-1   ]: 
[0m00:44:49.445685 [info ] [Dummy-1   ]:   compiled code at /tmp/dbt/target/compiled/gn_dw_silver/models/gold/_gold_ready_schema.yml/relationships_FACT_MEMBER_COHO_cd96400adc9c1f2525d835ce466cb61c.sql
[0m00:44:49.446119 [info ] [Dummy-1   ]: 
[0m00:44:49.446641 [warn ] [Dummy-1   ]: [33mWarning in test relationships_FACT_MEMBER_MONTHLY_MEMBER_DK__MEMBER_DK__ref_DIM_MEMBER_ (models/gold/_gold_ready_schema.yml)[0m
[0m00:44:49.447178 [warn ] [Dummy-1   ]: Got 199 results, configured to warn if != 0
[0m00:44:49.447627 [info ] [Dummy-1   ]: 
[0m00:44:49.448129 [info ] [Dummy-1   ]:   compiled code at /tmp/dbt/target/compiled/gn_dw_silver/models/gold/_gold_ready_schema.yml/relationships_FACT_MEMBER_MONT_53f1dbedc04314fed8831c443e382e05.sql
[0m00:44:49.449319 [info ] [Dummy-1   ]: 
[0m00:44:49.449810 [info ] [Dummy-1   ]: Done. PASS=370 WARN=27 ERROR=0 SKIP=0 TOTAL=397
[0m00:44:49.452614 [debug] [Dummy-1   ]: Resource report: {"command_name": "build", "command_success": true, "command_wall_clock_time": 174.54173, "process_in_blocks": "0", "process_kernel_time": 3.05, "process_mem_max_rss": "528448", "process_out_blocks": "0", "process_user_time": 36.77}
[0m00:44:49.453310 [debug] [Dummy-1   ]: Command `cli build` succeeded at 00:44:49.453047 after 174.54 seconds
[0m00:44:49.453830 [debug] [Dummy-1   ]: Flushing usage events


============================== 01:11:37.277876 | 70585b41-f46e-46ce-b6ba-556600f2d3c3 ==============================
[0m01:11:37.277876 [info ] [Dummy-1   ]: Running with dbt=1.9.4
[0m01:11:37.278711 [debug] [Dummy-1   ]: running dbt with arguments {'printer_width': '80', 'indirect_selection': 'eager', 'write_json': 'True', 'log_cache_events': 'False', 'partial_parse': 'True', 'cache_selected_only': 'False', 'warn_error': 'None', 'debug': 'False', 'profiles_dir': '/tmp/dbt/', 'log_path': '/tmp/dbt/logs', 'version_check': 'True', 'fail_fast': 'False', 'use_colors': 'True', 'use_experimental_parser': 'False', 'empty': 'False', 'quiet': 'False', 'no_print': 'None', 'log_format': 'default', 'invocation_command': 'dbt ', 'warn_error_options': 'WarnErrorOptions(include=[], exclude=[])', 'introspect': 'True', 'target_path': '/tmp/dbt/target', 'static_parser': 'True', 'send_anonymous_usage_stats': 'False'}
[0m01:11:37.549580 [info ] [Dummy-1   ]: Registered adapter: snowflake=1.9.2
[0m01:11:38.078954 [debug] [Dummy-1   ]: checksum: 53ed91fada2233efb98368d1716b44ab532c83a9c293cf1890b7905d5b45fb25, vars: {}, profile: , target: dev, version: 1.9.4
[0m01:11:38.495755 [debug] [Dummy-1   ]: Partial parsing enabled: 0 files deleted, 0 files added, 0 files changed.
[0m01:11:38.496395 [debug] [Dummy-1   ]: Partial parsing enabled, no changes found, skipping parsing
[0m01:11:38.735502 [debug] [Dummy-1   ]: Wrote artifact WritableManifest to /tmp/dbt/target/manifest.json
[0m01:11:38.737993 [debug] [Dummy-1   ]: Wrote artifact SemanticManifest to /tmp/dbt/target/semantic_manifest.json
[0m01:11:38.855524 [info ] [Dummy-1   ]: Found 81 models, 316 data tests, 40 sources, 483 macros
[0m01:11:38.870438 [info ] [Dummy-1   ]: 
[0m01:11:38.871001 [info ] [Dummy-1   ]: Concurrency: 4 threads (target='dev')
[0m01:11:38.871478 [info ] [Dummy-1   ]: 
[0m01:11:38.872305 [debug] [Dummy-1   ]: Acquiring new snowflake connection 'master'
[0m01:11:38.882734 [debug] [ThreadPool]: Acquiring new snowflake connection 'list_GN_DW_SILVER'
[0m01:11:38.884515 [debug] [ThreadPool]: Acquiring new snowflake connection 'list_GN_DW_GOLD'
[0m01:11:38.986706 [debug] [ThreadPool]: Using snowflake connection "list_GN_DW_SILVER"
[0m01:11:38.987410 [debug] [ThreadPool]: Using snowflake connection "list_GN_DW_GOLD"
[0m01:11:38.987987 [debug] [ThreadPool]: On list_GN_DW_SILVER: /* {"app": "dbt", "dbt_version": "1.9.4", "profile_name": "default", "target_name": "dev", "connection_name": "list_GN_DW_SILVER"} */
alter session set quoted_identifiers_ignore_case = false;
[0m01:11:38.988499 [debug] [ThreadPool]: On list_GN_DW_GOLD: /* {"app": "dbt", "dbt_version": "1.9.4", "profile_name": "default", "target_name": "dev", "connection_name": "list_GN_DW_GOLD"} */
alter session set quoted_identifiers_ignore_case = false;
[0m01:11:38.988973 [debug] [ThreadPool]: Opening a new connection, currently in state init
[0m01:11:38.989429 [debug] [ThreadPool]: Opening a new connection, currently in state init
[0m01:11:39.321942 [debug] [ThreadPool]: SQL status: SUCCESS 1 in 0.332 seconds
[0m01:11:39.322602 [debug] [ThreadPool]: SQL status: SUCCESS 1 in 0.334 seconds
[0m01:11:39.326919 [debug] [ThreadPool]: Using snowflake connection "list_GN_DW_GOLD"
[0m01:11:39.328670 [debug] [ThreadPool]: Using snowflake connection "list_GN_DW_SILVER"
[0m01:11:39.329174 [debug] [ThreadPool]: On list_GN_DW_GOLD: /* {"app": "dbt", "dbt_version": "1.9.4", "profile_name": "default", "target_name": "dev", "connection_name": "list_GN_DW_GOLD"} */
show objects in GN_DW.GOLD
    limit 10000
    
;
[0m01:11:39.329652 [debug] [ThreadPool]: On list_GN_DW_SILVER: /* {"app": "dbt", "dbt_version": "1.9.4", "profile_name": "default", "target_name": "dev", "connection_name": "list_GN_DW_SILVER"} */
show objects in GN_DW.SILVER
    limit 10000
    
;
[0m01:11:39.461329 [debug] [ThreadPool]: SQL status: SUCCESS 43 in 0.131 seconds
[0m01:11:39.464127 [debug] [ThreadPool]: Using snowflake connection "list_GN_DW_GOLD"
[0m01:11:39.464617 [debug] [ThreadPool]: On list_GN_DW_GOLD: /* {"app": "dbt", "dbt_version": "1.9.4", "profile_name": "default", "target_name": "dev", "connection_name": "list_GN_DW_GOLD"} */
alter session unset quoted_identifiers_ignore_case;
[0m01:11:39.482088 [debug] [ThreadPool]: SQL status: SUCCESS 38 in 0.152 seconds
[0m01:11:39.484689 [debug] [ThreadPool]: Using snowflake connection "list_GN_DW_SILVER"
[0m01:11:39.485152 [debug] [ThreadPool]: On list_GN_DW_SILVER: /* {"app": "dbt", "dbt_version": "1.9.4", "profile_name": "default", "target_name": "dev", "connection_name": "list_GN_DW_SILVER"} */
alter session unset quoted_identifiers_ignore_case;
[0m01:11:39.516094 [debug] [ThreadPool]: SQL status: SUCCESS 1 in 0.051 seconds
[0m01:11:39.540677 [debug] [ThreadPool]: SQL status: SUCCESS 1 in 0.055 seconds
[0m01:11:39.562844 [debug] [Thread-2 (]: Began running node model.gn_dw_silver.FACT_AD_BROADCAST
[0m01:11:39.563417 [debug] [Thread-3 (]: Began running node model.gn_dw_silver.FACT_AD_BROADCAST_CASE
[0m01:11:39.564046 [debug] [Thread-4 (]: Began running node model.gn_dw_silver.FACT_AD_DIGITAL
[0m01:11:39.564642 [debug] [Thread-5 (]: Began running node model.gn_dw_silver.FACT_AD_PERFORMANCE
[0m01:11:39.565424 [debug] [Thread-2 (]: Re-using an available connection from the pool (formerly list_GN_DW_GOLD, now model.gn_dw_silver.FACT_AD_BROADCAST)
[0m01:11:39.566034 [debug] [Thread-3 (]: Re-using an available connection from the pool (formerly list_GN_DW_SILVER, now model.gn_dw_silver.FACT_AD_BROADCAST_CASE)
[0m01:11:39.566685 [debug] [Thread-4 (]: Acquiring new snowflake connection 'model.gn_dw_silver.FACT_AD_DIGITAL'
[0m01:11:39.567336 [debug] [Thread-5 (]: Acquiring new snowflake connection 'model.gn_dw_silver.FACT_AD_PERFORMANCE'
[0m01:11:39.567838 [debug] [Thread-2 (]: Began compiling node model.gn_dw_silver.FACT_AD_BROADCAST
[0m01:11:39.568425 [debug] [Thread-3 (]: Began compiling node model.gn_dw_silver.FACT_AD_BROADCAST_CASE
[0m01:11:39.568904 [debug] [Thread-4 (]: Began compiling node model.gn_dw_silver.FACT_AD_DIGITAL
[0m01:11:39.569383 [debug] [Thread-5 (]: Began compiling node model.gn_dw_silver.FACT_AD_PERFORMANCE
[0m01:11:39.580299 [debug] [Thread-2 (]: Writing injected SQL for node "model.gn_dw_silver.FACT_AD_BROADCAST"
[0m01:11:39.585036 [debug] [Thread-3 (]: Writing injected SQL for node "model.gn_dw_silver.FACT_AD_BROADCAST_CASE"
[0m01:11:39.589679 [debug] [Thread-4 (]: Writing injected SQL for node "model.gn_dw_silver.FACT_AD_DIGITAL"
[0m01:11:39.596423 [debug] [Thread-5 (]: Writing injected SQL for node "model.gn_dw_silver.FACT_AD_PERFORMANCE"
[0m01:11:39.597421 [debug] [Thread-2 (]: Began executing node model.gn_dw_silver.FACT_AD_BROADCAST
[0m01:11:39.598292 [debug] [Thread-3 (]: Began executing node model.gn_dw_silver.FACT_AD_BROADCAST_CASE
[0m01:11:39.598986 [debug] [Thread-4 (]: Began executing node model.gn_dw_silver.FACT_AD_DIGITAL
[0m01:11:39.600080 [debug] [Thread-2 (]: Finished running node model.gn_dw_silver.FACT_AD_BROADCAST
[0m01:11:39.600579 [debug] [Thread-5 (]: Began executing node model.gn_dw_silver.FACT_AD_PERFORMANCE
[0m01:11:39.601338 [debug] [Thread-3 (]: Finished running node model.gn_dw_silver.FACT_AD_BROADCAST_CASE
[0m01:11:39.602091 [debug] [Thread-4 (]: Finished running node model.gn_dw_silver.FACT_AD_DIGITAL
[0m01:11:39.602633 [debug] [Thread-2 (]: Began running node model.gn_dw_silver.FACT_BUDGET
[0m01:11:39.603575 [debug] [Thread-5 (]: Finished running node model.gn_dw_silver.FACT_AD_PERFORMANCE
[0m01:11:39.604239 [debug] [Thread-3 (]: Began running node model.gn_dw_silver.FACT_EVENT_PARTICIPATION
[0m01:11:39.605042 [debug] [Thread-4 (]: Began running node model.gn_dw_silver.FACT_GA_BEHAVIOR
[0m01:11:39.605791 [debug] [Thread-2 (]: Re-using an available connection from the pool (formerly model.gn_dw_silver.FACT_AD_BROADCAST, now model.gn_dw_silver.FACT_BUDGET)
[0m01:11:39.606384 [debug] [Thread-5 (]: Began running node model.gn_dw_silver.FACT_MEMBER_EVENT
[0m01:11:39.607299 [debug] [Thread-3 (]: Re-using an available connection from the pool (formerly model.gn_dw_silver.FACT_AD_BROADCAST_CASE, now model.gn_dw_silver.FACT_EVENT_PARTICIPATION)
[0m01:11:39.607942 [debug] [Thread-4 (]: Re-using an available connection from the pool (formerly model.gn_dw_silver.FACT_AD_DIGITAL, now model.gn_dw_silver.FACT_GA_BEHAVIOR)
[0m01:11:39.608497 [debug] [Thread-2 (]: Began compiling node model.gn_dw_silver.FACT_BUDGET
[0m01:11:39.609094 [debug] [Thread-5 (]: Re-using an available connection from the pool (formerly model.gn_dw_silver.FACT_AD_PERFORMANCE, now model.gn_dw_silver.FACT_MEMBER_EVENT)
[0m01:11:39.609600 [debug] [Thread-3 (]: Began compiling node model.gn_dw_silver.FACT_EVENT_PARTICIPATION
[0m01:11:39.610096 [debug] [Thread-4 (]: Began compiling node model.gn_dw_silver.FACT_GA_BEHAVIOR
[0m01:11:39.619646 [debug] [Thread-2 (]: Writing injected SQL for node "model.gn_dw_silver.FACT_BUDGET"
[0m01:11:39.620260 [debug] [Thread-5 (]: Began compiling node model.gn_dw_silver.FACT_MEMBER_EVENT
[0m01:11:39.625623 [debug] [Thread-3 (]: Writing injected SQL for node "model.gn_dw_silver.FACT_EVENT_PARTICIPATION"
[0m01:11:39.631842 [debug] [Thread-4 (]: Writing injected SQL for node "model.gn_dw_silver.FACT_GA_BEHAVIOR"
[0m01:11:39.640761 [debug] [Thread-5 (]: Writing injected SQL for node "model.gn_dw_silver.FACT_MEMBER_EVENT"
[0m01:11:39.641328 [debug] [Thread-2 (]: Began executing node model.gn_dw_silver.FACT_BUDGET
[0m01:11:39.642271 [debug] [Thread-3 (]: Began executing node model.gn_dw_silver.FACT_EVENT_PARTICIPATION
[0m01:11:39.643163 [debug] [Thread-4 (]: Began executing node model.gn_dw_silver.FACT_GA_BEHAVIOR
[0m01:11:39.644081 [debug] [Thread-2 (]: Finished running node model.gn_dw_silver.FACT_BUDGET
[0m01:11:39.644733 [debug] [Thread-5 (]: Began executing node model.gn_dw_silver.FACT_MEMBER_EVENT
[0m01:11:39.645489 [debug] [Thread-3 (]: Finished running node model.gn_dw_silver.FACT_EVENT_PARTICIPATION
[0m01:11:39.646261 [debug] [Thread-4 (]: Finished running node model.gn_dw_silver.FACT_GA_BEHAVIOR
[0m01:11:39.646817 [debug] [Thread-2 (]: Began running node model.gn_dw_silver.FACT_SERVICE_EVENT
[0m01:11:39.647765 [debug] [Thread-5 (]: Finished running node model.gn_dw_silver.FACT_MEMBER_EVENT
[0m01:11:39.648422 [debug] [Thread-3 (]: Began running node model.gn_dw_silver.FACT_TARGET_BIZ
[0m01:11:39.649480 [debug] [Thread-4 (]: Began running node model.gn_dw_silver.FACT_TARGET_DEV
[0m01:11:39.650420 [debug] [Thread-2 (]: Re-using an available connection from the pool (formerly model.gn_dw_silver.FACT_BUDGET, now model.gn_dw_silver.FACT_SERVICE_EVENT)
[0m01:11:39.651002 [debug] [Thread-5 (]: Began running node test.gn_dw_silver.not_null_FACT_AD_BROADCAST_AD_PERF_DK.85ffbd0c62
[0m01:11:39.652195 [debug] [Thread-3 (]: Re-using an available connection from the pool (formerly model.gn_dw_silver.FACT_EVENT_PARTICIPATION, now model.gn_dw_silver.FACT_TARGET_BIZ)
[0m01:11:39.652781 [debug] [Thread-4 (]: Re-using an available connection from the pool (formerly model.gn_dw_silver.FACT_GA_BEHAVIOR, now model.gn_dw_silver.FACT_TARGET_DEV)
[0m01:11:39.653274 [debug] [Thread-2 (]: Began compiling node model.gn_dw_silver.FACT_SERVICE_EVENT
[0m01:11:39.653831 [debug] [Thread-5 (]: Re-using an available connection from the pool (formerly model.gn_dw_silver.FACT_MEMBER_EVENT, now test.gn_dw_silver.not_null_FACT_AD_BROADCAST_AD_PERF_DK.85ffbd0c62)
[0m01:11:39.654333 [debug] [Thread-3 (]: Began compiling node model.gn_dw_silver.FACT_TARGET_BIZ
[0m01:11:39.654791 [debug] [Thread-4 (]: Began compiling node model.gn_dw_silver.FACT_TARGET_DEV
[0m01:11:39.660700 [debug] [Thread-2 (]: Writing injected SQL for node "model.gn_dw_silver.FACT_SERVICE_EVENT"
[0m01:11:39.661258 [debug] [Thread-5 (]: Began compiling node test.gn_dw_silver.not_null_FACT_AD_BROADCAST_AD_PERF_DK.85ffbd0c62
[0m01:11:39.667786 [debug] [Thread-3 (]: Writing injected SQL for node "model.gn_dw_silver.FACT_TARGET_BIZ"
[0m01:11:39.673037 [debug] [Thread-4 (]: Writing injected SQL for node "model.gn_dw_silver.FACT_TARGET_DEV"
[0m01:11:39.685656 [debug] [Thread-5 (]: Writing injected SQL for node "test.gn_dw_silver.not_null_FACT_AD_BROADCAST_AD_PERF_DK.85ffbd0c62"
[0m01:11:39.686157 [debug] [Thread-2 (]: Began executing node model.gn_dw_silver.FACT_SERVICE_EVENT
[0m01:11:39.686964 [debug] [Thread-3 (]: Began executing node model.gn_dw_silver.FACT_TARGET_BIZ
[0m01:11:39.687628 [debug] [Thread-4 (]: Began executing node model.gn_dw_silver.FACT_TARGET_DEV
[0m01:11:39.688596 [debug] [Thread-2 (]: Finished running node model.gn_dw_silver.FACT_SERVICE_EVENT
[0m01:11:39.689116 [debug] [Thread-5 (]: Began executing node test.gn_dw_silver.not_null_FACT_AD_BROADCAST_AD_PERF_DK.85ffbd0c62
[0m01:11:39.689890 [debug] [Thread-3 (]: Finished running node model.gn_dw_silver.FACT_TARGET_BIZ
[0m01:11:39.690630 [debug] [Thread-4 (]: Finished running node model.gn_dw_silver.FACT_TARGET_DEV
[0m01:11:39.691198 [debug] [Thread-2 (]: Began running node test.gn_dw_silver.unique_FACT_AD_BROADCAST_AD_PERF_DK.6018f7fe48
[0m01:11:39.692499 [debug] [Thread-5 (]: Finished running node test.gn_dw_silver.not_null_FACT_AD_BROADCAST_AD_PERF_DK.85ffbd0c62
[0m01:11:39.693101 [debug] [Thread-3 (]: Began running node test.gn_dw_silver.accepted_values_FACT_AD_BROADCAST_CASE_CASE_SEQ__1__2__3.16af1ece64
[0m01:11:39.693779 [debug] [Thread-4 (]: Began running node test.gn_dw_silver.not_null_FACT_AD_BROADCAST_CASE_AD_PERF_DK.4ccf38eae1
[0m01:11:39.694586 [debug] [Thread-2 (]: Re-using an available connection from the pool (formerly model.gn_dw_silver.FACT_SERVICE_EVENT, now test.gn_dw_silver.unique_FACT_AD_BROADCAST_AD_PERF_DK.6018f7fe48)
[0m01:11:39.695156 [debug] [Thread-5 (]: Began running node test.gn_dw_silver.not_null_FACT_AD_BROADCAST_CASE_CASE_SEQ.aa6e35fb5a
[0m01:11:39.695756 [debug] [Thread-3 (]: Re-using an available connection from the pool (formerly model.gn_dw_silver.FACT_TARGET_BIZ, now test.gn_dw_silver.accepted_values_FACT_AD_BROADCAST_CASE_CASE_SEQ__1__2__3.16af1ece64)
[0m01:11:39.696378 [debug] [Thread-4 (]: Re-using an available connection from the pool (formerly model.gn_dw_silver.FACT_TARGET_DEV, now test.gn_dw_silver.not_null_FACT_AD_BROADCAST_CASE_AD_PERF_DK.4ccf38eae1)
[0m01:11:39.696898 [debug] [Thread-2 (]: Began compiling node test.gn_dw_silver.unique_FACT_AD_BROADCAST_AD_PERF_DK.6018f7fe48
[0m01:11:39.697484 [debug] [Thread-5 (]: Re-using an available connection from the pool (formerly test.gn_dw_silver.not_null_FACT_AD_BROADCAST_AD_PERF_DK.85ffbd0c62, now test.gn_dw_silver.not_null_FACT_AD_BROADCAST_CASE_CASE_SEQ.aa6e35fb5a)
[0m01:11:39.698025 [debug] [Thread-3 (]: Began compiling node test.gn_dw_silver.accepted_values_FACT_AD_BROADCAST_CASE_CASE_SEQ__1__2__3.16af1ece64
[0m01:11:39.698538 [debug] [Thread-4 (]: Began compiling node test.gn_dw_silver.not_null_FACT_AD_BROADCAST_CASE_AD_PERF_DK.4ccf38eae1
[0m01:11:39.705354 [debug] [Thread-2 (]: Writing injected SQL for node "test.gn_dw_silver.unique_FACT_AD_BROADCAST_AD_PERF_DK.6018f7fe48"
[0m01:11:39.705881 [debug] [Thread-5 (]: Began compiling node test.gn_dw_silver.not_null_FACT_AD_BROADCAST_CASE_CASE_SEQ.aa6e35fb5a
[0m01:11:39.715284 [debug] [Thread-3 (]: Writing injected SQL for node "test.gn_dw_silver.accepted_values_FACT_AD_BROADCAST_CASE_CASE_SEQ__1__2__3.16af1ece64"
[0m01:11:39.720137 [debug] [Thread-4 (]: Writing injected SQL for node "test.gn_dw_silver.not_null_FACT_AD_BROADCAST_CASE_AD_PERF_DK.4ccf38eae1"
[0m01:11:39.725180 [debug] [Thread-5 (]: Writing injected SQL for node "test.gn_dw_silver.not_null_FACT_AD_BROADCAST_CASE_CASE_SEQ.aa6e35fb5a"
[0m01:11:39.725753 [debug] [Thread-2 (]: Began executing node test.gn_dw_silver.unique_FACT_AD_BROADCAST_AD_PERF_DK.6018f7fe48
[0m01:11:39.726596 [debug] [Thread-3 (]: Began executing node test.gn_dw_silver.accepted_values_FACT_AD_BROADCAST_CASE_CASE_SEQ__1__2__3.16af1ece64
[0m01:11:39.727381 [debug] [Thread-4 (]: Began executing node test.gn_dw_silver.not_null_FACT_AD_BROADCAST_CASE_AD_PERF_DK.4ccf38eae1
[0m01:11:39.728426 [debug] [Thread-2 (]: Finished running node test.gn_dw_silver.unique_FACT_AD_BROADCAST_AD_PERF_DK.6018f7fe48
[0m01:11:39.728999 [debug] [Thread-5 (]: Began executing node test.gn_dw_silver.not_null_FACT_AD_BROADCAST_CASE_CASE_SEQ.aa6e35fb5a
[0m01:11:39.729806 [debug] [Thread-3 (]: Finished running node test.gn_dw_silver.accepted_values_FACT_AD_BROADCAST_CASE_CASE_SEQ__1__2__3.16af1ece64
[0m01:11:39.730553 [debug] [Thread-4 (]: Finished running node test.gn_dw_silver.not_null_FACT_AD_BROADCAST_CASE_AD_PERF_DK.4ccf38eae1
[0m01:11:39.731141 [debug] [Thread-2 (]: Began running node test.gn_dw_silver.unique_FACT_AD_BROADCAST_CASE_AD_PERF_DK_CASE_SEQ.b334a0547a
[0m01:11:39.731999 [debug] [Thread-5 (]: Finished running node test.gn_dw_silver.not_null_FACT_AD_BROADCAST_CASE_CASE_SEQ.aa6e35fb5a
[0m01:11:39.732569 [debug] [Thread-3 (]: Began running node test.gn_dw_silver.not_null_FACT_AD_DIGITAL_AD_PERF_DK.5ba4a64655
[0m01:11:39.733144 [debug] [Thread-4 (]: Began running node test.gn_dw_silver.unique_FACT_AD_DIGITAL_AD_PERF_DK.2c034fda60
[0m01:11:39.733772 [debug] [Thread-2 (]: Re-using an available connection from the pool (formerly test.gn_dw_silver.unique_FACT_AD_BROADCAST_AD_PERF_DK.6018f7fe48, now test.gn_dw_silver.unique_FACT_AD_BROADCAST_CASE_AD_PERF_DK_CASE_SEQ.b334a0547a)
[0m01:11:39.734350 [debug] [Thread-5 (]: Began running node test.gn_dw_silver.accepted_values_FACT_AD_PERFORMANCE_AD_SOURCE_TYPE__DIGITAL__VIDEO__REBROADCAST.519d7eee70
[0m01:11:39.734970 [debug] [Thread-3 (]: Re-using an available connection from the pool (formerly test.gn_dw_silver.accepted_values_FACT_AD_BROADCAST_CASE_CASE_SEQ__1__2__3.16af1ece64, now test.gn_dw_silver.not_null_FACT_AD_DIGITAL_AD_PERF_DK.5ba4a64655)
[0m01:11:39.735544 [debug] [Thread-4 (]: Re-using an available connection from the pool (formerly test.gn_dw_silver.not_null_FACT_AD_BROADCAST_CASE_AD_PERF_DK.4ccf38eae1, now test.gn_dw_silver.unique_FACT_AD_DIGITAL_AD_PERF_DK.2c034fda60)
[0m01:11:39.736113 [debug] [Thread-2 (]: Began compiling node test.gn_dw_silver.unique_FACT_AD_BROADCAST_CASE_AD_PERF_DK_CASE_SEQ.b334a0547a
[0m01:11:39.736698 [debug] [Thread-5 (]: Re-using an available connection from the pool (formerly test.gn_dw_silver.not_null_FACT_AD_BROADCAST_CASE_CASE_SEQ.aa6e35fb5a, now test.gn_dw_silver.accepted_values_FACT_AD_PERFORMANCE_AD_SOURCE_TYPE__DIGITAL__VIDEO__REBROADCAST.519d7eee70)
[0m01:11:39.737178 [debug] [Thread-3 (]: Began compiling node test.gn_dw_silver.not_null_FACT_AD_DIGITAL_AD_PERF_DK.5ba4a64655
[0m01:11:39.737645 [debug] [Thread-4 (]: Began compiling node test.gn_dw_silver.unique_FACT_AD_DIGITAL_AD_PERF_DK.2c034fda60
[0m01:11:39.742358 [debug] [Thread-2 (]: Writing injected SQL for node "test.gn_dw_silver.unique_FACT_AD_BROADCAST_CASE_AD_PERF_DK_CASE_SEQ.b334a0547a"
[0m01:11:39.742914 [debug] [Thread-5 (]: Began compiling node test.gn_dw_silver.accepted_values_FACT_AD_PERFORMANCE_AD_SOURCE_TYPE__DIGITAL__VIDEO__REBROADCAST.519d7eee70
[0m01:11:39.747712 [debug] [Thread-3 (]: Writing injected SQL for node "test.gn_dw_silver.not_null_FACT_AD_DIGITAL_AD_PERF_DK.5ba4a64655"
[0m01:11:39.753685 [debug] [Thread-4 (]: Writing injected SQL for node "test.gn_dw_silver.unique_FACT_AD_DIGITAL_AD_PERF_DK.2c034fda60"
[0m01:11:39.760936 [debug] [Thread-5 (]: Writing injected SQL for node "test.gn_dw_silver.accepted_values_FACT_AD_PERFORMANCE_AD_SOURCE_TYPE__DIGITAL__VIDEO__REBROADCAST.519d7eee70"
[0m01:11:39.761442 [debug] [Thread-2 (]: Began executing node test.gn_dw_silver.unique_FACT_AD_BROADCAST_CASE_AD_PERF_DK_CASE_SEQ.b334a0547a
[0m01:11:39.762308 [debug] [Thread-3 (]: Began executing node test.gn_dw_silver.not_null_FACT_AD_DIGITAL_AD_PERF_DK.5ba4a64655
[0m01:11:39.763160 [debug] [Thread-4 (]: Began executing node test.gn_dw_silver.unique_FACT_AD_DIGITAL_AD_PERF_DK.2c034fda60
[0m01:11:39.764061 [debug] [Thread-2 (]: Finished running node test.gn_dw_silver.unique_FACT_AD_BROADCAST_CASE_AD_PERF_DK_CASE_SEQ.b334a0547a
[0m01:11:39.764550 [debug] [Thread-5 (]: Began executing node test.gn_dw_silver.accepted_values_FACT_AD_PERFORMANCE_AD_SOURCE_TYPE__DIGITAL__VIDEO__REBROADCAST.519d7eee70
[0m01:11:39.765299 [debug] [Thread-3 (]: Finished running node test.gn_dw_silver.not_null_FACT_AD_DIGITAL_AD_PERF_DK.5ba4a64655
[0m01:11:39.766052 [debug] [Thread-4 (]: Finished running node test.gn_dw_silver.unique_FACT_AD_DIGITAL_AD_PERF_DK.2c034fda60
[0m01:11:39.766618 [debug] [Thread-2 (]: Began running node test.gn_dw_silver.not_null_FACT_AD_PERFORMANCE_AD_CREATIVE_SK.5c7bfae8df
[0m01:11:39.767401 [debug] [Thread-5 (]: Finished running node test.gn_dw_silver.accepted_values_FACT_AD_PERFORMANCE_AD_SOURCE_TYPE__DIGITAL__VIDEO__REBROADCAST.519d7eee70
[0m01:11:39.768018 [debug] [Thread-3 (]: Began running node test.gn_dw_silver.not_null_FACT_AD_PERFORMANCE_AD_PERF_DK.1631938af9
[0m01:11:39.768636 [debug] [Thread-4 (]: Began running node test.gn_dw_silver.not_null_FACT_AD_PERFORMANCE_AD_SOURCE_TYPE.a8c18e7c40
[0m01:11:39.769290 [debug] [Thread-2 (]: Re-using an available connection from the pool (formerly test.gn_dw_silver.unique_FACT_AD_BROADCAST_CASE_AD_PERF_DK_CASE_SEQ.b334a0547a, now test.gn_dw_silver.not_null_FACT_AD_PERFORMANCE_AD_CREATIVE_SK.5c7bfae8df)
[0m01:11:39.769912 [debug] [Thread-5 (]: Began running node test.gn_dw_silver.not_null_FACT_AD_PERFORMANCE_CAMPAIGN_SK.7a2f169993
[0m01:11:39.770553 [debug] [Thread-3 (]: Re-using an available connection from the pool (formerly test.gn_dw_silver.not_null_FACT_AD_DIGITAL_AD_PERF_DK.5ba4a64655, now test.gn_dw_silver.not_null_FACT_AD_PERFORMANCE_AD_PERF_DK.1631938af9)
[0m01:11:39.771093 [debug] [Thread-4 (]: Re-using an available connection from the pool (formerly test.gn_dw_silver.unique_FACT_AD_DIGITAL_AD_PERF_DK.2c034fda60, now test.gn_dw_silver.not_null_FACT_AD_PERFORMANCE_AD_SOURCE_TYPE.a8c18e7c40)
[0m01:11:39.771590 [debug] [Thread-2 (]: Began compiling node test.gn_dw_silver.not_null_FACT_AD_PERFORMANCE_AD_CREATIVE_SK.5c7bfae8df
[0m01:11:39.772184 [debug] [Thread-5 (]: Re-using an available connection from the pool (formerly test.gn_dw_silver.accepted_values_FACT_AD_PERFORMANCE_AD_SOURCE_TYPE__DIGITAL__VIDEO__REBROADCAST.519d7eee70, now test.gn_dw_silver.not_null_FACT_AD_PERFORMANCE_CAMPAIGN_SK.7a2f169993)
[0m01:11:39.772675 [debug] [Thread-3 (]: Began compiling node test.gn_dw_silver.not_null_FACT_AD_PERFORMANCE_AD_PERF_DK.1631938af9
[0m01:11:39.773167 [debug] [Thread-4 (]: Began compiling node test.gn_dw_silver.not_null_FACT_AD_PERFORMANCE_AD_SOURCE_TYPE.a8c18e7c40
[0m01:11:39.777856 [debug] [Thread-2 (]: Writing injected SQL for node "test.gn_dw_silver.not_null_FACT_AD_PERFORMANCE_AD_CREATIVE_SK.5c7bfae8df"
[0m01:11:39.778385 [debug] [Thread-5 (]: Began compiling node test.gn_dw_silver.not_null_FACT_AD_PERFORMANCE_CAMPAIGN_SK.7a2f169993
[0m01:11:39.783029 [debug] [Thread-3 (]: Writing injected SQL for node "test.gn_dw_silver.not_null_FACT_AD_PERFORMANCE_AD_PERF_DK.1631938af9"
[0m01:11:39.787787 [debug] [Thread-4 (]: Writing injected SQL for node "test.gn_dw_silver.not_null_FACT_AD_PERFORMANCE_AD_SOURCE_TYPE.a8c18e7c40"
[0m01:11:39.794469 [debug] [Thread-2 (]: Began executing node test.gn_dw_silver.not_null_FACT_AD_PERFORMANCE_AD_CREATIVE_SK.5c7bfae8df
[0m01:11:39.794789 [debug] [Thread-5 (]: Writing injected SQL for node "test.gn_dw_silver.not_null_FACT_AD_PERFORMANCE_CAMPAIGN_SK.7a2f169993"
[0m01:11:39.795611 [debug] [Thread-3 (]: Began executing node test.gn_dw_silver.not_null_FACT_AD_PERFORMANCE_AD_PERF_DK.1631938af9
[0m01:11:39.796531 [debug] [Thread-2 (]: Finished running node test.gn_dw_silver.not_null_FACT_AD_PERFORMANCE_AD_CREATIVE_SK.5c7bfae8df
[0m01:11:39.797075 [debug] [Thread-4 (]: Began executing node test.gn_dw_silver.not_null_FACT_AD_PERFORMANCE_AD_SOURCE_TYPE.a8c18e7c40
[0m01:11:39.798034 [debug] [Thread-3 (]: Finished running node test.gn_dw_silver.not_null_FACT_AD_PERFORMANCE_AD_PERF_DK.1631938af9
[0m01:11:39.798546 [debug] [Thread-5 (]: Began executing node test.gn_dw_silver.not_null_FACT_AD_PERFORMANCE_CAMPAIGN_SK.7a2f169993
[0m01:11:39.799107 [debug] [Thread-2 (]: Began running node test.gn_dw_silver.not_null_FACT_AD_PERFORMANCE_DEVICE_SK.e7dd5c4dad
[0m01:11:39.799955 [debug] [Thread-4 (]: Finished running node test.gn_dw_silver.not_null_FACT_AD_PERFORMANCE_AD_SOURCE_TYPE.a8c18e7c40
[0m01:11:39.800519 [debug] [Thread-3 (]: Began running node test.gn_dw_silver.not_null_FACT_AD_PERFORMANCE_PERF_DATE_SK.4b180c9815
[0m01:11:39.801277 [debug] [Thread-5 (]: Finished running node test.gn_dw_silver.not_null_FACT_AD_PERFORMANCE_CAMPAIGN_SK.7a2f169993
[0m01:11:39.801843 [debug] [Thread-2 (]: Re-using an available connection from the pool (formerly test.gn_dw_silver.not_null_FACT_AD_PERFORMANCE_AD_CREATIVE_SK.5c7bfae8df, now test.gn_dw_silver.not_null_FACT_AD_PERFORMANCE_DEVICE_SK.e7dd5c4dad)
[0m01:11:39.802406 [debug] [Thread-4 (]: Began running node test.gn_dw_silver.relationships_FACT_AD_BROADCAST_AD_PERF_DK__AD_PERF_DK__ref_FACT_AD_PERFORMANCE_.a2855ef6c3
[0m01:11:39.803014 [debug] [Thread-3 (]: Re-using an available connection from the pool (formerly test.gn_dw_silver.not_null_FACT_AD_PERFORMANCE_AD_PERF_DK.1631938af9, now test.gn_dw_silver.not_null_FACT_AD_PERFORMANCE_PERF_DATE_SK.4b180c9815)
[0m01:11:39.803569 [debug] [Thread-5 (]: Began running node test.gn_dw_silver.relationships_FACT_AD_BROADCAST_CASE_AD_PERF_DK__AD_PERF_DK__ref_FACT_AD_PERFORMANCE_.274ac01fee
[0m01:11:39.804165 [debug] [Thread-2 (]: Began compiling node test.gn_dw_silver.not_null_FACT_AD_PERFORMANCE_DEVICE_SK.e7dd5c4dad
[0m01:11:39.804716 [debug] [Thread-4 (]: Re-using an available connection from the pool (formerly test.gn_dw_silver.not_null_FACT_AD_PERFORMANCE_AD_SOURCE_TYPE.a8c18e7c40, now test.gn_dw_silver.relationships_FACT_AD_BROADCAST_AD_PERF_DK__AD_PERF_DK__ref_FACT_AD_PERFORMANCE_.a2855ef6c3)
[0m01:11:39.805217 [debug] [Thread-3 (]: Began compiling node test.gn_dw_silver.not_null_FACT_AD_PERFORMANCE_PERF_DATE_SK.4b180c9815
[0m01:11:39.805773 [debug] [Thread-5 (]: Re-using an available connection from the pool (formerly test.gn_dw_silver.not_null_FACT_AD_PERFORMANCE_CAMPAIGN_SK.7a2f169993, now test.gn_dw_silver.relationships_FACT_AD_BROADCAST_CASE_AD_PERF_DK__AD_PERF_DK__ref_FACT_AD_PERFORMANCE_.274ac01fee)
[0m01:11:39.810762 [debug] [Thread-2 (]: Writing injected SQL for node "test.gn_dw_silver.not_null_FACT_AD_PERFORMANCE_DEVICE_SK.e7dd5c4dad"
[0m01:11:39.811303 [debug] [Thread-4 (]: Began compiling node test.gn_dw_silver.relationships_FACT_AD_BROADCAST_AD_PERF_DK__AD_PERF_DK__ref_FACT_AD_PERFORMANCE_.a2855ef6c3
[0m01:11:39.815984 [debug] [Thread-3 (]: Writing injected SQL for node "test.gn_dw_silver.not_null_FACT_AD_PERFORMANCE_PERF_DATE_SK.4b180c9815"
[0m01:11:39.816542 [debug] [Thread-5 (]: Began compiling node test.gn_dw_silver.relationships_FACT_AD_BROADCAST_CASE_AD_PERF_DK__AD_PERF_DK__ref_FACT_AD_PERFORMANCE_.274ac01fee
[0m01:11:39.825870 [debug] [Thread-4 (]: Writing injected SQL for node "test.gn_dw_silver.relationships_FACT_AD_BROADCAST_AD_PERF_DK__AD_PERF_DK__ref_FACT_AD_PERFORMANCE_.a2855ef6c3"
[0m01:11:39.826458 [debug] [Thread-2 (]: Began executing node test.gn_dw_silver.not_null_FACT_AD_PERFORMANCE_DEVICE_SK.e7dd5c4dad
[0m01:11:39.832614 [debug] [Thread-5 (]: Writing injected SQL for node "test.gn_dw_silver.relationships_FACT_AD_BROADCAST_CASE_AD_PERF_DK__AD_PERF_DK__ref_FACT_AD_PERFORMANCE_.274ac01fee"
[0m01:11:39.833209 [debug] [Thread-3 (]: Began executing node test.gn_dw_silver.not_null_FACT_AD_PERFORMANCE_PERF_DATE_SK.4b180c9815
[0m01:11:39.834159 [debug] [Thread-2 (]: Finished running node test.gn_dw_silver.not_null_FACT_AD_PERFORMANCE_DEVICE_SK.e7dd5c4dad
[0m01:11:39.834651 [debug] [Thread-4 (]: Began executing node test.gn_dw_silver.relationships_FACT_AD_BROADCAST_AD_PERF_DK__AD_PERF_DK__ref_FACT_AD_PERFORMANCE_.a2855ef6c3
[0m01:11:39.835643 [debug] [Thread-3 (]: Finished running node test.gn_dw_silver.not_null_FACT_AD_PERFORMANCE_PERF_DATE_SK.4b180c9815
[0m01:11:39.836307 [debug] [Thread-5 (]: Began executing node test.gn_dw_silver.relationships_FACT_AD_BROADCAST_CASE_AD_PERF_DK__AD_PERF_DK__ref_FACT_AD_PERFORMANCE_.274ac01fee
[0m01:11:39.836909 [debug] [Thread-2 (]: Began running node test.gn_dw_silver.relationships_FACT_AD_DIGITAL_AD_PERF_DK__AD_PERF_DK__ref_FACT_AD_PERFORMANCE_.62d861946f
[0m01:11:39.837708 [debug] [Thread-4 (]: Finished running node test.gn_dw_silver.relationships_FACT_AD_BROADCAST_AD_PERF_DK__AD_PERF_DK__ref_FACT_AD_PERFORMANCE_.a2855ef6c3
[0m01:11:39.838242 [debug] [Thread-3 (]: Began running node test.gn_dw_silver.relationships_FACT_AD_PERFORMANCE_AD_CREATIVE_SK__AD_CREATIVE_SK__ref_DIM_AD_CREATIVE_.ff1233fe27
[0m01:11:39.839087 [debug] [Thread-5 (]: Finished running node test.gn_dw_silver.relationships_FACT_AD_BROADCAST_CASE_AD_PERF_DK__AD_PERF_DK__ref_FACT_AD_PERFORMANCE_.274ac01fee
[0m01:11:39.839739 [debug] [Thread-2 (]: Re-using an available connection from the pool (formerly test.gn_dw_silver.not_null_FACT_AD_PERFORMANCE_DEVICE_SK.e7dd5c4dad, now test.gn_dw_silver.relationships_FACT_AD_DIGITAL_AD_PERF_DK__AD_PERF_DK__ref_FACT_AD_PERFORMANCE_.62d861946f)
[0m01:11:39.840419 [debug] [Thread-4 (]: Began running node test.gn_dw_silver.relationships_FACT_AD_PERFORMANCE_DEVICE_SK__DEVICE_SK__ref_DIM_DEVICE_.aba11b05b1
[0m01:11:39.841045 [debug] [Thread-3 (]: Re-using an available connection from the pool (formerly test.gn_dw_silver.not_null_FACT_AD_PERFORMANCE_PERF_DATE_SK.4b180c9815, now test.gn_dw_silver.relationships_FACT_AD_PERFORMANCE_AD_CREATIVE_SK__AD_CREATIVE_SK__ref_DIM_AD_CREATIVE_.ff1233fe27)
[0m01:11:39.841687 [debug] [Thread-5 (]: Began running node test.gn_dw_silver.unique_FACT_AD_PERFORMANCE_AD_PERF_DK.fe25b6b5de
[0m01:11:39.842293 [debug] [Thread-2 (]: Began compiling node test.gn_dw_silver.relationships_FACT_AD_DIGITAL_AD_PERF_DK__AD_PERF_DK__ref_FACT_AD_PERFORMANCE_.62d861946f
[0m01:11:39.842886 [debug] [Thread-4 (]: Re-using an available connection from the pool (formerly test.gn_dw_silver.relationships_FACT_AD_BROADCAST_AD_PERF_DK__AD_PERF_DK__ref_FACT_AD_PERFORMANCE_.a2855ef6c3, now test.gn_dw_silver.relationships_FACT_AD_PERFORMANCE_DEVICE_SK__DEVICE_SK__ref_DIM_DEVICE_.aba11b05b1)
[0m01:11:39.843423 [debug] [Thread-3 (]: Began compiling node test.gn_dw_silver.relationships_FACT_AD_PERFORMANCE_AD_CREATIVE_SK__AD_CREATIVE_SK__ref_DIM_AD_CREATIVE_.ff1233fe27
[0m01:11:39.844071 [debug] [Thread-5 (]: Re-using an available connection from the pool (formerly test.gn_dw_silver.relationships_FACT_AD_BROADCAST_CASE_AD_PERF_DK__AD_PERF_DK__ref_FACT_AD_PERFORMANCE_.274ac01fee, now test.gn_dw_silver.unique_FACT_AD_PERFORMANCE_AD_PERF_DK.fe25b6b5de)
[0m01:11:39.851336 [debug] [Thread-2 (]: Writing injected SQL for node "test.gn_dw_silver.relationships_FACT_AD_DIGITAL_AD_PERF_DK__AD_PERF_DK__ref_FACT_AD_PERFORMANCE_.62d861946f"
[0m01:11:39.851968 [debug] [Thread-4 (]: Began compiling node test.gn_dw_silver.relationships_FACT_AD_PERFORMANCE_DEVICE_SK__DEVICE_SK__ref_DIM_DEVICE_.aba11b05b1
[0m01:11:39.858394 [debug] [Thread-3 (]: Writing injected SQL for node "test.gn_dw_silver.relationships_FACT_AD_PERFORMANCE_AD_CREATIVE_SK__AD_CREATIVE_SK__ref_DIM_AD_CREATIVE_.ff1233fe27"
[0m01:11:39.858937 [debug] [Thread-5 (]: Began compiling node test.gn_dw_silver.unique_FACT_AD_PERFORMANCE_AD_PERF_DK.fe25b6b5de
[0m01:11:39.865687 [debug] [Thread-4 (]: Writing injected SQL for node "test.gn_dw_silver.relationships_FACT_AD_PERFORMANCE_DEVICE_SK__DEVICE_SK__ref_DIM_DEVICE_.aba11b05b1"
[0m01:11:39.866226 [debug] [Thread-2 (]: Began executing node test.gn_dw_silver.relationships_FACT_AD_DIGITAL_AD_PERF_DK__AD_PERF_DK__ref_FACT_AD_PERFORMANCE_.62d861946f
[0m01:11:39.871076 [debug] [Thread-5 (]: Writing injected SQL for node "test.gn_dw_silver.unique_FACT_AD_PERFORMANCE_AD_PERF_DK.fe25b6b5de"
[0m01:11:39.871614 [debug] [Thread-3 (]: Began executing node test.gn_dw_silver.relationships_FACT_AD_PERFORMANCE_AD_CREATIVE_SK__AD_CREATIVE_SK__ref_DIM_AD_CREATIVE_.ff1233fe27
[0m01:11:39.872629 [debug] [Thread-2 (]: Finished running node test.gn_dw_silver.relationships_FACT_AD_DIGITAL_AD_PERF_DK__AD_PERF_DK__ref_FACT_AD_PERFORMANCE_.62d861946f
[0m01:11:39.873142 [debug] [Thread-4 (]: Began executing node test.gn_dw_silver.relationships_FACT_AD_PERFORMANCE_DEVICE_SK__DEVICE_SK__ref_DIM_DEVICE_.aba11b05b1
[0m01:11:39.874103 [debug] [Thread-3 (]: Finished running node test.gn_dw_silver.relationships_FACT_AD_PERFORMANCE_AD_CREATIVE_SK__AD_CREATIVE_SK__ref_DIM_AD_CREATIVE_.ff1233fe27
[0m01:11:39.874625 [debug] [Thread-5 (]: Began executing node test.gn_dw_silver.unique_FACT_AD_PERFORMANCE_AD_PERF_DK.fe25b6b5de
[0m01:11:39.875201 [debug] [Thread-2 (]: Began running node test.gn_dw_silver.not_null_FACT_BUDGET_BUDGET_ITEM_SK.9c37faed72
[0m01:11:39.876073 [debug] [Thread-4 (]: Finished running node test.gn_dw_silver.relationships_FACT_AD_PERFORMANCE_DEVICE_SK__DEVICE_SK__ref_DIM_DEVICE_.aba11b05b1
[0m01:11:39.876675 [debug] [Thread-3 (]: Began running node test.gn_dw_silver.not_null_FACT_BUDGET_MONTH_KEY.226eab3287
[0m01:11:39.877468 [debug] [Thread-5 (]: Finished running node test.gn_dw_silver.unique_FACT_AD_PERFORMANCE_AD_PERF_DK.fe25b6b5de
[0m01:11:39.878046 [debug] [Thread-2 (]: Re-using an available connection from the pool (formerly test.gn_dw_silver.relationships_FACT_AD_DIGITAL_AD_PERF_DK__AD_PERF_DK__ref_FACT_AD_PERFORMANCE_.62d861946f, now test.gn_dw_silver.not_null_FACT_BUDGET_BUDGET_ITEM_SK.9c37faed72)
[0m01:11:39.878616 [debug] [Thread-4 (]: Began running node test.gn_dw_silver.not_null_FACT_BUDGET_ORG_SK.816ce0c5b3
[0m01:11:39.879234 [debug] [Thread-3 (]: Re-using an available connection from the pool (formerly test.gn_dw_silver.relationships_FACT_AD_PERFORMANCE_AD_CREATIVE_SK__AD_CREATIVE_SK__ref_DIM_AD_CREATIVE_.ff1233fe27, now test.gn_dw_silver.not_null_FACT_BUDGET_MONTH_KEY.226eab3287)
[0m01:11:39.879787 [debug] [Thread-5 (]: Began running node test.gn_dw_silver.relationships_FACT_BUDGET_BUDGET_ITEM_SK__BUDGET_ITEM_SK__ref_DIM_BUDGET_ITEM_.9111b35b62
[0m01:11:39.880393 [debug] [Thread-2 (]: Began compiling node test.gn_dw_silver.not_null_FACT_BUDGET_BUDGET_ITEM_SK.9c37faed72
[0m01:11:39.880985 [debug] [Thread-4 (]: Re-using an available connection from the pool (formerly test.gn_dw_silver.relationships_FACT_AD_PERFORMANCE_DEVICE_SK__DEVICE_SK__ref_DIM_DEVICE_.aba11b05b1, now test.gn_dw_silver.not_null_FACT_BUDGET_ORG_SK.816ce0c5b3)
[0m01:11:39.881522 [debug] [Thread-3 (]: Began compiling node test.gn_dw_silver.not_null_FACT_BUDGET_MONTH_KEY.226eab3287
[0m01:11:39.882106 [debug] [Thread-5 (]: Re-using an available connection from the pool (formerly test.gn_dw_silver.unique_FACT_AD_PERFORMANCE_AD_PERF_DK.fe25b6b5de, now test.gn_dw_silver.relationships_FACT_BUDGET_BUDGET_ITEM_SK__BUDGET_ITEM_SK__ref_DIM_BUDGET_ITEM_.9111b35b62)
[0m01:11:39.888383 [debug] [Thread-2 (]: Writing injected SQL for node "test.gn_dw_silver.not_null_FACT_BUDGET_BUDGET_ITEM_SK.9c37faed72"
[0m01:11:39.888923 [debug] [Thread-4 (]: Began compiling node test.gn_dw_silver.not_null_FACT_BUDGET_ORG_SK.816ce0c5b3
[0m01:11:39.893646 [debug] [Thread-3 (]: Writing injected SQL for node "test.gn_dw_silver.not_null_FACT_BUDGET_MONTH_KEY.226eab3287"
[0m01:11:39.894205 [debug] [Thread-5 (]: Began compiling node test.gn_dw_silver.relationships_FACT_BUDGET_BUDGET_ITEM_SK__BUDGET_ITEM_SK__ref_DIM_BUDGET_ITEM_.9111b35b62
[0m01:11:39.899236 [debug] [Thread-4 (]: Writing injected SQL for node "test.gn_dw_silver.not_null_FACT_BUDGET_ORG_SK.816ce0c5b3"
[0m01:11:39.899748 [debug] [Thread-2 (]: Began executing node test.gn_dw_silver.not_null_FACT_BUDGET_BUDGET_ITEM_SK.9c37faed72
[0m01:11:39.906565 [debug] [Thread-5 (]: Writing injected SQL for node "test.gn_dw_silver.relationships_FACT_BUDGET_BUDGET_ITEM_SK__BUDGET_ITEM_SK__ref_DIM_BUDGET_ITEM_.9111b35b62"
[0m01:11:39.907046 [debug] [Thread-3 (]: Began executing node test.gn_dw_silver.not_null_FACT_BUDGET_MONTH_KEY.226eab3287
[0m01:11:39.908191 [debug] [Thread-2 (]: Finished running node test.gn_dw_silver.not_null_FACT_BUDGET_BUDGET_ITEM_SK.9c37faed72
[0m01:11:39.908768 [debug] [Thread-4 (]: Began executing node test.gn_dw_silver.not_null_FACT_BUDGET_ORG_SK.816ce0c5b3
[0m01:11:39.909901 [debug] [Thread-3 (]: Finished running node test.gn_dw_silver.not_null_FACT_BUDGET_MONTH_KEY.226eab3287
[0m01:11:39.910478 [debug] [Thread-5 (]: Began executing node test.gn_dw_silver.relationships_FACT_BUDGET_BUDGET_ITEM_SK__BUDGET_ITEM_SK__ref_DIM_BUDGET_ITEM_.9111b35b62
[0m01:11:39.911121 [debug] [Thread-2 (]: Began running node test.gn_dw_silver.accepted_values_FACT_EVENT_PARTICIPATION_PART_STATUS__1__2__3__4__5__6__110__120__130__140__150__160__170__180__190__200__210__220.a45d8e8e85
[0m01:11:39.912008 [debug] [Thread-4 (]: Finished running node test.gn_dw_silver.not_null_FACT_BUDGET_ORG_SK.816ce0c5b3
[0m01:11:39.912602 [debug] [Thread-3 (]: Began running node test.gn_dw_silver.not_null_FACT_EVENT_PARTICIPATION_CAMPAIGN_SK.b4a7c35ef3
[0m01:11:39.913451 [debug] [Thread-5 (]: Finished running node test.gn_dw_silver.relationships_FACT_BUDGET_BUDGET_ITEM_SK__BUDGET_ITEM_SK__ref_DIM_BUDGET_ITEM_.9111b35b62
[0m01:11:39.914060 [debug] [Thread-2 (]: Re-using an available connection from the pool (formerly test.gn_dw_silver.not_null_FACT_BUDGET_BUDGET_ITEM_SK.9c37faed72, now test.gn_dw_silver.accepted_values_FACT_EVENT_PARTICIPATION_PART_STATUS__1__2__3__4__5__6__110__120__130__140__150__160__170__180__190__200__210__220.a45d8e8e85)
[0m01:11:39.914661 [debug] [Thread-4 (]: Began running node test.gn_dw_silver.not_null_FACT_EVENT_PARTICIPATION_DATE_SK.82c6f68e9b
[0m01:11:39.915307 [debug] [Thread-3 (]: Re-using an available connection from the pool (formerly test.gn_dw_silver.not_null_FACT_BUDGET_MONTH_KEY.226eab3287, now test.gn_dw_silver.not_null_FACT_EVENT_PARTICIPATION_CAMPAIGN_SK.b4a7c35ef3)
[0m01:11:39.915944 [debug] [Thread-5 (]: Began running node test.gn_dw_silver.not_null_FACT_EVENT_PARTICIPATION_EVENT_BK.8d050c3686
[0m01:11:39.916548 [debug] [Thread-2 (]: Began compiling node test.gn_dw_silver.accepted_values_FACT_EVENT_PARTICIPATION_PART_STATUS__1__2__3__4__5__6__110__120__130__140__150__160__170__180__190__200__210__220.a45d8e8e85
[0m01:11:39.917131 [debug] [Thread-4 (]: Re-using an available connection from the pool (formerly test.gn_dw_silver.not_null_FACT_BUDGET_ORG_SK.816ce0c5b3, now test.gn_dw_silver.not_null_FACT_EVENT_PARTICIPATION_DATE_SK.82c6f68e9b)
[0m01:11:39.917665 [debug] [Thread-3 (]: Began compiling node test.gn_dw_silver.not_null_FACT_EVENT_PARTICIPATION_CAMPAIGN_SK.b4a7c35ef3
[0m01:11:39.918243 [debug] [Thread-5 (]: Re-using an available connection from the pool (formerly test.gn_dw_silver.relationships_FACT_BUDGET_BUDGET_ITEM_SK__BUDGET_ITEM_SK__ref_DIM_BUDGET_ITEM_.9111b35b62, now test.gn_dw_silver.not_null_FACT_EVENT_PARTICIPATION_EVENT_BK.8d050c3686)
[0m01:11:39.933502 [debug] [Thread-2 (]: Writing injected SQL for node "test.gn_dw_silver.accepted_values_FACT_EVENT_PARTICIPATION_PART_STATUS__1__2__3__4__5__6__110__120__130__140__150__160__170__180__190__200__210__220.a45d8e8e85"
[0m01:11:39.934051 [debug] [Thread-4 (]: Began compiling node test.gn_dw_silver.not_null_FACT_EVENT_PARTICIPATION_DATE_SK.82c6f68e9b
[0m01:11:39.940052 [debug] [Thread-3 (]: Writing injected SQL for node "test.gn_dw_silver.not_null_FACT_EVENT_PARTICIPATION_CAMPAIGN_SK.b4a7c35ef3"
[0m01:11:39.940737 [debug] [Thread-5 (]: Began compiling node test.gn_dw_silver.not_null_FACT_EVENT_PARTICIPATION_EVENT_BK.8d050c3686
[0m01:11:39.945880 [debug] [Thread-4 (]: Writing injected SQL for node "test.gn_dw_silver.not_null_FACT_EVENT_PARTICIPATION_DATE_SK.82c6f68e9b"
[0m01:11:39.946448 [debug] [Thread-2 (]: Began executing node test.gn_dw_silver.accepted_values_FACT_EVENT_PARTICIPATION_PART_STATUS__1__2__3__4__5__6__110__120__130__140__150__160__170__180__190__200__210__220.a45d8e8e85
[0m01:11:39.951349 [debug] [Thread-5 (]: Writing injected SQL for node "test.gn_dw_silver.not_null_FACT_EVENT_PARTICIPATION_EVENT_BK.8d050c3686"
[0m01:11:39.951862 [debug] [Thread-3 (]: Began executing node test.gn_dw_silver.not_null_FACT_EVENT_PARTICIPATION_CAMPAIGN_SK.b4a7c35ef3
[0m01:11:39.952956 [debug] [Thread-2 (]: Finished running node test.gn_dw_silver.accepted_values_FACT_EVENT_PARTICIPATION_PART_STATUS__1__2__3__4__5__6__110__120__130__140__150__160__170__180__190__200__210__220.a45d8e8e85
[0m01:11:39.953514 [debug] [Thread-4 (]: Began executing node test.gn_dw_silver.not_null_FACT_EVENT_PARTICIPATION_DATE_SK.82c6f68e9b
[0m01:11:39.954511 [debug] [Thread-3 (]: Finished running node test.gn_dw_silver.not_null_FACT_EVENT_PARTICIPATION_CAMPAIGN_SK.b4a7c35ef3
[0m01:11:39.955010 [debug] [Thread-5 (]: Began executing node test.gn_dw_silver.not_null_FACT_EVENT_PARTICIPATION_EVENT_BK.8d050c3686
[0m01:11:39.955565 [debug] [Thread-2 (]: Began running node test.gn_dw_silver.not_null_FACT_EVENT_PARTICIPATION_EVENT_SK.2bd23511be
[0m01:11:39.956421 [debug] [Thread-4 (]: Finished running node test.gn_dw_silver.not_null_FACT_EVENT_PARTICIPATION_DATE_SK.82c6f68e9b
[0m01:11:39.956991 [debug] [Thread-3 (]: Began running node test.gn_dw_silver.not_null_FACT_EVENT_PARTICIPATION_MEMBER_DK.12479e9190
[0m01:11:39.957780 [debug] [Thread-5 (]: Finished running node test.gn_dw_silver.not_null_FACT_EVENT_PARTICIPATION_EVENT_BK.8d050c3686
[0m01:11:39.958353 [debug] [Thread-2 (]: Re-using an available connection from the pool (formerly test.gn_dw_silver.accepted_values_FACT_EVENT_PARTICIPATION_PART_STATUS__1__2__3__4__5__6__110__120__130__140__150__160__170__180__190__200__210__220.a45d8e8e85, now test.gn_dw_silver.not_null_FACT_EVENT_PARTICIPATION_EVENT_SK.2bd23511be)
[0m01:11:39.958906 [debug] [Thread-4 (]: Began running node test.gn_dw_silver.not_null_FACT_EVENT_PARTICIPATION_PARTCPT_SEQ.2a786fefce
[0m01:11:39.959570 [debug] [Thread-3 (]: Re-using an available connection from the pool (formerly test.gn_dw_silver.not_null_FACT_EVENT_PARTICIPATION_CAMPAIGN_SK.b4a7c35ef3, now test.gn_dw_silver.not_null_FACT_EVENT_PARTICIPATION_MEMBER_DK.12479e9190)
[0m01:11:39.960299 [debug] [Thread-5 (]: Began running node test.gn_dw_silver.not_null_FACT_EVENT_PARTICIPATION_SPONSORSHIP_SK.c1ae51baeb
[0m01:11:39.960919 [debug] [Thread-2 (]: Began compiling node test.gn_dw_silver.not_null_FACT_EVENT_PARTICIPATION_EVENT_SK.2bd23511be
[0m01:11:39.961555 [debug] [Thread-4 (]: Re-using an available connection from the pool (formerly test.gn_dw_silver.not_null_FACT_EVENT_PARTICIPATION_DATE_SK.82c6f68e9b, now test.gn_dw_silver.not_null_FACT_EVENT_PARTICIPATION_PARTCPT_SEQ.2a786fefce)
[0m01:11:39.962069 [debug] [Thread-3 (]: Began compiling node test.gn_dw_silver.not_null_FACT_EVENT_PARTICIPATION_MEMBER_DK.12479e9190
[0m01:11:39.962619 [debug] [Thread-5 (]: Re-using an available connection from the pool (formerly test.gn_dw_silver.not_null_FACT_EVENT_PARTICIPATION_EVENT_BK.8d050c3686, now test.gn_dw_silver.not_null_FACT_EVENT_PARTICIPATION_SPONSORSHIP_SK.c1ae51baeb)
[0m01:11:39.967432 [debug] [Thread-2 (]: Writing injected SQL for node "test.gn_dw_silver.not_null_FACT_EVENT_PARTICIPATION_EVENT_SK.2bd23511be"
[0m01:11:39.968063 [debug] [Thread-4 (]: Began compiling node test.gn_dw_silver.not_null_FACT_EVENT_PARTICIPATION_PARTCPT_SEQ.2a786fefce
[0m01:11:39.972808 [debug] [Thread-3 (]: Writing injected SQL for node "test.gn_dw_silver.not_null_FACT_EVENT_PARTICIPATION_MEMBER_DK.12479e9190"
[0m01:11:39.973385 [debug] [Thread-5 (]: Began compiling node test.gn_dw_silver.not_null_FACT_EVENT_PARTICIPATION_SPONSORSHIP_SK.c1ae51baeb
[0m01:11:39.980017 [debug] [Thread-2 (]: Began executing node test.gn_dw_silver.not_null_FACT_EVENT_PARTICIPATION_EVENT_SK.2bd23511be
[0m01:11:39.980675 [debug] [Thread-4 (]: Writing injected SQL for node "test.gn_dw_silver.not_null_FACT_EVENT_PARTICIPATION_PARTCPT_SEQ.2a786fefce"
[0m01:11:39.985709 [debug] [Thread-5 (]: Writing injected SQL for node "test.gn_dw_silver.not_null_FACT_EVENT_PARTICIPATION_SPONSORSHIP_SK.c1ae51baeb"
[0m01:11:39.986300 [debug] [Thread-3 (]: Began executing node test.gn_dw_silver.not_null_FACT_EVENT_PARTICIPATION_MEMBER_DK.12479e9190
[0m01:11:39.987096 [debug] [Thread-2 (]: Finished running node test.gn_dw_silver.not_null_FACT_EVENT_PARTICIPATION_EVENT_SK.2bd23511be
[0m01:11:39.988379 [debug] [Thread-3 (]: Finished running node test.gn_dw_silver.not_null_FACT_EVENT_PARTICIPATION_MEMBER_DK.12479e9190
[0m01:11:39.988860 [debug] [Thread-4 (]: Began executing node test.gn_dw_silver.not_null_FACT_EVENT_PARTICIPATION_PARTCPT_SEQ.2a786fefce
[0m01:11:39.989472 [debug] [Thread-2 (]: Began running node test.gn_dw_silver.relationships_FACT_EVENT_PARTICIPATION_CAMPAIGN_SK__CAMPAIGN_SK__ref_DIM_CAMPAIGN_.62183cbe16
[0m01:11:39.989960 [debug] [Thread-5 (]: Began executing node test.gn_dw_silver.not_null_FACT_EVENT_PARTICIPATION_SPONSORSHIP_SK.c1ae51baeb
[0m01:11:39.990564 [debug] [Thread-3 (]: Began running node test.gn_dw_silver.relationships_FACT_EVENT_PARTICIPATION_DATE_SK__DATE_SK__ref_DIM_DATE_.67d650ddf7
[0m01:11:39.991338 [debug] [Thread-4 (]: Finished running node test.gn_dw_silver.not_null_FACT_EVENT_PARTICIPATION_PARTCPT_SEQ.2a786fefce
[0m01:11:39.991987 [debug] [Thread-2 (]: Re-using an available connection from the pool (formerly test.gn_dw_silver.not_null_FACT_EVENT_PARTICIPATION_EVENT_SK.2bd23511be, now test.gn_dw_silver.relationships_FACT_EVENT_PARTICIPATION_CAMPAIGN_SK__CAMPAIGN_SK__ref_DIM_CAMPAIGN_.62183cbe16)
[0m01:11:39.992745 [debug] [Thread-5 (]: Finished running node test.gn_dw_silver.not_null_FACT_EVENT_PARTICIPATION_SPONSORSHIP_SK.c1ae51baeb
[0m01:11:39.993335 [debug] [Thread-3 (]: Re-using an available connection from the pool (formerly test.gn_dw_silver.not_null_FACT_EVENT_PARTICIPATION_MEMBER_DK.12479e9190, now test.gn_dw_silver.relationships_FACT_EVENT_PARTICIPATION_DATE_SK__DATE_SK__ref_DIM_DATE_.67d650ddf7)
[0m01:11:39.993955 [debug] [Thread-4 (]: Began running node test.gn_dw_silver.relationships_FACT_EVENT_PARTICIPATION_EVENT_SK__EVENT_SK__ref_DIM_EVENT_.5e8aa4fbeb
[0m01:11:39.994505 [debug] [Thread-2 (]: Began compiling node test.gn_dw_silver.relationships_FACT_EVENT_PARTICIPATION_CAMPAIGN_SK__CAMPAIGN_SK__ref_DIM_CAMPAIGN_.62183cbe16
[0m01:11:39.995062 [debug] [Thread-5 (]: Began running node test.gn_dw_silver.relationships_FACT_EVENT_PARTICIPATION_MEMBER_DK__MEMBER_DK__ref_DIM_MEMBER_.c614e77da7
[0m01:11:39.995628 [debug] [Thread-3 (]: Began compiling node test.gn_dw_silver.relationships_FACT_EVENT_PARTICIPATION_DATE_SK__DATE_SK__ref_DIM_DATE_.67d650ddf7
[0m01:11:39.996266 [debug] [Thread-4 (]: Re-using an available connection from the pool (formerly test.gn_dw_silver.not_null_FACT_EVENT_PARTICIPATION_PARTCPT_SEQ.2a786fefce, now test.gn_dw_silver.relationships_FACT_EVENT_PARTICIPATION_EVENT_SK__EVENT_SK__ref_DIM_EVENT_.5e8aa4fbeb)
[0m01:11:40.002873 [debug] [Thread-2 (]: Writing injected SQL for node "test.gn_dw_silver.relationships_FACT_EVENT_PARTICIPATION_CAMPAIGN_SK__CAMPAIGN_SK__ref_DIM_CAMPAIGN_.62183cbe16"
[0m01:11:40.003465 [debug] [Thread-5 (]: Re-using an available connection from the pool (formerly test.gn_dw_silver.not_null_FACT_EVENT_PARTICIPATION_SPONSORSHIP_SK.c1ae51baeb, now test.gn_dw_silver.relationships_FACT_EVENT_PARTICIPATION_MEMBER_DK__MEMBER_DK__ref_DIM_MEMBER_.c614e77da7)
[0m01:11:40.010043 [debug] [Thread-3 (]: Writing injected SQL for node "test.gn_dw_silver.relationships_FACT_EVENT_PARTICIPATION_DATE_SK__DATE_SK__ref_DIM_DATE_.67d650ddf7"
[0m01:11:40.010582 [debug] [Thread-4 (]: Began compiling node test.gn_dw_silver.relationships_FACT_EVENT_PARTICIPATION_EVENT_SK__EVENT_SK__ref_DIM_EVENT_.5e8aa4fbeb
[0m01:11:40.011402 [debug] [Thread-5 (]: Began compiling node test.gn_dw_silver.relationships_FACT_EVENT_PARTICIPATION_MEMBER_DK__MEMBER_DK__ref_DIM_MEMBER_.c614e77da7
[0m01:11:40.012096 [debug] [Thread-2 (]: Began executing node test.gn_dw_silver.relationships_FACT_EVENT_PARTICIPATION_CAMPAIGN_SK__CAMPAIGN_SK__ref_DIM_CAMPAIGN_.62183cbe16
[0m01:11:40.019973 [debug] [Thread-4 (]: Writing injected SQL for node "test.gn_dw_silver.relationships_FACT_EVENT_PARTICIPATION_EVENT_SK__EVENT_SK__ref_DIM_EVENT_.5e8aa4fbeb"
[0m01:11:40.020563 [debug] [Thread-3 (]: Began executing node test.gn_dw_silver.relationships_FACT_EVENT_PARTICIPATION_DATE_SK__DATE_SK__ref_DIM_DATE_.67d650ddf7
[0m01:11:40.027103 [debug] [Thread-5 (]: Writing injected SQL for node "test.gn_dw_silver.relationships_FACT_EVENT_PARTICIPATION_MEMBER_DK__MEMBER_DK__ref_DIM_MEMBER_.c614e77da7"
[0m01:11:40.027988 [debug] [Thread-2 (]: Finished running node test.gn_dw_silver.relationships_FACT_EVENT_PARTICIPATION_CAMPAIGN_SK__CAMPAIGN_SK__ref_DIM_CAMPAIGN_.62183cbe16
[0m01:11:40.029022 [debug] [Thread-3 (]: Finished running node test.gn_dw_silver.relationships_FACT_EVENT_PARTICIPATION_DATE_SK__DATE_SK__ref_DIM_DATE_.67d650ddf7
[0m01:11:40.029531 [debug] [Thread-4 (]: Began executing node test.gn_dw_silver.relationships_FACT_EVENT_PARTICIPATION_EVENT_SK__EVENT_SK__ref_DIM_EVENT_.5e8aa4fbeb
[0m01:11:40.030383 [debug] [Thread-2 (]: Began running node test.gn_dw_silver.relationships_FACT_EVENT_PARTICIPATION_SPONSORSHIP_SK__SPONSORSHIP_SK__ref_DIM_SPONSORSHIP_.3dc162f758
[0m01:11:40.030992 [debug] [Thread-5 (]: Began executing node test.gn_dw_silver.relationships_FACT_EVENT_PARTICIPATION_MEMBER_DK__MEMBER_DK__ref_DIM_MEMBER_.c614e77da7
[0m01:11:40.031586 [debug] [Thread-3 (]: Began running node test.gn_dw_silver.unique_FACT_EVENT_PARTICIPATION_EVENT_BK_MEMBER_DK_PARTCPT_SEQ.9bcf2f4bbb
[0m01:11:40.032459 [debug] [Thread-4 (]: Finished running node test.gn_dw_silver.relationships_FACT_EVENT_PARTICIPATION_EVENT_SK__EVENT_SK__ref_DIM_EVENT_.5e8aa4fbeb
[0m01:11:40.033036 [debug] [Thread-2 (]: Re-using an available connection from the pool (formerly test.gn_dw_silver.relationships_FACT_EVENT_PARTICIPATION_CAMPAIGN_SK__CAMPAIGN_SK__ref_DIM_CAMPAIGN_.62183cbe16, now test.gn_dw_silver.relationships_FACT_EVENT_PARTICIPATION_SPONSORSHIP_SK__SPONSORSHIP_SK__ref_DIM_SPONSORSHIP_.3dc162f758)
[0m01:11:40.033833 [debug] [Thread-5 (]: Finished running node test.gn_dw_silver.relationships_FACT_EVENT_PARTICIPATION_MEMBER_DK__MEMBER_DK__ref_DIM_MEMBER_.c614e77da7
[0m01:11:40.034411 [debug] [Thread-3 (]: Re-using an available connection from the pool (formerly test.gn_dw_silver.relationships_FACT_EVENT_PARTICIPATION_DATE_SK__DATE_SK__ref_DIM_DATE_.67d650ddf7, now test.gn_dw_silver.unique_FACT_EVENT_PARTICIPATION_EVENT_BK_MEMBER_DK_PARTCPT_SEQ.9bcf2f4bbb)
[0m01:11:40.034977 [debug] [Thread-4 (]: Began running node test.gn_dw_silver.not_null_FACT_GA_BEHAVIOR_CAMPAIGN_SK.54c46c08fd
[0m01:11:40.035563 [debug] [Thread-2 (]: Began compiling node test.gn_dw_silver.relationships_FACT_EVENT_PARTICIPATION_SPONSORSHIP_SK__SPONSORSHIP_SK__ref_DIM_SPONSORSHIP_.3dc162f758
[0m01:11:40.036223 [debug] [Thread-5 (]: Began running node test.gn_dw_silver.not_null_FACT_GA_BEHAVIOR_DATE_SK.54906b451f
[0m01:11:40.036802 [debug] [Thread-3 (]: Began compiling node test.gn_dw_silver.unique_FACT_EVENT_PARTICIPATION_EVENT_BK_MEMBER_DK_PARTCPT_SEQ.9bcf2f4bbb
[0m01:11:40.037401 [debug] [Thread-4 (]: Re-using an available connection from the pool (formerly test.gn_dw_silver.relationships_FACT_EVENT_PARTICIPATION_EVENT_SK__EVENT_SK__ref_DIM_EVENT_.5e8aa4fbeb, now test.gn_dw_silver.not_null_FACT_GA_BEHAVIOR_CAMPAIGN_SK.54c46c08fd)
[0m01:11:40.044017 [debug] [Thread-2 (]: Writing injected SQL for node "test.gn_dw_silver.relationships_FACT_EVENT_PARTICIPATION_SPONSORSHIP_SK__SPONSORSHIP_SK__ref_DIM_SPONSORSHIP_.3dc162f758"
[0m01:11:40.044654 [debug] [Thread-5 (]: Re-using an available connection from the pool (formerly test.gn_dw_silver.relationships_FACT_EVENT_PARTICIPATION_MEMBER_DK__MEMBER_DK__ref_DIM_MEMBER_.c614e77da7, now test.gn_dw_silver.not_null_FACT_GA_BEHAVIOR_DATE_SK.54906b451f)
[0m01:11:40.049678 [debug] [Thread-3 (]: Writing injected SQL for node "test.gn_dw_silver.unique_FACT_EVENT_PARTICIPATION_EVENT_BK_MEMBER_DK_PARTCPT_SEQ.9bcf2f4bbb"
[0m01:11:40.050237 [debug] [Thread-4 (]: Began compiling node test.gn_dw_silver.not_null_FACT_GA_BEHAVIOR_CAMPAIGN_SK.54c46c08fd
[0m01:11:40.051004 [debug] [Thread-5 (]: Began compiling node test.gn_dw_silver.not_null_FACT_GA_BEHAVIOR_DATE_SK.54906b451f
[0m01:11:40.051570 [debug] [Thread-2 (]: Began executing node test.gn_dw_silver.relationships_FACT_EVENT_PARTICIPATION_SPONSORSHIP_SK__SPONSORSHIP_SK__ref_DIM_SPONSORSHIP_.3dc162f758
[0m01:11:40.056647 [debug] [Thread-4 (]: Writing injected SQL for node "test.gn_dw_silver.not_null_FACT_GA_BEHAVIOR_CAMPAIGN_SK.54c46c08fd"
[0m01:11:40.057226 [debug] [Thread-3 (]: Began executing node test.gn_dw_silver.unique_FACT_EVENT_PARTICIPATION_EVENT_BK_MEMBER_DK_PARTCPT_SEQ.9bcf2f4bbb
[0m01:11:40.063478 [debug] [Thread-5 (]: Writing injected SQL for node "test.gn_dw_silver.not_null_FACT_GA_BEHAVIOR_DATE_SK.54906b451f"
[0m01:11:40.064482 [debug] [Thread-2 (]: Finished running node test.gn_dw_silver.relationships_FACT_EVENT_PARTICIPATION_SPONSORSHIP_SK__SPONSORSHIP_SK__ref_DIM_SPONSORSHIP_.3dc162f758
[0m01:11:40.065575 [debug] [Thread-3 (]: Finished running node test.gn_dw_silver.unique_FACT_EVENT_PARTICIPATION_EVENT_BK_MEMBER_DK_PARTCPT_SEQ.9bcf2f4bbb
[0m01:11:40.066102 [debug] [Thread-4 (]: Began executing node test.gn_dw_silver.not_null_FACT_GA_BEHAVIOR_CAMPAIGN_SK.54c46c08fd
[0m01:11:40.066880 [debug] [Thread-2 (]: Began running node test.gn_dw_silver.not_null_FACT_GA_BEHAVIOR_DEVICE_SK.d81bbcb9f2
[0m01:11:40.067479 [debug] [Thread-5 (]: Began executing node test.gn_dw_silver.not_null_FACT_GA_BEHAVIOR_DATE_SK.54906b451f
[0m01:11:40.068190 [debug] [Thread-3 (]: Began running node test.gn_dw_silver.not_null_FACT_GA_BEHAVIOR_GA_EVENT_SK.f8fca08f22
[0m01:11:40.069044 [debug] [Thread-4 (]: Finished running node test.gn_dw_silver.not_null_FACT_GA_BEHAVIOR_CAMPAIGN_SK.54c46c08fd
[0m01:11:40.069657 [debug] [Thread-2 (]: Re-using an available connection from the pool (formerly test.gn_dw_silver.relationships_FACT_EVENT_PARTICIPATION_SPONSORSHIP_SK__SPONSORSHIP_SK__ref_DIM_SPONSORSHIP_.3dc162f758, now test.gn_dw_silver.not_null_FACT_GA_BEHAVIOR_DEVICE_SK.d81bbcb9f2)
[0m01:11:40.070413 [debug] [Thread-5 (]: Finished running node test.gn_dw_silver.not_null_FACT_GA_BEHAVIOR_DATE_SK.54906b451f
[0m01:11:40.070996 [debug] [Thread-3 (]: Re-using an available connection from the pool (formerly test.gn_dw_silver.unique_FACT_EVENT_PARTICIPATION_EVENT_BK_MEMBER_DK_PARTCPT_SEQ.9bcf2f4bbb, now test.gn_dw_silver.not_null_FACT_GA_BEHAVIOR_GA_EVENT_SK.f8fca08f22)
[0m01:11:40.071630 [debug] [Thread-4 (]: Began running node test.gn_dw_silver.not_null_FACT_GA_BEHAVIOR_GA_SOURCE_SK.7e21456279
[0m01:11:40.072272 [debug] [Thread-2 (]: Began compiling node test.gn_dw_silver.not_null_FACT_GA_BEHAVIOR_DEVICE_SK.d81bbcb9f2
[0m01:11:40.072824 [debug] [Thread-5 (]: Began running node test.gn_dw_silver.not_null_FACT_GA_BEHAVIOR_IDENTITY_SK.e42dca663a
[0m01:11:40.073387 [debug] [Thread-3 (]: Began compiling node test.gn_dw_silver.not_null_FACT_GA_BEHAVIOR_GA_EVENT_SK.f8fca08f22
[0m01:11:40.073967 [debug] [Thread-4 (]: Re-using an available connection from the pool (formerly test.gn_dw_silver.not_null_FACT_GA_BEHAVIOR_CAMPAIGN_SK.54c46c08fd, now test.gn_dw_silver.not_null_FACT_GA_BEHAVIOR_GA_SOURCE_SK.7e21456279)
[0m01:11:40.078685 [debug] [Thread-2 (]: Writing injected SQL for node "test.gn_dw_silver.not_null_FACT_GA_BEHAVIOR_DEVICE_SK.d81bbcb9f2"
[0m01:11:40.079276 [debug] [Thread-5 (]: Re-using an available connection from the pool (formerly test.gn_dw_silver.not_null_FACT_GA_BEHAVIOR_DATE_SK.54906b451f, now test.gn_dw_silver.not_null_FACT_GA_BEHAVIOR_IDENTITY_SK.e42dca663a)
[0m01:11:40.084164 [debug] [Thread-3 (]: Writing injected SQL for node "test.gn_dw_silver.not_null_FACT_GA_BEHAVIOR_GA_EVENT_SK.f8fca08f22"
[0m01:11:40.084708 [debug] [Thread-4 (]: Began compiling node test.gn_dw_silver.not_null_FACT_GA_BEHAVIOR_GA_SOURCE_SK.7e21456279
[0m01:11:40.085386 [debug] [Thread-5 (]: Began compiling node test.gn_dw_silver.not_null_FACT_GA_BEHAVIOR_IDENTITY_SK.e42dca663a
[0m01:11:40.085860 [debug] [Thread-2 (]: Began executing node test.gn_dw_silver.not_null_FACT_GA_BEHAVIOR_DEVICE_SK.d81bbcb9f2
[0m01:11:40.090676 [debug] [Thread-4 (]: Writing injected SQL for node "test.gn_dw_silver.not_null_FACT_GA_BEHAVIOR_GA_SOURCE_SK.7e21456279"
[0m01:11:40.091261 [debug] [Thread-3 (]: Began executing node test.gn_dw_silver.not_null_FACT_GA_BEHAVIOR_GA_EVENT_SK.f8fca08f22
[0m01:11:40.096317 [debug] [Thread-5 (]: Writing injected SQL for node "test.gn_dw_silver.not_null_FACT_GA_BEHAVIOR_IDENTITY_SK.e42dca663a"
[0m01:11:40.097154 [debug] [Thread-2 (]: Finished running node test.gn_dw_silver.not_null_FACT_GA_BEHAVIOR_DEVICE_SK.d81bbcb9f2
[0m01:11:40.098189 [debug] [Thread-3 (]: Finished running node test.gn_dw_silver.not_null_FACT_GA_BEHAVIOR_GA_EVENT_SK.f8fca08f22
[0m01:11:40.098713 [debug] [Thread-4 (]: Began executing node test.gn_dw_silver.not_null_FACT_GA_BEHAVIOR_GA_SOURCE_SK.7e21456279
[0m01:11:40.099552 [debug] [Thread-2 (]: Began running node test.gn_dw_silver.not_null_FACT_GA_BEHAVIOR_PAGE_PATH.79e188e9bf
[0m01:11:40.100193 [debug] [Thread-5 (]: Began executing node test.gn_dw_silver.not_null_FACT_GA_BEHAVIOR_IDENTITY_SK.e42dca663a
[0m01:11:40.100779 [debug] [Thread-3 (]: Began running node test.gn_dw_silver.relationships_FACT_GA_BEHAVIOR_CAMPAIGN_SK__CAMPAIGN_SK__ref_DIM_CAMPAIGN_.6befb5f7c4
[0m01:11:40.101588 [debug] [Thread-4 (]: Finished running node test.gn_dw_silver.not_null_FACT_GA_BEHAVIOR_GA_SOURCE_SK.7e21456279
[0m01:11:40.102141 [debug] [Thread-2 (]: Re-using an available connection from the pool (formerly test.gn_dw_silver.not_null_FACT_GA_BEHAVIOR_DEVICE_SK.d81bbcb9f2, now test.gn_dw_silver.not_null_FACT_GA_BEHAVIOR_PAGE_PATH.79e188e9bf)
[0m01:11:40.102883 [debug] [Thread-5 (]: Finished running node test.gn_dw_silver.not_null_FACT_GA_BEHAVIOR_IDENTITY_SK.e42dca663a
[0m01:11:40.103468 [debug] [Thread-3 (]: Re-using an available connection from the pool (formerly test.gn_dw_silver.not_null_FACT_GA_BEHAVIOR_GA_EVENT_SK.f8fca08f22, now test.gn_dw_silver.relationships_FACT_GA_BEHAVIOR_CAMPAIGN_SK__CAMPAIGN_SK__ref_DIM_CAMPAIGN_.6befb5f7c4)
[0m01:11:40.104152 [debug] [Thread-4 (]: Began running node test.gn_dw_silver.relationships_FACT_GA_BEHAVIOR_DATE_SK__DATE_SK__ref_DIM_DATE_.f0ead91255
[0m01:11:40.104766 [debug] [Thread-2 (]: Began compiling node test.gn_dw_silver.not_null_FACT_GA_BEHAVIOR_PAGE_PATH.79e188e9bf
[0m01:11:40.105332 [debug] [Thread-5 (]: Began running node test.gn_dw_silver.relationships_FACT_GA_BEHAVIOR_DEVICE_SK__DEVICE_SK__ref_DIM_DEVICE_.3dc6623597
[0m01:11:40.105900 [debug] [Thread-3 (]: Began compiling node test.gn_dw_silver.relationships_FACT_GA_BEHAVIOR_CAMPAIGN_SK__CAMPAIGN_SK__ref_DIM_CAMPAIGN_.6befb5f7c4
[0m01:11:40.106489 [debug] [Thread-4 (]: Re-using an available connection from the pool (formerly test.gn_dw_silver.not_null_FACT_GA_BEHAVIOR_GA_SOURCE_SK.7e21456279, now test.gn_dw_silver.relationships_FACT_GA_BEHAVIOR_DATE_SK__DATE_SK__ref_DIM_DATE_.f0ead91255)
[0m01:11:40.112767 [debug] [Thread-2 (]: Writing injected SQL for node "test.gn_dw_silver.not_null_FACT_GA_BEHAVIOR_PAGE_PATH.79e188e9bf"
[0m01:11:40.113420 [debug] [Thread-5 (]: Re-using an available connection from the pool (formerly test.gn_dw_silver.not_null_FACT_GA_BEHAVIOR_IDENTITY_SK.e42dca663a, now test.gn_dw_silver.relationships_FACT_GA_BEHAVIOR_DEVICE_SK__DEVICE_SK__ref_DIM_DEVICE_.3dc6623597)
[0m01:11:40.119371 [debug] [Thread-3 (]: Writing injected SQL for node "test.gn_dw_silver.relationships_FACT_GA_BEHAVIOR_CAMPAIGN_SK__CAMPAIGN_SK__ref_DIM_CAMPAIGN_.6befb5f7c4"
[0m01:11:40.119984 [debug] [Thread-4 (]: Began compiling node test.gn_dw_silver.relationships_FACT_GA_BEHAVIOR_DATE_SK__DATE_SK__ref_DIM_DATE_.f0ead91255
[0m01:11:40.120755 [debug] [Thread-5 (]: Began compiling node test.gn_dw_silver.relationships_FACT_GA_BEHAVIOR_DEVICE_SK__DEVICE_SK__ref_DIM_DEVICE_.3dc6623597
[0m01:11:40.121275 [debug] [Thread-2 (]: Began executing node test.gn_dw_silver.not_null_FACT_GA_BEHAVIOR_PAGE_PATH.79e188e9bf
[0m01:11:40.126987 [debug] [Thread-4 (]: Writing injected SQL for node "test.gn_dw_silver.relationships_FACT_GA_BEHAVIOR_DATE_SK__DATE_SK__ref_DIM_DATE_.f0ead91255"
[0m01:11:40.127568 [debug] [Thread-3 (]: Began executing node test.gn_dw_silver.relationships_FACT_GA_BEHAVIOR_CAMPAIGN_SK__CAMPAIGN_SK__ref_DIM_CAMPAIGN_.6befb5f7c4
[0m01:11:40.133312 [debug] [Thread-5 (]: Writing injected SQL for node "test.gn_dw_silver.relationships_FACT_GA_BEHAVIOR_DEVICE_SK__DEVICE_SK__ref_DIM_DEVICE_.3dc6623597"
[0m01:11:40.134117 [debug] [Thread-2 (]: Finished running node test.gn_dw_silver.not_null_FACT_GA_BEHAVIOR_PAGE_PATH.79e188e9bf
[0m01:11:40.135078 [debug] [Thread-3 (]: Finished running node test.gn_dw_silver.relationships_FACT_GA_BEHAVIOR_CAMPAIGN_SK__CAMPAIGN_SK__ref_DIM_CAMPAIGN_.6befb5f7c4
[0m01:11:40.135590 [debug] [Thread-4 (]: Began executing node test.gn_dw_silver.relationships_FACT_GA_BEHAVIOR_DATE_SK__DATE_SK__ref_DIM_DATE_.f0ead91255
[0m01:11:40.136518 [debug] [Thread-2 (]: Began running node test.gn_dw_silver.relationships_FACT_GA_BEHAVIOR_GA_EVENT_SK__GA_EVENT_SK__ref_DIM_GA_EVENT_.d998ee1914
[0m01:11:40.137100 [debug] [Thread-5 (]: Began executing node test.gn_dw_silver.relationships_FACT_GA_BEHAVIOR_DEVICE_SK__DEVICE_SK__ref_DIM_DEVICE_.3dc6623597
[0m01:11:40.137705 [debug] [Thread-3 (]: Began running node test.gn_dw_silver.relationships_FACT_GA_BEHAVIOR_GA_SOURCE_SK__GA_SOURCE_SK__ref_DIM_GA_SOURCE_.e94a25a34b
[0m01:11:40.138520 [debug] [Thread-4 (]: Finished running node test.gn_dw_silver.relationships_FACT_GA_BEHAVIOR_DATE_SK__DATE_SK__ref_DIM_DATE_.f0ead91255
[0m01:11:40.139121 [debug] [Thread-2 (]: Re-using an available connection from the pool (formerly test.gn_dw_silver.not_null_FACT_GA_BEHAVIOR_PAGE_PATH.79e188e9bf, now test.gn_dw_silver.relationships_FACT_GA_BEHAVIOR_GA_EVENT_SK__GA_EVENT_SK__ref_DIM_GA_EVENT_.d998ee1914)
[0m01:11:40.139875 [debug] [Thread-5 (]: Finished running node test.gn_dw_silver.relationships_FACT_GA_BEHAVIOR_DEVICE_SK__DEVICE_SK__ref_DIM_DEVICE_.3dc6623597
[0m01:11:40.140521 [debug] [Thread-3 (]: Re-using an available connection from the pool (formerly test.gn_dw_silver.relationships_FACT_GA_BEHAVIOR_CAMPAIGN_SK__CAMPAIGN_SK__ref_DIM_CAMPAIGN_.6befb5f7c4, now test.gn_dw_silver.relationships_FACT_GA_BEHAVIOR_GA_SOURCE_SK__GA_SOURCE_SK__ref_DIM_GA_SOURCE_.e94a25a34b)
[0m01:11:40.141091 [debug] [Thread-4 (]: Began running node test.gn_dw_silver.relationships_FACT_GA_BEHAVIOR_IDENTITY_SK__IDENTITY_SK__ref_DIM_MEMBER_IDENTITY_.4ceee19c5d
[0m01:11:40.141693 [debug] [Thread-2 (]: Began compiling node test.gn_dw_silver.relationships_FACT_GA_BEHAVIOR_GA_EVENT_SK__GA_EVENT_SK__ref_DIM_GA_EVENT_.d998ee1914
[0m01:11:40.142280 [debug] [Thread-5 (]: Began running node model.gn_dw_silver.FACT_MEMBER_COHORT
[0m01:11:40.142833 [debug] [Thread-3 (]: Began compiling node test.gn_dw_silver.relationships_FACT_GA_BEHAVIOR_GA_SOURCE_SK__GA_SOURCE_SK__ref_DIM_GA_SOURCE_.e94a25a34b
[0m01:11:40.143417 [debug] [Thread-4 (]: Re-using an available connection from the pool (formerly test.gn_dw_silver.relationships_FACT_GA_BEHAVIOR_DATE_SK__DATE_SK__ref_DIM_DATE_.f0ead91255, now test.gn_dw_silver.relationships_FACT_GA_BEHAVIOR_IDENTITY_SK__IDENTITY_SK__ref_DIM_MEMBER_IDENTITY_.4ceee19c5d)
[0m01:11:40.151337 [debug] [Thread-2 (]: Writing injected SQL for node "test.gn_dw_silver.relationships_FACT_GA_BEHAVIOR_GA_EVENT_SK__GA_EVENT_SK__ref_DIM_GA_EVENT_.d998ee1914"
[0m01:11:40.152005 [debug] [Thread-5 (]: Re-using an available connection from the pool (formerly test.gn_dw_silver.relationships_FACT_GA_BEHAVIOR_DEVICE_SK__DEVICE_SK__ref_DIM_DEVICE_.3dc6623597, now model.gn_dw_silver.FACT_MEMBER_COHORT)
[0m01:11:40.158283 [debug] [Thread-3 (]: Writing injected SQL for node "test.gn_dw_silver.relationships_FACT_GA_BEHAVIOR_GA_SOURCE_SK__GA_SOURCE_SK__ref_DIM_GA_SOURCE_.e94a25a34b"
[0m01:11:40.158841 [debug] [Thread-4 (]: Began compiling node test.gn_dw_silver.relationships_FACT_GA_BEHAVIOR_IDENTITY_SK__IDENTITY_SK__ref_DIM_MEMBER_IDENTITY_.4ceee19c5d
[0m01:11:40.159629 [debug] [Thread-5 (]: Began compiling node model.gn_dw_silver.FACT_MEMBER_COHORT
[0m01:11:40.160208 [debug] [Thread-2 (]: Began executing node test.gn_dw_silver.relationships_FACT_GA_BEHAVIOR_GA_EVENT_SK__GA_EVENT_SK__ref_DIM_GA_EVENT_.d998ee1914
[0m01:11:40.167149 [debug] [Thread-4 (]: Writing injected SQL for node "test.gn_dw_silver.relationships_FACT_GA_BEHAVIOR_IDENTITY_SK__IDENTITY_SK__ref_DIM_MEMBER_IDENTITY_.4ceee19c5d"
[0m01:11:40.167729 [debug] [Thread-3 (]: Began executing node test.gn_dw_silver.relationships_FACT_GA_BEHAVIOR_GA_SOURCE_SK__GA_SOURCE_SK__ref_DIM_GA_SOURCE_.e94a25a34b
[0m01:11:40.172944 [debug] [Thread-5 (]: Writing injected SQL for node "model.gn_dw_silver.FACT_MEMBER_COHORT"
[0m01:11:40.173750 [debug] [Thread-2 (]: Finished running node test.gn_dw_silver.relationships_FACT_GA_BEHAVIOR_GA_EVENT_SK__GA_EVENT_SK__ref_DIM_GA_EVENT_.d998ee1914
[0m01:11:40.174837 [debug] [Thread-3 (]: Finished running node test.gn_dw_silver.relationships_FACT_GA_BEHAVIOR_GA_SOURCE_SK__GA_SOURCE_SK__ref_DIM_GA_SOURCE_.e94a25a34b
[0m01:11:40.175398 [debug] [Thread-4 (]: Began executing node test.gn_dw_silver.relationships_FACT_GA_BEHAVIOR_IDENTITY_SK__IDENTITY_SK__ref_DIM_MEMBER_IDENTITY_.4ceee19c5d
[0m01:11:40.176290 [debug] [Thread-2 (]: Began running node model.gn_dw_silver.FACT_MEMBER_MONTHLY
[0m01:11:40.176895 [debug] [Thread-5 (]: Began executing node model.gn_dw_silver.FACT_MEMBER_COHORT
[0m01:11:40.177474 [debug] [Thread-3 (]: Began running node test.gn_dw_silver.accepted_values_FACT_MEMBER_EVENT_AGE_AT_EVENT__False__1__2__3__4__5__6__7__8__9__10__11__12.8370d13fb2
[0m01:11:40.178300 [debug] [Thread-4 (]: Finished running node test.gn_dw_silver.relationships_FACT_GA_BEHAVIOR_IDENTITY_SK__IDENTITY_SK__ref_DIM_MEMBER_IDENTITY_.4ceee19c5d
[0m01:11:40.178881 [debug] [Thread-2 (]: Re-using an available connection from the pool (formerly test.gn_dw_silver.relationships_FACT_GA_BEHAVIOR_GA_EVENT_SK__GA_EVENT_SK__ref_DIM_GA_EVENT_.d998ee1914, now model.gn_dw_silver.FACT_MEMBER_MONTHLY)
[0m01:11:40.179610 [debug] [Thread-5 (]: Finished running node model.gn_dw_silver.FACT_MEMBER_COHORT
[0m01:11:40.180220 [debug] [Thread-3 (]: Re-using an available connection from the pool (formerly test.gn_dw_silver.relationships_FACT_GA_BEHAVIOR_GA_SOURCE_SK__GA_SOURCE_SK__ref_DIM_GA_SOURCE_.e94a25a34b, now test.gn_dw_silver.accepted_values_FACT_MEMBER_EVENT_AGE_AT_EVENT__False__1__2__3__4__5__6__7__8__9__10__11__12.8370d13fb2)
[0m01:11:40.180778 [debug] [Thread-4 (]: Began running node test.gn_dw_silver.accepted_values_FACT_MEMBER_EVENT_AGE_BAND_AT_EVENT__True__10___10___20___30___40___50___60___70___70__________.cc1b3859a0
[0m01:11:40.181316 [debug] [Thread-2 (]: Began compiling node model.gn_dw_silver.FACT_MEMBER_MONTHLY
[0m01:11:40.181914 [debug] [Thread-5 (]: Began running node test.gn_dw_silver.accepted_values_FACT_MEMBER_EVENT_AREA_CD_AT_EVENT__True__0__1__2__3__4__5__6__7__8__9__10__11__12__13__14__15__16__17__18.8f4d8a5d02
[0m01:11:40.183146 [debug] [Thread-3 (]: Began compiling node test.gn_dw_silver.accepted_values_FACT_MEMBER_EVENT_AGE_AT_EVENT__False__1__2__3__4__5__6__7__8__9__10__11__12.8370d13fb2
[0m01:11:40.183729 [debug] [Thread-4 (]: Re-using an available connection from the pool (formerly test.gn_dw_silver.relationships_FACT_GA_BEHAVIOR_IDENTITY_SK__IDENTITY_SK__ref_DIM_MEMBER_IDENTITY_.4ceee19c5d, now test.gn_dw_silver.accepted_values_FACT_MEMBER_EVENT_AGE_BAND_AT_EVENT__True__10___10___20___30___40___50___60___70___70__________.cc1b3859a0)
[0m01:11:40.192619 [debug] [Thread-2 (]: Writing injected SQL for node "model.gn_dw_silver.FACT_MEMBER_MONTHLY"
[0m01:11:40.193236 [debug] [Thread-5 (]: Re-using an available connection from the pool (formerly model.gn_dw_silver.FACT_MEMBER_COHORT, now test.gn_dw_silver.accepted_values_FACT_MEMBER_EVENT_AREA_CD_AT_EVENT__True__0__1__2__3__4__5__6__7__8__9__10__11__12__13__14__15__16__17__18.8f4d8a5d02)
[0m01:11:40.199971 [debug] [Thread-3 (]: Writing injected SQL for node "test.gn_dw_silver.accepted_values_FACT_MEMBER_EVENT_AGE_AT_EVENT__False__1__2__3__4__5__6__7__8__9__10__11__12.8370d13fb2"
[0m01:11:40.200515 [debug] [Thread-4 (]: Began compiling node test.gn_dw_silver.accepted_values_FACT_MEMBER_EVENT_AGE_BAND_AT_EVENT__True__10___10___20___30___40___50___60___70___70__________.cc1b3859a0
[0m01:11:40.201123 [debug] [Thread-5 (]: Began compiling node test.gn_dw_silver.accepted_values_FACT_MEMBER_EVENT_AREA_CD_AT_EVENT__True__0__1__2__3__4__5__6__7__8__9__10__11__12__13__14__15__16__17__18.8f4d8a5d02
[0m01:11:40.201750 [debug] [Thread-2 (]: Began executing node model.gn_dw_silver.FACT_MEMBER_MONTHLY
[0m01:11:40.213045 [debug] [Thread-3 (]: Began executing node test.gn_dw_silver.accepted_values_FACT_MEMBER_EVENT_AGE_AT_EVENT__False__1__2__3__4__5__6__7__8__9__10__11__12.8370d13fb2
[0m01:11:40.214816 [debug] [Thread-4 (]: Writing injected SQL for node "test.gn_dw_silver.accepted_values_FACT_MEMBER_EVENT_AGE_BAND_AT_EVENT__True__10___10___20___30___40___50___60___70___70__________.cc1b3859a0"
[0m01:11:40.227374 [debug] [Thread-5 (]: Writing injected SQL for node "test.gn_dw_silver.accepted_values_FACT_MEMBER_EVENT_AREA_CD_AT_EVENT__True__0__1__2__3__4__5__6__7__8__9__10__11__12__13__14__15__16__17__18.8f4d8a5d02"
[0m01:11:40.228233 [debug] [Thread-2 (]: Finished running node model.gn_dw_silver.FACT_MEMBER_MONTHLY
[0m01:11:40.228975 [debug] [Thread-3 (]: Finished running node test.gn_dw_silver.accepted_values_FACT_MEMBER_EVENT_AGE_AT_EVENT__False__1__2__3__4__5__6__7__8__9__10__11__12.8370d13fb2
[0m01:11:40.229893 [debug] [Thread-4 (]: Began executing node test.gn_dw_silver.accepted_values_FACT_MEMBER_EVENT_AGE_BAND_AT_EVENT__True__10___10___20___30___40___50___60___70___70__________.cc1b3859a0
[0m01:11:40.230635 [debug] [Thread-2 (]: Began running node test.gn_dw_silver.accepted_values_FACT_MEMBER_EVENT_CAMPAIGN_STOP_CNT__False__0__1.3fa2e496b4
[0m01:11:40.231494 [debug] [Thread-5 (]: Began executing node test.gn_dw_silver.accepted_values_FACT_MEMBER_EVENT_AREA_CD_AT_EVENT__True__0__1__2__3__4__5__6__7__8__9__10__11__12__13__14__15__16__17__18.8f4d8a5d02
[0m01:11:40.232174 [debug] [Thread-3 (]: Began running node test.gn_dw_silver.accepted_values_FACT_MEMBER_EVENT_DVLP_DIV_CD__True__1__2__3__4__5.59cf2106f8
[0m01:11:40.232996 [debug] [Thread-4 (]: Finished running node test.gn_dw_silver.accepted_values_FACT_MEMBER_EVENT_AGE_BAND_AT_EVENT__True__10___10___20___30___40___50___60___70___70__________.cc1b3859a0
[0m01:11:40.233636 [debug] [Thread-2 (]: Re-using an available connection from the pool (formerly model.gn_dw_silver.FACT_MEMBER_MONTHLY, now test.gn_dw_silver.accepted_values_FACT_MEMBER_EVENT_CAMPAIGN_STOP_CNT__False__0__1.3fa2e496b4)
[0m01:11:40.234413 [debug] [Thread-5 (]: Finished running node test.gn_dw_silver.accepted_values_FACT_MEMBER_EVENT_AREA_CD_AT_EVENT__True__0__1__2__3__4__5__6__7__8__9__10__11__12__13__14__15__16__17__18.8f4d8a5d02
[0m01:11:40.235015 [debug] [Thread-3 (]: Re-using an available connection from the pool (formerly test.gn_dw_silver.accepted_values_FACT_MEMBER_EVENT_AGE_AT_EVENT__False__1__2__3__4__5__6__7__8__9__10__11__12.8370d13fb2, now test.gn_dw_silver.accepted_values_FACT_MEMBER_EVENT_DVLP_DIV_CD__True__1__2__3__4__5.59cf2106f8)
[0m01:11:40.235591 [debug] [Thread-4 (]: Began running node test.gn_dw_silver.accepted_values_FACT_MEMBER_EVENT_DVLP_DIV_NM__True_______________.a4c7fc108d
[0m01:11:40.236271 [debug] [Thread-2 (]: Began compiling node test.gn_dw_silver.accepted_values_FACT_MEMBER_EVENT_CAMPAIGN_STOP_CNT__False__0__1.3fa2e496b4
[0m01:11:40.236909 [debug] [Thread-5 (]: Began running node test.gn_dw_silver.accepted_values_FACT_MEMBER_EVENT_GENDER_AT_EVENT__True________________________.da1c782fd8
[0m01:11:40.237526 [debug] [Thread-3 (]: Began compiling node test.gn_dw_silver.accepted_values_FACT_MEMBER_EVENT_DVLP_DIV_CD__True__1__2__3__4__5.59cf2106f8
[0m01:11:40.238114 [debug] [Thread-4 (]: Re-using an available connection from the pool (formerly test.gn_dw_silver.accepted_values_FACT_MEMBER_EVENT_AGE_BAND_AT_EVENT__True__10___10___20___30___40___50___60___70___70__________.cc1b3859a0, now test.gn_dw_silver.accepted_values_FACT_MEMBER_EVENT_DVLP_DIV_NM__True_______________.a4c7fc108d)
[0m01:11:40.243021 [debug] [Thread-2 (]: Writing injected SQL for node "test.gn_dw_silver.accepted_values_FACT_MEMBER_EVENT_CAMPAIGN_STOP_CNT__False__0__1.3fa2e496b4"
[0m01:11:40.243654 [debug] [Thread-5 (]: Re-using an available connection from the pool (formerly test.gn_dw_silver.accepted_values_FACT_MEMBER_EVENT_AREA_CD_AT_EVENT__True__0__1__2__3__4__5__6__7__8__9__10__11__12__13__14__15__16__17__18.8f4d8a5d02, now test.gn_dw_silver.accepted_values_FACT_MEMBER_EVENT_GENDER_AT_EVENT__True________________________.da1c782fd8)
[0m01:11:40.250194 [debug] [Thread-3 (]: Writing injected SQL for node "test.gn_dw_silver.accepted_values_FACT_MEMBER_EVENT_DVLP_DIV_CD__True__1__2__3__4__5.59cf2106f8"
[0m01:11:40.250734 [debug] [Thread-4 (]: Began compiling node test.gn_dw_silver.accepted_values_FACT_MEMBER_EVENT_DVLP_DIV_NM__True_______________.a4c7fc108d
[0m01:11:40.251433 [debug] [Thread-5 (]: Began compiling node test.gn_dw_silver.accepted_values_FACT_MEMBER_EVENT_GENDER_AT_EVENT__True________________________.da1c782fd8
[0m01:11:40.251976 [debug] [Thread-2 (]: Began executing node test.gn_dw_silver.accepted_values_FACT_MEMBER_EVENT_CAMPAIGN_STOP_CNT__False__0__1.3fa2e496b4
[0m01:11:40.260132 [debug] [Thread-4 (]: Writing injected SQL for node "test.gn_dw_silver.accepted_values_FACT_MEMBER_EVENT_DVLP_DIV_NM__True_______________.a4c7fc108d"
[0m01:11:40.260643 [debug] [Thread-3 (]: Began executing node test.gn_dw_silver.accepted_values_FACT_MEMBER_EVENT_DVLP_DIV_CD__True__1__2__3__4__5.59cf2106f8
[0m01:11:40.268773 [debug] [Thread-5 (]: Writing injected SQL for node "test.gn_dw_silver.accepted_values_FACT_MEMBER_EVENT_GENDER_AT_EVENT__True________________________.da1c782fd8"
[0m01:11:40.269622 [debug] [Thread-2 (]: Finished running node test.gn_dw_silver.accepted_values_FACT_MEMBER_EVENT_CAMPAIGN_STOP_CNT__False__0__1.3fa2e496b4
[0m01:11:40.270534 [debug] [Thread-3 (]: Finished running node test.gn_dw_silver.accepted_values_FACT_MEMBER_EVENT_DVLP_DIV_CD__True__1__2__3__4__5.59cf2106f8
[0m01:11:40.271030 [debug] [Thread-4 (]: Began executing node test.gn_dw_silver.accepted_values_FACT_MEMBER_EVENT_DVLP_DIV_NM__True_______________.a4c7fc108d
[0m01:11:40.271831 [debug] [Thread-2 (]: Began running node test.gn_dw_silver.accepted_values_FACT_MEMBER_EVENT_REGION_AT_EVENT__True______________________________________________________.dc9651f574
[0m01:11:40.272456 [debug] [Thread-5 (]: Began executing node test.gn_dw_silver.accepted_values_FACT_MEMBER_EVENT_GENDER_AT_EVENT__True________________________.da1c782fd8
[0m01:11:40.273040 [debug] [Thread-3 (]: Began running node test.gn_dw_silver.accepted_values_FACT_MEMBER_EVENT_SEX_AT_EVENT__True__0__1__2__3__4__5__6__7__8.e3556d8477
[0m01:11:40.273859 [debug] [Thread-4 (]: Finished running node test.gn_dw_silver.accepted_values_FACT_MEMBER_EVENT_DVLP_DIV_NM__True_______________.a4c7fc108d
[0m01:11:40.274426 [debug] [Thread-2 (]: Re-using an available connection from the pool (formerly test.gn_dw_silver.accepted_values_FACT_MEMBER_EVENT_CAMPAIGN_STOP_CNT__False__0__1.3fa2e496b4, now test.gn_dw_silver.accepted_values_FACT_MEMBER_EVENT_REGION_AT_EVENT__True______________________________________________________.dc9651f574)
[0m01:11:40.275152 [debug] [Thread-5 (]: Finished running node test.gn_dw_silver.accepted_values_FACT_MEMBER_EVENT_GENDER_AT_EVENT__True________________________.da1c782fd8
[0m01:11:40.275702 [debug] [Thread-3 (]: Re-using an available connection from the pool (formerly test.gn_dw_silver.accepted_values_FACT_MEMBER_EVENT_DVLP_DIV_CD__True__1__2__3__4__5.59cf2106f8, now test.gn_dw_silver.accepted_values_FACT_MEMBER_EVENT_SEX_AT_EVENT__True__0__1__2__3__4__5__6__7__8.e3556d8477)
[0m01:11:40.276351 [debug] [Thread-4 (]: Began running node test.gn_dw_silver.accepted_values_FACT_MEMBER_EVENT_STOP_CHANNEL_NM__True__CRM_____SYSTEM.de188886eb
[0m01:11:40.276937 [debug] [Thread-2 (]: Began compiling node test.gn_dw_silver.accepted_values_FACT_MEMBER_EVENT_REGION_AT_EVENT__True______________________________________________________.dc9651f574
[0m01:11:40.277554 [debug] [Thread-5 (]: Began running node test.gn_dw_silver.accepted_values_FACT_MEMBER_EVENT_STOP_CHANNEL__True__1__2__3.a5f3ea8b9c
[0m01:11:40.278099 [debug] [Thread-3 (]: Began compiling node test.gn_dw_silver.accepted_values_FACT_MEMBER_EVENT_SEX_AT_EVENT__True__0__1__2__3__4__5__6__7__8.e3556d8477
[0m01:11:40.278660 [debug] [Thread-4 (]: Re-using an available connection from the pool (formerly test.gn_dw_silver.accepted_values_FACT_MEMBER_EVENT_DVLP_DIV_NM__True_______________.a4c7fc108d, now test.gn_dw_silver.accepted_values_FACT_MEMBER_EVENT_STOP_CHANNEL_NM__True__CRM_____SYSTEM.de188886eb)
[0m01:11:40.293464 [debug] [Thread-2 (]: Writing injected SQL for node "test.gn_dw_silver.accepted_values_FACT_MEMBER_EVENT_REGION_AT_EVENT__True______________________________________________________.dc9651f574"
[0m01:11:40.294086 [debug] [Thread-5 (]: Re-using an available connection from the pool (formerly test.gn_dw_silver.accepted_values_FACT_MEMBER_EVENT_GENDER_AT_EVENT__True________________________.da1c782fd8, now test.gn_dw_silver.accepted_values_FACT_MEMBER_EVENT_STOP_CHANNEL__True__1__2__3.a5f3ea8b9c)
[0m01:11:40.299313 [debug] [Thread-3 (]: Writing injected SQL for node "test.gn_dw_silver.accepted_values_FACT_MEMBER_EVENT_SEX_AT_EVENT__True__0__1__2__3__4__5__6__7__8.e3556d8477"
[0m01:11:40.299882 [debug] [Thread-4 (]: Began compiling node test.gn_dw_silver.accepted_values_FACT_MEMBER_EVENT_STOP_CHANNEL_NM__True__CRM_____SYSTEM.de188886eb
[0m01:11:40.300718 [debug] [Thread-5 (]: Began compiling node test.gn_dw_silver.accepted_values_FACT_MEMBER_EVENT_STOP_CHANNEL__True__1__2__3.a5f3ea8b9c
[0m01:11:40.301211 [debug] [Thread-2 (]: Began executing node test.gn_dw_silver.accepted_values_FACT_MEMBER_EVENT_REGION_AT_EVENT__True______________________________________________________.dc9651f574
[0m01:11:40.309773 [debug] [Thread-4 (]: Writing injected SQL for node "test.gn_dw_silver.accepted_values_FACT_MEMBER_EVENT_STOP_CHANNEL_NM__True__CRM_____SYSTEM.de188886eb"
[0m01:11:40.310291 [debug] [Thread-3 (]: Began executing node test.gn_dw_silver.accepted_values_FACT_MEMBER_EVENT_SEX_AT_EVENT__True__0__1__2__3__4__5__6__7__8.e3556d8477
[0m01:11:40.315346 [debug] [Thread-5 (]: Writing injected SQL for node "test.gn_dw_silver.accepted_values_FACT_MEMBER_EVENT_STOP_CHANNEL__True__1__2__3.a5f3ea8b9c"
[0m01:11:40.316222 [debug] [Thread-2 (]: Finished running node test.gn_dw_silver.accepted_values_FACT_MEMBER_EVENT_REGION_AT_EVENT__True______________________________________________________.dc9651f574
[0m01:11:40.317260 [debug] [Thread-3 (]: Finished running node test.gn_dw_silver.accepted_values_FACT_MEMBER_EVENT_SEX_AT_EVENT__True__0__1__2__3__4__5__6__7__8.e3556d8477
[0m01:11:40.317806 [debug] [Thread-4 (]: Began executing node test.gn_dw_silver.accepted_values_FACT_MEMBER_EVENT_STOP_CHANNEL_NM__True__CRM_____SYSTEM.de188886eb
[0m01:11:40.318629 [debug] [Thread-2 (]: Began running node test.gn_dw_silver.accepted_values_FACT_MEMBER_EVENT_STOP_REASON_NM__True___________________________________________________18__________TS_.43de4438f7
[0m01:11:40.319212 [debug] [Thread-5 (]: Began executing node test.gn_dw_silver.accepted_values_FACT_MEMBER_EVENT_STOP_CHANNEL__True__1__2__3.a5f3ea8b9c
[0m01:11:40.319768 [debug] [Thread-3 (]: Began running node test.gn_dw_silver.accepted_values_FACT_MEMBER_EVENT_STOP_REASON__True__1__8__9__11__13__14__15__16__17__20__21__22__23__25__26__27__28__29__30__31.9b5c4b5384
[0m01:11:40.320648 [debug] [Thread-4 (]: Finished running node test.gn_dw_silver.accepted_values_FACT_MEMBER_EVENT_STOP_CHANNEL_NM__True__CRM_____SYSTEM.de188886eb
[0m01:11:40.321242 [debug] [Thread-2 (]: Re-using an available connection from the pool (formerly test.gn_dw_silver.accepted_values_FACT_MEMBER_EVENT_REGION_AT_EVENT__True______________________________________________________.dc9651f574, now test.gn_dw_silver.accepted_values_FACT_MEMBER_EVENT_STOP_REASON_NM__True___________________________________________________18__________TS_.43de4438f7)
[0m01:11:40.322021 [debug] [Thread-5 (]: Finished running node test.gn_dw_silver.accepted_values_FACT_MEMBER_EVENT_STOP_CHANNEL__True__1__2__3.a5f3ea8b9c
[0m01:11:40.322608 [debug] [Thread-3 (]: Re-using an available connection from the pool (formerly test.gn_dw_silver.accepted_values_FACT_MEMBER_EVENT_SEX_AT_EVENT__True__0__1__2__3__4__5__6__7__8.e3556d8477, now test.gn_dw_silver.accepted_values_FACT_MEMBER_EVENT_STOP_REASON__True__1__8__9__11__13__14__15__16__17__20__21__22__23__25__26__27__28__29__30__31.9b5c4b5384)
[0m01:11:40.323203 [debug] [Thread-4 (]: Began running node test.gn_dw_silver.assert_fme_campaign_stop_exclusivity
[0m01:11:40.323782 [debug] [Thread-2 (]: Began compiling node test.gn_dw_silver.accepted_values_FACT_MEMBER_EVENT_STOP_REASON_NM__True___________________________________________________18__________TS_.43de4438f7
[0m01:11:40.324411 [debug] [Thread-5 (]: Began running node test.gn_dw_silver.not_null_FACT_MEMBER_EVENT_CAMPAIGN_SK.9110a6da76
[0m01:11:40.324977 [debug] [Thread-3 (]: Began compiling node test.gn_dw_silver.accepted_values_FACT_MEMBER_EVENT_STOP_REASON__True__1__8__9__11__13__14__15__16__17__20__21__22__23__25__26__27__28__29__30__31.9b5c4b5384
[0m01:11:40.325551 [debug] [Thread-4 (]: Re-using an available connection from the pool (formerly test.gn_dw_silver.accepted_values_FACT_MEMBER_EVENT_STOP_CHANNEL_NM__True__CRM_____SYSTEM.de188886eb, now test.gn_dw_silver.assert_fme_campaign_stop_exclusivity)
[0m01:11:40.341780 [debug] [Thread-2 (]: Writing injected SQL for node "test.gn_dw_silver.accepted_values_FACT_MEMBER_EVENT_STOP_REASON_NM__True___________________________________________________18__________TS_.43de4438f7"
[0m01:11:40.342381 [debug] [Thread-5 (]: Re-using an available connection from the pool (formerly test.gn_dw_silver.accepted_values_FACT_MEMBER_EVENT_STOP_CHANNEL__True__1__2__3.a5f3ea8b9c, now test.gn_dw_silver.not_null_FACT_MEMBER_EVENT_CAMPAIGN_SK.9110a6da76)
[0m01:11:40.353787 [debug] [Thread-3 (]: Writing injected SQL for node "test.gn_dw_silver.accepted_values_FACT_MEMBER_EVENT_STOP_REASON__True__1__8__9__11__13__14__15__16__17__20__21__22__23__25__26__27__28__29__30__31.9b5c4b5384"
[0m01:11:40.354433 [debug] [Thread-4 (]: Began compiling node test.gn_dw_silver.assert_fme_campaign_stop_exclusivity
[0m01:11:40.355106 [debug] [Thread-5 (]: Began compiling node test.gn_dw_silver.not_null_FACT_MEMBER_EVENT_CAMPAIGN_SK.9110a6da76
[0m01:11:40.355594 [debug] [Thread-2 (]: Began executing node test.gn_dw_silver.accepted_values_FACT_MEMBER_EVENT_STOP_REASON_NM__True___________________________________________________18__________TS_.43de4438f7
[0m01:11:40.362154 [debug] [Thread-4 (]: Writing injected SQL for node "test.gn_dw_silver.assert_fme_campaign_stop_exclusivity"
[0m01:11:40.362688 [debug] [Thread-3 (]: Began executing node test.gn_dw_silver.accepted_values_FACT_MEMBER_EVENT_STOP_REASON__True__1__8__9__11__13__14__15__16__17__20__21__22__23__25__26__27__28__29__30__31.9b5c4b5384
[0m01:11:40.367514 [debug] [Thread-5 (]: Writing injected SQL for node "test.gn_dw_silver.not_null_FACT_MEMBER_EVENT_CAMPAIGN_SK.9110a6da76"
[0m01:11:40.368370 [debug] [Thread-2 (]: Finished running node test.gn_dw_silver.accepted_values_FACT_MEMBER_EVENT_STOP_REASON_NM__True___________________________________________________18__________TS_.43de4438f7
[0m01:11:40.369392 [debug] [Thread-3 (]: Finished running node test.gn_dw_silver.accepted_values_FACT_MEMBER_EVENT_STOP_REASON__True__1__8__9__11__13__14__15__16__17__20__21__22__23__25__26__27__28__29__30__31.9b5c4b5384
[0m01:11:40.369917 [debug] [Thread-4 (]: Began executing node test.gn_dw_silver.assert_fme_campaign_stop_exclusivity
[0m01:11:40.370754 [debug] [Thread-2 (]: Began running node test.gn_dw_silver.not_null_FACT_MEMBER_EVENT_CAMPAIGN_STOP_CNT.6c4834ed17
[0m01:11:40.371385 [debug] [Thread-5 (]: Began executing node test.gn_dw_silver.not_null_FACT_MEMBER_EVENT_CAMPAIGN_SK.9110a6da76
[0m01:11:40.372098 [debug] [Thread-3 (]: Began running node test.gn_dw_silver.not_null_FACT_MEMBER_EVENT_DATE_SK.972c8d7c9a
[0m01:11:40.372923 [debug] [Thread-4 (]: Finished running node test.gn_dw_silver.assert_fme_campaign_stop_exclusivity
[0m01:11:40.373519 [debug] [Thread-2 (]: Re-using an available connection from the pool (formerly test.gn_dw_silver.accepted_values_FACT_MEMBER_EVENT_STOP_REASON_NM__True___________________________________________________18__________TS_.43de4438f7, now test.gn_dw_silver.not_null_FACT_MEMBER_EVENT_CAMPAIGN_STOP_CNT.6c4834ed17)
[0m01:11:40.374285 [debug] [Thread-5 (]: Finished running node test.gn_dw_silver.not_null_FACT_MEMBER_EVENT_CAMPAIGN_SK.9110a6da76
[0m01:11:40.374843 [debug] [Thread-3 (]: Re-using an available connection from the pool (formerly test.gn_dw_silver.accepted_values_FACT_MEMBER_EVENT_STOP_REASON__True__1__8__9__11__13__14__15__16__17__20__21__22__23__25__26__27__28__29__30__31.9b5c4b5384, now test.gn_dw_silver.not_null_FACT_MEMBER_EVENT_DATE_SK.972c8d7c9a)
[0m01:11:40.375410 [debug] [Thread-4 (]: Began running node test.gn_dw_silver.not_null_FACT_MEMBER_EVENT_MEMBER_DK.5e301c1d5b
[0m01:11:40.376015 [debug] [Thread-2 (]: Began compiling node test.gn_dw_silver.not_null_FACT_MEMBER_EVENT_CAMPAIGN_STOP_CNT.6c4834ed17
[0m01:11:40.376576 [debug] [Thread-5 (]: Began running node test.gn_dw_silver.not_null_FACT_MEMBER_EVENT_ORG_SK.2b650695c4
[0m01:11:40.377121 [debug] [Thread-3 (]: Began compiling node test.gn_dw_silver.not_null_FACT_MEMBER_EVENT_DATE_SK.972c8d7c9a
[0m01:11:40.377677 [debug] [Thread-4 (]: Re-using an available connection from the pool (formerly test.gn_dw_silver.assert_fme_campaign_stop_exclusivity, now test.gn_dw_silver.not_null_FACT_MEMBER_EVENT_MEMBER_DK.5e301c1d5b)
[0m01:11:40.382371 [debug] [Thread-2 (]: Writing injected SQL for node "test.gn_dw_silver.not_null_FACT_MEMBER_EVENT_CAMPAIGN_STOP_CNT.6c4834ed17"
[0m01:11:40.382964 [debug] [Thread-5 (]: Re-using an available connection from the pool (formerly test.gn_dw_silver.not_null_FACT_MEMBER_EVENT_CAMPAIGN_SK.9110a6da76, now test.gn_dw_silver.not_null_FACT_MEMBER_EVENT_ORG_SK.2b650695c4)
[0m01:11:40.387804 [debug] [Thread-3 (]: Writing injected SQL for node "test.gn_dw_silver.not_null_FACT_MEMBER_EVENT_DATE_SK.972c8d7c9a"
[0m01:11:40.388397 [debug] [Thread-4 (]: Began compiling node test.gn_dw_silver.not_null_FACT_MEMBER_EVENT_MEMBER_DK.5e301c1d5b
[0m01:11:40.389177 [debug] [Thread-5 (]: Began compiling node test.gn_dw_silver.not_null_FACT_MEMBER_EVENT_ORG_SK.2b650695c4
[0m01:11:40.389738 [debug] [Thread-2 (]: Began executing node test.gn_dw_silver.not_null_FACT_MEMBER_EVENT_CAMPAIGN_STOP_CNT.6c4834ed17
[0m01:11:40.394666 [debug] [Thread-4 (]: Writing injected SQL for node "test.gn_dw_silver.not_null_FACT_MEMBER_EVENT_MEMBER_DK.5e301c1d5b"
[0m01:11:40.395268 [debug] [Thread-3 (]: Began executing node test.gn_dw_silver.not_null_FACT_MEMBER_EVENT_DATE_SK.972c8d7c9a
[0m01:11:40.401681 [debug] [Thread-5 (]: Writing injected SQL for node "test.gn_dw_silver.not_null_FACT_MEMBER_EVENT_ORG_SK.2b650695c4"
[0m01:11:40.402447 [debug] [Thread-2 (]: Finished running node test.gn_dw_silver.not_null_FACT_MEMBER_EVENT_CAMPAIGN_STOP_CNT.6c4834ed17
[0m01:11:40.403420 [debug] [Thread-3 (]: Finished running node test.gn_dw_silver.not_null_FACT_MEMBER_EVENT_DATE_SK.972c8d7c9a
[0m01:11:40.404012 [debug] [Thread-4 (]: Began executing node test.gn_dw_silver.not_null_FACT_MEMBER_EVENT_MEMBER_DK.5e301c1d5b
[0m01:11:40.404816 [debug] [Thread-2 (]: Began running node test.gn_dw_silver.not_null_FACT_MEMBER_EVENT_REASON_SK.ac0514070d
[0m01:11:40.405404 [debug] [Thread-5 (]: Began executing node test.gn_dw_silver.not_null_FACT_MEMBER_EVENT_ORG_SK.2b650695c4
[0m01:11:40.405992 [debug] [Thread-3 (]: Began running node test.gn_dw_silver.not_null_FACT_MEMBER_EVENT_SPONSORSHIP_SK.baff4874b9
[0m01:11:40.406789 [debug] [Thread-4 (]: Finished running node test.gn_dw_silver.not_null_FACT_MEMBER_EVENT_MEMBER_DK.5e301c1d5b
[0m01:11:40.407374 [debug] [Thread-2 (]: Re-using an available connection from the pool (formerly test.gn_dw_silver.not_null_FACT_MEMBER_EVENT_CAMPAIGN_STOP_CNT.6c4834ed17, now test.gn_dw_silver.not_null_FACT_MEMBER_EVENT_REASON_SK.ac0514070d)
[0m01:11:40.408213 [debug] [Thread-5 (]: Finished running node test.gn_dw_silver.not_null_FACT_MEMBER_EVENT_ORG_SK.2b650695c4
[0m01:11:40.408781 [debug] [Thread-3 (]: Re-using an available connection from the pool (formerly test.gn_dw_silver.not_null_FACT_MEMBER_EVENT_DATE_SK.972c8d7c9a, now test.gn_dw_silver.not_null_FACT_MEMBER_EVENT_SPONSORSHIP_SK.baff4874b9)
[0m01:11:40.409369 [debug] [Thread-4 (]: Began running node test.gn_dw_silver.relationships_FACT_MEMBER_EVENT_CAMPAIGN_SK__CAMPAIGN_SK__ref_DIM_CAMPAIGN_.dd546d7a2c
[0m01:11:40.409944 [debug] [Thread-2 (]: Began compiling node test.gn_dw_silver.not_null_FACT_MEMBER_EVENT_REASON_SK.ac0514070d
[0m01:11:40.410499 [debug] [Thread-5 (]: Began running node test.gn_dw_silver.relationships_FACT_MEMBER_EVENT_DATE_SK__DATE_SK__ref_DIM_DATE_.5a51e46678
[0m01:11:40.411023 [debug] [Thread-3 (]: Began compiling node test.gn_dw_silver.not_null_FACT_MEMBER_EVENT_SPONSORSHIP_SK.baff4874b9
[0m01:11:40.411610 [debug] [Thread-4 (]: Re-using an available connection from the pool (formerly test.gn_dw_silver.not_null_FACT_MEMBER_EVENT_MEMBER_DK.5e301c1d5b, now test.gn_dw_silver.relationships_FACT_MEMBER_EVENT_CAMPAIGN_SK__CAMPAIGN_SK__ref_DIM_CAMPAIGN_.dd546d7a2c)
[0m01:11:40.416420 [debug] [Thread-2 (]: Writing injected SQL for node "test.gn_dw_silver.not_null_FACT_MEMBER_EVENT_REASON_SK.ac0514070d"
[0m01:11:40.417032 [debug] [Thread-5 (]: Re-using an available connection from the pool (formerly test.gn_dw_silver.not_null_FACT_MEMBER_EVENT_ORG_SK.2b650695c4, now test.gn_dw_silver.relationships_FACT_MEMBER_EVENT_DATE_SK__DATE_SK__ref_DIM_DATE_.5a51e46678)
[0m01:11:40.421920 [debug] [Thread-3 (]: Writing injected SQL for node "test.gn_dw_silver.not_null_FACT_MEMBER_EVENT_SPONSORSHIP_SK.baff4874b9"
[0m01:11:40.422463 [debug] [Thread-4 (]: Began compiling node test.gn_dw_silver.relationships_FACT_MEMBER_EVENT_CAMPAIGN_SK__CAMPAIGN_SK__ref_DIM_CAMPAIGN_.dd546d7a2c
[0m01:11:40.423282 [debug] [Thread-5 (]: Began compiling node test.gn_dw_silver.relationships_FACT_MEMBER_EVENT_DATE_SK__DATE_SK__ref_DIM_DATE_.5a51e46678
[0m01:11:40.423846 [debug] [Thread-2 (]: Began executing node test.gn_dw_silver.not_null_FACT_MEMBER_EVENT_REASON_SK.ac0514070d
[0m01:11:40.429937 [debug] [Thread-4 (]: Writing injected SQL for node "test.gn_dw_silver.relationships_FACT_MEMBER_EVENT_CAMPAIGN_SK__CAMPAIGN_SK__ref_DIM_CAMPAIGN_.dd546d7a2c"
[0m01:11:40.430460 [debug] [Thread-3 (]: Began executing node test.gn_dw_silver.not_null_FACT_MEMBER_EVENT_SPONSORSHIP_SK.baff4874b9
[0m01:11:40.436223 [debug] [Thread-5 (]: Writing injected SQL for node "test.gn_dw_silver.relationships_FACT_MEMBER_EVENT_DATE_SK__DATE_SK__ref_DIM_DATE_.5a51e46678"
[0m01:11:40.436994 [debug] [Thread-2 (]: Finished running node test.gn_dw_silver.not_null_FACT_MEMBER_EVENT_REASON_SK.ac0514070d
[0m01:11:40.437981 [debug] [Thread-3 (]: Finished running node test.gn_dw_silver.not_null_FACT_MEMBER_EVENT_SPONSORSHIP_SK.baff4874b9
[0m01:11:40.438537 [debug] [Thread-4 (]: Began executing node test.gn_dw_silver.relationships_FACT_MEMBER_EVENT_CAMPAIGN_SK__CAMPAIGN_SK__ref_DIM_CAMPAIGN_.dd546d7a2c
[0m01:11:40.439316 [debug] [Thread-2 (]: Began running node test.gn_dw_silver.relationships_FACT_MEMBER_EVENT_MEMBER_DK__MEMBER_DK__ref_DIM_MEMBER_.a733705b9c
[0m01:11:40.439854 [debug] [Thread-5 (]: Began executing node test.gn_dw_silver.relationships_FACT_MEMBER_EVENT_DATE_SK__DATE_SK__ref_DIM_DATE_.5a51e46678
[0m01:11:40.440495 [debug] [Thread-3 (]: Began running node test.gn_dw_silver.relationships_FACT_MEMBER_EVENT_ORG_SK__ORG_SK__ref_DIM_ORG_.8b32e256ca
[0m01:11:40.441296 [debug] [Thread-4 (]: Finished running node test.gn_dw_silver.relationships_FACT_MEMBER_EVENT_CAMPAIGN_SK__CAMPAIGN_SK__ref_DIM_CAMPAIGN_.dd546d7a2c
[0m01:11:40.441860 [debug] [Thread-2 (]: Re-using an available connection from the pool (formerly test.gn_dw_silver.not_null_FACT_MEMBER_EVENT_REASON_SK.ac0514070d, now test.gn_dw_silver.relationships_FACT_MEMBER_EVENT_MEMBER_DK__MEMBER_DK__ref_DIM_MEMBER_.a733705b9c)
[0m01:11:40.442612 [debug] [Thread-5 (]: Finished running node test.gn_dw_silver.relationships_FACT_MEMBER_EVENT_DATE_SK__DATE_SK__ref_DIM_DATE_.5a51e46678
[0m01:11:40.443205 [debug] [Thread-3 (]: Re-using an available connection from the pool (formerly test.gn_dw_silver.not_null_FACT_MEMBER_EVENT_SPONSORSHIP_SK.baff4874b9, now test.gn_dw_silver.relationships_FACT_MEMBER_EVENT_ORG_SK__ORG_SK__ref_DIM_ORG_.8b32e256ca)
[0m01:11:40.443785 [debug] [Thread-4 (]: Began running node test.gn_dw_silver.relationships_FACT_MEMBER_EVENT_REASON_SK__REASON_SK__ref_DIM_REASON_.127925409d
[0m01:11:40.444422 [debug] [Thread-2 (]: Began compiling node test.gn_dw_silver.relationships_FACT_MEMBER_EVENT_MEMBER_DK__MEMBER_DK__ref_DIM_MEMBER_.a733705b9c
[0m01:11:40.445013 [debug] [Thread-5 (]: Began running node test.gn_dw_silver.relationships_FACT_MEMBER_EVENT_SPONSORSHIP_SK__SPONSORSHIP_SK__ref_DIM_SPONSORSHIP_.2b37b4e7d1
[0m01:11:40.445592 [debug] [Thread-3 (]: Began compiling node test.gn_dw_silver.relationships_FACT_MEMBER_EVENT_ORG_SK__ORG_SK__ref_DIM_ORG_.8b32e256ca
[0m01:11:40.446154 [debug] [Thread-4 (]: Re-using an available connection from the pool (formerly test.gn_dw_silver.relationships_FACT_MEMBER_EVENT_CAMPAIGN_SK__CAMPAIGN_SK__ref_DIM_CAMPAIGN_.dd546d7a2c, now test.gn_dw_silver.relationships_FACT_MEMBER_EVENT_REASON_SK__REASON_SK__ref_DIM_REASON_.127925409d)
[0m01:11:40.453633 [debug] [Thread-2 (]: Writing injected SQL for node "test.gn_dw_silver.relationships_FACT_MEMBER_EVENT_MEMBER_DK__MEMBER_DK__ref_DIM_MEMBER_.a733705b9c"
[0m01:11:40.454264 [debug] [Thread-5 (]: Re-using an available connection from the pool (formerly test.gn_dw_silver.relationships_FACT_MEMBER_EVENT_DATE_SK__DATE_SK__ref_DIM_DATE_.5a51e46678, now test.gn_dw_silver.relationships_FACT_MEMBER_EVENT_SPONSORSHIP_SK__SPONSORSHIP_SK__ref_DIM_SPONSORSHIP_.2b37b4e7d1)
[0m01:11:40.460744 [debug] [Thread-3 (]: Writing injected SQL for node "test.gn_dw_silver.relationships_FACT_MEMBER_EVENT_ORG_SK__ORG_SK__ref_DIM_ORG_.8b32e256ca"
[0m01:11:40.461293 [debug] [Thread-4 (]: Began compiling node test.gn_dw_silver.relationships_FACT_MEMBER_EVENT_REASON_SK__REASON_SK__ref_DIM_REASON_.127925409d
[0m01:11:40.462046 [debug] [Thread-5 (]: Began compiling node test.gn_dw_silver.relationships_FACT_MEMBER_EVENT_SPONSORSHIP_SK__SPONSORSHIP_SK__ref_DIM_SPONSORSHIP_.2b37b4e7d1
[0m01:11:40.462563 [debug] [Thread-2 (]: Began executing node test.gn_dw_silver.relationships_FACT_MEMBER_EVENT_MEMBER_DK__MEMBER_DK__ref_DIM_MEMBER_.a733705b9c
[0m01:11:40.469188 [debug] [Thread-4 (]: Writing injected SQL for node "test.gn_dw_silver.relationships_FACT_MEMBER_EVENT_REASON_SK__REASON_SK__ref_DIM_REASON_.127925409d"
[0m01:11:40.469725 [debug] [Thread-3 (]: Began executing node test.gn_dw_silver.relationships_FACT_MEMBER_EVENT_ORG_SK__ORG_SK__ref_DIM_ORG_.8b32e256ca
[0m01:11:40.475623 [debug] [Thread-5 (]: Writing injected SQL for node "test.gn_dw_silver.relationships_FACT_MEMBER_EVENT_SPONSORSHIP_SK__SPONSORSHIP_SK__ref_DIM_SPONSORSHIP_.2b37b4e7d1"
[0m01:11:40.476450 [debug] [Thread-2 (]: Finished running node test.gn_dw_silver.relationships_FACT_MEMBER_EVENT_MEMBER_DK__MEMBER_DK__ref_DIM_MEMBER_.a733705b9c
[0m01:11:40.477465 [debug] [Thread-3 (]: Finished running node test.gn_dw_silver.relationships_FACT_MEMBER_EVENT_ORG_SK__ORG_SK__ref_DIM_ORG_.8b32e256ca
[0m01:11:40.478047 [debug] [Thread-4 (]: Began executing node test.gn_dw_silver.relationships_FACT_MEMBER_EVENT_REASON_SK__REASON_SK__ref_DIM_REASON_.127925409d
[0m01:11:40.478820 [debug] [Thread-2 (]: Began running node test.gn_dw_silver.not_null_FACT_SERVICE_EVENT_CAMPAIGN_SK.12440575e6
[0m01:11:40.479311 [debug] [Thread-5 (]: Began executing node test.gn_dw_silver.relationships_FACT_MEMBER_EVENT_SPONSORSHIP_SK__SPONSORSHIP_SK__ref_DIM_SPONSORSHIP_.2b37b4e7d1
[0m01:11:40.479999 [debug] [Thread-3 (]: Began running node test.gn_dw_silver.not_null_FACT_SERVICE_EVENT_DATE_SK.6cada03c03
[0m01:11:40.480805 [debug] [Thread-4 (]: Finished running node test.gn_dw_silver.relationships_FACT_MEMBER_EVENT_REASON_SK__REASON_SK__ref_DIM_REASON_.127925409d
[0m01:11:40.481352 [debug] [Thread-2 (]: Re-using an available connection from the pool (formerly test.gn_dw_silver.relationships_FACT_MEMBER_EVENT_MEMBER_DK__MEMBER_DK__ref_DIM_MEMBER_.a733705b9c, now test.gn_dw_silver.not_null_FACT_SERVICE_EVENT_CAMPAIGN_SK.12440575e6)
[0m01:11:40.482089 [debug] [Thread-5 (]: Finished running node test.gn_dw_silver.relationships_FACT_MEMBER_EVENT_SPONSORSHIP_SK__SPONSORSHIP_SK__ref_DIM_SPONSORSHIP_.2b37b4e7d1
[0m01:11:40.482650 [debug] [Thread-3 (]: Re-using an available connection from the pool (formerly test.gn_dw_silver.relationships_FACT_MEMBER_EVENT_ORG_SK__ORG_SK__ref_DIM_ORG_.8b32e256ca, now test.gn_dw_silver.not_null_FACT_SERVICE_EVENT_DATE_SK.6cada03c03)
[0m01:11:40.483230 [debug] [Thread-4 (]: Began running node test.gn_dw_silver.not_null_FACT_SERVICE_EVENT_MEMBER_DK.755b9d11bd
[0m01:11:40.483819 [debug] [Thread-2 (]: Began compiling node test.gn_dw_silver.not_null_FACT_SERVICE_EVENT_CAMPAIGN_SK.12440575e6
[0m01:11:40.484468 [debug] [Thread-5 (]: Began running node test.gn_dw_silver.not_null_FACT_SERVICE_EVENT_SEND_TYPE_SK.e929b08d98
[0m01:11:40.485065 [debug] [Thread-3 (]: Began compiling node test.gn_dw_silver.not_null_FACT_SERVICE_EVENT_DATE_SK.6cada03c03
[0m01:11:40.485673 [debug] [Thread-4 (]: Re-using an available connection from the pool (formerly test.gn_dw_silver.relationships_FACT_MEMBER_EVENT_REASON_SK__REASON_SK__ref_DIM_REASON_.127925409d, now test.gn_dw_silver.not_null_FACT_SERVICE_EVENT_MEMBER_DK.755b9d11bd)
[0m01:11:40.492114 [debug] [Thread-2 (]: Writing injected SQL for node "test.gn_dw_silver.not_null_FACT_SERVICE_EVENT_CAMPAIGN_SK.12440575e6"
[0m01:11:40.492696 [debug] [Thread-5 (]: Re-using an available connection from the pool (formerly test.gn_dw_silver.relationships_FACT_MEMBER_EVENT_SPONSORSHIP_SK__SPONSORSHIP_SK__ref_DIM_SPONSORSHIP_.2b37b4e7d1, now test.gn_dw_silver.not_null_FACT_SERVICE_EVENT_SEND_TYPE_SK.e929b08d98)
[0m01:11:40.497411 [debug] [Thread-3 (]: Writing injected SQL for node "test.gn_dw_silver.not_null_FACT_SERVICE_EVENT_DATE_SK.6cada03c03"
[0m01:11:40.497975 [debug] [Thread-4 (]: Began compiling node test.gn_dw_silver.not_null_FACT_SERVICE_EVENT_MEMBER_DK.755b9d11bd
[0m01:11:40.498811 [debug] [Thread-5 (]: Began compiling node test.gn_dw_silver.not_null_FACT_SERVICE_EVENT_SEND_TYPE_SK.e929b08d98
[0m01:11:40.499329 [debug] [Thread-2 (]: Began executing node test.gn_dw_silver.not_null_FACT_SERVICE_EVENT_CAMPAIGN_SK.12440575e6
[0m01:11:40.504344 [debug] [Thread-4 (]: Writing injected SQL for node "test.gn_dw_silver.not_null_FACT_SERVICE_EVENT_MEMBER_DK.755b9d11bd"
[0m01:11:40.504953 [debug] [Thread-3 (]: Began executing node test.gn_dw_silver.not_null_FACT_SERVICE_EVENT_DATE_SK.6cada03c03
[0m01:11:40.509602 [debug] [Thread-5 (]: Writing injected SQL for node "test.gn_dw_silver.not_null_FACT_SERVICE_EVENT_SEND_TYPE_SK.e929b08d98"
[0m01:11:40.510397 [debug] [Thread-2 (]: Finished running node test.gn_dw_silver.not_null_FACT_SERVICE_EVENT_CAMPAIGN_SK.12440575e6
[0m01:11:40.511442 [debug] [Thread-3 (]: Finished running node test.gn_dw_silver.not_null_FACT_SERVICE_EVENT_DATE_SK.6cada03c03
[0m01:11:40.512006 [debug] [Thread-4 (]: Began executing node test.gn_dw_silver.not_null_FACT_SERVICE_EVENT_MEMBER_DK.755b9d11bd
[0m01:11:40.512792 [debug] [Thread-2 (]: Began running node test.gn_dw_silver.not_null_FACT_SERVICE_EVENT_SERVICE_SK.26109d8d86
[0m01:11:40.513253 [debug] [Thread-5 (]: Began executing node test.gn_dw_silver.not_null_FACT_SERVICE_EVENT_SEND_TYPE_SK.e929b08d98
[0m01:11:40.513909 [debug] [Thread-3 (]: Began running node test.gn_dw_silver.relationships_FACT_SERVICE_EVENT_CAMPAIGN_SK__CAMPAIGN_SK__ref_DIM_CAMPAIGN_.a545e98256
[0m01:11:40.514734 [debug] [Thread-4 (]: Finished running node test.gn_dw_silver.not_null_FACT_SERVICE_EVENT_MEMBER_DK.755b9d11bd
[0m01:11:40.515317 [debug] [Thread-2 (]: Re-using an available connection from the pool (formerly test.gn_dw_silver.not_null_FACT_SERVICE_EVENT_CAMPAIGN_SK.12440575e6, now test.gn_dw_silver.not_null_FACT_SERVICE_EVENT_SERVICE_SK.26109d8d86)
[0m01:11:40.516171 [debug] [Thread-5 (]: Finished running node test.gn_dw_silver.not_null_FACT_SERVICE_EVENT_SEND_TYPE_SK.e929b08d98
[0m01:11:40.516765 [debug] [Thread-3 (]: Re-using an available connection from the pool (formerly test.gn_dw_silver.not_null_FACT_SERVICE_EVENT_DATE_SK.6cada03c03, now test.gn_dw_silver.relationships_FACT_SERVICE_EVENT_CAMPAIGN_SK__CAMPAIGN_SK__ref_DIM_CAMPAIGN_.a545e98256)
[0m01:11:40.517343 [debug] [Thread-4 (]: Began running node test.gn_dw_silver.relationships_FACT_SERVICE_EVENT_DATE_SK__DATE_SK__ref_DIM_DATE_.02e5953f5e
[0m01:11:40.517915 [debug] [Thread-2 (]: Began compiling node test.gn_dw_silver.not_null_FACT_SERVICE_EVENT_SERVICE_SK.26109d8d86
[0m01:11:40.518496 [debug] [Thread-5 (]: Began running node test.gn_dw_silver.relationships_FACT_SERVICE_EVENT_MEMBER_DK__MEMBER_DK__ref_DIM_MEMBER_.4d80fc62ee
[0m01:11:40.519066 [debug] [Thread-3 (]: Began compiling node test.gn_dw_silver.relationships_FACT_SERVICE_EVENT_CAMPAIGN_SK__CAMPAIGN_SK__ref_DIM_CAMPAIGN_.a545e98256
[0m01:11:40.519623 [debug] [Thread-4 (]: Re-using an available connection from the pool (formerly test.gn_dw_silver.not_null_FACT_SERVICE_EVENT_MEMBER_DK.755b9d11bd, now test.gn_dw_silver.relationships_FACT_SERVICE_EVENT_DATE_SK__DATE_SK__ref_DIM_DATE_.02e5953f5e)
[0m01:11:40.524645 [debug] [Thread-2 (]: Writing injected SQL for node "test.gn_dw_silver.not_null_FACT_SERVICE_EVENT_SERVICE_SK.26109d8d86"
[0m01:11:40.525280 [debug] [Thread-5 (]: Re-using an available connection from the pool (formerly test.gn_dw_silver.not_null_FACT_SERVICE_EVENT_SEND_TYPE_SK.e929b08d98, now test.gn_dw_silver.relationships_FACT_SERVICE_EVENT_MEMBER_DK__MEMBER_DK__ref_DIM_MEMBER_.4d80fc62ee)
[0m01:11:40.532905 [debug] [Thread-3 (]: Writing injected SQL for node "test.gn_dw_silver.relationships_FACT_SERVICE_EVENT_CAMPAIGN_SK__CAMPAIGN_SK__ref_DIM_CAMPAIGN_.a545e98256"
[0m01:11:40.533451 [debug] [Thread-4 (]: Began compiling node test.gn_dw_silver.relationships_FACT_SERVICE_EVENT_DATE_SK__DATE_SK__ref_DIM_DATE_.02e5953f5e
[0m01:11:40.534230 [debug] [Thread-5 (]: Began compiling node test.gn_dw_silver.relationships_FACT_SERVICE_EVENT_MEMBER_DK__MEMBER_DK__ref_DIM_MEMBER_.4d80fc62ee
[0m01:11:40.534792 [debug] [Thread-2 (]: Began executing node test.gn_dw_silver.not_null_FACT_SERVICE_EVENT_SERVICE_SK.26109d8d86
[0m01:11:40.541004 [debug] [Thread-4 (]: Writing injected SQL for node "test.gn_dw_silver.relationships_FACT_SERVICE_EVENT_DATE_SK__DATE_SK__ref_DIM_DATE_.02e5953f5e"
[0m01:11:40.541510 [debug] [Thread-3 (]: Began executing node test.gn_dw_silver.relationships_FACT_SERVICE_EVENT_CAMPAIGN_SK__CAMPAIGN_SK__ref_DIM_CAMPAIGN_.a545e98256
[0m01:11:40.547293 [debug] [Thread-5 (]: Writing injected SQL for node "test.gn_dw_silver.relationships_FACT_SERVICE_EVENT_MEMBER_DK__MEMBER_DK__ref_DIM_MEMBER_.4d80fc62ee"
[0m01:11:40.548212 [debug] [Thread-2 (]: Finished running node test.gn_dw_silver.not_null_FACT_SERVICE_EVENT_SERVICE_SK.26109d8d86
[0m01:11:40.549178 [debug] [Thread-3 (]: Finished running node test.gn_dw_silver.relationships_FACT_SERVICE_EVENT_CAMPAIGN_SK__CAMPAIGN_SK__ref_DIM_CAMPAIGN_.a545e98256
[0m01:11:40.549707 [debug] [Thread-4 (]: Began executing node test.gn_dw_silver.relationships_FACT_SERVICE_EVENT_DATE_SK__DATE_SK__ref_DIM_DATE_.02e5953f5e
[0m01:11:40.550510 [debug] [Thread-2 (]: Began running node test.gn_dw_silver.relationships_FACT_SERVICE_EVENT_SEND_TYPE_SK__SEND_TYPE_SK__ref_DIM_SEND_TYPE_.0632afa1df
[0m01:11:40.551090 [debug] [Thread-5 (]: Began executing node test.gn_dw_silver.relationships_FACT_SERVICE_EVENT_MEMBER_DK__MEMBER_DK__ref_DIM_MEMBER_.4d80fc62ee
[0m01:11:40.551690 [debug] [Thread-3 (]: Began running node test.gn_dw_silver.relationships_FACT_SERVICE_EVENT_SERVICE_SK__SERVICE_SK__ref_DIM_SERVICE_.817846be22
[0m01:11:40.552837 [debug] [Thread-4 (]: Finished running node test.gn_dw_silver.relationships_FACT_SERVICE_EVENT_DATE_SK__DATE_SK__ref_DIM_DATE_.02e5953f5e
[0m01:11:40.553394 [debug] [Thread-2 (]: Re-using an available connection from the pool (formerly test.gn_dw_silver.not_null_FACT_SERVICE_EVENT_SERVICE_SK.26109d8d86, now test.gn_dw_silver.relationships_FACT_SERVICE_EVENT_SEND_TYPE_SK__SEND_TYPE_SK__ref_DIM_SEND_TYPE_.0632afa1df)
[0m01:11:40.554137 [debug] [Thread-5 (]: Finished running node test.gn_dw_silver.relationships_FACT_SERVICE_EVENT_MEMBER_DK__MEMBER_DK__ref_DIM_MEMBER_.4d80fc62ee
[0m01:11:40.554683 [debug] [Thread-3 (]: Re-using an available connection from the pool (formerly test.gn_dw_silver.relationships_FACT_SERVICE_EVENT_CAMPAIGN_SK__CAMPAIGN_SK__ref_DIM_CAMPAIGN_.a545e98256, now test.gn_dw_silver.relationships_FACT_SERVICE_EVENT_SERVICE_SK__SERVICE_SK__ref_DIM_SERVICE_.817846be22)
[0m01:11:40.555229 [debug] [Thread-4 (]: Began running node test.gn_dw_silver.accepted_values_FACT_TARGET_DEV_DEV_TYPE__True__1__2__4.2a8429f503
[0m01:11:40.555757 [debug] [Thread-2 (]: Began compiling node test.gn_dw_silver.relationships_FACT_SERVICE_EVENT_SEND_TYPE_SK__SEND_TYPE_SK__ref_DIM_SEND_TYPE_.0632afa1df
[0m01:11:40.556360 [debug] [Thread-5 (]: Began running node test.gn_dw_silver.assert_ftg_dev_month_key_yyyymm
[0m01:11:40.556880 [debug] [Thread-3 (]: Began compiling node test.gn_dw_silver.relationships_FACT_SERVICE_EVENT_SERVICE_SK__SERVICE_SK__ref_DIM_SERVICE_.817846be22
[0m01:11:40.557412 [debug] [Thread-4 (]: Re-using an available connection from the pool (formerly test.gn_dw_silver.relationships_FACT_SERVICE_EVENT_DATE_SK__DATE_SK__ref_DIM_DATE_.02e5953f5e, now test.gn_dw_silver.accepted_values_FACT_TARGET_DEV_DEV_TYPE__True__1__2__4.2a8429f503)
[0m01:11:40.563848 [debug] [Thread-2 (]: Writing injected SQL for node "test.gn_dw_silver.relationships_FACT_SERVICE_EVENT_SEND_TYPE_SK__SEND_TYPE_SK__ref_DIM_SEND_TYPE_.0632afa1df"
[0m01:11:40.564488 [debug] [Thread-5 (]: Re-using an available connection from the pool (formerly test.gn_dw_silver.relationships_FACT_SERVICE_EVENT_MEMBER_DK__MEMBER_DK__ref_DIM_MEMBER_.4d80fc62ee, now test.gn_dw_silver.assert_ftg_dev_month_key_yyyymm)
[0m01:11:40.570998 [debug] [Thread-3 (]: Writing injected SQL for node "test.gn_dw_silver.relationships_FACT_SERVICE_EVENT_SERVICE_SK__SERVICE_SK__ref_DIM_SERVICE_.817846be22"
[0m01:11:40.571512 [debug] [Thread-4 (]: Began compiling node test.gn_dw_silver.accepted_values_FACT_TARGET_DEV_DEV_TYPE__True__1__2__4.2a8429f503
[0m01:11:40.572354 [debug] [Thread-5 (]: Began compiling node test.gn_dw_silver.assert_ftg_dev_month_key_yyyymm
[0m01:11:40.572849 [debug] [Thread-2 (]: Began executing node test.gn_dw_silver.relationships_FACT_SERVICE_EVENT_SEND_TYPE_SK__SEND_TYPE_SK__ref_DIM_SEND_TYPE_.0632afa1df
[0m01:11:40.578879 [debug] [Thread-3 (]: Began executing node test.gn_dw_silver.relationships_FACT_SERVICE_EVENT_SERVICE_SK__SERVICE_SK__ref_DIM_SERVICE_.817846be22
[0m01:11:40.580384 [debug] [Thread-4 (]: Writing injected SQL for node "test.gn_dw_silver.accepted_values_FACT_TARGET_DEV_DEV_TYPE__True__1__2__4.2a8429f503"
[0m01:11:40.585721 [debug] [Thread-5 (]: Writing injected SQL for node "test.gn_dw_silver.assert_ftg_dev_month_key_yyyymm"
[0m01:11:40.586645 [debug] [Thread-2 (]: Finished running node test.gn_dw_silver.relationships_FACT_SERVICE_EVENT_SEND_TYPE_SK__SEND_TYPE_SK__ref_DIM_SEND_TYPE_.0632afa1df
[0m01:11:40.587388 [debug] [Thread-3 (]: Finished running node test.gn_dw_silver.relationships_FACT_SERVICE_EVENT_SERVICE_SK__SERVICE_SK__ref_DIM_SERVICE_.817846be22
[0m01:11:40.588351 [debug] [Thread-4 (]: Began executing node test.gn_dw_silver.accepted_values_FACT_TARGET_DEV_DEV_TYPE__True__1__2__4.2a8429f503
[0m01:11:40.589039 [debug] [Thread-2 (]: Began running node test.gn_dw_silver.assert_wide_dev_achv_goal_rows_preserved
[0m01:11:40.589634 [debug] [Thread-5 (]: Began executing node test.gn_dw_silver.assert_ftg_dev_month_key_yyyymm
[0m01:11:40.590199 [debug] [Thread-3 (]: Began running node test.gn_dw_silver.not_null_FACT_TARGET_DEV_MONTH_KEY.87041e81c6
[0m01:11:40.590988 [debug] [Thread-4 (]: Finished running node test.gn_dw_silver.accepted_values_FACT_TARGET_DEV_DEV_TYPE__True__1__2__4.2a8429f503
[0m01:11:40.591566 [debug] [Thread-2 (]: Re-using an available connection from the pool (formerly test.gn_dw_silver.relationships_FACT_SERVICE_EVENT_SEND_TYPE_SK__SEND_TYPE_SK__ref_DIM_SEND_TYPE_.0632afa1df, now test.gn_dw_silver.assert_wide_dev_achv_goal_rows_preserved)
[0m01:11:40.592383 [debug] [Thread-5 (]: Finished running node test.gn_dw_silver.assert_ftg_dev_month_key_yyyymm
[0m01:11:40.592969 [debug] [Thread-3 (]: Re-using an available connection from the pool (formerly test.gn_dw_silver.relationships_FACT_SERVICE_EVENT_SERVICE_SK__SERVICE_SK__ref_DIM_SERVICE_.817846be22, now test.gn_dw_silver.not_null_FACT_TARGET_DEV_MONTH_KEY.87041e81c6)
[0m01:11:40.593636 [debug] [Thread-4 (]: Began running node test.gn_dw_silver.not_null_FACT_TARGET_DEV_ORG_SK.d5fabc18e1
[0m01:11:40.594246 [debug] [Thread-2 (]: Began compiling node test.gn_dw_silver.assert_wide_dev_achv_goal_rows_preserved
[0m01:11:40.594838 [debug] [Thread-5 (]: Began running node test.gn_dw_silver.relationships_FACT_TARGET_DEV_ORG_SK__ORG_SK__ref_DIM_ORG_.c6acf5c625
[0m01:11:40.595391 [debug] [Thread-3 (]: Began compiling node test.gn_dw_silver.not_null_FACT_TARGET_DEV_MONTH_KEY.87041e81c6
[0m01:11:40.596022 [debug] [Thread-4 (]: Re-using an available connection from the pool (formerly test.gn_dw_silver.accepted_values_FACT_TARGET_DEV_DEV_TYPE__True__1__2__4.2a8429f503, now test.gn_dw_silver.not_null_FACT_TARGET_DEV_ORG_SK.d5fabc18e1)
[0m01:11:40.600317 [debug] [Thread-2 (]: Writing injected SQL for node "test.gn_dw_silver.assert_wide_dev_achv_goal_rows_preserved"
[0m01:11:40.600942 [debug] [Thread-5 (]: Re-using an available connection from the pool (formerly test.gn_dw_silver.assert_ftg_dev_month_key_yyyymm, now test.gn_dw_silver.relationships_FACT_TARGET_DEV_ORG_SK__ORG_SK__ref_DIM_ORG_.c6acf5c625)
[0m01:11:40.605605 [debug] [Thread-3 (]: Writing injected SQL for node "test.gn_dw_silver.not_null_FACT_TARGET_DEV_MONTH_KEY.87041e81c6"
[0m01:11:40.606160 [debug] [Thread-4 (]: Began compiling node test.gn_dw_silver.not_null_FACT_TARGET_DEV_ORG_SK.d5fabc18e1
[0m01:11:40.606976 [debug] [Thread-5 (]: Began compiling node test.gn_dw_silver.relationships_FACT_TARGET_DEV_ORG_SK__ORG_SK__ref_DIM_ORG_.c6acf5c625
[0m01:11:40.607525 [debug] [Thread-2 (]: Began executing node test.gn_dw_silver.assert_wide_dev_achv_goal_rows_preserved
[0m01:11:40.612692 [debug] [Thread-4 (]: Writing injected SQL for node "test.gn_dw_silver.not_null_FACT_TARGET_DEV_ORG_SK.d5fabc18e1"
[0m01:11:40.613270 [debug] [Thread-3 (]: Began executing node test.gn_dw_silver.not_null_FACT_TARGET_DEV_MONTH_KEY.87041e81c6
[0m01:11:40.688965 [debug] [Thread-5 (]: Writing injected SQL for node "test.gn_dw_silver.relationships_FACT_TARGET_DEV_ORG_SK__ORG_SK__ref_DIM_ORG_.c6acf5c625"
[0m01:11:40.689850 [debug] [Thread-2 (]: Finished running node test.gn_dw_silver.assert_wide_dev_achv_goal_rows_preserved
[0m01:11:40.690902 [debug] [Thread-3 (]: Finished running node test.gn_dw_silver.not_null_FACT_TARGET_DEV_MONTH_KEY.87041e81c6
[0m01:11:40.691417 [debug] [Thread-4 (]: Began executing node test.gn_dw_silver.not_null_FACT_TARGET_DEV_ORG_SK.d5fabc18e1
[0m01:11:40.692328 [debug] [Thread-2 (]: Began running node test.gn_dw_silver.accepted_values_FACT_MEMBER_COHORT_ACQ_AGE_BAND__True__10___10___20___30___40___50___60___70___70__________.334c7b6a02
[0m01:11:40.693183 [debug] [Thread-5 (]: Began executing node test.gn_dw_silver.relationships_FACT_TARGET_DEV_ORG_SK__ORG_SK__ref_DIM_ORG_.c6acf5c625
[0m01:11:40.693772 [debug] [Thread-3 (]: Began running node test.gn_dw_silver.accepted_values_FACT_MEMBER_COHORT_ACQ_AGE_CD__False__1__2__3__4__5__6__7__8__9__10__11__12.5208bad92e
[0m01:11:40.694583 [debug] [Thread-4 (]: Finished running node test.gn_dw_silver.not_null_FACT_TARGET_DEV_ORG_SK.d5fabc18e1
[0m01:11:40.695204 [debug] [Thread-2 (]: Re-using an available connection from the pool (formerly test.gn_dw_silver.assert_wide_dev_achv_goal_rows_preserved, now test.gn_dw_silver.accepted_values_FACT_MEMBER_COHORT_ACQ_AGE_BAND__True__10___10___20___30___40___50___60___70___70__________.334c7b6a02)
[0m01:11:40.696013 [debug] [Thread-5 (]: Finished running node test.gn_dw_silver.relationships_FACT_TARGET_DEV_ORG_SK__ORG_SK__ref_DIM_ORG_.c6acf5c625
[0m01:11:40.696581 [debug] [Thread-3 (]: Re-using an available connection from the pool (formerly test.gn_dw_silver.not_null_FACT_TARGET_DEV_MONTH_KEY.87041e81c6, now test.gn_dw_silver.accepted_values_FACT_MEMBER_COHORT_ACQ_AGE_CD__False__1__2__3__4__5__6__7__8__9__10__11__12.5208bad92e)
[0m01:11:40.697158 [debug] [Thread-4 (]: Began running node test.gn_dw_silver.accepted_values_FACT_MEMBER_COHORT_ACQ_AREA_CD__True__0__1__2__3__4__5__6__7__8__9__10__11__12__13__14__15__16__17__18.2a56f94fb0
[0m01:11:40.697755 [debug] [Thread-2 (]: Began compiling node test.gn_dw_silver.accepted_values_FACT_MEMBER_COHORT_ACQ_AGE_BAND__True__10___10___20___30___40___50___60___70___70__________.334c7b6a02
[0m01:11:40.698319 [debug] [Thread-5 (]: Began running node test.gn_dw_silver.accepted_values_FACT_MEMBER_COHORT_ACQ_BASIS__True__NEW__FALLBACK.124825dec6
[0m01:11:40.698935 [debug] [Thread-3 (]: Began compiling node test.gn_dw_silver.accepted_values_FACT_MEMBER_COHORT_ACQ_AGE_CD__False__1__2__3__4__5__6__7__8__9__10__11__12.5208bad92e
[0m01:11:40.699514 [debug] [Thread-4 (]: Re-using an available connection from the pool (formerly test.gn_dw_silver.not_null_FACT_TARGET_DEV_ORG_SK.d5fabc18e1, now test.gn_dw_silver.accepted_values_FACT_MEMBER_COHORT_ACQ_AREA_CD__True__0__1__2__3__4__5__6__7__8__9__10__11__12__13__14__15__16__17__18.2a56f94fb0)
[0m01:11:40.704632 [debug] [Thread-2 (]: Writing injected SQL for node "test.gn_dw_silver.accepted_values_FACT_MEMBER_COHORT_ACQ_AGE_BAND__True__10___10___20___30___40___50___60___70___70__________.334c7b6a02"
[0m01:11:40.705227 [debug] [Thread-5 (]: Re-using an available connection from the pool (formerly test.gn_dw_silver.relationships_FACT_TARGET_DEV_ORG_SK__ORG_SK__ref_DIM_ORG_.c6acf5c625, now test.gn_dw_silver.accepted_values_FACT_MEMBER_COHORT_ACQ_BASIS__True__NEW__FALLBACK.124825dec6)
[0m01:11:40.710325 [debug] [Thread-3 (]: Writing injected SQL for node "test.gn_dw_silver.accepted_values_FACT_MEMBER_COHORT_ACQ_AGE_CD__False__1__2__3__4__5__6__7__8__9__10__11__12.5208bad92e"
[0m01:11:40.710880 [debug] [Thread-4 (]: Began compiling node test.gn_dw_silver.accepted_values_FACT_MEMBER_COHORT_ACQ_AREA_CD__True__0__1__2__3__4__5__6__7__8__9__10__11__12__13__14__15__16__17__18.2a56f94fb0
[0m01:11:40.711698 [debug] [Thread-5 (]: Began compiling node test.gn_dw_silver.accepted_values_FACT_MEMBER_COHORT_ACQ_BASIS__True__NEW__FALLBACK.124825dec6
[0m01:11:40.712297 [debug] [Thread-2 (]: Began executing node test.gn_dw_silver.accepted_values_FACT_MEMBER_COHORT_ACQ_AGE_BAND__True__10___10___20___30___40___50___60___70___70__________.334c7b6a02
[0m01:11:40.717559 [debug] [Thread-4 (]: Writing injected SQL for node "test.gn_dw_silver.accepted_values_FACT_MEMBER_COHORT_ACQ_AREA_CD__True__0__1__2__3__4__5__6__7__8__9__10__11__12__13__14__15__16__17__18.2a56f94fb0"
[0m01:11:40.718122 [debug] [Thread-3 (]: Began executing node test.gn_dw_silver.accepted_values_FACT_MEMBER_COHORT_ACQ_AGE_CD__False__1__2__3__4__5__6__7__8__9__10__11__12.5208bad92e
[0m01:11:40.724250 [debug] [Thread-5 (]: Writing injected SQL for node "test.gn_dw_silver.accepted_values_FACT_MEMBER_COHORT_ACQ_BASIS__True__NEW__FALLBACK.124825dec6"
[0m01:11:40.725095 [debug] [Thread-2 (]: Finished running node test.gn_dw_silver.accepted_values_FACT_MEMBER_COHORT_ACQ_AGE_BAND__True__10___10___20___30___40___50___60___70___70__________.334c7b6a02
[0m01:11:40.726129 [debug] [Thread-3 (]: Finished running node test.gn_dw_silver.accepted_values_FACT_MEMBER_COHORT_ACQ_AGE_CD__False__1__2__3__4__5__6__7__8__9__10__11__12.5208bad92e
[0m01:11:40.726643 [debug] [Thread-4 (]: Began executing node test.gn_dw_silver.accepted_values_FACT_MEMBER_COHORT_ACQ_AREA_CD__True__0__1__2__3__4__5__6__7__8__9__10__11__12__13__14__15__16__17__18.2a56f94fb0
[0m01:11:40.727415 [debug] [Thread-2 (]: Began running node test.gn_dw_silver.accepted_values_FACT_MEMBER_COHORT_ACQ_DVLP_DIV_CD__True__1__2__3__4__5.48bd80ea6d
[0m01:11:40.728090 [debug] [Thread-5 (]: Began executing node test.gn_dw_silver.accepted_values_FACT_MEMBER_COHORT_ACQ_BASIS__True__NEW__FALLBACK.124825dec6
[0m01:11:40.728693 [debug] [Thread-3 (]: Began running node test.gn_dw_silver.accepted_values_FACT_MEMBER_COHORT_ACQ_GENDER__True________________________.754fde9629
[0m01:11:40.729536 [debug] [Thread-4 (]: Finished running node test.gn_dw_silver.accepted_values_FACT_MEMBER_COHORT_ACQ_AREA_CD__True__0__1__2__3__4__5__6__7__8__9__10__11__12__13__14__15__16__17__18.2a56f94fb0
[0m01:11:40.730157 [debug] [Thread-2 (]: Re-using an available connection from the pool (formerly test.gn_dw_silver.accepted_values_FACT_MEMBER_COHORT_ACQ_AGE_BAND__True__10___10___20___30___40___50___60___70___70__________.334c7b6a02, now test.gn_dw_silver.accepted_values_FACT_MEMBER_COHORT_ACQ_DVLP_DIV_CD__True__1__2__3__4__5.48bd80ea6d)
[0m01:11:40.730923 [debug] [Thread-5 (]: Finished running node test.gn_dw_silver.accepted_values_FACT_MEMBER_COHORT_ACQ_BASIS__True__NEW__FALLBACK.124825dec6
[0m01:11:40.731518 [debug] [Thread-3 (]: Re-using an available connection from the pool (formerly test.gn_dw_silver.accepted_values_FACT_MEMBER_COHORT_ACQ_AGE_CD__False__1__2__3__4__5__6__7__8__9__10__11__12.5208bad92e, now test.gn_dw_silver.accepted_values_FACT_MEMBER_COHORT_ACQ_GENDER__True________________________.754fde9629)
[0m01:11:40.732156 [debug] [Thread-4 (]: Began running node test.gn_dw_silver.accepted_values_FACT_MEMBER_COHORT_ACQ_MEMBERS__False__1.31e7ebe3df
[0m01:11:40.732738 [debug] [Thread-2 (]: Began compiling node test.gn_dw_silver.accepted_values_FACT_MEMBER_COHORT_ACQ_DVLP_DIV_CD__True__1__2__3__4__5.48bd80ea6d
[0m01:11:40.733292 [debug] [Thread-5 (]: Began running node test.gn_dw_silver.accepted_values_FACT_MEMBER_COHORT_ACQ_REGION__True______________________________________________________.34888a0454
[0m01:11:40.733855 [debug] [Thread-3 (]: Began compiling node test.gn_dw_silver.accepted_values_FACT_MEMBER_COHORT_ACQ_GENDER__True________________________.754fde9629
[0m01:11:40.734438 [debug] [Thread-4 (]: Re-using an available connection from the pool (formerly test.gn_dw_silver.accepted_values_FACT_MEMBER_COHORT_ACQ_AREA_CD__True__0__1__2__3__4__5__6__7__8__9__10__11__12__13__14__15__16__17__18.2a56f94fb0, now test.gn_dw_silver.accepted_values_FACT_MEMBER_COHORT_ACQ_MEMBERS__False__1.31e7ebe3df)
[0m01:11:40.741229 [debug] [Thread-2 (]: Writing injected SQL for node "test.gn_dw_silver.accepted_values_FACT_MEMBER_COHORT_ACQ_DVLP_DIV_CD__True__1__2__3__4__5.48bd80ea6d"
[0m01:11:40.741856 [debug] [Thread-5 (]: Re-using an available connection from the pool (formerly test.gn_dw_silver.accepted_values_FACT_MEMBER_COHORT_ACQ_BASIS__True__NEW__FALLBACK.124825dec6, now test.gn_dw_silver.accepted_values_FACT_MEMBER_COHORT_ACQ_REGION__True______________________________________________________.34888a0454)
[0m01:11:40.747068 [debug] [Thread-3 (]: Writing injected SQL for node "test.gn_dw_silver.accepted_values_FACT_MEMBER_COHORT_ACQ_GENDER__True________________________.754fde9629"
[0m01:11:40.747638 [debug] [Thread-4 (]: Began compiling node test.gn_dw_silver.accepted_values_FACT_MEMBER_COHORT_ACQ_MEMBERS__False__1.31e7ebe3df
[0m01:11:40.748477 [debug] [Thread-5 (]: Began compiling node test.gn_dw_silver.accepted_values_FACT_MEMBER_COHORT_ACQ_REGION__True______________________________________________________.34888a0454
[0m01:11:40.749006 [debug] [Thread-2 (]: Began executing node test.gn_dw_silver.accepted_values_FACT_MEMBER_COHORT_ACQ_DVLP_DIV_CD__True__1__2__3__4__5.48bd80ea6d
[0m01:11:40.753852 [debug] [Thread-4 (]: Writing injected SQL for node "test.gn_dw_silver.accepted_values_FACT_MEMBER_COHORT_ACQ_MEMBERS__False__1.31e7ebe3df"
[0m01:11:40.754404 [debug] [Thread-3 (]: Began executing node test.gn_dw_silver.accepted_values_FACT_MEMBER_COHORT_ACQ_GENDER__True________________________.754fde9629
[0m01:11:40.759614 [debug] [Thread-5 (]: Writing injected SQL for node "test.gn_dw_silver.accepted_values_FACT_MEMBER_COHORT_ACQ_REGION__True______________________________________________________.34888a0454"
[0m01:11:40.760478 [debug] [Thread-2 (]: Finished running node test.gn_dw_silver.accepted_values_FACT_MEMBER_COHORT_ACQ_DVLP_DIV_CD__True__1__2__3__4__5.48bd80ea6d
[0m01:11:40.761484 [debug] [Thread-3 (]: Finished running node test.gn_dw_silver.accepted_values_FACT_MEMBER_COHORT_ACQ_GENDER__True________________________.754fde9629
[0m01:11:40.761987 [debug] [Thread-4 (]: Began executing node test.gn_dw_silver.accepted_values_FACT_MEMBER_COHORT_ACQ_MEMBERS__False__1.31e7ebe3df
[0m01:11:40.762778 [debug] [Thread-2 (]: Began running node test.gn_dw_silver.accepted_values_FACT_MEMBER_COHORT_ACQ_SEX_CD__True__0__1__2__3__4__5__6__7__8.f7b2af6191
[0m01:11:40.763372 [debug] [Thread-5 (]: Began executing node test.gn_dw_silver.accepted_values_FACT_MEMBER_COHORT_ACQ_REGION__True______________________________________________________.34888a0454
[0m01:11:40.764010 [debug] [Thread-3 (]: Began running node test.gn_dw_silver.accepted_values_FACT_MEMBER_COHORT_OBSERVABLE_12M_MEMBERS__False__0__1.087068c4fe
[0m01:11:40.764793 [debug] [Thread-4 (]: Finished running node test.gn_dw_silver.accepted_values_FACT_MEMBER_COHORT_ACQ_MEMBERS__False__1.31e7ebe3df
[0m01:11:40.765390 [debug] [Thread-2 (]: Re-using an available connection from the pool (formerly test.gn_dw_silver.accepted_values_FACT_MEMBER_COHORT_ACQ_DVLP_DIV_CD__True__1__2__3__4__5.48bd80ea6d, now test.gn_dw_silver.accepted_values_FACT_MEMBER_COHORT_ACQ_SEX_CD__True__0__1__2__3__4__5__6__7__8.f7b2af6191)
[0m01:11:40.766143 [debug] [Thread-5 (]: Finished running node test.gn_dw_silver.accepted_values_FACT_MEMBER_COHORT_ACQ_REGION__True______________________________________________________.34888a0454
[0m01:11:40.766681 [debug] [Thread-3 (]: Re-using an available connection from the pool (formerly test.gn_dw_silver.accepted_values_FACT_MEMBER_COHORT_ACQ_GENDER__True________________________.754fde9629, now test.gn_dw_silver.accepted_values_FACT_MEMBER_COHORT_OBSERVABLE_12M_MEMBERS__False__0__1.087068c4fe)
[0m01:11:40.767224 [debug] [Thread-4 (]: Began running node test.gn_dw_silver.accepted_values_FACT_MEMBER_COHORT_STOPPED_12M_MEMBERS__False__0__1.be6f3ea769
[0m01:11:40.767743 [debug] [Thread-2 (]: Began compiling node test.gn_dw_silver.accepted_values_FACT_MEMBER_COHORT_ACQ_SEX_CD__True__0__1__2__3__4__5__6__7__8.f7b2af6191
[0m01:11:40.768352 [debug] [Thread-5 (]: Began running node test.gn_dw_silver.accepted_values_FACT_MEMBER_COHORT_STOPPED_MEMBERS__False__0__1.239f9ca77b
[0m01:11:40.768918 [debug] [Thread-3 (]: Began compiling node test.gn_dw_silver.accepted_values_FACT_MEMBER_COHORT_OBSERVABLE_12M_MEMBERS__False__0__1.087068c4fe
[0m01:11:40.769470 [debug] [Thread-4 (]: Re-using an available connection from the pool (formerly test.gn_dw_silver.accepted_values_FACT_MEMBER_COHORT_ACQ_MEMBERS__False__1.31e7ebe3df, now test.gn_dw_silver.accepted_values_FACT_MEMBER_COHORT_STOPPED_12M_MEMBERS__False__0__1.be6f3ea769)
[0m01:11:40.774413 [debug] [Thread-2 (]: Writing injected SQL for node "test.gn_dw_silver.accepted_values_FACT_MEMBER_COHORT_ACQ_SEX_CD__True__0__1__2__3__4__5__6__7__8.f7b2af6191"
[0m01:11:40.775023 [debug] [Thread-5 (]: Re-using an available connection from the pool (formerly test.gn_dw_silver.accepted_values_FACT_MEMBER_COHORT_ACQ_REGION__True______________________________________________________.34888a0454, now test.gn_dw_silver.accepted_values_FACT_MEMBER_COHORT_STOPPED_MEMBERS__False__0__1.239f9ca77b)
[0m01:11:40.781737 [debug] [Thread-3 (]: Writing injected SQL for node "test.gn_dw_silver.accepted_values_FACT_MEMBER_COHORT_OBSERVABLE_12M_MEMBERS__False__0__1.087068c4fe"
[0m01:11:40.782284 [debug] [Thread-4 (]: Began compiling node test.gn_dw_silver.accepted_values_FACT_MEMBER_COHORT_STOPPED_12M_MEMBERS__False__0__1.be6f3ea769
[0m01:11:40.782966 [debug] [Thread-5 (]: Began compiling node test.gn_dw_silver.accepted_values_FACT_MEMBER_COHORT_STOPPED_MEMBERS__False__0__1.239f9ca77b
[0m01:11:40.783479 [debug] [Thread-2 (]: Began executing node test.gn_dw_silver.accepted_values_FACT_MEMBER_COHORT_ACQ_SEX_CD__True__0__1__2__3__4__5__6__7__8.f7b2af6191
[0m01:11:40.788538 [debug] [Thread-4 (]: Writing injected SQL for node "test.gn_dw_silver.accepted_values_FACT_MEMBER_COHORT_STOPPED_12M_MEMBERS__False__0__1.be6f3ea769"
[0m01:11:40.789075 [debug] [Thread-3 (]: Began executing node test.gn_dw_silver.accepted_values_FACT_MEMBER_COHORT_OBSERVABLE_12M_MEMBERS__False__0__1.087068c4fe
[0m01:11:40.793908 [debug] [Thread-5 (]: Writing injected SQL for node "test.gn_dw_silver.accepted_values_FACT_MEMBER_COHORT_STOPPED_MEMBERS__False__0__1.239f9ca77b"
[0m01:11:40.794712 [debug] [Thread-2 (]: Finished running node test.gn_dw_silver.accepted_values_FACT_MEMBER_COHORT_ACQ_SEX_CD__True__0__1__2__3__4__5__6__7__8.f7b2af6191
[0m01:11:40.795682 [debug] [Thread-3 (]: Finished running node test.gn_dw_silver.accepted_values_FACT_MEMBER_COHORT_OBSERVABLE_12M_MEMBERS__False__0__1.087068c4fe
[0m01:11:40.796249 [debug] [Thread-4 (]: Began executing node test.gn_dw_silver.accepted_values_FACT_MEMBER_COHORT_STOPPED_12M_MEMBERS__False__0__1.be6f3ea769
[0m01:11:40.797021 [debug] [Thread-2 (]: Began running node test.gn_dw_silver.assert_fmc_churn_invariants
[0m01:11:40.797677 [debug] [Thread-5 (]: Began executing node test.gn_dw_silver.accepted_values_FACT_MEMBER_COHORT_STOPPED_MEMBERS__False__0__1.239f9ca77b
[0m01:11:40.798248 [debug] [Thread-3 (]: Began running node test.gn_dw_silver.not_null_FACT_MEMBER_COHORT_ACQ_BASIS.1941fd785f
[0m01:11:40.799047 [debug] [Thread-4 (]: Finished running node test.gn_dw_silver.accepted_values_FACT_MEMBER_COHORT_STOPPED_12M_MEMBERS__False__0__1.be6f3ea769
[0m01:11:40.799615 [debug] [Thread-2 (]: Re-using an available connection from the pool (formerly test.gn_dw_silver.accepted_values_FACT_MEMBER_COHORT_ACQ_SEX_CD__True__0__1__2__3__4__5__6__7__8.f7b2af6191, now test.gn_dw_silver.assert_fmc_churn_invariants)
[0m01:11:40.800407 [debug] [Thread-5 (]: Finished running node test.gn_dw_silver.accepted_values_FACT_MEMBER_COHORT_STOPPED_MEMBERS__False__0__1.239f9ca77b
[0m01:11:40.800943 [debug] [Thread-3 (]: Re-using an available connection from the pool (formerly test.gn_dw_silver.accepted_values_FACT_MEMBER_COHORT_OBSERVABLE_12M_MEMBERS__False__0__1.087068c4fe, now test.gn_dw_silver.not_null_FACT_MEMBER_COHORT_ACQ_BASIS.1941fd785f)
[0m01:11:40.801522 [debug] [Thread-4 (]: Began running node test.gn_dw_silver.not_null_FACT_MEMBER_COHORT_ACQ_CAMPAIGN_SK.e6ff04138f
[0m01:11:40.802088 [debug] [Thread-2 (]: Began compiling node test.gn_dw_silver.assert_fmc_churn_invariants
[0m01:11:40.802616 [debug] [Thread-5 (]: Began running node test.gn_dw_silver.not_null_FACT_MEMBER_COHORT_ACQ_DATE_SK.40ee040272
[0m01:11:40.803145 [debug] [Thread-3 (]: Began compiling node test.gn_dw_silver.not_null_FACT_MEMBER_COHORT_ACQ_BASIS.1941fd785f
[0m01:11:40.803675 [debug] [Thread-4 (]: Re-using an available connection from the pool (formerly test.gn_dw_silver.accepted_values_FACT_MEMBER_COHORT_STOPPED_12M_MEMBERS__False__0__1.be6f3ea769, now test.gn_dw_silver.not_null_FACT_MEMBER_COHORT_ACQ_CAMPAIGN_SK.e6ff04138f)
[0m01:11:40.808689 [debug] [Thread-2 (]: Writing injected SQL for node "test.gn_dw_silver.assert_fmc_churn_invariants"
[0m01:11:40.809324 [debug] [Thread-5 (]: Re-using an available connection from the pool (formerly test.gn_dw_silver.accepted_values_FACT_MEMBER_COHORT_STOPPED_MEMBERS__False__0__1.239f9ca77b, now test.gn_dw_silver.not_null_FACT_MEMBER_COHORT_ACQ_DATE_SK.40ee040272)
[0m01:11:40.815732 [debug] [Thread-3 (]: Writing injected SQL for node "test.gn_dw_silver.not_null_FACT_MEMBER_COHORT_ACQ_BASIS.1941fd785f"
[0m01:11:40.816317 [debug] [Thread-4 (]: Began compiling node test.gn_dw_silver.not_null_FACT_MEMBER_COHORT_ACQ_CAMPAIGN_SK.e6ff04138f
[0m01:11:40.816971 [debug] [Thread-5 (]: Began compiling node test.gn_dw_silver.not_null_FACT_MEMBER_COHORT_ACQ_DATE_SK.40ee040272
[0m01:11:40.817478 [debug] [Thread-2 (]: Began executing node test.gn_dw_silver.assert_fmc_churn_invariants
[0m01:11:40.822315 [debug] [Thread-4 (]: Writing injected SQL for node "test.gn_dw_silver.not_null_FACT_MEMBER_COHORT_ACQ_CAMPAIGN_SK.e6ff04138f"
[0m01:11:40.822838 [debug] [Thread-3 (]: Began executing node test.gn_dw_silver.not_null_FACT_MEMBER_COHORT_ACQ_BASIS.1941fd785f
[0m01:11:40.827629 [debug] [Thread-5 (]: Writing injected SQL for node "test.gn_dw_silver.not_null_FACT_MEMBER_COHORT_ACQ_DATE_SK.40ee040272"
[0m01:11:40.828545 [debug] [Thread-2 (]: Finished running node test.gn_dw_silver.assert_fmc_churn_invariants
[0m01:11:40.829582 [debug] [Thread-3 (]: Finished running node test.gn_dw_silver.not_null_FACT_MEMBER_COHORT_ACQ_BASIS.1941fd785f
[0m01:11:40.830117 [debug] [Thread-4 (]: Began executing node test.gn_dw_silver.not_null_FACT_MEMBER_COHORT_ACQ_CAMPAIGN_SK.e6ff04138f
[0m01:11:40.830990 [debug] [Thread-2 (]: Began running node test.gn_dw_silver.not_null_FACT_MEMBER_COHORT_ACQ_MEMBERS.60a8719552
[0m01:11:40.831551 [debug] [Thread-5 (]: Began executing node test.gn_dw_silver.not_null_FACT_MEMBER_COHORT_ACQ_DATE_SK.40ee040272
[0m01:11:40.832161 [debug] [Thread-3 (]: Began running node test.gn_dw_silver.not_null_FACT_MEMBER_COHORT_IS_12M_OBSERVABLE.6824d7d138
[0m01:11:40.832968 [debug] [Thread-4 (]: Finished running node test.gn_dw_silver.not_null_FACT_MEMBER_COHORT_ACQ_CAMPAIGN_SK.e6ff04138f
[0m01:11:40.833548 [debug] [Thread-2 (]: Re-using an available connection from the pool (formerly test.gn_dw_silver.assert_fmc_churn_invariants, now test.gn_dw_silver.not_null_FACT_MEMBER_COHORT_ACQ_MEMBERS.60a8719552)
[0m01:11:40.834298 [debug] [Thread-5 (]: Finished running node test.gn_dw_silver.not_null_FACT_MEMBER_COHORT_ACQ_DATE_SK.40ee040272
[0m01:11:40.834885 [debug] [Thread-3 (]: Re-using an available connection from the pool (formerly test.gn_dw_silver.not_null_FACT_MEMBER_COHORT_ACQ_BASIS.1941fd785f, now test.gn_dw_silver.not_null_FACT_MEMBER_COHORT_IS_12M_OBSERVABLE.6824d7d138)
[0m01:11:40.835484 [debug] [Thread-4 (]: Began running node test.gn_dw_silver.not_null_FACT_MEMBER_COHORT_MEMBER_DK.443d143d77
[0m01:11:40.836101 [debug] [Thread-2 (]: Began compiling node test.gn_dw_silver.not_null_FACT_MEMBER_COHORT_ACQ_MEMBERS.60a8719552
[0m01:11:40.836714 [debug] [Thread-5 (]: Began running node test.gn_dw_silver.not_null_FACT_MEMBER_COHORT_OBSERVABLE_12M_MEMBERS.1538895c6a
[0m01:11:40.837271 [debug] [Thread-3 (]: Began compiling node test.gn_dw_silver.not_null_FACT_MEMBER_COHORT_IS_12M_OBSERVABLE.6824d7d138
[0m01:11:40.837851 [debug] [Thread-4 (]: Re-using an available connection from the pool (formerly test.gn_dw_silver.not_null_FACT_MEMBER_COHORT_ACQ_CAMPAIGN_SK.e6ff04138f, now test.gn_dw_silver.not_null_FACT_MEMBER_COHORT_MEMBER_DK.443d143d77)
[0m01:11:40.842518 [debug] [Thread-2 (]: Writing injected SQL for node "test.gn_dw_silver.not_null_FACT_MEMBER_COHORT_ACQ_MEMBERS.60a8719552"
[0m01:11:40.843104 [debug] [Thread-5 (]: Re-using an available connection from the pool (formerly test.gn_dw_silver.not_null_FACT_MEMBER_COHORT_ACQ_DATE_SK.40ee040272, now test.gn_dw_silver.not_null_FACT_MEMBER_COHORT_OBSERVABLE_12M_MEMBERS.1538895c6a)
[0m01:11:40.847944 [debug] [Thread-3 (]: Writing injected SQL for node "test.gn_dw_silver.not_null_FACT_MEMBER_COHORT_IS_12M_OBSERVABLE.6824d7d138"
[0m01:11:40.848520 [debug] [Thread-4 (]: Began compiling node test.gn_dw_silver.not_null_FACT_MEMBER_COHORT_MEMBER_DK.443d143d77
[0m01:11:40.849281 [debug] [Thread-5 (]: Began compiling node test.gn_dw_silver.not_null_FACT_MEMBER_COHORT_OBSERVABLE_12M_MEMBERS.1538895c6a
[0m01:11:40.849786 [debug] [Thread-2 (]: Began executing node test.gn_dw_silver.not_null_FACT_MEMBER_COHORT_ACQ_MEMBERS.60a8719552
[0m01:11:40.856656 [debug] [Thread-4 (]: Writing injected SQL for node "test.gn_dw_silver.not_null_FACT_MEMBER_COHORT_MEMBER_DK.443d143d77"
[0m01:11:40.857168 [debug] [Thread-3 (]: Began executing node test.gn_dw_silver.not_null_FACT_MEMBER_COHORT_IS_12M_OBSERVABLE.6824d7d138
[0m01:11:40.861956 [debug] [Thread-5 (]: Writing injected SQL for node "test.gn_dw_silver.not_null_FACT_MEMBER_COHORT_OBSERVABLE_12M_MEMBERS.1538895c6a"
[0m01:11:40.862758 [debug] [Thread-2 (]: Finished running node test.gn_dw_silver.not_null_FACT_MEMBER_COHORT_ACQ_MEMBERS.60a8719552
[0m01:11:40.863756 [debug] [Thread-3 (]: Finished running node test.gn_dw_silver.not_null_FACT_MEMBER_COHORT_IS_12M_OBSERVABLE.6824d7d138
[0m01:11:40.864299 [debug] [Thread-4 (]: Began executing node test.gn_dw_silver.not_null_FACT_MEMBER_COHORT_MEMBER_DK.443d143d77
[0m01:11:40.865141 [debug] [Thread-2 (]: Began running node test.gn_dw_silver.not_null_FACT_MEMBER_COHORT_STOPPED_12M_MEMBERS.4b3ce2643a
[0m01:11:40.865741 [debug] [Thread-5 (]: Began executing node test.gn_dw_silver.not_null_FACT_MEMBER_COHORT_OBSERVABLE_12M_MEMBERS.1538895c6a
[0m01:11:40.866316 [debug] [Thread-3 (]: Began running node test.gn_dw_silver.not_null_FACT_MEMBER_COHORT_STOPPED_MEMBERS.491a8d18a3
[0m01:11:40.867106 [debug] [Thread-4 (]: Finished running node test.gn_dw_silver.not_null_FACT_MEMBER_COHORT_MEMBER_DK.443d143d77
[0m01:11:40.867686 [debug] [Thread-2 (]: Re-using an available connection from the pool (formerly test.gn_dw_silver.not_null_FACT_MEMBER_COHORT_ACQ_MEMBERS.60a8719552, now test.gn_dw_silver.not_null_FACT_MEMBER_COHORT_STOPPED_12M_MEMBERS.4b3ce2643a)
[0m01:11:40.868488 [debug] [Thread-5 (]: Finished running node test.gn_dw_silver.not_null_FACT_MEMBER_COHORT_OBSERVABLE_12M_MEMBERS.1538895c6a
[0m01:11:40.869053 [debug] [Thread-3 (]: Re-using an available connection from the pool (formerly test.gn_dw_silver.not_null_FACT_MEMBER_COHORT_IS_12M_OBSERVABLE.6824d7d138, now test.gn_dw_silver.not_null_FACT_MEMBER_COHORT_STOPPED_MEMBERS.491a8d18a3)
[0m01:11:40.869672 [debug] [Thread-4 (]: Began running node test.gn_dw_silver.relationships_FACT_MEMBER_COHORT_ACQ_CAMPAIGN_SK__CAMPAIGN_SK__ref_DIM_CAMPAIGN_.5d9635399a
[0m01:11:40.870241 [debug] [Thread-2 (]: Began compiling node test.gn_dw_silver.not_null_FACT_MEMBER_COHORT_STOPPED_12M_MEMBERS.4b3ce2643a
[0m01:11:40.870819 [debug] [Thread-5 (]: Began running node test.gn_dw_silver.relationships_FACT_MEMBER_COHORT_ACQ_DATE_SK__DATE_SK__ref_DIM_DATE_.c17c192fb8
[0m01:11:40.871376 [debug] [Thread-3 (]: Began compiling node test.gn_dw_silver.not_null_FACT_MEMBER_COHORT_STOPPED_MEMBERS.491a8d18a3
[0m01:11:40.872016 [debug] [Thread-4 (]: Re-using an available connection from the pool (formerly test.gn_dw_silver.not_null_FACT_MEMBER_COHORT_MEMBER_DK.443d143d77, now test.gn_dw_silver.relationships_FACT_MEMBER_COHORT_ACQ_CAMPAIGN_SK__CAMPAIGN_SK__ref_DIM_CAMPAIGN_.5d9635399a)
[0m01:11:40.876746 [debug] [Thread-2 (]: Writing injected SQL for node "test.gn_dw_silver.not_null_FACT_MEMBER_COHORT_STOPPED_12M_MEMBERS.4b3ce2643a"
[0m01:11:40.877356 [debug] [Thread-5 (]: Re-using an available connection from the pool (formerly test.gn_dw_silver.not_null_FACT_MEMBER_COHORT_OBSERVABLE_12M_MEMBERS.1538895c6a, now test.gn_dw_silver.relationships_FACT_MEMBER_COHORT_ACQ_DATE_SK__DATE_SK__ref_DIM_DATE_.c17c192fb8)
[0m01:11:40.882113 [debug] [Thread-3 (]: Writing injected SQL for node "test.gn_dw_silver.not_null_FACT_MEMBER_COHORT_STOPPED_MEMBERS.491a8d18a3"
[0m01:11:40.882679 [debug] [Thread-4 (]: Began compiling node test.gn_dw_silver.relationships_FACT_MEMBER_COHORT_ACQ_CAMPAIGN_SK__CAMPAIGN_SK__ref_DIM_CAMPAIGN_.5d9635399a
[0m01:11:40.883455 [debug] [Thread-5 (]: Began compiling node test.gn_dw_silver.relationships_FACT_MEMBER_COHORT_ACQ_DATE_SK__DATE_SK__ref_DIM_DATE_.c17c192fb8
[0m01:11:40.884044 [debug] [Thread-2 (]: Began executing node test.gn_dw_silver.not_null_FACT_MEMBER_COHORT_STOPPED_12M_MEMBERS.4b3ce2643a
[0m01:11:40.890118 [debug] [Thread-4 (]: Writing injected SQL for node "test.gn_dw_silver.relationships_FACT_MEMBER_COHORT_ACQ_CAMPAIGN_SK__CAMPAIGN_SK__ref_DIM_CAMPAIGN_.5d9635399a"
[0m01:11:40.890610 [debug] [Thread-3 (]: Began executing node test.gn_dw_silver.not_null_FACT_MEMBER_COHORT_STOPPED_MEMBERS.491a8d18a3
[0m01:11:40.898222 [debug] [Thread-5 (]: Writing injected SQL for node "test.gn_dw_silver.relationships_FACT_MEMBER_COHORT_ACQ_DATE_SK__DATE_SK__ref_DIM_DATE_.c17c192fb8"
[0m01:11:40.899018 [debug] [Thread-2 (]: Finished running node test.gn_dw_silver.not_null_FACT_MEMBER_COHORT_STOPPED_12M_MEMBERS.4b3ce2643a
[0m01:11:40.900191 [debug] [Thread-3 (]: Finished running node test.gn_dw_silver.not_null_FACT_MEMBER_COHORT_STOPPED_MEMBERS.491a8d18a3
[0m01:11:40.900683 [debug] [Thread-4 (]: Began executing node test.gn_dw_silver.relationships_FACT_MEMBER_COHORT_ACQ_CAMPAIGN_SK__CAMPAIGN_SK__ref_DIM_CAMPAIGN_.5d9635399a
[0m01:11:40.901487 [debug] [Thread-2 (]: Began running node test.gn_dw_silver.relationships_FACT_MEMBER_COHORT_FIRST_STOP_DATE_SK__DATE_SK__ref_DIM_DATE_.34882ad7fc
[0m01:11:40.902075 [debug] [Thread-5 (]: Began executing node test.gn_dw_silver.relationships_FACT_MEMBER_COHORT_ACQ_DATE_SK__DATE_SK__ref_DIM_DATE_.c17c192fb8
[0m01:11:40.902641 [debug] [Thread-3 (]: Began running node test.gn_dw_silver.relationships_FACT_MEMBER_COHORT_MEMBER_DK__MEMBER_DK__ref_DIM_MEMBER_.db541dbcf6
[0m01:11:40.903463 [debug] [Thread-4 (]: Finished running node test.gn_dw_silver.relationships_FACT_MEMBER_COHORT_ACQ_CAMPAIGN_SK__CAMPAIGN_SK__ref_DIM_CAMPAIGN_.5d9635399a
[0m01:11:40.904112 [debug] [Thread-2 (]: Re-using an available connection from the pool (formerly test.gn_dw_silver.not_null_FACT_MEMBER_COHORT_STOPPED_12M_MEMBERS.4b3ce2643a, now test.gn_dw_silver.relationships_FACT_MEMBER_COHORT_FIRST_STOP_DATE_SK__DATE_SK__ref_DIM_DATE_.34882ad7fc)
[0m01:11:40.904849 [debug] [Thread-5 (]: Finished running node test.gn_dw_silver.relationships_FACT_MEMBER_COHORT_ACQ_DATE_SK__DATE_SK__ref_DIM_DATE_.c17c192fb8
[0m01:11:40.905400 [debug] [Thread-3 (]: Re-using an available connection from the pool (formerly test.gn_dw_silver.not_null_FACT_MEMBER_COHORT_STOPPED_MEMBERS.491a8d18a3, now test.gn_dw_silver.relationships_FACT_MEMBER_COHORT_MEMBER_DK__MEMBER_DK__ref_DIM_MEMBER_.db541dbcf6)
[0m01:11:40.905957 [debug] [Thread-4 (]: Began running node test.gn_dw_silver.unique_FACT_MEMBER_COHORT_MEMBER_DK.46479b90cd
[0m01:11:40.906485 [debug] [Thread-2 (]: Began compiling node test.gn_dw_silver.relationships_FACT_MEMBER_COHORT_FIRST_STOP_DATE_SK__DATE_SK__ref_DIM_DATE_.34882ad7fc
[0m01:11:40.907033 [debug] [Thread-5 (]: Began running node test.gn_dw_silver.assert_fmm_w4_ml_columns
[0m01:11:40.907603 [debug] [Thread-3 (]: Began compiling node test.gn_dw_silver.relationships_FACT_MEMBER_COHORT_MEMBER_DK__MEMBER_DK__ref_DIM_MEMBER_.db541dbcf6
[0m01:11:40.908252 [debug] [Thread-4 (]: Re-using an available connection from the pool (formerly test.gn_dw_silver.relationships_FACT_MEMBER_COHORT_ACQ_CAMPAIGN_SK__CAMPAIGN_SK__ref_DIM_CAMPAIGN_.5d9635399a, now test.gn_dw_silver.unique_FACT_MEMBER_COHORT_MEMBER_DK.46479b90cd)
[0m01:11:40.914114 [debug] [Thread-2 (]: Writing injected SQL for node "test.gn_dw_silver.relationships_FACT_MEMBER_COHORT_FIRST_STOP_DATE_SK__DATE_SK__ref_DIM_DATE_.34882ad7fc"
[0m01:11:40.914698 [debug] [Thread-5 (]: Re-using an available connection from the pool (formerly test.gn_dw_silver.relationships_FACT_MEMBER_COHORT_ACQ_DATE_SK__DATE_SK__ref_DIM_DATE_.c17c192fb8, now test.gn_dw_silver.assert_fmm_w4_ml_columns)
[0m01:11:40.920597 [debug] [Thread-3 (]: Writing injected SQL for node "test.gn_dw_silver.relationships_FACT_MEMBER_COHORT_MEMBER_DK__MEMBER_DK__ref_DIM_MEMBER_.db541dbcf6"
[0m01:11:40.921154 [debug] [Thread-4 (]: Began compiling node test.gn_dw_silver.unique_FACT_MEMBER_COHORT_MEMBER_DK.46479b90cd
[0m01:11:40.921939 [debug] [Thread-5 (]: Began compiling node test.gn_dw_silver.assert_fmm_w4_ml_columns
[0m01:11:40.922491 [debug] [Thread-2 (]: Began executing node test.gn_dw_silver.relationships_FACT_MEMBER_COHORT_FIRST_STOP_DATE_SK__DATE_SK__ref_DIM_DATE_.34882ad7fc
[0m01:11:40.927386 [debug] [Thread-4 (]: Writing injected SQL for node "test.gn_dw_silver.unique_FACT_MEMBER_COHORT_MEMBER_DK.46479b90cd"
[0m01:11:40.927998 [debug] [Thread-3 (]: Began executing node test.gn_dw_silver.relationships_FACT_MEMBER_COHORT_MEMBER_DK__MEMBER_DK__ref_DIM_MEMBER_.db541dbcf6
[0m01:11:40.932474 [debug] [Thread-5 (]: Writing injected SQL for node "test.gn_dw_silver.assert_fmm_w4_ml_columns"
[0m01:11:40.933275 [debug] [Thread-2 (]: Finished running node test.gn_dw_silver.relationships_FACT_MEMBER_COHORT_FIRST_STOP_DATE_SK__DATE_SK__ref_DIM_DATE_.34882ad7fc
[0m01:11:40.934316 [debug] [Thread-3 (]: Finished running node test.gn_dw_silver.relationships_FACT_MEMBER_COHORT_MEMBER_DK__MEMBER_DK__ref_DIM_MEMBER_.db541dbcf6
[0m01:11:40.934853 [debug] [Thread-4 (]: Began executing node test.gn_dw_silver.unique_FACT_MEMBER_COHORT_MEMBER_DK.46479b90cd
[0m01:11:40.935747 [debug] [Thread-2 (]: Began running node test.gn_dw_silver.not_null_FACT_MEMBER_MONTHLY_CAMPAIGN_SK.73fd46fc46
[0m01:11:40.936444 [debug] [Thread-5 (]: Began executing node test.gn_dw_silver.assert_fmm_w4_ml_columns
[0m01:11:40.937009 [debug] [Thread-3 (]: Began running node test.gn_dw_silver.not_null_FACT_MEMBER_MONTHLY_MEMBER_DK.4692504abd
[0m01:11:40.937808 [debug] [Thread-4 (]: Finished running node test.gn_dw_silver.unique_FACT_MEMBER_COHORT_MEMBER_DK.46479b90cd
[0m01:11:40.938389 [debug] [Thread-2 (]: Re-using an available connection from the pool (formerly test.gn_dw_silver.relationships_FACT_MEMBER_COHORT_FIRST_STOP_DATE_SK__DATE_SK__ref_DIM_DATE_.34882ad7fc, now test.gn_dw_silver.not_null_FACT_MEMBER_MONTHLY_CAMPAIGN_SK.73fd46fc46)
[0m01:11:40.939132 [debug] [Thread-5 (]: Finished running node test.gn_dw_silver.assert_fmm_w4_ml_columns
[0m01:11:40.939705 [debug] [Thread-3 (]: Re-using an available connection from the pool (formerly test.gn_dw_silver.relationships_FACT_MEMBER_COHORT_MEMBER_DK__MEMBER_DK__ref_DIM_MEMBER_.db541dbcf6, now test.gn_dw_silver.not_null_FACT_MEMBER_MONTHLY_MEMBER_DK.4692504abd)
[0m01:11:40.940358 [debug] [Thread-4 (]: Began running node test.gn_dw_silver.not_null_FACT_MEMBER_MONTHLY_PAYMENT_SK.abfd3e587b
[0m01:11:40.940931 [debug] [Thread-2 (]: Began compiling node test.gn_dw_silver.not_null_FACT_MEMBER_MONTHLY_CAMPAIGN_SK.73fd46fc46
[0m01:11:40.941481 [debug] [Thread-5 (]: Began running node test.gn_dw_silver.not_null_FACT_MEMBER_MONTHLY_REASON_SK.f8ce6985f0
[0m01:11:40.942038 [debug] [Thread-3 (]: Began compiling node test.gn_dw_silver.not_null_FACT_MEMBER_MONTHLY_MEMBER_DK.4692504abd
[0m01:11:40.942613 [debug] [Thread-4 (]: Re-using an available connection from the pool (formerly test.gn_dw_silver.unique_FACT_MEMBER_COHORT_MEMBER_DK.46479b90cd, now test.gn_dw_silver.not_null_FACT_MEMBER_MONTHLY_PAYMENT_SK.abfd3e587b)
[0m01:11:40.949161 [debug] [Thread-2 (]: Writing injected SQL for node "test.gn_dw_silver.not_null_FACT_MEMBER_MONTHLY_CAMPAIGN_SK.73fd46fc46"
[0m01:11:40.949771 [debug] [Thread-5 (]: Re-using an available connection from the pool (formerly test.gn_dw_silver.assert_fmm_w4_ml_columns, now test.gn_dw_silver.not_null_FACT_MEMBER_MONTHLY_REASON_SK.f8ce6985f0)
[0m01:11:40.954606 [debug] [Thread-3 (]: Writing injected SQL for node "test.gn_dw_silver.not_null_FACT_MEMBER_MONTHLY_MEMBER_DK.4692504abd"
[0m01:11:40.955173 [debug] [Thread-4 (]: Began compiling node test.gn_dw_silver.not_null_FACT_MEMBER_MONTHLY_PAYMENT_SK.abfd3e587b
[0m01:11:40.955835 [debug] [Thread-5 (]: Began compiling node test.gn_dw_silver.not_null_FACT_MEMBER_MONTHLY_REASON_SK.f8ce6985f0
[0m01:11:40.956580 [debug] [Thread-2 (]: Began executing node test.gn_dw_silver.not_null_FACT_MEMBER_MONTHLY_CAMPAIGN_SK.73fd46fc46
[0m01:11:40.961491 [debug] [Thread-4 (]: Writing injected SQL for node "test.gn_dw_silver.not_null_FACT_MEMBER_MONTHLY_PAYMENT_SK.abfd3e587b"
[0m01:11:40.962024 [debug] [Thread-3 (]: Began executing node test.gn_dw_silver.not_null_FACT_MEMBER_MONTHLY_MEMBER_DK.4692504abd
[0m01:11:40.966968 [debug] [Thread-5 (]: Writing injected SQL for node "test.gn_dw_silver.not_null_FACT_MEMBER_MONTHLY_REASON_SK.f8ce6985f0"
[0m01:11:40.967769 [debug] [Thread-2 (]: Finished running node test.gn_dw_silver.not_null_FACT_MEMBER_MONTHLY_CAMPAIGN_SK.73fd46fc46
[0m01:11:40.968846 [debug] [Thread-3 (]: Finished running node test.gn_dw_silver.not_null_FACT_MEMBER_MONTHLY_MEMBER_DK.4692504abd
[0m01:11:40.969345 [debug] [Thread-4 (]: Began executing node test.gn_dw_silver.not_null_FACT_MEMBER_MONTHLY_PAYMENT_SK.abfd3e587b
[0m01:11:40.970117 [debug] [Thread-2 (]: Began running node test.gn_dw_silver.not_null_FACT_MEMBER_MONTHLY_SPONSORSHIP_SK.49ec4a89dd
[0m01:11:40.970661 [debug] [Thread-5 (]: Began executing node test.gn_dw_silver.not_null_FACT_MEMBER_MONTHLY_REASON_SK.f8ce6985f0
[0m01:11:40.971239 [debug] [Thread-3 (]: Began running node test.gn_dw_silver.relationships_FACT_MEMBER_MONTHLY_CAMPAIGN_SK__CAMPAIGN_SK__ref_DIM_CAMPAIGN_.bf9b261cf7
[0m01:11:40.972103 [debug] [Thread-4 (]: Finished running node test.gn_dw_silver.not_null_FACT_MEMBER_MONTHLY_PAYMENT_SK.abfd3e587b
[0m01:11:40.972700 [debug] [Thread-2 (]: Re-using an available connection from the pool (formerly test.gn_dw_silver.not_null_FACT_MEMBER_MONTHLY_CAMPAIGN_SK.73fd46fc46, now test.gn_dw_silver.not_null_FACT_MEMBER_MONTHLY_SPONSORSHIP_SK.49ec4a89dd)
[0m01:11:40.973452 [debug] [Thread-5 (]: Finished running node test.gn_dw_silver.not_null_FACT_MEMBER_MONTHLY_REASON_SK.f8ce6985f0
[0m01:11:40.974042 [debug] [Thread-3 (]: Re-using an available connection from the pool (formerly test.gn_dw_silver.not_null_FACT_MEMBER_MONTHLY_MEMBER_DK.4692504abd, now test.gn_dw_silver.relationships_FACT_MEMBER_MONTHLY_CAMPAIGN_SK__CAMPAIGN_SK__ref_DIM_CAMPAIGN_.bf9b261cf7)
[0m01:11:40.974663 [debug] [Thread-4 (]: Began running node test.gn_dw_silver.relationships_FACT_MEMBER_MONTHLY_MEMBER_DK__MEMBER_DK__ref_DIM_MEMBER_.80e6832a0c
[0m01:11:40.975258 [debug] [Thread-2 (]: Began compiling node test.gn_dw_silver.not_null_FACT_MEMBER_MONTHLY_SPONSORSHIP_SK.49ec4a89dd
[0m01:11:40.975825 [debug] [Thread-5 (]: Began running node test.gn_dw_silver.relationships_FACT_MEMBER_MONTHLY_PAYMENT_SK__PAYMENT_SK__ref_DIM_PAYMENT_.7172472640
[0m01:11:40.976413 [debug] [Thread-3 (]: Began compiling node test.gn_dw_silver.relationships_FACT_MEMBER_MONTHLY_CAMPAIGN_SK__CAMPAIGN_SK__ref_DIM_CAMPAIGN_.bf9b261cf7
[0m01:11:40.976960 [debug] [Thread-4 (]: Re-using an available connection from the pool (formerly test.gn_dw_silver.not_null_FACT_MEMBER_MONTHLY_PAYMENT_SK.abfd3e587b, now test.gn_dw_silver.relationships_FACT_MEMBER_MONTHLY_MEMBER_DK__MEMBER_DK__ref_DIM_MEMBER_.80e6832a0c)
[0m01:11:40.981778 [debug] [Thread-2 (]: Writing injected SQL for node "test.gn_dw_silver.not_null_FACT_MEMBER_MONTHLY_SPONSORSHIP_SK.49ec4a89dd"
[0m01:11:40.982402 [debug] [Thread-5 (]: Re-using an available connection from the pool (formerly test.gn_dw_silver.not_null_FACT_MEMBER_MONTHLY_REASON_SK.f8ce6985f0, now test.gn_dw_silver.relationships_FACT_MEMBER_MONTHLY_PAYMENT_SK__PAYMENT_SK__ref_DIM_PAYMENT_.7172472640)
[0m01:11:40.989981 [debug] [Thread-3 (]: Writing injected SQL for node "test.gn_dw_silver.relationships_FACT_MEMBER_MONTHLY_CAMPAIGN_SK__CAMPAIGN_SK__ref_DIM_CAMPAIGN_.bf9b261cf7"
[0m01:11:40.990503 [debug] [Thread-4 (]: Began compiling node test.gn_dw_silver.relationships_FACT_MEMBER_MONTHLY_MEMBER_DK__MEMBER_DK__ref_DIM_MEMBER_.80e6832a0c
[0m01:11:40.991245 [debug] [Thread-5 (]: Began compiling node test.gn_dw_silver.relationships_FACT_MEMBER_MONTHLY_PAYMENT_SK__PAYMENT_SK__ref_DIM_PAYMENT_.7172472640
[0m01:11:40.991868 [debug] [Thread-2 (]: Began executing node test.gn_dw_silver.not_null_FACT_MEMBER_MONTHLY_SPONSORSHIP_SK.49ec4a89dd
[0m01:11:40.998063 [debug] [Thread-4 (]: Writing injected SQL for node "test.gn_dw_silver.relationships_FACT_MEMBER_MONTHLY_MEMBER_DK__MEMBER_DK__ref_DIM_MEMBER_.80e6832a0c"
[0m01:11:40.998583 [debug] [Thread-3 (]: Began executing node test.gn_dw_silver.relationships_FACT_MEMBER_MONTHLY_CAMPAIGN_SK__CAMPAIGN_SK__ref_DIM_CAMPAIGN_.bf9b261cf7
[0m01:11:41.005200 [debug] [Thread-5 (]: Writing injected SQL for node "test.gn_dw_silver.relationships_FACT_MEMBER_MONTHLY_PAYMENT_SK__PAYMENT_SK__ref_DIM_PAYMENT_.7172472640"
[0m01:11:41.005986 [debug] [Thread-2 (]: Finished running node test.gn_dw_silver.not_null_FACT_MEMBER_MONTHLY_SPONSORSHIP_SK.49ec4a89dd
[0m01:11:41.007017 [debug] [Thread-3 (]: Finished running node test.gn_dw_silver.relationships_FACT_MEMBER_MONTHLY_CAMPAIGN_SK__CAMPAIGN_SK__ref_DIM_CAMPAIGN_.bf9b261cf7
[0m01:11:41.007555 [debug] [Thread-4 (]: Began executing node test.gn_dw_silver.relationships_FACT_MEMBER_MONTHLY_MEMBER_DK__MEMBER_DK__ref_DIM_MEMBER_.80e6832a0c
[0m01:11:41.008329 [debug] [Thread-2 (]: Began running node test.gn_dw_silver.relationships_FACT_MEMBER_MONTHLY_REASON_SK__REASON_SK__ref_DIM_REASON_.8a12a3a3fa
[0m01:11:41.008951 [debug] [Thread-5 (]: Began executing node test.gn_dw_silver.relationships_FACT_MEMBER_MONTHLY_PAYMENT_SK__PAYMENT_SK__ref_DIM_PAYMENT_.7172472640
[0m01:11:41.009479 [debug] [Thread-3 (]: Began running node test.gn_dw_silver.relationships_FACT_MEMBER_MONTHLY_SPONSORSHIP_SK__SPONSORSHIP_SK__ref_DIM_SPONSORSHIP_.76de336439
[0m01:11:41.010274 [debug] [Thread-4 (]: Finished running node test.gn_dw_silver.relationships_FACT_MEMBER_MONTHLY_MEMBER_DK__MEMBER_DK__ref_DIM_MEMBER_.80e6832a0c
[0m01:11:41.010873 [debug] [Thread-2 (]: Re-using an available connection from the pool (formerly test.gn_dw_silver.not_null_FACT_MEMBER_MONTHLY_SPONSORSHIP_SK.49ec4a89dd, now test.gn_dw_silver.relationships_FACT_MEMBER_MONTHLY_REASON_SK__REASON_SK__ref_DIM_REASON_.8a12a3a3fa)
[0m01:11:41.011611 [debug] [Thread-5 (]: Finished running node test.gn_dw_silver.relationships_FACT_MEMBER_MONTHLY_PAYMENT_SK__PAYMENT_SK__ref_DIM_PAYMENT_.7172472640
[0m01:11:41.012239 [debug] [Thread-3 (]: Re-using an available connection from the pool (formerly test.gn_dw_silver.relationships_FACT_MEMBER_MONTHLY_CAMPAIGN_SK__CAMPAIGN_SK__ref_DIM_CAMPAIGN_.bf9b261cf7, now test.gn_dw_silver.relationships_FACT_MEMBER_MONTHLY_SPONSORSHIP_SK__SPONSORSHIP_SK__ref_DIM_SPONSORSHIP_.76de336439)
[0m01:11:41.012798 [debug] [Thread-4 (]: Began running node test.gn_dw_silver.warn_fmm_reason_unmapped_f_rows
[0m01:11:41.013338 [debug] [Thread-2 (]: Began compiling node test.gn_dw_silver.relationships_FACT_MEMBER_MONTHLY_REASON_SK__REASON_SK__ref_DIM_REASON_.8a12a3a3fa
[0m01:11:41.013999 [debug] [Thread-3 (]: Began compiling node test.gn_dw_silver.relationships_FACT_MEMBER_MONTHLY_SPONSORSHIP_SK__SPONSORSHIP_SK__ref_DIM_SPONSORSHIP_.76de336439
[0m01:11:41.014561 [debug] [Thread-4 (]: Re-using an available connection from the pool (formerly test.gn_dw_silver.relationships_FACT_MEMBER_MONTHLY_MEMBER_DK__MEMBER_DK__ref_DIM_MEMBER_.80e6832a0c, now test.gn_dw_silver.warn_fmm_reason_unmapped_f_rows)
[0m01:11:41.020391 [debug] [Thread-2 (]: Writing injected SQL for node "test.gn_dw_silver.relationships_FACT_MEMBER_MONTHLY_REASON_SK__REASON_SK__ref_DIM_REASON_.8a12a3a3fa"
[0m01:11:41.027754 [debug] [Thread-3 (]: Writing injected SQL for node "test.gn_dw_silver.relationships_FACT_MEMBER_MONTHLY_SPONSORSHIP_SK__SPONSORSHIP_SK__ref_DIM_SPONSORSHIP_.76de336439"
[0m01:11:41.028386 [debug] [Thread-4 (]: Began compiling node test.gn_dw_silver.warn_fmm_reason_unmapped_f_rows
[0m01:11:41.029305 [debug] [Thread-2 (]: Began executing node test.gn_dw_silver.relationships_FACT_MEMBER_MONTHLY_REASON_SK__REASON_SK__ref_DIM_REASON_.8a12a3a3fa
[0m01:11:41.033384 [debug] [Thread-4 (]: Writing injected SQL for node "test.gn_dw_silver.warn_fmm_reason_unmapped_f_rows"
[0m01:11:41.033969 [debug] [Thread-3 (]: Began executing node test.gn_dw_silver.relationships_FACT_MEMBER_MONTHLY_SPONSORSHIP_SK__SPONSORSHIP_SK__ref_DIM_SPONSORSHIP_.76de336439
[0m01:11:41.034712 [debug] [Thread-2 (]: Finished running node test.gn_dw_silver.relationships_FACT_MEMBER_MONTHLY_REASON_SK__REASON_SK__ref_DIM_REASON_.8a12a3a3fa
[0m01:11:41.035736 [debug] [Thread-3 (]: Finished running node test.gn_dw_silver.relationships_FACT_MEMBER_MONTHLY_SPONSORSHIP_SK__SPONSORSHIP_SK__ref_DIM_SPONSORSHIP_.76de336439
[0m01:11:41.036317 [debug] [Thread-4 (]: Began executing node test.gn_dw_silver.warn_fmm_reason_unmapped_f_rows
[0m01:11:41.037377 [debug] [Thread-4 (]: Finished running node test.gn_dw_silver.warn_fmm_reason_unmapped_f_rows
[0m01:11:41.039654 [debug] [Dummy-1   ]: Connection 'master' was properly closed.
[0m01:11:41.040308 [debug] [Dummy-1   ]: Connection 'test.gn_dw_silver.relationships_FACT_MEMBER_MONTHLY_SPONSORSHIP_SK__SPONSORSHIP_SK__ref_DIM_SPONSORSHIP_.76de336439' was properly closed.
[0m01:11:41.040754 [debug] [Dummy-1   ]: Connection 'test.gn_dw_silver.relationships_FACT_MEMBER_MONTHLY_REASON_SK__REASON_SK__ref_DIM_REASON_.8a12a3a3fa' was properly closed.
[0m01:11:41.041177 [debug] [Dummy-1   ]: Connection 'test.gn_dw_silver.warn_fmm_reason_unmapped_f_rows' was properly closed.
[0m01:11:41.041592 [debug] [Dummy-1   ]: Connection 'test.gn_dw_silver.relationships_FACT_MEMBER_MONTHLY_PAYMENT_SK__PAYMENT_SK__ref_DIM_PAYMENT_.7172472640' was properly closed.
[0m01:11:41.056889 [debug] [Dummy-1   ]: Command end result
[0m01:11:41.158850 [debug] [Dummy-1   ]: Wrote artifact WritableManifest to /tmp/dbt/target/manifest.json
[0m01:11:41.161271 [debug] [Dummy-1   ]: Wrote artifact SemanticManifest to /tmp/dbt/target/semantic_manifest.json
[0m01:11:41.173806 [debug] [Dummy-1   ]: Wrote artifact RunExecutionResult to /tmp/dbt/target/run_results.json
[0m01:11:41.174289 [debug] [Dummy-1   ]: Excluded node 'FACT_AD_BROADCAST' from results
[0m01:11:41.174717 [debug] [Dummy-1   ]: Excluded node 'FACT_AD_BROADCAST_CASE' from results
[0m01:11:41.175142 [debug] [Dummy-1   ]: Excluded node 'FACT_AD_DIGITAL' from results
[0m01:11:41.175531 [debug] [Dummy-1   ]: Excluded node 'FACT_AD_PERFORMANCE' from results
[0m01:11:41.175978 [debug] [Dummy-1   ]: Excluded node 'FACT_BUDGET' from results
[0m01:11:41.176372 [debug] [Dummy-1   ]: Excluded node 'FACT_EVENT_PARTICIPATION' from results
[0m01:11:41.176745 [debug] [Dummy-1   ]: Excluded node 'FACT_GA_BEHAVIOR' from results
[0m01:11:41.177121 [debug] [Dummy-1   ]: Excluded node 'FACT_MEMBER_EVENT' from results
[0m01:11:41.177513 [debug] [Dummy-1   ]: Excluded node 'FACT_SERVICE_EVENT' from results
[0m01:11:41.177946 [debug] [Dummy-1   ]: Excluded node 'FACT_TARGET_BIZ' from results
[0m01:11:41.178352 [debug] [Dummy-1   ]: Excluded node 'FACT_TARGET_DEV' from results
[0m01:11:41.178770 [debug] [Dummy-1   ]: Excluded node 'not_null_FACT_AD_BROADCAST_AD_PERF_DK' from results
[0m01:11:41.179177 [debug] [Dummy-1   ]: Excluded node 'unique_FACT_AD_BROADCAST_AD_PERF_DK' from results
[0m01:11:41.179587 [debug] [Dummy-1   ]: Excluded node 'accepted_values_FACT_AD_BROADCAST_CASE_CASE_SEQ__1__2__3' from results
[0m01:11:41.180024 [debug] [Dummy-1   ]: Excluded node 'not_null_FACT_AD_BROADCAST_CASE_AD_PERF_DK' from results
[0m01:11:41.180431 [debug] [Dummy-1   ]: Excluded node 'not_null_FACT_AD_BROADCAST_CASE_CASE_SEQ' from results
[0m01:11:41.180827 [debug] [Dummy-1   ]: Excluded node 'unique_FACT_AD_BROADCAST_CASE_AD_PERF_DK_CASE_SEQ' from results
[0m01:11:41.181241 [debug] [Dummy-1   ]: Excluded node 'not_null_FACT_AD_DIGITAL_AD_PERF_DK' from results
[0m01:11:41.181666 [debug] [Dummy-1   ]: Excluded node 'unique_FACT_AD_DIGITAL_AD_PERF_DK' from results
[0m01:11:41.182073 [debug] [Dummy-1   ]: Excluded node 'accepted_values_FACT_AD_PERFORMANCE_AD_SOURCE_TYPE__DIGITAL__VIDEO__REBROADCAST' from results
[0m01:11:41.182489 [debug] [Dummy-1   ]: Excluded node 'not_null_FACT_AD_PERFORMANCE_AD_CREATIVE_SK' from results
[0m01:11:41.182902 [debug] [Dummy-1   ]: Excluded node 'not_null_FACT_AD_PERFORMANCE_AD_PERF_DK' from results
[0m01:11:41.183313 [debug] [Dummy-1   ]: Excluded node 'not_null_FACT_AD_PERFORMANCE_AD_SOURCE_TYPE' from results
[0m01:11:41.183732 [debug] [Dummy-1   ]: Excluded node 'not_null_FACT_AD_PERFORMANCE_CAMPAIGN_SK' from results
[0m01:11:41.184205 [debug] [Dummy-1   ]: Excluded node 'not_null_FACT_AD_PERFORMANCE_DEVICE_SK' from results
[0m01:11:41.184579 [debug] [Dummy-1   ]: Excluded node 'not_null_FACT_AD_PERFORMANCE_PERF_DATE_SK' from results
[0m01:11:41.184966 [debug] [Dummy-1   ]: Excluded node 'relationships_FACT_AD_BROADCAST_AD_PERF_DK__AD_PERF_DK__ref_FACT_AD_PERFORMANCE_' from results
[0m01:11:41.185365 [debug] [Dummy-1   ]: Excluded node 'relationships_FACT_AD_BROADCAST_CASE_AD_PERF_DK__AD_PERF_DK__ref_FACT_AD_PERFORMANCE_' from results
[0m01:11:41.185746 [debug] [Dummy-1   ]: Excluded node 'relationships_FACT_AD_DIGITAL_AD_PERF_DK__AD_PERF_DK__ref_FACT_AD_PERFORMANCE_' from results
[0m01:11:41.186161 [debug] [Dummy-1   ]: Excluded node 'relationships_FACT_AD_PERFORMANCE_AD_CREATIVE_SK__AD_CREATIVE_SK__ref_DIM_AD_CREATIVE_' from results
[0m01:11:41.186541 [debug] [Dummy-1   ]: Excluded node 'relationships_FACT_AD_PERFORMANCE_DEVICE_SK__DEVICE_SK__ref_DIM_DEVICE_' from results
[0m01:11:41.186906 [debug] [Dummy-1   ]: Excluded node 'unique_FACT_AD_PERFORMANCE_AD_PERF_DK' from results
[0m01:11:41.187268 [debug] [Dummy-1   ]: Excluded node 'not_null_FACT_BUDGET_BUDGET_ITEM_SK' from results
[0m01:11:41.187625 [debug] [Dummy-1   ]: Excluded node 'not_null_FACT_BUDGET_MONTH_KEY' from results
[0m01:11:41.188043 [debug] [Dummy-1   ]: Excluded node 'not_null_FACT_BUDGET_ORG_SK' from results
[0m01:11:41.188435 [debug] [Dummy-1   ]: Excluded node 'relationships_FACT_BUDGET_BUDGET_ITEM_SK__BUDGET_ITEM_SK__ref_DIM_BUDGET_ITEM_' from results
[0m01:11:41.188841 [debug] [Dummy-1   ]: Excluded node 'accepted_values_FACT_EVENT_PARTICIPATION_PART_STATUS__1__2__3__4__5__6__110__120__130__140__150__160__170__180__190__200__210__220' from results
[0m01:11:41.189250 [debug] [Dummy-1   ]: Excluded node 'not_null_FACT_EVENT_PARTICIPATION_CAMPAIGN_SK' from results
[0m01:11:41.189676 [debug] [Dummy-1   ]: Excluded node 'not_null_FACT_EVENT_PARTICIPATION_DATE_SK' from results
[0m01:11:41.190071 [debug] [Dummy-1   ]: Excluded node 'not_null_FACT_EVENT_PARTICIPATION_EVENT_BK' from results
[0m01:11:41.190485 [debug] [Dummy-1   ]: Excluded node 'not_null_FACT_EVENT_PARTICIPATION_EVENT_SK' from results
[0m01:11:41.190883 [debug] [Dummy-1   ]: Excluded node 'not_null_FACT_EVENT_PARTICIPATION_MEMBER_DK' from results
[0m01:11:41.191249 [debug] [Dummy-1   ]: Excluded node 'not_null_FACT_EVENT_PARTICIPATION_PARTCPT_SEQ' from results
[0m01:11:41.191621 [debug] [Dummy-1   ]: Excluded node 'not_null_FACT_EVENT_PARTICIPATION_SPONSORSHIP_SK' from results
[0m01:11:41.192060 [debug] [Dummy-1   ]: Excluded node 'relationships_FACT_EVENT_PARTICIPATION_CAMPAIGN_SK__CAMPAIGN_SK__ref_DIM_CAMPAIGN_' from results
[0m01:11:41.192441 [debug] [Dummy-1   ]: Excluded node 'relationships_FACT_EVENT_PARTICIPATION_DATE_SK__DATE_SK__ref_DIM_DATE_' from results
[0m01:11:41.192807 [debug] [Dummy-1   ]: Excluded node 'relationships_FACT_EVENT_PARTICIPATION_EVENT_SK__EVENT_SK__ref_DIM_EVENT_' from results
[0m01:11:41.193203 [debug] [Dummy-1   ]: Excluded node 'relationships_FACT_EVENT_PARTICIPATION_MEMBER_DK__MEMBER_DK__ref_DIM_MEMBER_' from results
[0m01:11:41.193625 [debug] [Dummy-1   ]: Excluded node 'relationships_FACT_EVENT_PARTICIPATION_SPONSORSHIP_SK__SPONSORSHIP_SK__ref_DIM_SPONSORSHIP_' from results
[0m01:11:41.194044 [debug] [Dummy-1   ]: Excluded node 'unique_FACT_EVENT_PARTICIPATION_EVENT_BK_MEMBER_DK_PARTCPT_SEQ' from results
[0m01:11:41.194448 [debug] [Dummy-1   ]: Excluded node 'not_null_FACT_GA_BEHAVIOR_CAMPAIGN_SK' from results
[0m01:11:41.194812 [debug] [Dummy-1   ]: Excluded node 'not_null_FACT_GA_BEHAVIOR_DATE_SK' from results
[0m01:11:41.195170 [debug] [Dummy-1   ]: Excluded node 'not_null_FACT_GA_BEHAVIOR_DEVICE_SK' from results
[0m01:11:41.195533 [debug] [Dummy-1   ]: Excluded node 'not_null_FACT_GA_BEHAVIOR_GA_EVENT_SK' from results
[0m01:11:41.195949 [debug] [Dummy-1   ]: Excluded node 'not_null_FACT_GA_BEHAVIOR_GA_SOURCE_SK' from results
[0m01:11:41.196336 [debug] [Dummy-1   ]: Excluded node 'not_null_FACT_GA_BEHAVIOR_IDENTITY_SK' from results
[0m01:11:41.196726 [debug] [Dummy-1   ]: Excluded node 'not_null_FACT_GA_BEHAVIOR_PAGE_PATH' from results
[0m01:11:41.197143 [debug] [Dummy-1   ]: Excluded node 'relationships_FACT_GA_BEHAVIOR_CAMPAIGN_SK__CAMPAIGN_SK__ref_DIM_CAMPAIGN_' from results
[0m01:11:41.197521 [debug] [Dummy-1   ]: Excluded node 'relationships_FACT_GA_BEHAVIOR_DATE_SK__DATE_SK__ref_DIM_DATE_' from results
[0m01:11:41.197945 [debug] [Dummy-1   ]: Excluded node 'relationships_FACT_GA_BEHAVIOR_DEVICE_SK__DEVICE_SK__ref_DIM_DEVICE_' from results
[0m01:11:41.198354 [debug] [Dummy-1   ]: Excluded node 'relationships_FACT_GA_BEHAVIOR_GA_EVENT_SK__GA_EVENT_SK__ref_DIM_GA_EVENT_' from results
[0m01:11:41.198726 [debug] [Dummy-1   ]: Excluded node 'relationships_FACT_GA_BEHAVIOR_GA_SOURCE_SK__GA_SOURCE_SK__ref_DIM_GA_SOURCE_' from results
[0m01:11:41.199104 [debug] [Dummy-1   ]: Excluded node 'relationships_FACT_GA_BEHAVIOR_IDENTITY_SK__IDENTITY_SK__ref_DIM_MEMBER_IDENTITY_' from results
[0m01:11:41.199465 [debug] [Dummy-1   ]: Excluded node 'FACT_MEMBER_COHORT' from results
[0m01:11:41.199819 [debug] [Dummy-1   ]: Excluded node 'FACT_MEMBER_MONTHLY' from results
[0m01:11:41.200268 [debug] [Dummy-1   ]: Excluded node 'accepted_values_FACT_MEMBER_EVENT_AGE_AT_EVENT__False__1__2__3__4__5__6__7__8__9__10__11__12' from results
[0m01:11:41.200634 [debug] [Dummy-1   ]: Excluded node 'accepted_values_FACT_MEMBER_EVENT_AGE_BAND_AT_EVENT__True__10___10___20___30___40___50___60___70___70__________' from results
[0m01:11:41.201040 [debug] [Dummy-1   ]: Excluded node 'accepted_values_FACT_MEMBER_EVENT_AREA_CD_AT_EVENT__True__0__1__2__3__4__5__6__7__8__9__10__11__12__13__14__15__16__17__18' from results
[0m01:11:41.201473 [debug] [Dummy-1   ]: Excluded node 'accepted_values_FACT_MEMBER_EVENT_CAMPAIGN_STOP_CNT__False__0__1' from results
[0m01:11:41.201885 [debug] [Dummy-1   ]: Excluded node 'accepted_values_FACT_MEMBER_EVENT_DVLP_DIV_CD__True__1__2__3__4__5' from results
[0m01:11:41.202287 [debug] [Dummy-1   ]: Excluded node 'accepted_values_FACT_MEMBER_EVENT_DVLP_DIV_NM__True_______________' from results
[0m01:11:41.202696 [debug] [Dummy-1   ]: Excluded node 'accepted_values_FACT_MEMBER_EVENT_GENDER_AT_EVENT__True________________________' from results
[0m01:11:41.203116 [debug] [Dummy-1   ]: Excluded node 'accepted_values_FACT_MEMBER_EVENT_REGION_AT_EVENT__True______________________________________________________' from results
[0m01:11:41.203494 [debug] [Dummy-1   ]: Excluded node 'accepted_values_FACT_MEMBER_EVENT_SEX_AT_EVENT__True__0__1__2__3__4__5__6__7__8' from results
[0m01:11:41.203861 [debug] [Dummy-1   ]: Excluded node 'accepted_values_FACT_MEMBER_EVENT_STOP_CHANNEL_NM__True__CRM_____SYSTEM' from results
[0m01:11:41.204346 [debug] [Dummy-1   ]: Excluded node 'accepted_values_FACT_MEMBER_EVENT_STOP_CHANNEL__True__1__2__3' from results
[0m01:11:41.204757 [debug] [Dummy-1   ]: Excluded node 'accepted_values_FACT_MEMBER_EVENT_STOP_REASON_NM__True___________________________________________________18__________TS_' from results
[0m01:11:41.205170 [debug] [Dummy-1   ]: Excluded node 'accepted_values_FACT_MEMBER_EVENT_STOP_REASON__True__1__8__9__11__13__14__15__16__17__20__21__22__23__25__26__27__28__29__30__31' from results
[0m01:11:41.205592 [debug] [Dummy-1   ]: Excluded node 'assert_fme_campaign_stop_exclusivity' from results
[0m01:11:41.205982 [debug] [Dummy-1   ]: Excluded node 'not_null_FACT_MEMBER_EVENT_CAMPAIGN_SK' from results
[0m01:11:41.206353 [debug] [Dummy-1   ]: Excluded node 'not_null_FACT_MEMBER_EVENT_CAMPAIGN_STOP_CNT' from results
[0m01:11:41.206726 [debug] [Dummy-1   ]: Excluded node 'not_null_FACT_MEMBER_EVENT_DATE_SK' from results
[0m01:11:41.207101 [debug] [Dummy-1   ]: Excluded node 'not_null_FACT_MEMBER_EVENT_MEMBER_DK' from results
[0m01:11:41.207479 [debug] [Dummy-1   ]: Excluded node 'not_null_FACT_MEMBER_EVENT_ORG_SK' from results
[0m01:11:41.207863 [debug] [Dummy-1   ]: Excluded node 'not_null_FACT_MEMBER_EVENT_REASON_SK' from results
[0m01:11:41.208329 [debug] [Dummy-1   ]: Excluded node 'not_null_FACT_MEMBER_EVENT_SPONSORSHIP_SK' from results
[0m01:11:41.208713 [debug] [Dummy-1   ]: Excluded node 'relationships_FACT_MEMBER_EVENT_CAMPAIGN_SK__CAMPAIGN_SK__ref_DIM_CAMPAIGN_' from results
[0m01:11:41.209093 [debug] [Dummy-1   ]: Excluded node 'relationships_FACT_MEMBER_EVENT_DATE_SK__DATE_SK__ref_DIM_DATE_' from results
[0m01:11:41.209451 [debug] [Dummy-1   ]: Excluded node 'relationships_FACT_MEMBER_EVENT_MEMBER_DK__MEMBER_DK__ref_DIM_MEMBER_' from results
[0m01:11:41.209842 [debug] [Dummy-1   ]: Excluded node 'relationships_FACT_MEMBER_EVENT_ORG_SK__ORG_SK__ref_DIM_ORG_' from results
[0m01:11:41.210241 [debug] [Dummy-1   ]: Excluded node 'relationships_FACT_MEMBER_EVENT_REASON_SK__REASON_SK__ref_DIM_REASON_' from results
[0m01:11:41.210644 [debug] [Dummy-1   ]: Excluded node 'relationships_FACT_MEMBER_EVENT_SPONSORSHIP_SK__SPONSORSHIP_SK__ref_DIM_SPONSORSHIP_' from results
[0m01:11:41.211016 [debug] [Dummy-1   ]: Excluded node 'not_null_FACT_SERVICE_EVENT_CAMPAIGN_SK' from results
[0m01:11:41.211389 [debug] [Dummy-1   ]: Excluded node 'not_null_FACT_SERVICE_EVENT_DATE_SK' from results
[0m01:11:41.211744 [debug] [Dummy-1   ]: Excluded node 'not_null_FACT_SERVICE_EVENT_MEMBER_DK' from results
[0m01:11:41.212176 [debug] [Dummy-1   ]: Excluded node 'not_null_FACT_SERVICE_EVENT_SEND_TYPE_SK' from results
[0m01:11:41.212569 [debug] [Dummy-1   ]: Excluded node 'not_null_FACT_SERVICE_EVENT_SERVICE_SK' from results
[0m01:11:41.212954 [debug] [Dummy-1   ]: Excluded node 'relationships_FACT_SERVICE_EVENT_CAMPAIGN_SK__CAMPAIGN_SK__ref_DIM_CAMPAIGN_' from results
[0m01:11:41.213325 [debug] [Dummy-1   ]: Excluded node 'relationships_FACT_SERVICE_EVENT_DATE_SK__DATE_SK__ref_DIM_DATE_' from results
[0m01:11:41.213717 [debug] [Dummy-1   ]: Excluded node 'relationships_FACT_SERVICE_EVENT_MEMBER_DK__MEMBER_DK__ref_DIM_MEMBER_' from results
[0m01:11:41.214122 [debug] [Dummy-1   ]: Excluded node 'relationships_FACT_SERVICE_EVENT_SEND_TYPE_SK__SEND_TYPE_SK__ref_DIM_SEND_TYPE_' from results
[0m01:11:41.214534 [debug] [Dummy-1   ]: Excluded node 'relationships_FACT_SERVICE_EVENT_SERVICE_SK__SERVICE_SK__ref_DIM_SERVICE_' from results
[0m01:11:41.214923 [debug] [Dummy-1   ]: Excluded node 'accepted_values_FACT_TARGET_DEV_DEV_TYPE__True__1__2__4' from results
[0m01:11:41.215298 [debug] [Dummy-1   ]: Excluded node 'assert_ftg_dev_month_key_yyyymm' from results
[0m01:11:41.215665 [debug] [Dummy-1   ]: Excluded node 'assert_wide_dev_achv_goal_rows_preserved' from results
[0m01:11:41.216105 [debug] [Dummy-1   ]: Excluded node 'not_null_FACT_TARGET_DEV_MONTH_KEY' from results
[0m01:11:41.216492 [debug] [Dummy-1   ]: Excluded node 'not_null_FACT_TARGET_DEV_ORG_SK' from results
[0m01:11:41.216887 [debug] [Dummy-1   ]: Excluded node 'relationships_FACT_TARGET_DEV_ORG_SK__ORG_SK__ref_DIM_ORG_' from results
[0m01:11:41.217275 [debug] [Dummy-1   ]: Excluded node 'accepted_values_FACT_MEMBER_COHORT_ACQ_AGE_BAND__True__10___10___20___30___40___50___60___70___70__________' from results
[0m01:11:41.217658 [debug] [Dummy-1   ]: Excluded node 'accepted_values_FACT_MEMBER_COHORT_ACQ_AGE_CD__False__1__2__3__4__5__6__7__8__9__10__11__12' from results
[0m01:11:41.218049 [debug] [Dummy-1   ]: Excluded node 'accepted_values_FACT_MEMBER_COHORT_ACQ_AREA_CD__True__0__1__2__3__4__5__6__7__8__9__10__11__12__13__14__15__16__17__18' from results
[0m01:11:41.218444 [debug] [Dummy-1   ]: Excluded node 'accepted_values_FACT_MEMBER_COHORT_ACQ_BASIS__True__NEW__FALLBACK' from results
[0m01:11:41.218822 [debug] [Dummy-1   ]: Excluded node 'accepted_values_FACT_MEMBER_COHORT_ACQ_DVLP_DIV_CD__True__1__2__3__4__5' from results
[0m01:11:41.219206 [debug] [Dummy-1   ]: Excluded node 'accepted_values_FACT_MEMBER_COHORT_ACQ_GENDER__True________________________' from results
[0m01:11:41.219610 [debug] [Dummy-1   ]: Excluded node 'accepted_values_FACT_MEMBER_COHORT_ACQ_MEMBERS__False__1' from results
[0m01:11:41.220080 [debug] [Dummy-1   ]: Excluded node 'accepted_values_FACT_MEMBER_COHORT_ACQ_REGION__True______________________________________________________' from results
[0m01:11:41.220502 [debug] [Dummy-1   ]: Excluded node 'accepted_values_FACT_MEMBER_COHORT_ACQ_SEX_CD__True__0__1__2__3__4__5__6__7__8' from results
[0m01:11:41.220912 [debug] [Dummy-1   ]: Excluded node 'accepted_values_FACT_MEMBER_COHORT_OBSERVABLE_12M_MEMBERS__False__0__1' from results
[0m01:11:41.221306 [debug] [Dummy-1   ]: Excluded node 'accepted_values_FACT_MEMBER_COHORT_STOPPED_12M_MEMBERS__False__0__1' from results
[0m01:11:41.221702 [debug] [Dummy-1   ]: Excluded node 'accepted_values_FACT_MEMBER_COHORT_STOPPED_MEMBERS__False__0__1' from results
[0m01:11:41.222069 [debug] [Dummy-1   ]: Excluded node 'assert_fmc_churn_invariants' from results
[0m01:11:41.222444 [debug] [Dummy-1   ]: Excluded node 'not_null_FACT_MEMBER_COHORT_ACQ_BASIS' from results
[0m01:11:41.222823 [debug] [Dummy-1   ]: Excluded node 'not_null_FACT_MEMBER_COHORT_ACQ_CAMPAIGN_SK' from results
[0m01:11:41.223214 [debug] [Dummy-1   ]: Excluded node 'not_null_FACT_MEMBER_COHORT_ACQ_DATE_SK' from results
[0m01:11:41.223618 [debug] [Dummy-1   ]: Excluded node 'not_null_FACT_MEMBER_COHORT_ACQ_MEMBERS' from results
[0m01:11:41.224067 [debug] [Dummy-1   ]: Excluded node 'not_null_FACT_MEMBER_COHORT_IS_12M_OBSERVABLE' from results
[0m01:11:41.224474 [debug] [Dummy-1   ]: Excluded node 'not_null_FACT_MEMBER_COHORT_MEMBER_DK' from results
[0m01:11:41.224865 [debug] [Dummy-1   ]: Excluded node 'not_null_FACT_MEMBER_COHORT_OBSERVABLE_12M_MEMBERS' from results
[0m01:11:41.225223 [debug] [Dummy-1   ]: Excluded node 'not_null_FACT_MEMBER_COHORT_STOPPED_12M_MEMBERS' from results
[0m01:11:41.225611 [debug] [Dummy-1   ]: Excluded node 'not_null_FACT_MEMBER_COHORT_STOPPED_MEMBERS' from results
[0m01:11:41.226023 [debug] [Dummy-1   ]: Excluded node 'relationships_FACT_MEMBER_COHORT_ACQ_CAMPAIGN_SK__CAMPAIGN_SK__ref_DIM_CAMPAIGN_' from results
[0m01:11:41.226431 [debug] [Dummy-1   ]: Excluded node 'relationships_FACT_MEMBER_COHORT_ACQ_DATE_SK__DATE_SK__ref_DIM_DATE_' from results
[0m01:11:41.226831 [debug] [Dummy-1   ]: Excluded node 'relationships_FACT_MEMBER_COHORT_FIRST_STOP_DATE_SK__DATE_SK__ref_DIM_DATE_' from results
[0m01:11:41.227200 [debug] [Dummy-1   ]: Excluded node 'relationships_FACT_MEMBER_COHORT_MEMBER_DK__MEMBER_DK__ref_DIM_MEMBER_' from results
[0m01:11:41.227566 [debug] [Dummy-1   ]: Excluded node 'unique_FACT_MEMBER_COHORT_MEMBER_DK' from results
[0m01:11:41.227999 [debug] [Dummy-1   ]: Excluded node 'assert_fmm_w4_ml_columns' from results
[0m01:11:41.228407 [debug] [Dummy-1   ]: Excluded node 'not_null_FACT_MEMBER_MONTHLY_CAMPAIGN_SK' from results
[0m01:11:41.228806 [debug] [Dummy-1   ]: Excluded node 'not_null_FACT_MEMBER_MONTHLY_MEMBER_DK' from results
[0m01:11:41.229188 [debug] [Dummy-1   ]: Excluded node 'not_null_FACT_MEMBER_MONTHLY_PAYMENT_SK' from results
[0m01:11:41.229579 [debug] [Dummy-1   ]: Excluded node 'not_null_FACT_MEMBER_MONTHLY_REASON_SK' from results
[0m01:11:41.229996 [debug] [Dummy-1   ]: Excluded node 'not_null_FACT_MEMBER_MONTHLY_SPONSORSHIP_SK' from results
[0m01:11:41.230391 [debug] [Dummy-1   ]: Excluded node 'relationships_FACT_MEMBER_MONTHLY_CAMPAIGN_SK__CAMPAIGN_SK__ref_DIM_CAMPAIGN_' from results
[0m01:11:41.230766 [debug] [Dummy-1   ]: Excluded node 'relationships_FACT_MEMBER_MONTHLY_MEMBER_DK__MEMBER_DK__ref_DIM_MEMBER_' from results
[0m01:11:41.231141 [debug] [Dummy-1   ]: Excluded node 'relationships_FACT_MEMBER_MONTHLY_PAYMENT_SK__PAYMENT_SK__ref_DIM_PAYMENT_' from results
[0m01:11:41.231514 [debug] [Dummy-1   ]: Excluded node 'relationships_FACT_MEMBER_MONTHLY_REASON_SK__REASON_SK__ref_DIM_REASON_' from results
[0m01:11:41.231970 [debug] [Dummy-1   ]: Excluded node 'relationships_FACT_MEMBER_MONTHLY_SPONSORSHIP_SK__SPONSORSHIP_SK__ref_DIM_SPONSORSHIP_' from results
[0m01:11:41.232361 [debug] [Dummy-1   ]: Excluded node 'warn_fmm_reason_unmapped_f_rows' from results
[0m01:11:41.234169 [debug] [Dummy-1   ]: Resource report: {"command_name": "compile", "command_success": true, "command_wall_clock_time": 4.0279584, "process_in_blocks": "0", "process_kernel_time": 1.09, "process_mem_max_rss": "477444", "process_out_blocks": "0", "process_user_time": 6.23}
[0m01:11:41.234792 [debug] [Dummy-1   ]: Command `cli compile` succeeded at 01:11:41.234531 after 4.03 seconds
[0m01:11:41.235292 [debug] [Dummy-1   ]: Flushing usage events


============================== 01:15:42.888805 | 2b7a62a8-3ecf-4c67-bec0-cdb0b1000dae ==============================
[0m01:15:42.888805 [info ] [Dummy-1   ]: Running with dbt=1.9.4
[0m01:15:42.889650 [debug] [Dummy-1   ]: running dbt with arguments {'printer_width': '80', 'indirect_selection': 'eager', 'write_json': 'True', 'log_cache_events': 'False', 'partial_parse': 'True', 'cache_selected_only': 'False', 'warn_error': 'None', 'debug': 'False', 'profiles_dir': '/tmp/dbt/', 'log_path': '/tmp/dbt/logs', 'version_check': 'True', 'fail_fast': 'False', 'use_colors': 'True', 'use_experimental_parser': 'False', 'no_print': 'None', 'quiet': 'False', 'empty': 'None', 'log_format': 'default', 'static_parser': 'True', 'introspect': 'True', 'invocation_command': 'dbt ', 'target_path': '/tmp/dbt/target', 'warn_error_options': 'WarnErrorOptions(include=[], exclude=[])', 'send_anonymous_usage_stats': 'False'}
[0m01:15:43.157207 [info ] [Dummy-1   ]: Registered adapter: snowflake=1.9.2
[0m01:15:43.693323 [debug] [Dummy-1   ]: checksum: 53ed91fada2233efb98368d1716b44ab532c83a9c293cf1890b7905d5b45fb25, vars: {}, profile: , target: dev, version: 1.9.4
[0m01:15:43.996456 [info ] [Dummy-1   ]: Unable to do partial parsing because a project config has changed
[0m01:15:47.321755 [info ] [Dummy-1   ]: Performance info: /tmp/dbt/target/perf_info.json
[0m01:15:47.492295 [debug] [Dummy-1   ]: Wrote artifact WritableManifest to /tmp/dbt/target/manifest.json
[0m01:15:47.494618 [debug] [Dummy-1   ]: Wrote artifact SemanticManifest to /tmp/dbt/target/semantic_manifest.json
[0m01:15:47.496239 [debug] [Dummy-1   ]: Resource report: {"command_name": "parse", "command_success": true, "command_wall_clock_time": 4.6796904, "process_in_blocks": "0", "process_kernel_time": 1.16, "process_mem_max_rss": "466812", "process_out_blocks": "0", "process_user_time": 7.17}
[0m01:15:47.496835 [debug] [Dummy-1   ]: Command `cli parse` succeeded at 01:15:47.496596 after 4.68 seconds
[0m01:15:47.497355 [debug] [Dummy-1   ]: Flushing usage events


============================== 01:16:47.670973 | 66dd6198-1a06-4dd4-8cfb-f0c7b2932712 ==============================
[0m01:16:47.670973 [info ] [Dummy-1   ]: Running with dbt=1.9.4
[0m01:16:47.671784 [debug] [Dummy-1   ]: running dbt with arguments {'printer_width': '80', 'indirect_selection': 'eager', 'log_cache_events': 'False', 'write_json': 'True', 'partial_parse': 'True', 'cache_selected_only': 'False', 'profiles_dir': '/tmp/dbt/', 'debug': 'False', 'warn_error': 'None', 'log_path': '/tmp/dbt/logs', 'version_check': 'True', 'fail_fast': 'False', 'use_colors': 'True', 'use_experimental_parser': 'False', 'no_print': 'None', 'quiet': 'False', 'empty': 'None', 'log_format': 'default', 'invocation_command': 'dbt ', 'introspect': 'True', 'static_parser': 'True', 'target_path': 'None', 'warn_error_options': 'WarnErrorOptions(include=[], exclude=[])', 'send_anonymous_usage_stats': 'False'}
[0m01:16:47.942503 [info ] [Dummy-1   ]: Registered adapter: snowflake=1.9.2
[0m01:16:48.469466 [debug] [Dummy-1   ]: checksum: 53ed91fada2233efb98368d1716b44ab532c83a9c293cf1890b7905d5b45fb25, vars: {}, profile: , target: dev, version: 1.9.4
[0m01:16:48.897377 [debug] [Dummy-1   ]: Partial parsing enabled: 0 files deleted, 0 files added, 0 files changed.
[0m01:16:48.897990 [debug] [Dummy-1   ]: Partial parsing enabled, no changes found, skipping parsing
[0m01:16:49.136373 [debug] [Dummy-1   ]: Wrote artifact WritableManifest to /tmp/dbt/target/manifest.json
[0m01:16:49.138781 [debug] [Dummy-1   ]: Wrote artifact SemanticManifest to /tmp/dbt/target/semantic_manifest.json
[0m01:16:49.260071 [info ] [Dummy-1   ]: {"name": "FACT_MEMBER_MONTHLY", "resource_type": "model", "package_name": "gn_dw_silver", "original_file_path": "models/gold/fact/FACT_MEMBER_MONTHLY.sql", "unique_id": "model.gn_dw_silver.FACT_MEMBER_MONTHLY", "alias": "FACT_MEMBER_MONTHLY", "config": {"enabled": true, "alias": null, "schema": "GOLD", "database": "GN_DW", "tags": ["gold_pending"], "meta": {}, "group": null, "materialized": "incremental", "incremental_strategy": "append", "batch_size": null, "lookback": 1, "begin": null, "persist_docs": {}, "post-hook": [], "pre-hook": [{"sql": "TRUNCATE TABLE IF EXISTS {{ this }}", "transaction": true, "index": null}], "quoting": {}, "column_types": {}, "full_refresh": false, "unique_key": null, "on_schema_change": "fail", "on_configuration_change": "apply", "grants": {}, "packages": [], "docs": {"show": true, "node_color": null}, "contract": {"enforced": false, "alias_types": true}, "event_time": null, "concurrent_batches": null, "access": "protected"}, "tags": ["gold_pending"], "depends_on": {"macros": ["macro.gn_dw_silver.month_key_clamp", "macro.gn_dw_silver.gold_meta"], "nodes": ["model.gn_dw_silver.CRM_PAYMENT_BILLING", "model.gn_dw_silver.CRM_MEMBER", "model.gn_dw_silver.DIM_REASON", "model.gn_dw_silver.CRM_MEMBER_AMT_CHANGE", "model.gn_dw_silver.FACT_MEMBER_EVENT"]}}
[0m01:16:49.260845 [info ] [Dummy-1   ]: {"name": "assert_fmm_w4_ml_columns", "resource_type": "test", "package_name": "gn_dw_silver", "original_file_path": "tests/assert_fmm_w4_ml_columns.sql", "unique_id": "test.gn_dw_silver.assert_fmm_w4_ml_columns", "alias": "assert_fmm_w4_ml_columns", "config": {"enabled": true, "alias": null, "schema": "dbt_test__audit", "database": null, "tags": [], "meta": {}, "group": null, "materialized": "test", "severity": "error", "store_failures": null, "store_failures_as": null, "where": null, "limit": null, "fail_calc": "count(*)", "warn_if": "!= 0", "error_if": "!= 0"}, "tags": [], "depends_on": {"macros": [], "nodes": ["model.gn_dw_silver.FACT_MEMBER_MONTHLY"]}}
[0m01:16:49.261435 [info ] [Dummy-1   ]: {"name": "not_null_FACT_MEMBER_MONTHLY_CAMPAIGN_SK", "resource_type": "test", "package_name": "gn_dw_silver", "original_file_path": "models/gold/_gold_ready_schema.yml", "unique_id": "test.gn_dw_silver.not_null_FACT_MEMBER_MONTHLY_CAMPAIGN_SK.73fd46fc46", "alias": "not_null_FACT_MEMBER_MONTHLY_CAMPAIGN_SK", "config": {"enabled": true, "alias": null, "schema": "dbt_test__audit", "database": null, "tags": [], "meta": {}, "group": null, "materialized": "test", "severity": "ERROR", "store_failures": null, "store_failures_as": null, "where": null, "limit": null, "fail_calc": "count(*)", "warn_if": "!= 0", "error_if": "!= 0"}, "tags": [], "depends_on": {"macros": ["macro.dbt.test_not_null"], "nodes": ["model.gn_dw_silver.FACT_MEMBER_MONTHLY"]}}
[0m01:16:49.262014 [info ] [Dummy-1   ]: {"name": "not_null_FACT_MEMBER_MONTHLY_MEMBER_DK", "resource_type": "test", "package_name": "gn_dw_silver", "original_file_path": "models/gold/_gold_ready_schema.yml", "unique_id": "test.gn_dw_silver.not_null_FACT_MEMBER_MONTHLY_MEMBER_DK.4692504abd", "alias": "not_null_FACT_MEMBER_MONTHLY_MEMBER_DK", "config": {"enabled": true, "alias": null, "schema": "dbt_test__audit", "database": null, "tags": [], "meta": {}, "group": null, "materialized": "test", "severity": "ERROR", "store_failures": null, "store_failures_as": null, "where": null, "limit": null, "fail_calc": "count(*)", "warn_if": "!= 0", "error_if": "!= 0"}, "tags": [], "depends_on": {"macros": ["macro.dbt.test_not_null"], "nodes": ["model.gn_dw_silver.FACT_MEMBER_MONTHLY"]}}
[0m01:16:49.262558 [info ] [Dummy-1   ]: {"name": "not_null_FACT_MEMBER_MONTHLY_PAYMENT_SK", "resource_type": "test", "package_name": "gn_dw_silver", "original_file_path": "models/gold/_gold_ready_schema.yml", "unique_id": "test.gn_dw_silver.not_null_FACT_MEMBER_MONTHLY_PAYMENT_SK.abfd3e587b", "alias": "not_null_FACT_MEMBER_MONTHLY_PAYMENT_SK", "config": {"enabled": true, "alias": null, "schema": "dbt_test__audit", "database": null, "tags": [], "meta": {}, "group": null, "materialized": "test", "severity": "ERROR", "store_failures": null, "store_failures_as": null, "where": null, "limit": null, "fail_calc": "count(*)", "warn_if": "!= 0", "error_if": "!= 0"}, "tags": [], "depends_on": {"macros": ["macro.dbt.test_not_null"], "nodes": ["model.gn_dw_silver.FACT_MEMBER_MONTHLY"]}}
[0m01:16:49.263168 [info ] [Dummy-1   ]: {"name": "not_null_FACT_MEMBER_MONTHLY_REASON_SK", "resource_type": "test", "package_name": "gn_dw_silver", "original_file_path": "models/gold/_gold_ready_schema.yml", "unique_id": "test.gn_dw_silver.not_null_FACT_MEMBER_MONTHLY_REASON_SK.f8ce6985f0", "alias": "not_null_FACT_MEMBER_MONTHLY_REASON_SK", "config": {"enabled": true, "alias": null, "schema": "dbt_test__audit", "database": null, "tags": [], "meta": {}, "group": null, "materialized": "test", "severity": "ERROR", "store_failures": null, "store_failures_as": null, "where": null, "limit": null, "fail_calc": "count(*)", "warn_if": "!= 0", "error_if": "!= 0"}, "tags": [], "depends_on": {"macros": ["macro.dbt.test_not_null"], "nodes": ["model.gn_dw_silver.FACT_MEMBER_MONTHLY"]}}
[0m01:16:49.263738 [info ] [Dummy-1   ]: {"name": "not_null_FACT_MEMBER_MONTHLY_SPONSORSHIP_SK", "resource_type": "test", "package_name": "gn_dw_silver", "original_file_path": "models/gold/_gold_ready_schema.yml", "unique_id": "test.gn_dw_silver.not_null_FACT_MEMBER_MONTHLY_SPONSORSHIP_SK.49ec4a89dd", "alias": "not_null_FACT_MEMBER_MONTHLY_SPONSORSHIP_SK", "config": {"enabled": true, "alias": null, "schema": "dbt_test__audit", "database": null, "tags": [], "meta": {}, "group": null, "materialized": "test", "severity": "ERROR", "store_failures": null, "store_failures_as": null, "where": null, "limit": null, "fail_calc": "count(*)", "warn_if": "!= 0", "error_if": "!= 0"}, "tags": [], "depends_on": {"macros": ["macro.dbt.test_not_null"], "nodes": ["model.gn_dw_silver.FACT_MEMBER_MONTHLY"]}}
[0m01:16:49.264366 [info ] [Dummy-1   ]: {"name": "relationships_FACT_MEMBER_MONTHLY_CAMPAIGN_SK__CAMPAIGN_SK__ref_DIM_CAMPAIGN_", "resource_type": "test", "package_name": "gn_dw_silver", "original_file_path": "models/gold/_gold_ready_schema.yml", "unique_id": "test.gn_dw_silver.relationships_FACT_MEMBER_MONTHLY_CAMPAIGN_SK__CAMPAIGN_SK__ref_DIM_CAMPAIGN_.bf9b261cf7", "alias": "relationships_FACT_MEMBER_MONT_7c5b44698fc7186edcd45eaf7659a60d", "config": {"enabled": true, "alias": "relationships_FACT_MEMBER_MONT_7c5b44698fc7186edcd45eaf7659a60d", "schema": "dbt_test__audit", "database": null, "tags": [], "meta": {}, "group": null, "materialized": "test", "severity": "ERROR", "store_failures": null, "store_failures_as": null, "where": "CAMPAIGN_SK != 0", "limit": null, "fail_calc": "count(*)", "warn_if": "!= 0", "error_if": "!= 0"}, "tags": [], "depends_on": {"macros": ["macro.dbt.test_relationships", "macro.dbt.get_where_subquery"], "nodes": ["model.gn_dw_silver.DIM_CAMPAIGN", "model.gn_dw_silver.FACT_MEMBER_MONTHLY"]}}
[0m01:16:49.264914 [info ] [Dummy-1   ]: {"name": "relationships_FACT_MEMBER_MONTHLY_MEMBER_DK__MEMBER_DK__ref_DIM_MEMBER_", "resource_type": "test", "package_name": "gn_dw_silver", "original_file_path": "models/gold/_gold_ready_schema.yml", "unique_id": "test.gn_dw_silver.relationships_FACT_MEMBER_MONTHLY_MEMBER_DK__MEMBER_DK__ref_DIM_MEMBER_.80e6832a0c", "alias": "relationships_FACT_MEMBER_MONT_53f1dbedc04314fed8831c443e382e05", "config": {"enabled": true, "alias": "relationships_FACT_MEMBER_MONT_53f1dbedc04314fed8831c443e382e05", "schema": "dbt_test__audit", "database": null, "tags": [], "meta": {}, "group": null, "materialized": "test", "severity": "warn", "store_failures": null, "store_failures_as": null, "where": null, "limit": null, "fail_calc": "count(*)", "warn_if": "!= 0", "error_if": "!= 0"}, "tags": [], "depends_on": {"macros": ["macro.dbt.test_relationships", "macro.dbt.get_where_subquery"], "nodes": ["model.gn_dw_silver.DIM_MEMBER", "model.gn_dw_silver.FACT_MEMBER_MONTHLY"]}}
[0m01:16:49.265468 [info ] [Dummy-1   ]: {"name": "relationships_FACT_MEMBER_MONTHLY_PAYMENT_SK__PAYMENT_SK__ref_DIM_PAYMENT_", "resource_type": "test", "package_name": "gn_dw_silver", "original_file_path": "models/gold/_gold_ready_schema.yml", "unique_id": "test.gn_dw_silver.relationships_FACT_MEMBER_MONTHLY_PAYMENT_SK__PAYMENT_SK__ref_DIM_PAYMENT_.7172472640", "alias": "relationships_FACT_MEMBER_MONT_bd4269a397003d89091c388dea94b683", "config": {"enabled": true, "alias": "relationships_FACT_MEMBER_MONT_bd4269a397003d89091c388dea94b683", "schema": "dbt_test__audit", "database": null, "tags": [], "meta": {}, "group": null, "materialized": "test", "severity": "ERROR", "store_failures": null, "store_failures_as": null, "where": "PAYMENT_SK != 0", "limit": null, "fail_calc": "count(*)", "warn_if": "!= 0", "error_if": "!= 0"}, "tags": [], "depends_on": {"macros": ["macro.dbt.test_relationships", "macro.dbt.get_where_subquery"], "nodes": ["model.gn_dw_silver.DIM_PAYMENT", "model.gn_dw_silver.FACT_MEMBER_MONTHLY"]}}
[0m01:16:49.266028 [info ] [Dummy-1   ]: {"name": "relationships_FACT_MEMBER_MONTHLY_REASON_SK__REASON_SK__ref_DIM_REASON_", "resource_type": "test", "package_name": "gn_dw_silver", "original_file_path": "models/gold/_gold_ready_schema.yml", "unique_id": "test.gn_dw_silver.relationships_FACT_MEMBER_MONTHLY_REASON_SK__REASON_SK__ref_DIM_REASON_.8a12a3a3fa", "alias": "relationships_FACT_MEMBER_MONT_58e5a346c13da46a3c2c679448547078", "config": {"enabled": true, "alias": "relationships_FACT_MEMBER_MONT_58e5a346c13da46a3c2c679448547078", "schema": "dbt_test__audit", "database": null, "tags": [], "meta": {}, "group": null, "materialized": "test", "severity": "ERROR", "store_failures": null, "store_failures_as": null, "where": "REASON_SK != 0", "limit": null, "fail_calc": "count(*)", "warn_if": "!= 0", "error_if": "!= 0"}, "tags": [], "depends_on": {"macros": ["macro.dbt.test_relationships", "macro.dbt.get_where_subquery"], "nodes": ["model.gn_dw_silver.DIM_REASON", "model.gn_dw_silver.FACT_MEMBER_MONTHLY"]}}
[0m01:16:49.266586 [info ] [Dummy-1   ]: {"name": "relationships_FACT_MEMBER_MONTHLY_SPONSORSHIP_SK__SPONSORSHIP_SK__ref_DIM_SPONSORSHIP_", "resource_type": "test", "package_name": "gn_dw_silver", "original_file_path": "models/gold/_gold_ready_schema.yml", "unique_id": "test.gn_dw_silver.relationships_FACT_MEMBER_MONTHLY_SPONSORSHIP_SK__SPONSORSHIP_SK__ref_DIM_SPONSORSHIP_.76de336439", "alias": "relationships_FACT_MEMBER_MONT_d677cc0b6a5723dcf6d178c32ecc9354", "config": {"enabled": true, "alias": "relationships_FACT_MEMBER_MONT_d677cc0b6a5723dcf6d178c32ecc9354", "schema": "dbt_test__audit", "database": null, "tags": [], "meta": {}, "group": null, "materialized": "test", "severity": "ERROR", "store_failures": null, "store_failures_as": null, "where": "SPONSORSHIP_SK != 0", "limit": null, "fail_calc": "count(*)", "warn_if": "!= 0", "error_if": "!= 0"}, "tags": [], "depends_on": {"macros": ["macro.dbt.test_relationships", "macro.dbt.get_where_subquery"], "nodes": ["model.gn_dw_silver.DIM_SPONSORSHIP", "model.gn_dw_silver.FACT_MEMBER_MONTHLY"]}}
[0m01:16:49.267135 [info ] [Dummy-1   ]: {"name": "warn_fmm_reason_unmapped_f_rows", "resource_type": "test", "package_name": "gn_dw_silver", "original_file_path": "tests/warn_fmm_reason_unmapped_f_rows.sql", "unique_id": "test.gn_dw_silver.warn_fmm_reason_unmapped_f_rows", "alias": "warn_fmm_reason_unmapped_f_rows", "config": {"enabled": true, "alias": null, "schema": "dbt_test__audit", "database": null, "tags": [], "meta": {}, "group": null, "materialized": "test", "severity": "warn", "store_failures": null, "store_failures_as": null, "where": null, "limit": null, "fail_calc": "count(*)", "warn_if": "!= 0", "error_if": "!= 0"}, "tags": [], "depends_on": {"macros": [], "nodes": ["model.gn_dw_silver.FACT_MEMBER_MONTHLY"]}}
[0m01:16:49.268820 [debug] [Dummy-1   ]: Resource report: {"command_name": "list", "command_success": true, "command_wall_clock_time": 1.6692462, "process_in_blocks": "0", "process_kernel_time": 1.09, "process_mem_max_rss": "423188", "process_out_blocks": "0", "process_user_time": 4.2}
[0m01:16:49.269418 [debug] [Dummy-1   ]: Command `cli list` succeeded at 01:16:49.269176 after 1.67 seconds
[0m01:16:49.269995 [debug] [Dummy-1   ]: Flushing usage events
