테이블명,GRAIN,테이블유형,컬럼명,타입,NULLABLE,키,FK_타깃,설명,주의_제약(DDL)
DIM_AD_CREATIVE,광고소재/매체,DIMENSION,AD_CREATIVE_SK,"NUMBER(38,0)",N,PK,,"광고소재 대리키 (ETL 일련번호, PK)",
DIM_AD_CREATIVE,광고소재/매체,DIMENSION,AD_CREATIVE_BK,VARCHAR,N,BK,,"광고소재 업무키(BK, 자연키)",
DIM_AD_CREATIVE,광고소재/매체,DIMENSION,MEDIA_NAME,VARCHAR,Y,,,매체명/공동브랜드(#11),
DIM_AD_CREATIVE,광고소재/매체,DIMENSION,PLATFORM,VARCHAR,Y,,,플랫폼(#12),
DIM_AD_CREATIVE,광고소재/매체,DIMENSION,PLATFORM_TYPE,VARCHAR,Y,,,플랫폼/매체유형(#13),
DIM_AD_CREATIVE,광고소재/매체,DIMENSION,CREATIVE,VARCHAR,Y,,,소재(#20),
DIM_AD_CREATIVE,광고소재/매체,DIMENSION,CM_POSITION,VARCHAR,Y,,,CM위치(#21),
DIM_AD_CREATIVE,광고소재/매체,DIMENSION,RT_TYPE,VARCHAR,Y,,,RT유형,
DIM_AD_CREATIVE,광고소재/매체,DIMENSION,AD_TYPE,VARCHAR,Y,,,소재 광고유형. ⚠️코어 FACT_AD_PERFORMANCE.AD_SOURCE_TYPE(원천 출처축 DIGITAL/VIDEO/REBROADCAST)과 다른 개념 — WIDE 에서는 AD_CREATIVE_TYPE 으로 노출,
DIM_AD_CREATIVE,광고소재/매체,DIMENSION,TARGET_GROUP,VARCHAR,Y,,,타겟그룹,
DIM_AD_CREATIVE,광고소재/매체,DIMENSION,DW_SOURCE_SYSTEM,VARCHAR,N,,,원천 시스템 식별 (공통감사),공통감사
DIM_AD_CREATIVE,광고소재/매체,DIMENSION,DW_LOAD_TS,TIMESTAMP_NTZ,N,,,최초 적재 시각 (공통감사),공통감사
DIM_AD_CREATIVE,광고소재/매체,DIMENSION,DW_UPDATE_TS,TIMESTAMP_NTZ,Y,,,최종 갱신 시각 (공통감사),공통감사
DIM_AD_CREATIVE,광고소재/매체,DIMENSION,DW_BATCH_ID,VARCHAR,Y,,,적재 배치 식별자 = dbt invocation_id (공통감사),공통감사
DIM_BUDGET_ITEM,예산 세세목,DIMENSION,BUDGET_ITEM_SK,"NUMBER(38,0)",N,PK,,"예산 세세목 대리키 (ETL 일련번호, PK)",
DIM_BUDGET_ITEM,예산 세세목,DIMENSION,BUDGET_ITEM_NAME,VARCHAR,Y,,,세세목명,
DIM_BUDGET_ITEM,예산 세세목,DIMENSION,BUDGET_CATEGORY,VARCHAR,Y,,,예산구분,
DIM_BUDGET_ITEM,예산 세세목,DIMENSION,DW_SOURCE_SYSTEM,VARCHAR,N,,,원천 시스템 식별 (공통감사),공통감사
DIM_BUDGET_ITEM,예산 세세목,DIMENSION,DW_LOAD_TS,TIMESTAMP_NTZ,N,,,최초 적재 시각 (공통감사),공통감사
DIM_BUDGET_ITEM,예산 세세목,DIMENSION,DW_UPDATE_TS,TIMESTAMP_NTZ,Y,,,최종 갱신 시각 (공통감사),공통감사
DIM_BUDGET_ITEM,예산 세세목,DIMENSION,DW_BATCH_ID,VARCHAR,Y,,,적재 배치 식별자 = dbt invocation_id (공통감사),공통감사
DIM_CAMPAIGN,1캠페인,DIMENSION,CAMPAIGN_SK,"NUMBER(38,0)",N,PK,,"캠페인 대리키 (ETL 일련번호, PK)",
DIM_CAMPAIGN,1캠페인,DIMENSION,CAMPAIGN_BK,VARCHAR,N,BK,,"캠페인 업무키(BK, 자연키)",
DIM_CAMPAIGN,1캠페인,DIMENSION,BRAND,VARCHAR,Y,,,공통브랜드(#117),
DIM_CAMPAIGN,1캠페인,DIMENSION,PARENT_CAMPAIGN,VARCHAR,Y,,,상위캠페인 코드(#119) — 자기참조 키(값 도메인 = CAMPAIGN_BK). 🔴 라벨이 아니다. 사람이 읽는 이름은 PARENT_CAMPAIGN_NAME 을 쓴다(O37 신설),
DIM_CAMPAIGN,1캠페인,DIMENSION,CAMPAIGN_NAME,VARCHAR,Y,,,캠페인명(#18·120·147),
DIM_CAMPAIGN,1캠페인,DIMENSION,PROMO_METHOD,VARCHAR,Y,,,"홍보방법 원천코드(#118, 원천 PR_MTH_CD · 코드사전 CM008). 🔴 라벨이 아니라 숫자 코드다 — 사람·Agent 가 읽는 이름은 PROMO_METHOD_NAME 을 쓴다(O37 신설)",
DIM_CAMPAIGN,1캠페인,DIMENSION,CAMPAIGN_TYPE,VARCHAR,Y,,,"캠페인 유형(#17) = 캠페인 카테고리 라벨(SILVER MM294, 56종). 예: 국내사례캠페인·굿즈캠페인·해외캠페인. ⚠️숫자코드 아님(2026-07-16 라벨화)",
DIM_CAMPAIGN,1캠페인,DIMENSION,DOMESTIC_OVERSEAS,VARCHAR,Y,,,국내/해외(#15) = SILVER CMPGN_TYPE1_NM(MM295): 국내 / 통합 / 해외. (종전 전건 NULL — 2026-07-16 BRONZE 재입고로 채움),
DIM_CAMPAIGN,1캠페인,DIMENSION,BIZ_CASE_TYPE,VARCHAR,Y,,,사업/사례(#16) = SILVER CMPGN_TYPE2_NM(MM296): 굿즈 / 기타 / 사례 / 사업. ⚠️종전 모델이 유형1(국내/해외)을 여기 매핑한 의미혼입을 2026-07-16 교정,
DIM_CAMPAIGN,1캠페인,DIMENSION,INFLOW_PATH,VARCHAR,Y,,,개발인입경로 라벨(SILVER MM293). 예: 디지털·방송·영상광고·지역개발·마케팅콜개발·대면모금·직원개발. 🔴 이 축은 **모집 채널**이다 — 2026-07-16 신설 시 「현업 주요캠페인 분류축」이라 적었던 표기는 거짓이므로 회수한다(O37). 캠페인 카테고리 = CAMPAIGN_TYPE(MM294) · 상위캠페인 = PARENT_CAMPAIGN_NAME,
DIM_CAMPAIGN,1캠페인,DIMENSION,MARKETING_CAMPAIGN,VARCHAR,Y,,,마케팅캠페인명(SILVER MK_CMPGN_NM). Q16 해소(2026-07-16 신설),
DIM_CAMPAIGN,1캠페인,DIMENSION,CAMPAIGN_OPEN_DATE,DATE,Y,,,오픈일자(#19),
DIM_CAMPAIGN,1캠페인,DIMENSION,ORG_SK,"NUMBER(38,0)",Y,FK,DIM_ORG.ORG_SK,캠페인 귀속조직,
DIM_CAMPAIGN,1캠페인,DIMENSION,PARENT_CAMPAIGN_NAME,VARCHAR,Y,,,"상위캠페인명 — 코드 PARENT_CAMPAIGN(자기참조 CAMPAIGN_BK)을 DIM_CAMPAIGN 자기조인으로 해소한 라벨. 현업 ""주요캠페인"" 계열 축. ⚠️ 상위가 없는 캠페인은 NULL 이며 '(미매핑)'으로 창작하지 않는다(P21). ⚠️ 캠페인 카테고리 축과 다르다 — 카테고리는 CAMPAIGN_TYPE(MM294)이다",
DIM_CAMPAIGN,1캠페인,DIMENSION,PROMO_METHOD_NAME,VARCHAR,Y,,,홍보방법명 — 코드 PROMO_METHOD(원천 PR_MTH_CD)를 코드사전 CM008 로 해소한 라벨. 실제값 계열: PC배너광고(DA)·M배너광고(DA)·PC검색광고(SA)·M검색광고(SA)·TM·TS·PC캠페인-홈페이지·M캠페인-홈페이지·온라인·오프라인·APP캠페인·기존회원메일·기타 등. ⚠️ 원천 PR_MTH_CD 가 없는 캠페인은 NULL 이며 '(미매핑)'으로 창작하지 않는다(P21). ⚠️ USE_YN 무필터 조인,
DIM_CAMPAIGN,1캠페인,DIMENSION,DW_SOURCE_SYSTEM,VARCHAR,N,,,원천 시스템 식별 (공통감사),공통감사
DIM_CAMPAIGN,1캠페인,DIMENSION,DW_LOAD_TS,TIMESTAMP_NTZ,N,,,최초 적재 시각 (공통감사),공통감사
DIM_CAMPAIGN,1캠페인,DIMENSION,DW_UPDATE_TS,TIMESTAMP_NTZ,Y,,,최종 갱신 시각 (공통감사),공통감사
DIM_CAMPAIGN,1캠페인,DIMENSION,DW_BATCH_ID,VARCHAR,Y,,,적재 배치 식별자 = dbt invocation_id (공통감사),공통감사
DIM_CAMPAIGN,1캠페인,DIMENSION,MKTG_CAMPAIGN_SK,"NUMBER(38,0)",Y,FK,DIM_MARKETING_CAMPAIGN.MKTG_CAMPAIGN_SK,[O45] 마케팅캠페인 대리키 (FK→DIM_MARKETING_CAMPAIGN). 광고(AGENCY)와 개발실적(CRM)을 잇는 conformed 축. 0=미매핑. 🔴개발캠페인 grain 으로 광고비를 내리면 대규모 팬아웃이 발생한다(팬아웃 배수·마케팅캠페인당 개발캠페인 분포·광고 도달 범위는 문서10 §26) — 결합은 마케팅캠페인 grain 에서만 할 것,
DIM_DATE,1일,DIMENSION,DATE_SK,"NUMBER(8,0)",N,PK,,YYYYMMDD,
DIM_DATE,1일,DIMENSION,FULL_DATE,DATE,Y,,,실제 일자,
DIM_DATE,1일,DIMENSION,YEAR,"NUMBER(4,0)",Y,,,년,
DIM_DATE,1일,DIMENSION,MONTH,"NUMBER(2,0)",Y,,,월,
DIM_DATE,1일,DIMENSION,MONTH_KEY,"NUMBER(6,0)",Y,,,YYYYMM (월팩트 conform),
DIM_DATE,1일,DIMENSION,DAY,"NUMBER(2,0)",Y,,,일,
DIM_DATE,1일,DIMENSION,DAY_OF_WEEK,VARCHAR,Y,,,요일,
DIM_DATE,1일,DIMENSION,WEEK_OF_YEAR,"NUMBER(2,0)",Y,,,주차,
DIM_DATE,1일,DIMENSION,QUARTER,"NUMBER(1,0)",Y,,,분기,
DIM_DATE,1일,DIMENSION,IS_HOLIDAY,BOOLEAN,Y,,,휴일여부,
DIM_DATE,1일,DIMENSION,DW_SOURCE_SYSTEM,VARCHAR,N,,,원천 시스템 식별 (공통감사),공통감사
DIM_DATE,1일,DIMENSION,DW_LOAD_TS,TIMESTAMP_NTZ,N,,,최초 적재 시각 (공통감사),공통감사
DIM_DATE,1일,DIMENSION,DW_UPDATE_TS,TIMESTAMP_NTZ,Y,,,최종 갱신 시각 (공통감사),공통감사
DIM_DATE,1일,DIMENSION,DW_BATCH_ID,VARCHAR,Y,,,적재 배치 식별자 = dbt invocation_id (공통감사),공통감사
DIM_DEVICE,1디바이스,DIMENSION,DEVICE_SK,"NUMBER(38,0)",N,PK,,"디바이스 대리키 (해시 SK, PK). 단 (unknown)=0 센티넬 · -1 미사용",
DIM_DEVICE,1디바이스,DIMENSION,DEVICE_TYPE,VARCHAR,Y,,,"PC / M / APP / (해당없음) / (unknown). (해당없음)=방송광고(기기개념 부재, DEC-10) · APP=GA4 platform=WEB 단일로 현 데이터 미생성(G-5)",
DIM_DEVICE,1디바이스,DIMENSION,DEVICE_SCOPE_DESC,VARCHAR,Y,,,멤버 의미 자기설명(DEC-10). 팩트 조인·문서 참조 없이 차원만 조회해도 (해당없음)의 뜻을 알 수 있게 하는 장치,
DIM_DEVICE,1디바이스,DIMENSION,DW_SOURCE_SYSTEM,VARCHAR,N,,,원천 시스템 식별 (공통감사),공통감사
DIM_DEVICE,1디바이스,DIMENSION,DW_LOAD_TS,TIMESTAMP_NTZ,N,,,최초 적재 시각 (공통감사),공통감사
DIM_DEVICE,1디바이스,DIMENSION,DW_UPDATE_TS,TIMESTAMP_NTZ,Y,,,최종 갱신 시각 (공통감사),공통감사
DIM_DEVICE,1디바이스,DIMENSION,DW_BATCH_ID,VARCHAR,Y,,,적재 배치 식별자 = dbt invocation_id (공통감사),공통감사
DIM_EVENT,1행사/이벤트,DIMENSION,EVENT_SK,"NUMBER(38,0)",N,PK,,"행사 대리키 (ETL 일련번호, PK)",
DIM_EVENT,1행사/이벤트,DIMENSION,EVENT_BK,VARCHAR,N,BK,,"행사 업무키(BK, 자연키)",
DIM_EVENT,1행사/이벤트,DIMENSION,EVENT_KIND,VARCHAR,Y,,,행사종류 코드 raw(EVENT/CRMN). 라벨=EVENT_KIND_NAME,
DIM_EVENT,1행사/이벤트,DIMENSION,EVENT_KIND_NAME,VARCHAR,Y,,,행사종류명(라벨). EVENT→일반행사·CRMN→캠페인행사,
DIM_EVENT,1행사/이벤트,DIMENSION,EVENT_CATEGORY,VARCHAR,Y,,,행사구분,
DIM_EVENT,1행사/이벤트,DIMENSION,EVENT_NAME,VARCHAR,Y,,,행사명,
DIM_EVENT,1행사/이벤트,DIMENSION,EVENT_START_DATE,DATE,Y,,,행사기간 시작(05 3-6),
DIM_EVENT,1행사/이벤트,DIMENSION,EVENT_END_DATE,DATE,Y,,,행사기간 종료(05 3-6),
DIM_EVENT,1행사/이벤트,DIMENSION,APPLY_CHANNEL,VARCHAR,Y,,,신청경로,
DIM_EVENT,1행사/이벤트,DIMENSION,RECRUIT_HEADCOUNT,"NUMBER(38,0)",Y,,,[DEC-30] 모집인원 ← CRM_EVENT.RCRIT_PSNNL_CO. 채움 규모·종수는 문서10 §26. 🔴행사 속성이므로 참여 팩트가 아니라 행사 차원이 정본 — 참여행 반복 시 SUM 이 대규모 과대계상된다(배수·행사 참값은 문서10 §26). 행사 단위로만 합산,
DIM_EVENT,1행사/이벤트,DIMENSION,DW_SOURCE_SYSTEM,VARCHAR,N,,,원천 시스템 식별 (공통감사),공통감사
DIM_EVENT,1행사/이벤트,DIMENSION,DW_LOAD_TS,TIMESTAMP_NTZ,N,,,최초 적재 시각 (공통감사),공통감사
DIM_EVENT,1행사/이벤트,DIMENSION,DW_UPDATE_TS,TIMESTAMP_NTZ,Y,,,최종 갱신 시각 (공통감사),공통감사
DIM_EVENT,1행사/이벤트,DIMENSION,DW_BATCH_ID,VARCHAR,Y,,,적재 배치 식별자 = dbt invocation_id (공통감사),공통감사
DIM_EVENT,1행사/이벤트,DIMENSION,EVENT_CATEGORY_GROUP,VARCHAR,Y,,,행사구분 코드군 ID (조인키 · EVENT_KIND=일반행사→MS286 · 캠페인행사→MS002). 🔴원천별로 코드체계가 완전히 다르다(겹침 없음) — EVENT_CATEGORY 를 단독 필터·GROUP BY 하면 두 체계가 섞인다. 이 컬럼 또는 EVENT_KIND 를 동반할 것,
DIM_EVENT,1행사/이벤트,DIMENSION,EVENT_CATEGORY_NAME,VARCHAR,Y,,,행사구분 라벨 (코드사전 CRM_CODE 조인 산물 · 등급 B 배타 확정). 사전 미등재 코드는 NULL 유지(라벨 창작 금지 · DEC-17-B),
DIM_GA_EVENT,GA 이벤트분류,DIMENSION,GA_EVENT_SK,"NUMBER(38,0)",N,PK,,"GA 이벤트 대리키 (ETL 일련번호, PK)",
DIM_GA_EVENT,GA 이벤트분류,DIMENSION,EVENT_CATEGORY,VARCHAR,Y,,,이벤트 카테고리(#99),
DIM_GA_EVENT,GA 이벤트분류,DIMENSION,EVENT_LABEL,VARCHAR,Y,,,이벤트 라벨(#100),
DIM_GA_EVENT,GA 이벤트분류,DIMENSION,EVENT_ACTION,VARCHAR,Y,,,이벤트 액션(#101),
DIM_GA_EVENT,GA 이벤트분류,DIMENSION,DW_SOURCE_SYSTEM,VARCHAR,N,,,원천 시스템 식별 (공통감사),공통감사
DIM_GA_EVENT,GA 이벤트분류,DIMENSION,DW_LOAD_TS,TIMESTAMP_NTZ,N,,,최초 적재 시각 (공통감사),공통감사
DIM_GA_EVENT,GA 이벤트분류,DIMENSION,DW_UPDATE_TS,TIMESTAMP_NTZ,Y,,,최종 갱신 시각 (공통감사),공통감사
DIM_GA_EVENT,GA 이벤트분류,DIMENSION,DW_BATCH_ID,VARCHAR,Y,,,적재 배치 식별자 = dbt invocation_id (공통감사),공통감사
DIM_GA_SOURCE,GA 트래픽소스,DIMENSION,GA_SOURCE_SK,"NUMBER(38,0)",N,PK,,"GA 트래픽소스 대리키 (ETL 일련번호, PK)",
DIM_GA_SOURCE,GA 트래픽소스,DIMENSION,UTM_SOURCE,VARCHAR,Y,,,source,
DIM_GA_SOURCE,GA 트래픽소스,DIMENSION,UTM_MEDIUM,VARCHAR,Y,,,medium,
DIM_GA_SOURCE,GA 트래픽소스,DIMENSION,UTM_CONTENT,VARCHAR,Y,,,세션 수동 광고 콘텐츠(#103),
DIM_GA_SOURCE,GA 트래픽소스,DIMENSION,UTM_TERM,VARCHAR,Y,,,세션 수동 검색어(#104),
DIM_GA_SOURCE,GA 트래픽소스,DIMENSION,SOURCE_MEDIUM,VARCHAR,Y,,,세션 소스/매체(#109),
DIM_GA_SOURCE,GA 트래픽소스,DIMENSION,DEFAULT_CHANNEL_GROUP,VARCHAR,Y,,,[DEC-30] GA4 표준 채널그룹 ← GA4_TRAFFIC_SOURCE.DEFAULT_CHANNEL_GROUP. 전건 채움 · grain 에 대한 함수종속률과 다중 사례는 문서10 §26 이라 MAX() 대표값. ⚠️SOURCE_MEDIUM(파생 문자열)과 다른 개념 — GA4 가 산정한 표준 분류다,
DIM_GA_SOURCE,GA 트래픽소스,DIMENSION,DW_SOURCE_SYSTEM,VARCHAR,N,,,원천 시스템 식별 (공통감사),공통감사
DIM_GA_SOURCE,GA 트래픽소스,DIMENSION,DW_LOAD_TS,TIMESTAMP_NTZ,N,,,최초 적재 시각 (공통감사),공통감사
DIM_GA_SOURCE,GA 트래픽소스,DIMENSION,DW_UPDATE_TS,TIMESTAMP_NTZ,Y,,,최종 갱신 시각 (공통감사),공통감사
DIM_GA_SOURCE,GA 트래픽소스,DIMENSION,DW_BATCH_ID,VARCHAR,Y,,,적재 배치 식별자 = dbt invocation_id (공통감사),공통감사
DIM_MARKETING_CAMPAIGN,[O45] 마케팅캠페인 conformed 차원 (마스터 전량 + Unknown 센티넬),DIMENSION,MKTG_CAMPAIGN_SK,"NUMBER(38,0)",N,PK,,대리키 = gold_sk(MK_CMPGN_CD). 0 = (미매핑) Unknown 멤버,
DIM_MARKETING_CAMPAIGN,[O45] 마케팅캠페인 conformed 차원 (마스터 전량 + Unknown 센티넬),DIMENSION,MKTG_CAMPAIGN_BK,VARCHAR,Y,BK,,업무키 = 원천 MK_CMPGN_CD (SILVER.CRM_MARKETING_CAMPAIGN),
DIM_MARKETING_CAMPAIGN,[O45] 마케팅캠페인 conformed 차원 (마스터 전량 + Unknown 센티넬),DIMENSION,MKTG_CAMPAIGN_NAME,VARCHAR,Y,,,마케팅캠페인명. 🔴광고측(AGENCY CAMPAIGN_NM)과의 **조인 키**다 — 이름매칭이 유일 경로다(AGENCY 원천 3종에 캠페인 코드 컬럼이 없다). 광고 도달·미도달 커버리지는 문서10 §26 이며 미도달은 SK=0 으로 간다,
DIM_MARKETING_CAMPAIGN,[O45] 마케팅캠페인 conformed 차원 (마스터 전량 + Unknown 센티넬),DIMENSION,USE_YN,VARCHAR,Y,,,사용여부(원천 그대로 — 폐지분도 과거 실적에 붙으므로 제외하지 않는다),
DIM_MARKETING_CAMPAIGN,[O45] 마케팅캠페인 conformed 차원 (마스터 전량 + Unknown 센티넬),DIMENSION,DEV_CAMPAIGN_CNT,"NUMBER(38,0)",Y,,,🔴**팬아웃 경고축**: 이 마케팅캠페인에 매달린 개발캠페인 수. 1 보다 크면 개발캠페인 단위로 광고비를 내릴 때 그 배수만큼 복제된다. 모집단별(마스터 전체 / 광고 도달분 한정) 평균·최대·합과 naive 조인 팬아웃 배수는 문서10 §26. 결합은 마케팅캠페인 grain 에서만 할 것,
DIM_MARKETING_CAMPAIGN,[O45] 마케팅캠페인 conformed 차원 (마스터 전량 + Unknown 센티넬),DIMENSION,DW_SOURCE_SYSTEM,VARCHAR,N,,,원천 시스템 식별 (공통감사),공통감사
DIM_MARKETING_CAMPAIGN,[O45] 마케팅캠페인 conformed 차원 (마스터 전량 + Unknown 센티넬),DIMENSION,DW_LOAD_TS,TIMESTAMP_NTZ,N,,,최초 적재 시각 (공통감사),공통감사
DIM_MARKETING_CAMPAIGN,[O45] 마케팅캠페인 conformed 차원 (마스터 전량 + Unknown 센티넬),DIMENSION,DW_UPDATE_TS,TIMESTAMP_NTZ,Y,,,최종 갱신 시각 (공통감사),공통감사
DIM_MARKETING_CAMPAIGN,[O45] 마케팅캠페인 conformed 차원 (마스터 전량 + Unknown 센티넬),DIMENSION,DW_BATCH_ID,VARCHAR,Y,,,적재 배치 식별자 = dbt invocation_id (공통감사),공통감사
DIM_MEMBER,회원 상태버전,DIMENSION,MEMBER_SK,"NUMBER(38,0)",N,PK,,버전 대리키,
DIM_MEMBER,회원 상태버전,DIMENSION,MEMBER_DK,VARCHAR,N,DK,,불변 회원키(조인용),"SCD2 다중버전 — FK 대상 불가, 현재행 경유 조인; [실측06-30]VARCHAR(10): 일시 비숫자·정기 leading-zero→NUMBER 금지·충돌0 접두불요"
DIM_MEMBER,회원 상태버전,DIMENSION,SEX,VARCHAR,Y,,,성별 원천코드 raw — BRONZE TM_MM_FDRM_MBER_INFO.SEX(정본 코드그룹 CM013). 1국내남·2국내여·3외국남·4외국여·5외국기타·6단체·7기업·8기타(+0 사전부재). 🔴 정본 비고가 '성별만으로는 사용하지는 않음'을 명시 — 성별 단일축은 GENDER_NAME 을 쓴다. 라벨=SEX_NM(원천)·GENDER_NAME(분석),
DIM_MEMBER,회원 상태버전,DIMENSION,SEX_NM,VARCHAR,Y,,,CM013 원천 라벨 그대로(국내(남자)/국내(여자)/외국인(남자)/외국인(여자)/외국인(기타)/단체/기업/기타). 국내·외국인 축 보존용 — 이 축은 CM013 만 보유한다,
DIM_MEMBER,회원 상태버전,DIMENSION,GENDER_NAME,VARCHAR,Y,,,성별(#130) 분석 라벨 — 코드사전 CM017 라벨 그대로: 남자/여자/기타/단체/기업. 정본 공#130 값 정의 '남/여/기업/단체/기타' 와 일치. ⚠️CM017 은 정본 컬럼정의서가 어떤 컬럼에도 지정하지 않은 그룹(현업 확인 대상). ⚠️종전 하드코딩 '여성/남성/미상'은 정본 5종을 3종으로 축약하고 법인·단체를 '미상'으로 오라벨했다(O26 교정),
DIM_MEMBER,회원 상태버전,DIMENSION,AREA_CD,VARCHAR,Y,,,지역 코드 raw — CM018(18종) + sentinel '0'(라벨 없음). 라벨=REGION. [O27] 개발약정(CRM_MEMBER_DEV) **시점 스냅샷**이며 SCD2 버전별로 다를 수 있다. 판정근거: CM018 사전 18종 × 실적재 distinct 18종 = 18/18 일치 · 정본 공#131 지역정의가 약칭이라 CM011(정식명) 아님,
DIM_MEMBER,회원 상태버전,DIMENSION,REGION,VARCHAR,Y,,,지역 (#131) — CM018 약칭 라벨(서울/경기/인천/강원…). 코드=AREA_CD. [O27] 시점귀속(as-of): 그 버전 EFFECTIVE_FROM 이하 최근 개발약정의 값. 적중 규모는 문서10 §26. ⚠️ONCE(일시회원)는 개발약정에 행이 없어 NULL — '(해당없음)'이 아니다(개념은 있고 원천이 없다). sentinel AREA_CD='0' 도 라벨 NULL,
DIM_MEMBER,회원 상태버전,DIMENSION,AGE,"NUMBER(2,0)",Y,,,연령대 코드 raw — CM014(1~12). 🔴**연속형 나이가 아니다**: 1=10대미만·2=10대·3=20대·4=30대·5=40대·6=50대·7=60대·8=70대·9=70대이상·10=단체·11=기업·12=기타. 라벨=AGE_BAND. 판정근거: CM014 사전 종수 = 실적재 종수 전건 일치 · 독립 교차검증 AGE='10'(단체)는 전건 SEX='6'(단체) · AGE='11'(기업)은 전건 SEX='7'(기업) — 규모는 문서10 §26. ⚠️BRONZE TM_MM_FDRM_MBER_DVLP_AMT.AGE COMMENT '연령'(NUMBER)은 오류다,
DIM_MEMBER,회원 상태버전,DIMENSION,AGE_BAND,VARCHAR,Y,,,연령대 — CM014 라벨. 코드=AGE. [O27] 시점귀속(as-of) · 적중 규모는 문서10 §26. 🔴구간을 우리가 만든 것이 아니라 **원천이 이미 구간화**해 제공한다(DEC-28 §18-B 로 DEC-27 §17-C '구간 정의 없음→보류' 판정을 정정). ⚠️생년월일(MBER_BIRTHDAY) 입고는 이 컬럼의 선행조건이 아니다 — 시점정확 연령에만 필요. ⚠️ONCE 는 NULL,
DIM_MEMBER,회원 상태버전,DIMENSION,MBER_STAT_CD,VARCHAR,Y,,,"회원상태 원천코드 raw(#132, MM010) — 정본 명칭 '회원상태코드'. SCD2 버전행은 TH_MM_FDRM_MBER_STNG_DTLS.CHN_STAT_CD(변경상태코드), 무이력행은 TM_MM_FDRM_MBER_INFO.MBER_STAT_CD 에서 온다(둘 다 MM010). 라벨=MEMBER_STATUS_NAME",
DIM_MEMBER,회원 상태버전,DIMENSION,MBER_DIV_CD,VARCHAR,Y,,,회원구분 원천코드 raw — BRONZE MBER_DIV_CD(MM018 1개인·2기업·3단체). 라벨=MEMBER_TYPE_NAME,
DIM_MEMBER,회원 상태버전,DIMENSION,MEMBER_TYPE_NAME,VARCHAR,Y,,,회원구분명(라벨). 원천 CRM_CODE MM018: 1개인·2기업·3단체. 미매핑→미상,
DIM_MEMBER,회원 상태버전,DIMENSION,MEMBER_STATUS_NAME,VARCHAR,Y,,,회원상태명(라벨). 원천 CRM_CODE MM010: 1활동회원·2~6신규미납1~5·7~11장기미납1~5·12후원중단. 미매핑→미상,
DIM_MEMBER,회원 상태버전,DIMENSION,MEMBER_STATUS_GROUP,VARCHAR,Y,,,회원상태 대분류(파생). 1→정상·2~11→미납·12→중단·NULL→미상,
DIM_MEMBER,회원 상태버전,DIMENSION,PREV_MBER_STAT_CD,VARCHAR,Y,,,상태전이 **이전상태** 코드 raw — MM010. 현재상태=MBER_STAT_CD 와 짝지어 전이를 표현한다(이 SCD2 버전행이 곧 전이 사건이므로 fan-out 0). 원천=CRM_MEMBER_STATUS_HIST.BF_STAT_CD(전건 채움 · 종수 MM010 일치 · 규모는 문서10 §26). ⚠️이력 미보유행(FDRM 무이력·ONCE 전체)은 NULL — '이전상태가 없다'가 아니라 '이력이 없다'. ⚠️동일자 다중전이는 최종 전이로 축약된다(중간 단계 소실),
DIM_MEMBER,회원 상태버전,DIMENSION,PREV_MEMBER_STATUS_NAME,VARCHAR,Y,,,이전상태 라벨 — MM010. 코드=PREV_MBER_STAT_CD. 하드코딩 아니라 CRM_CODE 조인(P31). 원천 라벨 BF_STAT_NM 도 MM010 과 100% 일치하나 사전 조인을 정본으로 쓴다. ⚠️개발구분(MM015)은 다른 축 — FACT_MEMBER_EVENT.DVLP_DIV_NM,
DIM_MEMBER,회원 상태버전,DIMENSION,FIRST_JOIN_DATE,DATE,Y,,,최초가입일=회원번호 생성일(#28),
DIM_MEMBER,회원 상태버전,DIMENSION,FIRST_CAMPAIGN,VARCHAR,Y,,,최초캠페인(#29),
DIM_MEMBER,회원 상태버전,DIMENSION,JOIN_PATH_CD,VARCHAR,Y,,,가입경로 원천코드 raw — BRONZE JOIN_PATH_CD(MM014). 라벨=ENROLL_PATH_NAME,
DIM_MEMBER,회원 상태버전,DIMENSION,ENROLL_PATH_NAME,VARCHAR,Y,,,가입경로명(라벨). 원천 CRM_CODE MM014: 홈페이지/CRM/모바일웹/희망TV/외주콜센터/모바일앱/REG/EDU. 미매핑→미상,
DIM_MEMBER,회원 상태버전,DIMENSION,FIRST_SPONSORSHIP,VARCHAR,Y,,,최초 후원사업 — CRM_MEMBER_DEV 최소 발생일(OCCRRNC_DE)의 SPNSR_BSNS_ID. '최초'는 시점 불변이라 as-of 불요(SCD1). 적중 규모는 문서10 §26. ⚠️ONCE 는 개발약정 부재로 NULL. ⚠️**현재 후원사업**은 제공하지 않는다 — 동시 다중후원이 정상이라(비중·최대는 문서10 §26) 단일값이 성립하지 않아 CURRENT_SPONSORSHIP 을 DROP 했다(O13 계열),
DIM_MEMBER,회원 상태버전,DIMENSION,LAST_STOP_DATE,DATE,Y,,,최종 중단일 — 원천 CRM_MEMBER_DISCONTINUE.SPNSR_DSCNTC_DE. 🔴**그 버전 시점까지의 as-of max** 다(단순 max 아님). 단순 max 는 미래 정보를 과거 버전에 누설해 예측 피처(LTV·유지기간 신4·6~8)를 오염시킨다. 적중 규모는 문서10 §26 — 중단 이력이 없는 회원·중단 이전 버전은 NULL,
DIM_MEMBER,회원 상태버전,DIMENSION,EFFECTIVE_FROM,DATE,Y,,,SCD2 유효시작,
DIM_MEMBER,회원 상태버전,DIMENSION,EFFECTIVE_TO,DATE,Y,,,SCD2 유효종료,
DIM_MEMBER,회원 상태버전,DIMENSION,IS_CURRENT,BOOLEAN,Y,,,현재행 여부,
DIM_MEMBER,회원 상태버전,DIMENSION,DW_SOURCE_SYSTEM,VARCHAR,N,,,원천 시스템 식별 (공통감사),공통감사
DIM_MEMBER,회원 상태버전,DIMENSION,DW_LOAD_TS,TIMESTAMP_NTZ,N,,,최초 적재 시각 (공통감사),공통감사
DIM_MEMBER,회원 상태버전,DIMENSION,DW_UPDATE_TS,TIMESTAMP_NTZ,Y,,,최종 갱신 시각 (공통감사),공통감사
DIM_MEMBER,회원 상태버전,DIMENSION,DW_BATCH_ID,VARCHAR,Y,,,적재 배치 식별자 = dbt invocation_id (공통감사),공통감사
DIM_MEMBER,회원 상태버전,DIMENSION,MEMBER_TYPE,VARCHAR,Y,,,"회원 등록계통 구분 — SILVER CRM_MEMBER.MEMBER_TYPE 전파: FDRM=정기회원(TM_MM_FDRM_MBER_INFO) / ONCE=일시회원(TM_MM_ONCE_MBER_INFO) — 모집단 규모는 문서10 §26. 🔴 일시회원은 회원상태(MM010)·가입경로(MM014) 개념이 원천에 없다 — 상태 기반 분포·이탈률·예측 모집단은 FDRM 으로 한정할 것. ⚠️ MEMBER_TYPE_NAME(개인/기업/단체, MM018)은 이 컬럼의 라벨이 아니다 — 완전히 다른 축이며 코드는 MBER_DIV_CD 다",
DIM_MEMBER_ACQUISITION,1회원,DIMENSION,MEMBER_DK,VARCHAR,N,PK,,회원 자연키(= 팩트 조인키). 🔴본 뷰는 **1행 = 1회원**이다(O51-D 실측: base FACT_MEMBER_COHORT 의 행수 = 고유회원 수) ⇒ 팩트와 조인해도 팬아웃 0. 🔴단 **LEFT JOIN 필수** — 개발 사건이 없는 회원은 이 뷰에 존재하지 않는다🔴🔴[O51-D 실측] 손실 규모는 **분모를 무엇으로 잡느냐로 크게 달라진다** — INNER 조인이 잃는 것은 **회원**이므로 **회원 기준 비율이 정본**이다(FMM·FSE·FEP 실측치는 이슈원장 §O51-D-B). ⚠️종전 문안이 쓰던 비율은 **행 가중**이어서 손실을 크게 축소해 보이게 했다(O51-D 정정).,
DIM_MEMBER_ACQUISITION,1회원,DIMENSION,ACQ_CAMPAIGN_SK,"NUMBER(38,0)",Y,,,"획득 캠페인 대리키(FK→DIM_CAMPAIGN). 0=미매핑·부재. 🔴**회원을 처음 데려온** 캠페인이다 — 회비·월실적 팩트의 캠페인 축은 전건 센티넬인데, 그 이유는 원천 부재가 아니라 **다중캠페인 후원의 귀속 규칙이 없었다**는 것이다(O45 판정) 이 뷰가 「획득 시점」이라는 명시된 규칙으로 대체한다(O45·O8 우회).",
DIM_MEMBER_ACQUISITION,1회원,DIMENSION,ACQ_ORG_SK,"NUMBER(38,0)",Y,,,획득 시점 담당조직 대리키(FK→DIM_ORG). 0=미매핑. 🔴「현재 소속」이 아니다. 🔴🔴「부서」는 축이 둘이다 — 개발실적보고의 부서 = **사건 부서**(FACT_MEMBER_EVENT.ORG_SK) · 연간분석(회비)의 부서 = **획득 부서**(이 축). 이름으로 구분되지 않으면 소비 측이 조용히 틀린다(O34 규약).,
DIM_MEMBER_ACQUISITION,1회원,DIMENSION,ACQ_SPONSORSHIP_SK,"NUMBER(38,0)",Y,,,획득 시점 후원사업 대리키(FK→DIM_SPONSORSHIP). 0=미매핑. 🔴🔴회비 **납입 대상** 후원사업(FACT_MEMBER_FEE.SPONSORSHIP_SK)과 **의미가 다르다** — 같은 라벨로 두 축이다. 한 회원이 A 사업으로 가입한 뒤 B 사업에 낼 수 있다.,
DIM_MEMBER_ACQUISITION,1회원,DIMENSION,ACQ_DATE_SK,"NUMBER(8,0)",Y,,,획득일 대리키(FK→DIM_DATE) — 획득 사건의 발생일. 0=캘린더 범위밖·무효. ⚠️회원번호 생성일(DIM_MEMBER_CURRENT.FIRST_JOIN_DATE)과 다르다 — 이 값은 **개발약정 사건일**이다.,
DIM_MEMBER_ACQUISITION,1회원,DIMENSION,ACQ_BASIS,VARCHAR,Y,,,획득 판정 근거. 'NEW'=개발구분 **신규**(MM015 코드 '1') 사건으로 판정 / 'FALLBACK'=신규 사건이 없어 **최초 개발 사건**으로 대체 판정. 🔴FALLBACK 은 획득캠페인 신뢰도가 낮다 — 캠페인·브랜드 비교 시 ACQ_BASIS='NEW' 로 한정할 것을 권한다. ⚠️개발 이력이 아예 없는 중단회원은 획득 캠페인을 알 수 없어 이 뷰에 **존재하지 않는다**(중단 총계는 FACT_MEMBER_EVENT 를 쓴다).,
DIM_MEMBER_ACQUISITION,1회원,DIMENSION,ACQ_DVLP_DIV_CD,VARCHAR,Y,,,획득 사건의 개발구분 코드. 코드그룹 **MM015(개발구분)**. 코드사전 = 1신규·2증액·3감액·4재후원·5후원중단 · 실적재에 **사전 전종이 등장**한다. ⚠️ACQ_BASIS='NEW' 이면 이 값은 항상 '1'이다 — 그 외 값은 FALLBACK 경로를 뜻한다. 🔴MM015 는 회원상태 MM010 이 아니다(두 그룹 모두 '후원중단'을 포함한다).,
DIM_MEMBER_ACQUISITION,1회원,DIMENSION,ACQ_AGE_CD,"NUMBER(2,0)",Y,,,획득 시점 연령대 코드. 코드그룹 **CM014(나이)**. 코드사전 = 1'10대 미만'·2'10대'·3'20대'·4'30대'·5'40대'·6'50대'·7'60대'·8'70대'·9'70대 이상'·10단체·11기업·12기타 · 실적재에 **사전 전종이 등장**한다. 🔴**연속형 나이가 아니다** — 평균·구간 재계산 금지. ⚠️사전 자체에 8'70대'·9'70대 이상'이 의미 중복으로 공존한다. 라벨 = ACQ_AGE_BAND.,
DIM_MEMBER_ACQUISITION,1회원,DIMENSION,ACQ_AGE_BAND,VARCHAR,Y,,,"획득 시점 연령대명(CM014 라벨, 사전 조인 — 하드코딩 아님 P31). 코드 = ACQ_AGE_CD. 🔴**현재 나이가 아니다** — BRONZE 에 생년월일이 없어 현재 연령은 산출 불가(O34). ✅'10대 미만'이 상위인 것은 오류가 아니다 — 편지쓰기대회 계열 캠페인이 학교·부모 DB 를 통해 아동 본인 명의로 약정을 맺기 때문이다. 결측·기본값 오염으로 설명하지 말 것(O34-B).",
DIM_MEMBER_ACQUISITION,1회원,DIMENSION,ACQ_AREA_CD,VARCHAR,Y,,,획득 시점 지역 코드. 코드그룹 **CM018**. 코드사전은 시·도 목록이고 실적재에 **사전 전종 + 라벨 없는 센티넬 '0'** 이 나타난다. ⚠️CM018 의 그룹명은 '신규시도구분'이지만 상세코드는 전부 시·도다. 라벨 = ACQ_REGION.,
DIM_MEMBER_ACQUISITION,1회원,DIMENSION,ACQ_REGION,VARCHAR,Y,,,"획득 시점 지역명(CM018 약칭 라벨, 정본 공#131). 코드 = ACQ_AREA_CD. 🔴**현재 거주지가 아니다** — BRONZE 에 현주소 축이 없다(O34). ⚠️센티넬 '0' 은 사전에 라벨이 없어 NULL 이며 '미상'으로 창작하지 않는다.",
DIM_MEMBER_ACQUISITION,1회원,DIMENSION,ACQ_SEX_CD,VARCHAR,Y,,,획득 시점 성별 코드. 코드그룹 **CM013(성별)**. 실적재(`TM_MM_FDRM_MBER_DVLP_AMT.SEX`)에 **사전 전종 + 사전에 없는 센티넬 '0'** 이 나타난다. 🔴DIM_MEMBER 의 분석 성별(GENDER_NAME·CM017 계열)과 **라벨 체계가 다르다** — 이 축은 국내/외국인 구분을 보존한다. 라벨 = ACQ_GENDER.,
DIM_MEMBER_ACQUISITION,1회원,DIMENSION,ACQ_GENDER,VARCHAR,Y,,,획득 시점 성별명(CM013 라벨): 국내(남자)·국내(여자)·외국인(남자)·외국인(여자)·외국인(기타)·단체·기업·기타. 코드 = ACQ_SEX_CD. 🔴DIM_MEMBER_CURRENT.GENDER_NAME(CM017 · 5종)과 값 집합이 다르다 — 두 축을 같은 표에서 비교하지 말 것. ⚠️센티넬 '0' 은 사전 라벨이 없어 NULL.,
DIM_MEMBER_ACQUISITION,1회원,DIMENSION,ACQ_SPNSR_AMT,"NUMBER(18,0)",Y,,,"획득 사건의 후원금액(원, raw) ← TM_MM_FDRM_MBER_DVLP_AMT.SPNSR_AMT. 🔴**건수로 환산하지 말 것** — 정본 공#38·#151 이 **금액을 만원 단위로 나눈 값**이라는 규약이라 혼용하면 정의가 깨진다(CONF-2). ⚠️획득 시점 약정액이며 이후 증액·감액은 반영되지 않는다(현재 약정액이 아니다).",
DIM_MEMBER_ACQUISITION,1회원,DIMENSION,ACQ_BRAND,VARCHAR,Y,,,획득 캠페인의 브랜드 ← DIM_CAMPAIGN.BRAND. 차원 단독 조회로도 뜻이 통하게 라벨을 비정규화했다(DEC-10). ⚠️ACQ_BASIS='FALLBACK' 인 회원은 귀속 신뢰도가 낮다.,
DIM_MEMBER_ACQUISITION,1회원,DIMENSION,ACQ_CAMPAIGN_NAME,VARCHAR,Y,,,획득 캠페인명 ← DIM_CAMPAIGN.CAMPAIGN_NAME. ⚠️광고비와 결합할 때는 이 축이 아니라 ACQ_MARKETING_CAMPAIGN 을 쓴다 — 개발캠페인 단위로 내리면 광고비가 복제된다(팬아웃).,
DIM_MEMBER_ACQUISITION,1회원,DIMENSION,ACQ_PARENT_CAMPAIGN_NAME,VARCHAR,Y,,,"획득 캠페인의 **상위캠페인**명 ← DIM_CAMPAIGN.PARENT_CAMPAIGN_NAME (원천 UPPER_CMPGN_CD 계층). 🔴캠페인 카테고리(MM294)와 다른 축이다 — 카테고리는 코드 기반 분류, 상위캠페인은 캠페인 자체의 부모다.",
DIM_MEMBER_ACQUISITION,1회원,DIMENSION,ACQ_PROMO_METHOD_NAME,VARCHAR,Y,,,획득 캠페인의 홍보방법명 ← DIM_CAMPAIGN.PROMO_METHOD_NAME. 코드그룹 **CM008(홍보방법)**. [O51-D BRONZE 실측] CM008 사전은 100종을 넘는 대형 그룹이며 채널·랜딩·매체가 한 축에 섞여 있다(PC캠페인-홈페이지·M배너광고(DA)·TM·TS·가두·교회개발·직원개발·서신 등) — 🔴상위 집계가 필요하면 이 축이 아니라 개발인입경로(MM293 · DIM_CAMPAIGN.INFLOW_PATH)를 쓴다.,
DIM_MEMBER_ACQUISITION,1회원,DIMENSION,ACQ_MARKETING_CAMPAIGN,VARCHAR,Y,,,획득 캠페인의 마케팅캠페인(O45 conformed 축) ← DIM_CAMPAIGN.MARKETING_CAMPAIGN (원천 MKTG_CMPGN_NM). 🟢**광고비와 결합하는 정본 축**이다 — 개발캠페인 단위로 내리면 광고비가 복제된다(팬아웃).,
DIM_MEMBER_ACQUISITION,1회원,DIMENSION,ACQ_DEPARTMENT,VARCHAR,Y,,,획득 시점 부서명 ← DIM_ORG.DEPARTMENT. 코드 = ACQ_ORG_SK. 🔴**획득(최초개발) 시점 부서**다 — 개발실적보고의 「부서」(=사건 부서)와 다르다. 사건 부서는 WIDE_MEMBER_EVENT.ORG_DEPARTMENT 를 쓴다(O34 _AT_PLEDGE/_AT_EVENT 규약의 재적용). ⚠️DIM_ORG 는 SCD1(DEC-2)이라 조직 개편 시 과거 사건에도 **현재 조직명**이 붙는다.,
DIM_MEMBER_ACQUISITION,1회원,DIMENSION,ACQ_SPONSORSHIP_NAME,VARCHAR,Y,,,획득 시점 후원사업명 ← DIM_SPONSORSHIP.SPONSORSHIP_NAME(정본 공#123). 코드 = ACQ_SPONSORSHIP_SK. 🔴회비 **납입 대상** 후원사업명(WIDE_MEMBER_FEE.SPONSORSHIP_NAME)과 다른 축이다.,
DIM_MEMBER_ACQUISITION,1회원,DIMENSION,FIRST_STOP_DATE_SK,"NUMBER(8,0)",Y,,,최초 중단일 대리키(FK→DIM_DATE) — 중단원천(EVENT_TYPE='STOP') 기준 최초 사건. 🔴**미중단 회원은 NULL** 이며 0 이 아니다 — 0 은 「날짜 미상」이라는 다른 뜻이다(P21). 중단했으나 일자가 캘린더 범위밖이면 0.,
DIM_MEMBER_ACQUISITION,1회원,DIMENSION,FIRST_STOP_REASON_NM,VARCHAR,Y,,,최초 중단의 사유명. 코드그룹 **MM005(후원중단사유)**. 미중단 회원은 NULL. 코드사전에는 **폐지코드(USE_YN='N')가 다수 섞여** 있고 실적재는 사전의 일부만 쓴다. 🔴🔴**USE_YN 필터 금지** — 실적재 종 중 일부가 폐지코드이며 필터를 걸면 그 라벨이 사라진다(종수·규모는 문서10 §26).,
DIM_MEMBER_ACQUISITION,1회원,DIMENSION,TENURE_DAYS,"NUMBER(9,0)",Y,,,유지기간(일) = 최초 중단일 − 획득일. 🔴**미중단 회원은 NULL** 이다 — 아직 종료되지 않은 관측(우측 절단)이며 0 이나 '현재까지 경과일'로 채우면 평균 유지기간이 조용히 틀린다. 획득일·중단일 중 하나가 무효면 NULL. ⇒ 평균 유지기간은 중단 회원만으로 계산하거나 생존분석을 쓸 것.,
DIM_MEMBER_ACQUISITION,1회원,DIMENSION,IS_12M_OBSERVABLE,BOOLEAN,Y,,,"12개월 관측 가능 여부 = 획득일 + 12개월 ≤ 데이터 최종 사건일. 🔴🔴**12개월 이탈률의 분모 자격**이다 — 최근 획득 회원은 아직 12개월이 지나지 않아 FALSE 이며, 포함시키면 최근 캠페인이 실제보다 이탈률이 낮게 보인다(분모에 아직 이탈할 시간이 없는 회원이 섞인다).",
DIM_MEMBER_ACQUISITION,1회원,DIMENSION,DW_SOURCE_SYSTEM,VARCHAR,N,,,원천 시스템 식별 (공통감사),공통감사
DIM_MEMBER_ACQUISITION,1회원,DIMENSION,DW_LOAD_TS,TIMESTAMP_NTZ,N,,,최초 적재 시각 (공통감사),공통감사
DIM_MEMBER_ACQUISITION,1회원,DIMENSION,DW_UPDATE_TS,TIMESTAMP_NTZ,Y,,,최종 갱신 시각 (공통감사),공통감사
DIM_MEMBER_ACQUISITION,1회원,DIMENSION,DW_BATCH_ID,VARCHAR,Y,,,적재 배치 식별자 = dbt invocation_id (공통감사),공통감사
DIM_MEMBER_CURRENT,GOLD 직접조회 분석가의 기본 진입점 — 회원 1명 = 1행,DIMENSION,MEMBER_SK,"NUMBER(38,0)",N,,,"DIM_MEMBER 의 **버전 대리키**. ⚠️본 뷰는 IS_CURRENT 행만 담으므로 회원 1명당 1값이지만, 그 의미는 여전히 '현재 버전 행의 키'다 — 회원 식별에는 MEMBER_DK 를 쓴다(MEMBER_SK 는 재빌드 시 달라질 수 있다).",
DIM_MEMBER_CURRENT,GOLD 직접조회 분석가의 기본 진입점 — 회원 1명 = 1행,DIMENSION,MEMBER_DK,VARCHAR,N,PK,,불변 회원키(조인용 자연키). 🔴모든 회원 팩트(FMM·FME·FSE·FEP·FMF)가 이 키로 조인한다. 🔴VARCHAR(10) 규약(O12/AC-1) — 원천 MBER_NO 최대길이 9 실측.,
DIM_MEMBER_CURRENT,GOLD 직접조회 분석가의 기본 진입점 — 회원 1명 = 1행,DIMENSION,MEMBER_TYPE,VARCHAR,Y,,,"회원 **등록계통** 구분 — FDRM=정기회원(원천 `BRONZE_CRM.TM_MM_FDRM_MBER_INFO`) / ONCE=일시회원(원천 `TM_MM_ONCE_MBER_INFO`). 🔴🔴일시회원은 회원상태(MM010)·가입경로(MM014) 개념이 **원천에 없다** — 상태 기반 분포·이탈률·예측 모집단은 MEMBER_TYPE='FDRM' 으로 한정할 것. ⚠️MEMBER_TYPE_NAME(개인/기업/단체, MM018)은 이 컬럼의 라벨이 **아니다** — 완전히 다른 축이며 코드는 MBER_DIV_CD 다.",
DIM_MEMBER_CURRENT,GOLD 직접조회 분석가의 기본 진입점 — 회원 1명 = 1행,DIMENSION,SEX,VARCHAR,Y,,,성별 원천코드 raw. 코드그룹 **CM013(성별)**. 코드사전 = 1국내(남자)·2국내(여자)·3외국인(남자)·4외국인(여자)·5외국인(기타)·6단체·7기업·8기타. 정기회원·일시회원 **양쪽 원천 모두 사전 전종이 등장**한다(일시회원은 소수의 NULL 이 있다). 🔴정본 비고가 '성별만으로는 사용하지 않음'을 명시한다 — 성별 단일축은 GENDER_NAME 을 쓴다. 라벨 = SEX_NM·GENDER_NAME.,
DIM_MEMBER_CURRENT,GOLD 직접조회 분석가의 기본 진입점 — 회원 1명 = 1행,DIMENSION,SEX_NM,VARCHAR,Y,,,CM013 **원천 라벨 그대로**(국내(남자)/국내(여자)/외국인(남자)/외국인(여자)/외국인(기타)/단체/기업/기타). 코드 = SEX. 🔴이 컬럼만이 **국내·외국인 축**을 보존한다 — GENDER_NAME(CM017)은 그 축을 지운다.,
DIM_MEMBER_CURRENT,GOLD 직접조회 분석가의 기본 진입점 — 회원 1명 = 1행,DIMENSION,GENDER_NAME,VARCHAR,Y,,,성별 분석 라벨(정본 공#130). 코드그룹 **CM017(회원특성(성별))**. [O51-D BRONZE 실측] CM017 은 CM013 과 코드 도메인이 동일(1~8)한 재라벨 그룹이며 국내/외국인 구분을 지운다 — 1남자·2여자·3남자·4여자·5기타·6단체·7기업·8기타 ⇒ **라벨 5종**(남자/여자/기타/단체/기업). 정본 공#130 값정의와 일치. ⚠️CM017 은 정본 컬럼정의서가 어떤 컬럼에도 지정하지 않은 그룹이다(현업 확인 대상). ⚠️종전 하드코딩 '여성/남성/미상'은 5종을 3종으로 축약하고 법인·단체를 '미상'으로 오라벨했다(O26 교정).,
DIM_MEMBER_CURRENT,GOLD 직접조회 분석가의 기본 진입점 — 회원 1명 = 1행,DIMENSION,MBER_STAT_CD,VARCHAR,Y,,,"회원상태 원천코드 raw(정본 공#132 '회원상태코드'). 코드그룹 **MM010(회원상태)**. 코드사전 = 1활동회원·2~6신규미납1~5·7~11장기미납1~5·12후원중단 · `TH_MM_FDRM_MBER_STNG_DTLS.CHN_STAT_CD` 와 `TM_MM_FDRM_MBER_INFO.MBER_STAT_CD` **양쪽 모두 사전 전종이 등장**한다. SCD2 버전행은 CHN_STAT_CD, 무이력행은 MBER_STAT_CD 에서 온다. 🔴개발구분 MM015 가 아니다(두 그룹 모두 '후원중단'을 포함한다). 🔴일시회원(ONCE)은 NULL. 라벨 = MEMBER_STATUS_NAME.",
DIM_MEMBER_CURRENT,GOLD 직접조회 분석가의 기본 진입점 — 회원 1명 = 1행,DIMENSION,MEMBER_STATUS_NAME,VARCHAR,Y,,,"회원상태명(MM010 라벨, 정본 공#132). 코드 = MBER_STAT_CD. 값 = 활동회원 / 신규미납1~5 / 장기미납1~5 / 후원중단. 미매핑은 '미상'. MM010 은 **폐지코드가 없고 실적재가 사전과 일치**한다 ⇒ 사전 조인만으로 전건 라벨화된다(하드코딩 금지 P31). ⚠️미납 단계(1~5)는 경과 차수이며 금액 규모가 아니다.",
DIM_MEMBER_CURRENT,GOLD 직접조회 분석가의 기본 진입점 — 회원 1명 = 1행,DIMENSION,MEMBER_STATUS_GROUP,VARCHAR,Y,,,회원상태 **대분류**(파생): MM010 코드 1→'정상' · 2~11→'미납' · 12→'중단' · NULL→'미상'. 🔴신규미납(2~6)과 장기미납(7~11)을 한 값으로 묶는다 — 두 단계를 구분해야 하면 MEMBER_STATUS_NAME 을 쓴다. ⚠️원천 코드그룹이 아니라 DW 파생 축이다(DIM_MEMBER.sql 단일 소유).,
DIM_MEMBER_CURRENT,GOLD 직접조회 분석가의 기본 진입점 — 회원 1명 = 1행,DIMENSION,MBER_DIV_CD,VARCHAR,Y,,,회원구분 원천코드 raw. 코드그룹 **MM018(회원구분)**: 1개인·2기업·3단체. 정기회원·일시회원 **양쪽 모두 사전 전종이 등장**한다. 🟢독립 교차검증: `2`(기업)·`3`(단체) 의 행수가 `SEX`='7'(기업)·'6'(단체) 와 **완전히 일치**한다. 🔴MEMBER_TYPE(FDRM/ONCE)과 다른 축이다. 라벨 = MEMBER_TYPE_NAME.,
DIM_MEMBER_CURRENT,GOLD 직접조회 분석가의 기본 진입점 — 회원 1명 = 1행,DIMENSION,MEMBER_TYPE_NAME,VARCHAR,Y,,,회원구분명(MM018 라벨): 개인·기업·단체. 코드 = MBER_DIV_CD. 미매핑은 '미상'. 🔴🔴이름이 비슷한 MEMBER_TYPE(FDRM 정기회원 / ONCE 일시회원)의 라벨이 **아니다** — 이 뷰에 두 컬럼이 나란히 있어 특히 혼동되기 쉽다.,
DIM_MEMBER_CURRENT,GOLD 직접조회 분석가의 기본 진입점 — 회원 1명 = 1행,DIMENSION,JOIN_PATH_CD,VARCHAR,Y,,,가입경로 원천코드 raw. 코드그룹 **MM014(가입경로)**. 코드사전 = 1홈페이지·2CRM·3모바일웹·4희망TV·5외주콜센터·6모바일앱·7REG·8EDU 이나 실적재에는 **1·2·3·5·6·7 만 나타난다** — 🔴**4(희망TV)·8(EDU)는 실적재에 없다.** 🔴일시회원(ONCE)은 가입경로 개념이 원천에 없어 NULL. 라벨 = ENROLL_PATH_NAME.,
DIM_MEMBER_CURRENT,GOLD 직접조회 분석가의 기본 진입점 — 회원 1명 = 1행,DIMENSION,ENROLL_PATH_NAME,VARCHAR,Y,,,가입경로명(MM014 라벨). 코드 = JOIN_PATH_CD. 실제로 나타나는 라벨은 **홈페이지·CRM·모바일웹·외주콜센터·모바일앱·REG** 다 — 사전에는 희망TV·EDU 도 있으나 **실적재에 없으므로** 그 둘을 포함해 열거하면 거짓이다. 미매핑은 '미상'.,
DIM_MEMBER_CURRENT,GOLD 직접조회 분석가의 기본 진입점 — 회원 1명 = 1행,DIMENSION,FIRST_JOIN_DATE,DATE,Y,,,최초가입일 = 회원번호 생성일(정본 공#28). ⚠️후원 개시일이 아니다 — 첫 개발약정일은 DIM_MEMBER_ACQUISITION.ACQ_DATE_SK 로 답한다.,
DIM_MEMBER_CURRENT,GOLD 직접조회 분석가의 기본 진입점 — 회원 1명 = 1행,DIMENSION,FIRST_CAMPAIGN,VARCHAR,Y,,,최초캠페인(정본 공#29). ⚠️획득 귀속 캠페인(DIM_MEMBER_ACQUISITION.ACQ_CAMPAIGN_NAME)과 **판정 규칙이 다르다** — 획득 축은 개발구분 '신규' 사건(없으면 최초 개발 사건)을 근거로 정한다(ACQ_BASIS).,
DIM_MEMBER_CURRENT,GOLD 직접조회 분석가의 기본 진입점 — 회원 1명 = 1행,DIMENSION,REGION,VARCHAR,Y,,,"지역명 — 코드그룹 **CM018** 약칭 라벨(정본 공#131). 코드 raw 는 DIM_MEMBER.AREA_CD. 🔴🔴**현재 거주지가 아니다** — 원천이 `CRM_MEMBER_DEV`(BRONZE `TM_MM_FDRM_MBER_DVLP_AMT.AREA_CD`)의 **개발약정 시점 스냅샷**이다. 현주소 축은 BRONZE 에 없다(O34). 🔴**SCD2 축**이다 — 회원의 버전이 바뀌면 값이 달라질 수 있고, 본 뷰는 현재 버전 행의 값만 담는다. 🔴일시회원(MEMBER_TYPE='ONCE')은 개발약정 개념이 원천에 없어 **NULL** 이다 — 지역 분포는 MEMBER_TYPE='FDRM' 으로 스코프할 것(ONCE 를 분모에 넣으면 채움률이 조용히 낮아진다 · P128). ⚠️센티넬 '0' 은 사전에 라벨이 없어 NULL 이며 '미상'으로 창작하지 않는다. ⚠️획득 시점 지역축(DIM_MEMBER_ACQUISITION.ACQ_REGION)과 같은 원천이나 축의 이름과 용도가 다르다.",
DIM_MEMBER_CURRENT,GOLD 직접조회 분석가의 기본 진입점 — 회원 1명 = 1행,DIMENSION,AGE_BAND,VARCHAR,Y,,,"연령대명 — 코드그룹 **CM014** 라벨. 코드 raw 는 DIM_MEMBER.AGE. 🔴🔴**연속형 나이가 아니다** — CM014 는 코드 12종('10대 미만'·'10대'~'70대'·'70대 이상'·단체·기업·기타)이며 평균·구간 재계산을 하면 뜻이 깨진다. BRONZE `TM_MM_FDRM_MBER_DVLP_AMT.AGE` 의 원천 COMMENT '연령'은 오류다. 🔴🔴**현재 나이가 아니다** — `CRM_MEMBER_DEV` 의 **개발약정 시점 스냅샷**이고 BRONZE 에 생년월일 축이 없어 시점정확 연령은 산출 불가다(O34). 🔴**SCD2 축**이다. 🔴일시회원(MEMBER_TYPE='ONCE')은 **NULL** — 연령 분포는 MEMBER_TYPE='FDRM' 으로 스코프할 것(P128). 🟢독립 교차검증으로 코드 해석이 확정됐다 — 단체 코드는 SEX 단체와, 기업 코드는 SEX 기업과 전건 일치한다. ⚠️사전 자체에 '70대'와 '70대 이상'이 의미 중복으로 공존한다.",
DIM_MEMBER_CURRENT,GOLD 직접조회 분석가의 기본 진입점 — 회원 1명 = 1행,DIMENSION,FIRST_SPONSORSHIP,VARCHAR,Y,,,최초 후원사업 식별자 raw ← `CRM_MEMBER_DEV.SPNSR_BSNS_ID`(BRONZE `TM_MM_FDRM_MBER_DVLP_AMT`). 🔴**라벨이 아니라 사업 ID** 다 — 사업명이 필요하면 DIM_SPONSORSHIP 을 조인하거나 DIM_MEMBER_ACQUISITION.ACQ_SPONSORSHIP_NAME 을 쓴다. 🔴🔴회비 **납입 대상** 후원사업(FACT_MEMBER_FEE.SPONSORSHIP_SK)과 **의미가 다르다** — 한 회원이 A 사업으로 가입한 뒤 B 사업에 낼 수 있다. 🔴일시회원(MEMBER_TYPE='ONCE')은 **NULL**(P128 스코프 주의). ⚠️최초 약정 기준이며 이후 사업 변경은 반영되지 않는다.,
DIM_MEMBER_CURRENT,GOLD 직접조회 분석가의 기본 진입점 — 회원 1명 = 1행,DIMENSION,LAST_STOP_DATE,DATE,Y,,,"최종 중단일 ← `CRM_MEMBER_DISCONTINUE.STOP_DT`. 🔴**미중단 회원은 NULL** 이며 0 이나 특정 날짜로 채우지 않는다 — NULL 은 「아직 중단하지 않았다」는 1급 정보다(P21). 🔴**SCD2 축**이다 — 재후원·재중단이 있으면 버전마다 값이 다르고 본 뷰는 현재 버전 행의 값만 담는다. 🔴🔴**최초** 중단일이 아니다 — 최초 중단은 DIM_MEMBER_ACQUISITION.FIRST_STOP_DATE_SK 이고, 유지기간(TENURE_DAYS)의 분자는 그쪽이다. 두 축을 섞으면 재후원 회원의 유지기간이 조용히 늘어난다. 🔴일시회원(MEMBER_TYPE='ONCE')은 **NULL**(P128 스코프 주의). ⚠️중단 총계·중단 사유는 FACT_MEMBER_EVENT 를 쓴다 — 이 컬럼은 회원 단위 최종 상태다.",
DIM_MEMBER_CURRENT,GOLD 직접조회 분석가의 기본 진입점 — 회원 1명 = 1행,DIMENSION,EFFECTIVE_FROM,DATE,Y,,,SCD2 유효 시작 시각. 🔴본 뷰는 현재행만 담으므로 이 값은 '현재 상태가 시작된 시점'이다. 🔴과거 시점 상태가 필요하면 이 뷰가 아니라 DIM_MEMBER 를 EFFECTIVE_FROM/EFFECTIVE_TO 로 시점조인할 것 — 예측·피처 생성은 그 시점조인이 정답이며 현재값을 과거 행에 붙이면 정답 누설이다.,
DIM_MEMBER_CURRENT,GOLD 직접조회 분석가의 기본 진입점 — 회원 1명 = 1행,DIMENSION,DW_SOURCE_SYSTEM,VARCHAR,N,,,원천 시스템 식별(공통감사). 업무 축이 아니다 — GROUP BY 대상이 아니다.,공통감사
DIM_MEMBER_CURRENT,GOLD 직접조회 분석가의 기본 진입점 — 회원 1명 = 1행,DIMENSION,DW_LOAD_TS,TIMESTAMP_NTZ,N,,,최초 적재 시각(공통감사). 업무 축이 아니다.,공통감사
DIM_MEMBER_CURRENT,GOLD 직접조회 분석가의 기본 진입점 — 회원 1명 = 1행,DIMENSION,DW_UPDATE_TS,TIMESTAMP_NTZ,Y,,,최종 갱신 시각(공통감사). ⚠️원천 변경 시각이 아니라 DW 적재 시각이다.,공통감사
DIM_MEMBER_CURRENT,GOLD 직접조회 분석가의 기본 진입점 — 회원 1명 = 1행,DIMENSION,DW_BATCH_ID,VARCHAR,Y,,,적재 배치 식별자 = dbt invocation_id(공통감사). 재현·감사 추적용.,공통감사
DIM_MEMBER_IDENTITY,MEMBER_DK × ga_id,DIMENSION,IDENTITY_SK,"NUMBER(38,0)",N,PK,,"회원 식별 대리키 (ETL 일련번호, PK)",
DIM_MEMBER_IDENTITY,MEMBER_DK × ga_id,DIMENSION,MEMBER_DK,VARCHAR,N,"DK,FK",DIM_MEMBER(MEMBER_DK) ※비강제(SCD2/비유일),불변 회원키,SCD2 다중버전 — 현재행(IS_CURRENT) 경유 조인(중복 주의); [실측06-30]VARCHAR(10)
DIM_MEMBER_IDENTITY,MEMBER_DK × ga_id,DIMENSION,MEMBER_NO,VARCHAR,N,,,회원번호(#110),
DIM_MEMBER_IDENTITY,MEMBER_DK × ga_id,DIMENSION,MEMNUM,VARCHAR,Y,,,memnum(#111) — 🔴 전건 NULL(미배선). 원천 실재 = SILVER.GA4_EVENT.PAGE_LOCATION 의 memnum= (규모·종수는 문서10 §26). 조회 시 항상 0행,
DIM_MEMBER_IDENTITY,MEMBER_DK × ga_id,DIMENSION,GA_MEMBER_ID,VARCHAR,Y,,,member id(#112),
DIM_MEMBER_IDENTITY,MEMBER_DK × ga_id,DIMENSION,HOMEPAGE_ID,VARCHAR,Y,,,홈페이지/앱 ID. 원천: TM_MM_FDRM_MBER_INFO.HMPG_ID,
DIM_MEMBER_IDENTITY,MEMBER_DK × ga_id,DIMENSION,CHILD_CODE,VARCHAR,Y,,,"결연아동코드(#122, URL 파싱) — 🔴 전건 NULL(미배선). 원천 실재 = SILVER.GA4_EVENT.PAGE_LOCATION 의 childnum= (규모·종수는 문서10 §26). 조회 시 항상 0행",
DIM_MEMBER_IDENTITY,MEMBER_DK × ga_id,DIMENSION,DW_SOURCE_SYSTEM,VARCHAR,N,,,원천 시스템 식별 (공통감사),공통감사
DIM_MEMBER_IDENTITY,MEMBER_DK × ga_id,DIMENSION,DW_LOAD_TS,TIMESTAMP_NTZ,N,,,최초 적재 시각 (공통감사),공통감사
DIM_MEMBER_IDENTITY,MEMBER_DK × ga_id,DIMENSION,DW_UPDATE_TS,TIMESTAMP_NTZ,Y,,,최종 갱신 시각 (공통감사),공통감사
DIM_MEMBER_IDENTITY,MEMBER_DK × ga_id,DIMENSION,DW_BATCH_ID,VARCHAR,Y,,,적재 배치 식별자 = dbt invocation_id (공통감사),공통감사
DIM_MONTH,1개월,DIMENSION,MONTH_KEY,"NUMBER(6,0)",N,PK,,월 conform 키 YYYYMM. 🔴🔴**월 팩트는 DIM_DATE 를 직접 조인하지 말고 이 차원을 쓴다** — DIM_DATE 는 일 grain 이라 월팩트와 조인하면 월당 일수만큼 행이 증폭되고 금액·건수가 그 배수로 과대해진다(SV 설계 원칙10·R1 fan-out 차단). 대상 팩트 = FACT_MEMBER_MONTHLY·FACT_BUDGET·FACT_TARGET_DEV·FACT_TARGET_BIZ. 🟢본 차원은 DIM_DATE 의 **월 축 사영**이므로 별도 원천이 없고 값이 갈라질 수 없다. ⚠️월키가 YYYYMM 규약을 벗어난 원천 행은 팩트에서 0 으로 라우팅된다 — 이 차원에는 그 멤버가 없다.,
DIM_MONTH,1개월,DIMENSION,YEAR,"NUMBER(4,0)",Y,,,연도 — MONTH_KEY 의 연 부분. DIM_DATE.YEAR 와 동일 정의. 🔴연 집계의 축이며 회계연도가 아니라 역년이다.,
DIM_MONTH,1개월,DIMENSION,MONTH,"NUMBER(2,0)",Y,,,월(1~12) — MONTH_KEY 의 월 부분. DIM_DATE.MONTH 와 동일 정의. ⚠️연을 가로질러 이 축만으로 집계하면 서로 다른 해의 같은 달이 합쳐진다 — 계절성 분석 외에는 MONTH_KEY 를 쓴다.,
DIM_MONTH,1개월,DIMENSION,QUARTER,"NUMBER(1,0)",Y,,,분기(1~4) — DIM_DATE.QUARTER 와 동일 정의. 역년 기준이다.,
DIM_MONTH,1개월,DIMENSION,DW_SOURCE_SYSTEM,VARCHAR,N,,,원천 시스템 식별 (공통감사),공통감사
DIM_MONTH,1개월,DIMENSION,DW_LOAD_TS,TIMESTAMP_NTZ,N,,,최초 적재 시각 (공통감사),공통감사
DIM_MONTH,1개월,DIMENSION,DW_UPDATE_TS,TIMESTAMP_NTZ,Y,,,최종 갱신 시각 (공통감사),공통감사
DIM_MONTH,1개월,DIMENSION,DW_BATCH_ID,VARCHAR,Y,,,적재 배치 식별자 = dbt invocation_id (공통감사),공통감사
DIM_ORG,1조직노드,DIMENSION,ORG_SK,"NUMBER(38,0)",N,PK,,"조직 대리키 (=hash(DEPT_ID), PK)",
DIM_ORG,1조직노드,DIMENSION,ORG_DK,"NUMBER(38,0)",N,DK,,불변 조직키 (=hash(DEPT_ID); SCD1이라 ORG_SK와 1:1),"SCD2 다중버전 — FK 대상 불가, 현재행 경유 조인"
DIM_ORG,1조직노드,DIMENSION,CORP,VARCHAR,Y,,,법인(#114) — 🔴 부서 차원에서 산출 불가(CONF-4). 부서→법인 1:1 아님: 한 부서에 복수 법인이 혼재한다(규모는 문서10 §26). 부서트리 LVL1도 부적합(ZA 구조노드가 법인 루트 미연결 + 직위 B000007 + 회원 없는 재단법인 혼재). 법인 축의 정본 원천 = 회원 속성 CPR_DIV_CD(CM019: I=사단/S=사복/A=통합) → DIM_MEMBER 또는 팩트 degen 배속 판단 필요. 값 NULL 유지,
DIM_ORG,1조직노드,DIMENSION,DIVISION,VARCHAR,Y,,,실적지부 — 정본 용어사전 430(실적 지부 명)·431(실적지부(본부/지부) 구분). 🔴 재정의(CONF-4): 정본 보고서는 「본부/지부」 단독 사용이 없고 「실적지부(본부/지부)」·「실적지부」 형태로만 쓴다 → 조직트리(UPPER_DEPT_ID)가 아니라 실적트리(ACMSLT_UPPER_DEPT_ID) 기반. ⚠️ 산출 규칙 미확정 — 명칭기반 최근접 본부/지부 도달·미도달 규모는 문서10 §26 이며 명칭 판정은 범주오류 위험 → 규칙 확정까지 값 NULL 유지,
DIM_ORG,1조직노드,DIMENSION,DEPARTMENT,VARCHAR,Y,,,부서(#116) — ✅ 정본 정합(용어사전 121·390·391 · 회원보고서 4개 · 마케팅보고서 2개). DEPT_NM 직접 대입(695종),
DIM_ORG,1조직노드,DIMENSION,TEAM,VARCHAR,Y,,,"팀 — 🔴 보류(CONF-4). 정본 근거 = 지표 #152~155(연사업/추경 목표) ""각 팀별"" 뿐이고 용어사전·회원보고서·마케팅보고서 실질 0건(검출된 3건은 전부 ""원천팀/원본팀"" 편집주석). 그 원천 CRM_BIZ_TARGET은 미입고(E-6) → 소비처 부재. E-6 입고 시 재개. 값 NULL 유지",파생[C-7]: 실적팀=ACMSLT_UPPER_DEPT_ID 재귀(루트 'ZV000000')·LVL5 (현업쿼리 review/05; STATS_DEPT_LVL 미사용)
DIM_ORG,1조직노드,DIMENSION,ACMSLT_UPPER_DEPT_ID,VARCHAR,Y,,,실적상위부서ID (원천 그대로) — 실적트리 부모. 조직트리 UPPER_DEPT_ID 와의 상이·동일·NULL 분포는 문서10 §26. 실적부서 대부분이 이 트리 LVL5 → DEC-5 「5th=실적부서」 근거,
DIM_ORG,1조직노드,DIMENSION,ACMSLT_DEPT_YN,VARCHAR,Y,,,실적부서 여부 Y/N (원천 그대로) — Y 455개,
DIM_ORG,1조직노드,DIMENSION,USE_YN,VARCHAR,Y,,,사용여부 Y/N (원천 그대로) — 🔴 N 이 과반이지만 제외 금지(O16): 팩트가 대량 참조(CRM_MEMBER.ACT_DEPT_CD 미사용 부서 · AMT_CHANGE 미사용 부서 — 규모는 문서10 §26) + 필터 시 트리 파편화(LVL1 종수 급증). 소비 측 필터용으로만 사용,
DIM_ORG,1조직노드,DIMENSION,DW_SOURCE_SYSTEM,VARCHAR,N,,,원천 시스템 식별 (공통감사),공통감사
DIM_ORG,1조직노드,DIMENSION,DW_LOAD_TS,TIMESTAMP_NTZ,N,,,최초 적재 시각 (공통감사),공통감사
DIM_ORG,1조직노드,DIMENSION,DW_UPDATE_TS,TIMESTAMP_NTZ,Y,,,최종 갱신 시각 (공통감사),공통감사
DIM_ORG,1조직노드,DIMENSION,DW_BATCH_ID,VARCHAR,Y,,,적재 배치 식별자 = dbt invocation_id (공통감사),공통감사
DIM_PAYMENT,납입×결제×회비유형,DIMENSION,PAYMENT_SK,"NUMBER(38,0)",N,PK,,"납입/결제 대리키 (ETL 일련번호, PK)",
DIM_PAYMENT,납입×결제×회비유형,DIMENSION,PAYMENT_METHOD,VARCHAR,Y,,,납입방식(#125),
DIM_PAYMENT,납입×결제×회비유형,DIMENSION,SETTLE_METHOD,VARCHAR,Y,,,결제방식,
DIM_PAYMENT,납입×결제×회비유형,DIMENSION,FEE_TYPE,VARCHAR,Y,,,회비유형(정기/일시 — #66~68 분해),
DIM_PAYMENT,납입×결제×회비유형,DIMENSION,DW_SOURCE_SYSTEM,VARCHAR,N,,,원천 시스템 식별 (공통감사),공통감사
DIM_PAYMENT,납입×결제×회비유형,DIMENSION,DW_LOAD_TS,TIMESTAMP_NTZ,N,,,최초 적재 시각 (공통감사),공통감사
DIM_PAYMENT,납입×결제×회비유형,DIMENSION,DW_UPDATE_TS,TIMESTAMP_NTZ,Y,,,최종 갱신 시각 (공통감사),공통감사
DIM_PAYMENT,납입×결제×회비유형,DIMENSION,DW_BATCH_ID,VARCHAR,Y,,,적재 배치 식별자 = dbt invocation_id (공통감사),공통감사
DIM_REASON,사유코드,DIMENSION,REASON_SK,"NUMBER(38,0)",N,PK,,"사유 대리키 (ETL 일련번호, PK)",
DIM_REASON,사유코드,DIMENSION,REASON_CODE,VARCHAR,N,,,"사유코드(BK, 업무키)",
DIM_REASON,사유코드,DIMENSION,REASON_NAME,VARCHAR,Y,,,중단사유(#162)·미납사유(#82),
DIM_REASON,사유코드,DIMENSION,REASON_TYPE,VARCHAR,Y,,,"사유 코드그룹 ID. ⚠️주석상 「중단/미납 구분」이었으나 실제값은 CRM 코드그룹 ID 다수(PM019·MS049·PM018·PM002·PM032·PM033 등) — '중단'/'미납' 리터럴 0건(종수·행 규모는 문서10 §26). 중단/미납 구분 필터가 필요하면 별도 분류 컬럼 신설 필요(O21, 2026-07-31 실측 교정)",
DIM_REASON,사유코드,DIMENSION,DW_SOURCE_SYSTEM,VARCHAR,N,,,원천 시스템 식별 (공통감사),공통감사
DIM_REASON,사유코드,DIMENSION,DW_LOAD_TS,TIMESTAMP_NTZ,N,,,최초 적재 시각 (공통감사),공통감사
DIM_REASON,사유코드,DIMENSION,DW_UPDATE_TS,TIMESTAMP_NTZ,Y,,,최종 갱신 시각 (공통감사),공통감사
DIM_REASON,사유코드,DIMENSION,DW_BATCH_ID,VARCHAR,Y,,,적재 배치 식별자 = dbt invocation_id (공통감사),공통감사
DIM_SEND_TYPE,"(대,중,소) 코드 경로 + 센티넬",DIMENSION,SEND_TYPE_SK,"NUMBER(38,0)",N,PK,,"발송구분 대리키 (ETL 해시, PK)",
DIM_SEND_TYPE,"(대,중,소) 코드 경로 + 센티넬",DIMENSION,SEND_TYPE_BK,VARCHAR,N,BK,,발송구분 업무키 = 대>중>소 코드 경로(자연키). ⚠️중분류 코드는 단독으로 모호하다(코드 16종 vs 라벨 26종) → 반드시 전체 경로로 식별한다,
DIM_SEND_TYPE,"(대,중,소) 코드 경로 + 센티넬",DIMENSION,SEND_GBN_TOP,VARCHAR,Y,,,발송구분 대 코드 raw ← CRM_SEND_REQUEST.SEND_GBN_TOP. ⚠️이 값은 코드가 아니라 CRM_CODE.CD_ID(코드그룹 ID) 자체다 — MS046 결연·MS047 회원·MS048 회비·MS049 서비스·MS050 사업보고 등 12종. 라벨=SEND_TYPE_L,
DIM_SEND_TYPE,"(대,중,소) 코드 경로 + 센티넬",DIMENSION,SEND_TYPE_L,VARCHAR,Y,,,발송구분(대) (#133) 분석 라벨 ← SEND_GBN_TOP_NM. 🔴정본 #133 과 불일치(2026-08-04 실측): #133 은 6종(결연/회비/서비스/사업보고/참여/기타)인데 실측 라벨 **9종** — 추가 3종 = 회원만족(MS052)·회원서비스(MS054)·회원(MS047+MS053). #133 은 생략기호가 없어 완전열거로 읽힌다 → 불일치 실재. 문서20 §L 현업 확인 · 데이터 우선 보존(DEC-26). ⚠️대분류는 코드그룹과 1:1 이 아니다 — 결연=MS046+MS051 · 기타=MS0505+MS055 · 회원=MS047+MS053 (코드그룹 12종 → 라벨 9종). 🟢SEND_GBN_TOP 12종 전부 CRM_CODE.CD_ID 실재 확인,
DIM_SEND_TYPE,"(대,중,소) 코드 경로 + 센티넬",DIMENSION,SEND_GBN_MID,VARCHAR,Y,,,"발송구분 중 코드 raw ← SEND_GBN_MID. 🔴 코드 단독 사용 금지 — 실측 코드 16종에 라벨 26종이 대응한다(부모 그룹에 따라 의미가 달라짐). 반드시 (대,중) 쌍으로 해석",
DIM_SEND_TYPE,"(대,중,소) 코드 경로 + 센티넬",DIMENSION,SEND_TYPE_M,VARCHAR,Y,,,발송구분(중) (#134) 분석 라벨 ← SEND_GBN_MID_NM. 정본 값정의: 선물금/신규결연회원발송/회원서신/만18세아동종결/일반퇴소 등,
DIM_SEND_TYPE,"(대,중,소) 코드 경로 + 센티넬",DIMENSION,SEND_GBN_BOT,VARCHAR,Y,,,"발송구분 소 코드 raw ← SEND_GBN_BOT (CRM_CODE.UPPER_CD_ID 계층 하위). 🔴 코드 단독 모호(코드 42종 vs 라벨 56종) → (대,중,소) 경로로 해석",
DIM_SEND_TYPE,"(대,중,소) 코드 경로 + 센티넬",DIMENSION,SEND_TYPE_S,VARCHAR,Y,,,발송구분(소) (#135) 분석 라벨 ← SEND_GBN_BOT_NM. 정본 값정의: 선물금접수확인/신규결연우편물(PF)/결연100일/서신접수확인/첫출금안내(사단) 등,
DIM_SEND_TYPE,"(대,중,소) 코드 경로 + 센티넬",DIMENSION,DW_SOURCE_SYSTEM,VARCHAR,N,,,원천 시스템 식별 (공통감사),공통감사
DIM_SEND_TYPE,"(대,중,소) 코드 경로 + 센티넬",DIMENSION,DW_LOAD_TS,TIMESTAMP_NTZ,N,,,최초 적재 시각 (공통감사),공통감사
DIM_SEND_TYPE,"(대,중,소) 코드 경로 + 센티넬",DIMENSION,DW_UPDATE_TS,TIMESTAMP_NTZ,Y,,,최종 갱신 시각 (공통감사),공통감사
DIM_SEND_TYPE,"(대,중,소) 코드 경로 + 센티넬",DIMENSION,DW_BATCH_ID,VARCHAR,Y,,,적재 배치 식별자 = dbt invocation_id (공통감사),공통감사
DIM_SERVICE,1서비스,DIMENSION,SERVICE_SK,"NUMBER(38,0)",N,PK,,"서비스 대리키 (ETL 일련번호, PK)",
DIM_SERVICE,1서비스,DIMENSION,SUBTYPE,VARCHAR,Y,,,발송/참여 subtype,
DIM_SERVICE,1서비스,DIMENSION,CHANNEL,VARCHAR,Y,,,CRM_UMS (ADMIN enum은 어드민 제외로 미사용 2026-07-09),
DIM_SERVICE,1서비스,DIMENSION,DW_SOURCE_SYSTEM,VARCHAR,N,,,원천 시스템 식별 (공통감사),공통감사
DIM_SERVICE,1서비스,DIMENSION,DW_LOAD_TS,TIMESTAMP_NTZ,N,,,최초 적재 시각 (공통감사),공통감사
DIM_SERVICE,1서비스,DIMENSION,DW_UPDATE_TS,TIMESTAMP_NTZ,Y,,,최종 갱신 시각 (공통감사),공통감사
DIM_SERVICE,1서비스,DIMENSION,DW_BATCH_ID,VARCHAR,Y,,,적재 배치 식별자 = dbt invocation_id (공통감사),공통감사
DIM_SPONSORSHIP,1후원사업,DIMENSION,SPONSORSHIP_SK,"NUMBER(38,0)",N,PK,,"후원사업 대리키 (ETL 일련번호, PK)",
DIM_SPONSORSHIP,1후원사업,DIMENSION,SPONSORSHIP_BK,VARCHAR,N,BK,,"후원사업 업무키(BK, 자연키)",
DIM_SPONSORSHIP,1후원사업,DIMENSION,SPONSORSHIP_NAME,VARCHAR,Y,,,후원사업 전체(#123),
DIM_SPONSORSHIP,1후원사업,DIMENSION,SPONSORSHIP_ABBR,VARCHAR,Y,,,약칭(#124),
DIM_SPONSORSHIP,1후원사업,DIMENSION,DW_SOURCE_SYSTEM,VARCHAR,N,,,원천 시스템 식별 (공통감사),공통감사
DIM_SPONSORSHIP,1후원사업,DIMENSION,DW_LOAD_TS,TIMESTAMP_NTZ,N,,,최초 적재 시각 (공통감사),공통감사
DIM_SPONSORSHIP,1후원사업,DIMENSION,DW_UPDATE_TS,TIMESTAMP_NTZ,Y,,,최종 갱신 시각 (공통감사),공통감사
DIM_SPONSORSHIP,1후원사업,DIMENSION,DW_BATCH_ID,VARCHAR,Y,,,적재 배치 식별자 = dbt invocation_id (공통감사),공통감사
FACT_AD_BROADCAST,광고성과 위성 — 방송(VIDEO ∪ REBRDC) 고유속성,FACT,AD_PERF_DK,VARCHAR,N,"PK,FK",FACT_AD_PERFORMANCE.AD_PERF_DK,"코어 1:1 조인키(GRAIN·PK, FK→FACT_AD_PERFORMANCE). staging 발급값 승계 — 재계산 금지",
FACT_AD_BROADCAST,광고성과 위성 — 방송(VIDEO ∪ REBRDC) 고유속성,FACT,TIME_BAND,VARCHAR,Y,,,시간대 ← VIDEO.TIME_RNG / REBRDC.TIME_RNG_DIV_NM(1순위)·BRDC_TIME(대체). 코어에서 이관(종전 CAST(NULL) 하드코딩),
FACT_AD_BROADCAST,광고성과 위성 — 방송(VIDEO ∪ REBRDC) 고유속성,FACT,CM_POSITION,VARCHAR,Y,,,CM위치 ← VIDEO.CM_AREA [VIDEO 전용]. 코어에서 이관,
FACT_AD_BROADCAST,광고성과 위성 — 방송(VIDEO ∪ REBRDC) 고유속성,FACT,RT_TYPE,VARCHAR,Y,,,RT(재방송)유형 ← REBRDC.RE_BRDC_TY_NM [REBRDC 전용]. 코어에서 이관,
FACT_AD_BROADCAST,광고성과 위성 — 방송(VIDEO ∪ REBRDC) 고유속성,FACT,AD_START_TIME,VARCHAR,Y,,,광고시작시간 ← VIDEO.AD_STRT_TIME [VIDEO 전용]. 코어에서 이관,
FACT_AD_BROADCAST,광고성과 위성 — 방송(VIDEO ∪ REBRDC) 고유속성,FACT,AD_END_TIME,VARCHAR,Y,,,광고종료시간 ← VIDEO.AD_END_TIME [VIDEO 전용]. 신규 노출,
FACT_AD_BROADCAST,광고성과 위성 — 방송(VIDEO ∪ REBRDC) 고유속성,FACT,BROADCAST_DATE,DATE,Y,,,송출일 ← VIDEO.BRDC_DATE / REBRDC.DATE. ⚠️코어 PERF_DATE_SK(실적일)와 구분. 코어에서 이관,
FACT_AD_BROADCAST,광고성과 위성 — 방송(VIDEO ∪ REBRDC) 고유속성,FACT,PROGRAM_NM,VARCHAR,Y,,,프로그램/편성명 ← VIDEO.SCHDL_NM / REBRDC.BRDC_NM,
FACT_AD_BROADCAST,광고성과 위성 — 방송(VIDEO ∪ REBRDC) 고유속성,FACT,CHANNEL_COMPANY,VARCHAR,Y,,,채널사 ← VIDEO.CHNNL_NM / REBRDC.CHNNL_CMPNY,
FACT_AD_BROADCAST,광고성과 위성 — 방송(VIDEO ∪ REBRDC) 고유속성,FACT,CHANNEL_COMPANY_TYPE,VARCHAR,Y,,,채널사유형 ← VIDEO.CHNNL_CMPNY_TY_NM [VIDEO 전용],
FACT_AD_BROADCAST,광고성과 위성 — 방송(VIDEO ∪ REBRDC) 고유속성,FACT,SPOT_TYPE,VARCHAR,Y,,,SPOT유형 ← VIDEO.SPOT_TY [VIDEO 전용],
FACT_AD_BROADCAST,광고성과 위성 — 방송(VIDEO ∪ REBRDC) 고유속성,FACT,DURATION_SEC,"NUMBER(9,0)",Y,,,🔴 광고 초수 ← VIDEO.AD_SEC(TEXT→TRY_TO_NUMBER) [VIDEO 전용] — **현재 값 신뢰 금지(O29)**. 적재값이 초로 읽을 수 없는 크기라 「초」로 해석하면 오답이다(µs 해석 유력하나 미확정·현업 확인 대기 · 실측값은 문서10 §26). 원천 HH:MM:SS 표기가 캐스팅에서 무성 소실 → 유효 커버리지와 파싱 시 회복률은 문서10 §26. REBRDC NULL 은 결손 아니라 원천 부재,
FACT_AD_BROADCAST,광고성과 위성 — 방송(VIDEO ∪ REBRDC) 고유속성,FACT,DAY_DIV,VARCHAR,Y,,,요일구분 평일/주말 ← VIDEO.DAY_DIV_NM [VIDEO 전용],
FACT_AD_BROADCAST,광고성과 위성 — 방송(VIDEO ∪ REBRDC) 고유속성,FACT,PRG_START_TIME,VARCHAR,Y,,,프로그램 시작시간 ← VIDEO.PRG_STRT_TIME [VIDEO 전용],
FACT_AD_BROADCAST,광고성과 위성 — 방송(VIDEO ∪ REBRDC) 고유속성,FACT,CTV_DIV,VARCHAR,Y,,,CTV구분 ← VIDEO.CTV_DIV_NM [VIDEO 전용],
FACT_AD_BROADCAST,광고성과 위성 — 방송(VIDEO ∪ REBRDC) 고유속성,FACT,BRDC_DIV,VARCHAR,Y,,,방송구분 ← REBRDC.BRDC_DIV_NM [REBRDC 전용],
FACT_AD_BROADCAST,광고성과 위성 — 방송(VIDEO ∪ REBRDC) 고유속성,FACT,AD_CNT,"NUMBER(38,0)",Y,,,광고횟수 ← VIDEO·REBRDC.AD_CNT (가산),
FACT_AD_BROADCAST,광고성과 위성 — 방송(VIDEO ∪ REBRDC) 고유속성,FACT,CONV_CALL_CNT,"NUMBER(18,4)",Y,,,전환콜 ← VIDEO.CONV_CALL_CNT [VIDEO 전용]. 코어 INBOUND_CALL(인입콜)과 별개 measure,
FACT_AD_BROADCAST,광고성과 위성 — 방송(VIDEO ∪ REBRDC) 고유속성,FACT,DVLP_MEMBER_CNT,"NUMBER(18,4)",Y,,,"개발회원수 ← REBRDC.DVLP_MBER_CNT [REBRDC 전용]. ⚠️O16 이관: 종전 코어 GA_CONV_MEMBERS 로 혼입(GA 전환이 아니라 재방송 개발실적). ⚠️소수 척도 유지 이유: 원천에 0.5 단위 값이 실존해 NUMBER(38,0) 은 반올림으로 총합을 왜곡한다(해당 행·왜곡 규모는 문서10 §26). 원천값 보존 우선",
FACT_AD_BROADCAST,광고성과 위성 — 방송(VIDEO ∪ REBRDC) 고유속성,FACT,DVLP_CNT,"NUMBER(18,4)",Y,,,개발건수 ← REBRDC.DVLP_CNT [REBRDC 전용]. ⚠️O16 이관: 종전 코어 GA_CONV_CNT 로 혼입(GA 전환 아님),
FACT_AD_BROADCAST,광고성과 위성 — 방송(VIDEO ∪ REBRDC) 고유속성,FACT,AD_VIEW_RT_SRC,"NUMBER(18,6)",Y,,,[비가산 N] 대행사 산정 광고시청률 ← VIDEO.AD_VIEW_RT [VIDEO 전용]. base 부재로 DW 재계산 불가,
FACT_AD_BROADCAST,광고성과 위성 — 방송(VIDEO ∪ REBRDC) 고유속성,FACT,CPC_SRC,"NUMBER(18,6)",Y,,,[비가산 N] 대행사 산정 CPC ← VIDEO.CPC(TEXT) [VIDEO 전용]. DW 재계산=AD_COST/CLICKS (DEC-9 대조용),
FACT_AD_BROADCAST,광고성과 위성 — 방송(VIDEO ∪ REBRDC) 고유속성,FACT,DW_SOURCE_SYSTEM,VARCHAR,N,,,원천 시스템 식별 (공통감사),공통감사
FACT_AD_BROADCAST,광고성과 위성 — 방송(VIDEO ∪ REBRDC) 고유속성,FACT,DW_LOAD_TS,TIMESTAMP_NTZ,N,,,최초 적재 시각 (공통감사),공통감사
FACT_AD_BROADCAST,광고성과 위성 — 방송(VIDEO ∪ REBRDC) 고유속성,FACT,DW_UPDATE_TS,TIMESTAMP_NTZ,Y,,,최종 갱신 시각 (공통감사),공통감사
FACT_AD_BROADCAST,광고성과 위성 — 방송(VIDEO ∪ REBRDC) 고유속성,FACT,DW_BATCH_ID,VARCHAR,Y,,,적재 배치 식별자 = dbt invocation_id (공통감사),공통감사
FACT_AD_BROADCAST_CASE,15컬럼 반복군 → CASE_SEQ 언피벗,FACT,AD_PERF_DK,VARCHAR,N,"PK,FK",FACT_AD_PERFORMANCE.AD_PERF_DK,GRAIN 1/2 · 코어 조인키(FK→FACT_AD_PERFORMANCE). staging 발급값 승계 — 재계산 금지,
FACT_AD_BROADCAST_CASE,15컬럼 반복군 → CASE_SEQ 언피벗,FACT,CASE_SEQ,"NUMBER(2,0)",N,PK,,GRAIN 2/2 · 사례 순번 1~3 (원천 CASE1_*~CASE3_* 언피벗축),
FACT_AD_BROADCAST_CASE,15컬럼 반복군 → CASE_SEQ 언피벗,FACT,BIZ_DIV,VARCHAR,Y,,,사업구분 ← REBRDC.CASEn_BSNS_DIV_NM,
FACT_AD_BROADCAST_CASE,15컬럼 반복군 → CASE_SEQ 언피벗,FACT,FAMILY_TYPE,VARCHAR,Y,,,가족유형 ← REBRDC.CASEn_FAM_TY_NM,
FACT_AD_BROADCAST_CASE,15컬럼 반복군 → CASE_SEQ 언피벗,FACT,APPEAL_POINT,VARCHAR,Y,,,어필포인트 ← REBRDC.CASEn_APPEAL_POINT_NM,
FACT_AD_BROADCAST_CASE,15컬럼 반복군 → CASE_SEQ 언피벗,FACT,CASE_DIV,VARCHAR,Y,,,사례구분 ← REBRDC.CASEn_CASE_DIV_NM,
FACT_AD_BROADCAST_CASE,15컬럼 반복군 → CASE_SEQ 언피벗,FACT,DW_SOURCE_SYSTEM,VARCHAR,N,,,원천 시스템 식별 (공통감사),공통감사
FACT_AD_BROADCAST_CASE,15컬럼 반복군 → CASE_SEQ 언피벗,FACT,DW_LOAD_TS,TIMESTAMP_NTZ,N,,,최초 적재 시각 (공통감사),공통감사
FACT_AD_BROADCAST_CASE,15컬럼 반복군 → CASE_SEQ 언피벗,FACT,DW_UPDATE_TS,TIMESTAMP_NTZ,Y,,,최종 갱신 시각 (공통감사),공통감사
FACT_AD_BROADCAST_CASE,15컬럼 반복군 → CASE_SEQ 언피벗,FACT,DW_BATCH_ID,VARCHAR,Y,,,적재 배치 식별자 = dbt invocation_id (공통감사),공통감사
FACT_AD_DIGITAL,광고성과 위성 — 디지털(DGT) 고유속성 + 대행사 산정 _SRC 7종(비가산),FACT,AD_PERF_DK,VARCHAR,N,"PK,FK",FACT_AD_PERFORMANCE.AD_PERF_DK,"코어 1:1 조인키(GRAIN·PK, FK→FACT_AD_PERFORMANCE). staging 발급값 승계 — 재계산 금지",
FACT_AD_DIGITAL,광고성과 위성 — 디지털(DGT) 고유속성 + 대행사 산정 _SRC 7종(비가산),FACT,PAGE_TYPE,VARCHAR,Y,,,페이지유형 ← DGT.PAGE_TYPE_NM,
FACT_AD_DIGITAL,광고성과 위성 — 디지털(DGT) 고유속성 + 대행사 산정 _SRC 7종(비가산),FACT,AD_GROUP_NM,VARCHAR,Y,,,광고그룹명 ← DGT.AD_GRP_NM,
FACT_AD_DIGITAL,광고성과 위성 — 디지털(DGT) 고유속성 + 대행사 산정 _SRC 7종(비가산),FACT,GROUP_DIV,VARCHAR,Y,,,그룹구분 ← DGT.GRP_DIV_NM,
FACT_AD_DIGITAL,광고성과 위성 — 디지털(DGT) 고유속성 + 대행사 산정 _SRC 7종(비가산),FACT,CREATIVE_TYPE,VARCHAR,Y,,,소재유형 ← DGT.MATR_TY_NM,
FACT_AD_DIGITAL,광고성과 위성 — 디지털(DGT) 고유속성 + 대행사 산정 _SRC 7종(비가산),FACT,AD_TYPE_NM,VARCHAR,Y,,,광고유형명(대행사 표기) ← DGT.AD_TY_NM. ⚠️코어 AD_SOURCE_TYPE(원천 출처축 DIGITAL/VIDEO/REBROADCAST)과 다른 개념,
FACT_AD_DIGITAL,광고성과 위성 — 디지털(DGT) 고유속성 + 대행사 산정 _SRC 7종(비가산),FACT,READ_CNT,"NUMBER(38,0)",Y,,,읽음수 ← DGT.READ_CNT (가산),
FACT_AD_DIGITAL,광고성과 위성 — 디지털(DGT) 고유속성 + 대행사 산정 _SRC 7종(비가산),FACT,MEDIA_POTENTIAL_CUST_CNT,"NUMBER(38,0)",Y,,,매체 잠재고객수 ← DGT.MEDIA_PTNT_CUST_CNT (가산),
FACT_AD_DIGITAL,광고성과 위성 — 디지털(DGT) 고유속성 + 대행사 산정 _SRC 7종(비가산),FACT,CRM_DEV_CNT,"NUMBER(18,4)",Y,,,CRM 개발건수 ← DGT.CRM_DVLP_CNT (가산),
FACT_AD_DIGITAL,광고성과 위성 — 디지털(DGT) 고유속성 + 대행사 산정 _SRC 7종(비가산),FACT,CTR_SRC,"NUMBER(18,6)",Y,,,[비가산 N] 대행사 산정 CTR ← DGT.CTR. DW 재계산=CLICKS/IMPRESSIONS,
FACT_AD_DIGITAL,광고성과 위성 — 디지털(DGT) 고유속성 + 대행사 산정 _SRC 7종(비가산),FACT,CVR_SRC,"NUMBER(18,6)",Y,,,[비가산 N] 대행사 산정 CVR ← DGT.CVR. DW 재계산=GA_CONV_MEMBERS/CLICKS (O5 확정),
FACT_AD_DIGITAL,광고성과 위성 — 디지털(DGT) 고유속성 + 대행사 산정 _SRC 7종(비가산),FACT,CPC_SRC,"NUMBER(18,6)",Y,,,[비가산 N] 대행사 산정 CPC ← DGT.CPC. DW 재계산=AD_COST/CLICKS,
FACT_AD_DIGITAL,광고성과 위성 — 디지털(DGT) 고유속성 + 대행사 산정 _SRC 7종(비가산),FACT,CPM_SRC,"NUMBER(18,6)",Y,,,[비가산 N] 대행사 산정 CPM ← DGT.CPM. DW 재계산=AD_COST/IMPRESSIONS×1000,
FACT_AD_DIGITAL,광고성과 위성 — 디지털(DGT) 고유속성 + 대행사 산정 _SRC 7종(비가산),FACT,CPA_SRC,"NUMBER(18,6)",Y,,,[비가산 N] 대행사 산정 CPA ← DGT.CPA. DW 재계산=AD_COST/GA_CONV_CNT,
FACT_AD_DIGITAL,광고성과 위성 — 디지털(DGT) 고유속성 + 대행사 산정 _SRC 7종(비가산),FACT,DEV_UNIT_PRICE_SRC,"NUMBER(18,2)",Y,,,[비가산 N] 대행사 산정 개발단가 ← DGT.DEV_UNIT_PRICE. DW 재계산=AD_COST/개발건수,
FACT_AD_DIGITAL,광고성과 위성 — 디지털(DGT) 고유속성 + 대행사 산정 _SRC 7종(비가산),FACT,VTR_SRC,"NUMBER(18,6)",Y,,,[비가산 N] 대행사 산정 VTR ← DGT.VTR. base 부재로 재계산 불가(대조 대상 아닌 유일값),
FACT_AD_DIGITAL,광고성과 위성 — 디지털(DGT) 고유속성 + 대행사 산정 _SRC 7종(비가산),FACT,DW_SOURCE_SYSTEM,VARCHAR,N,,,원천 시스템 식별 (공통감사),공통감사
FACT_AD_DIGITAL,광고성과 위성 — 디지털(DGT) 고유속성 + 대행사 산정 _SRC 7종(비가산),FACT,DW_LOAD_TS,TIMESTAMP_NTZ,N,,,최초 적재 시각 (공통감사),공통감사
FACT_AD_DIGITAL,광고성과 위성 — 디지털(DGT) 고유속성 + 대행사 산정 _SRC 7종(비가산),FACT,DW_UPDATE_TS,TIMESTAMP_NTZ,Y,,,최종 갱신 시각 (공통감사),공통감사
FACT_AD_DIGITAL,광고성과 위성 — 디지털(DGT) 고유속성 + 대행사 산정 _SRC 7종(비가산),FACT,DW_BATCH_ID,VARCHAR,Y,,,적재 배치 식별자 = dbt invocation_id (공통감사),공통감사
FACT_AD_PERFORMANCE,PERF_DATE × CAMPAIGN_SK × AD_CREATIVE_SK × DEVICE_SK,FACT,AD_PERF_DK,VARCHAR,N,PK,,행 식별자(GRAIN·PK) MD5(AD_SOURCE_TYPE|ROW_HASH|DUP_SEQ). 위성 3종 조인키. 발급지점=SILVER.AGENCY_AD_ROW_* (DEC-11),
FACT_AD_PERFORMANCE,PERF_DATE × CAMPAIGN_SK × AD_CREATIVE_SK × DEVICE_SK,FACT,PERF_DATE_SK,"NUMBER(8,0)",N,FK,DIM_DATE.DATE_SK,"실적일 (분석축, FK→DIM_DATE)",
FACT_AD_PERFORMANCE,PERF_DATE × CAMPAIGN_SK × AD_CREATIVE_SK × DEVICE_SK,FACT,CAMPAIGN_SK,"NUMBER(38,0)",N,FK,DIM_CAMPAIGN.CAMPAIGN_SK,"캠페인 (분석축, FK→DIM_CAMPAIGN). ⚠️현재 0 스캐폴드 — Q10 이름매칭 대기",
FACT_AD_PERFORMANCE,PERF_DATE × CAMPAIGN_SK × AD_CREATIVE_SK × DEVICE_SK,FACT,AD_CREATIVE_SK,"NUMBER(38,0)",N,FK,DIM_AD_CREATIVE.AD_CREATIVE_SK,"광고소재/매체 (분석축, FK→DIM_AD_CREATIVE). ⚠️현재 0 스캐폴드 — 부분키 매칭 설계 대기",
FACT_AD_PERFORMANCE,PERF_DATE × CAMPAIGN_SK × AD_CREATIVE_SK × DEVICE_SK,FACT,DEVICE_SK,"NUMBER(38,0)",N,FK,DIM_DEVICE.DEVICE_SK,"디바이스 (분석축, FK→DIM_DEVICE). DEC-10 실배선: 실기기 해시SK / 방송=(해당없음) / 미매핑=0",
FACT_AD_PERFORMANCE,PERF_DATE × CAMPAIGN_SK × AD_CREATIVE_SK × DEVICE_SK,FACT,AD_COST,"NUMBER(18,2)",Y,,,광고비(원) (#6). 원천별 컬럼 상이 — COST_TYPE 은 SILVER 보유,
FACT_AD_PERFORMANCE,PERF_DATE × CAMPAIGN_SK × AD_CREATIVE_SK × DEVICE_SK,FACT,IMPRESSIONS,"NUMBER(38,0)",Y,,,노출수 (#23). DIGITAL 전용(방송 원천 부재),
FACT_AD_PERFORMANCE,PERF_DATE × CAMPAIGN_SK × AD_CREATIVE_SK × DEVICE_SK,FACT,CLICKS,"NUMBER(38,0)",Y,,,"클릭수(행동 횟수, ≠회원명) (#24). DIGITAL 전용. CTR 분자 공#9",
FACT_AD_PERFORMANCE,PERF_DATE × CAMPAIGN_SK × AD_CREATIVE_SK × DEVICE_SK,FACT,INBOUND_CALL,"NUMBER(38,0)",Y,,,"인입콜 (#25). REBRDC(TEXT→TRY_TO_NUMBER)·VIDEO 보유, DGT 부재",
FACT_AD_PERFORMANCE,PERF_DATE × CAMPAIGN_SK × AD_CREATIVE_SK × DEVICE_SK,FACT,GA_CONV_MEMBERS,"NUMBER(38,0)",Y,,,GA전환수(명) — **DIGITAL 전용**. ⚠️O16 교정 2026-07-28: 종전 REBRDC 개발회원수가 혼입돼 합계의 상당 부분을 차지했다(혼입 비중은 문서10 §26 · 재방송 개발실적은 FACT_AD_BROADCAST.DVLP_MEMBER_CNT 로 이관),
FACT_AD_PERFORMANCE,PERF_DATE × CAMPAIGN_SK × AD_CREATIVE_SK × DEVICE_SK,FACT,GA_CONV_CNT,"NUMBER(18,4)",Y,,,"GA전환수(건/VU) — **DIGITAL 전용**. ⚠️O16 교정 2026-07-28: 종전 REBRDC 개발건수가 혼입돼 합계의 과반을 차지했다(혼입 비중은 문서10 §26) → FACT_AD_BROADCAST.DVLP_CNT 로 이관. 합계 소수=비건수, 어의 현업확인 잔여(O5)",
FACT_AD_PERFORMANCE,PERF_DATE × CAMPAIGN_SK × AD_CREATIVE_SK × DEVICE_SK,FACT,DAY_OF_WEEK,VARCHAR,Y,,,"요일 (degen, AD_DATE 파생)",
FACT_AD_PERFORMANCE,PERF_DATE × CAMPAIGN_SK × AD_CREATIVE_SK × DEVICE_SK,FACT,WEEK_OF_YEAR,"NUMBER(2,0)",Y,,,"주차 (degen, AD_DATE 파생)",
FACT_AD_PERFORMANCE,PERF_DATE × CAMPAIGN_SK × AD_CREATIVE_SK × DEVICE_SK,FACT,AD_SOURCE_TYPE,VARCHAR,Y,,,광고유형 DIGITAL/VIDEO/REBROADCAST (degen). 출처 명시축(DEC-8·§3-A-4) — DW_SOURCE_SYSTEM(시스템 출처)과 2단 추적. DEVICE_TYPE=(해당없음) 행의 방송 여부 판별 수단,
FACT_AD_PERFORMANCE,PERF_DATE × CAMPAIGN_SK × AD_CREATIVE_SK × DEVICE_SK,FACT,DW_SOURCE_SYSTEM,VARCHAR,N,,,원천 시스템 식별 (공통감사),공통감사
FACT_AD_PERFORMANCE,PERF_DATE × CAMPAIGN_SK × AD_CREATIVE_SK × DEVICE_SK,FACT,DW_LOAD_TS,TIMESTAMP_NTZ,N,,,최초 적재 시각 (공통감사),공통감사
FACT_AD_PERFORMANCE,PERF_DATE × CAMPAIGN_SK × AD_CREATIVE_SK × DEVICE_SK,FACT,DW_UPDATE_TS,TIMESTAMP_NTZ,Y,,,최종 갱신 시각 (공통감사),공통감사
FACT_AD_PERFORMANCE,PERF_DATE × CAMPAIGN_SK × AD_CREATIVE_SK × DEVICE_SK,FACT,DW_BATCH_ID,VARCHAR,Y,,,적재 배치 식별자 = dbt invocation_id (공통감사),공통감사
FACT_AD_PERFORMANCE,PERF_DATE × CAMPAIGN_SK × AD_CREATIVE_SK × DEVICE_SK,FACT,MKTG_CAMPAIGN_SK,"NUMBER(38,0)",Y,FK,DIM_MARKETING_CAMPAIGN.MKTG_CAMPAIGN_SK,[O45] 마케팅캠페인 대리키 (FK→DIM_MARKETING_CAMPAIGN). 광고↔CRM 결합축. 도달·미도달 커버리지는 문서10 §26 이며 미도달은 0(미매핑) — 이 버킷을 「미집행」으로 읽지 말 것. 🔴개발캠페인(CAMPAIGN_SK) grain 결합 금지 — 대규모 팬아웃(배수·행수는 문서10 §26),
FACT_BUDGET,MONTH_KEY × ORG × BUDGET_ITEM_SK [×CAMPAIGN],FACT,MONTH_KEY,"NUMBER(6,0)",N,FK,DIM_DATE(MONTH_KEY) ※비강제(월conform/비유일),"예산월 YYYYMM (FK→DIM_DATE, 월 conform)","타입(6,0)≠DATE_SK(8,0) — DIM_DATE 월초행/월 conform 뷰 경유 조인"
FACT_BUDGET,MONTH_KEY × ORG × BUDGET_ITEM_SK [×CAMPAIGN],FACT,ORG_SK,"NUMBER(38,0)",N,FK,DIM_ORG.ORG_SK,조직 (FK→DIM_ORG),
FACT_BUDGET,MONTH_KEY × ORG × BUDGET_ITEM_SK [×CAMPAIGN],FACT,BUDGET_ITEM_SK,"NUMBER(38,0)",N,FK,DIM_BUDGET_ITEM.BUDGET_ITEM_SK,예산 세세목 (FK→DIM_BUDGET_ITEM),
FACT_BUDGET,MONTH_KEY × ORG × BUDGET_ITEM_SK [×CAMPAIGN],FACT,CAMPAIGN_SK,"NUMBER(38,0)",Y,FK,DIM_CAMPAIGN.CAMPAIGN_SK,캠페인 (FK→DIM_CAMPAIGN),선택 grain 미확정(O3)
FACT_BUDGET,MONTH_KEY × ORG × BUDGET_ITEM_SK [×CAMPAIGN],FACT,SPONSORSHIP_SK,"NUMBER(38,0)",Y,FK,DIM_SPONSORSHIP.SPONSORSHIP_SK,후원사업 (선택 FK→DIM_SPONSORSHIP),
FACT_BUDGET,MONTH_KEY × ORG × BUDGET_ITEM_SK [×CAMPAIGN],FACT,PLAN_BUDGET_MONTH,"NUMBER(18,2)",Y,,,편성예산(월),
FACT_BUDGET,MONTH_KEY × ORG × BUDGET_ITEM_SK [×CAMPAIGN],FACT,PLAN_BUDGET_YEAR,"NUMBER(18,2)",Y,,,편성예산(연),
FACT_BUDGET,MONTH_KEY × ORG × BUDGET_ITEM_SK [×CAMPAIGN],FACT,EXEC_BUDGET_ERP,"NUMBER(18,2)",Y,,,집행예산(ERP),
FACT_BUDGET,MONTH_KEY × ORG × BUDGET_ITEM_SK [×CAMPAIGN],FACT,EXEC_BUDGET_EST,"NUMBER(18,2)",Y,,,집행예산(추정),
FACT_BUDGET,MONTH_KEY × ORG × BUDGET_ITEM_SK [×CAMPAIGN],FACT,FUNDRAISING_COST,"NUMBER(18,2)",Y,,,모금성비용,
FACT_BUDGET,MONTH_KEY × ORG × BUDGET_ITEM_SK [×CAMPAIGN],FACT,AD_COST,"NUMBER(18,2)",Y,,,광고비,
FACT_BUDGET,MONTH_KEY × ORG × BUDGET_ITEM_SK [×CAMPAIGN],FACT,DW_SOURCE_SYSTEM,VARCHAR,N,,,원천 시스템 식별 (공통감사),공통감사
FACT_BUDGET,MONTH_KEY × ORG × BUDGET_ITEM_SK [×CAMPAIGN],FACT,DW_LOAD_TS,TIMESTAMP_NTZ,N,,,최초 적재 시각 (공통감사),공통감사
FACT_BUDGET,MONTH_KEY × ORG × BUDGET_ITEM_SK [×CAMPAIGN],FACT,DW_UPDATE_TS,TIMESTAMP_NTZ,Y,,,최종 갱신 시각 (공통감사),공통감사
FACT_BUDGET,MONTH_KEY × ORG × BUDGET_ITEM_SK [×CAMPAIGN],FACT,DW_BATCH_ID,VARCHAR,Y,,,적재 배치 식별자 = dbt invocation_id (공통감사),공통감사
FACT_DEV_ACHIEVEMENT,MONTH_KEY×ORG_SK×DEV_TYPE,FACT,MONTH_KEY,"NUMBER(6,0)",N,PK,,목표·실적 공통 월키 YYYYMM (월 conform 축),
FACT_DEV_ACHIEVEMENT,MONTH_KEY×ORG_SK×DEV_TYPE,FACT,CAL_YEAR,"NUMBER(4,0)",Y,,,FLOOR(MONTH_KEY/100) — 연도,
FACT_DEV_ACHIEVEMENT,MONTH_KEY×ORG_SK×DEV_TYPE,FACT,CAL_MONTH,"NUMBER(2,0)",Y,,,"MOD(MONTH_KEY,100) — 월",
FACT_DEV_ACHIEVEMENT,MONTH_KEY×ORG_SK×DEV_TYPE,FACT,ORG_SK,"NUMBER(38,0)",N,PK,,조직 대리키 (FK→DIM_ORG). 실적측은 실적부서(ACMSLT_DEPT_CD) 기준,
FACT_DEV_ACHIEVEMENT,MONTH_KEY×ORG_SK×DEV_TYPE,FACT,ORG_DEPARTMENT,VARCHAR,Y,,,부서명 (정본 #116) — 장표 첫 축. DIM_ORG.DEPARTMENT,
FACT_DEV_ACHIEVEMENT,MONTH_KEY×ORG_SK×DEV_TYPE,FACT,ORG_DIVISION,VARCHAR,Y,,,DIM_ORG.DIVISION — 실적지부. ⚠️산출규칙 미확정으로 전건 NULL (CONF-4),
FACT_DEV_ACHIEVEMENT,MONTH_KEY×ORG_SK×DEV_TYPE,FACT,ORG_TEAM,VARCHAR,Y,,,DIM_ORG.TEAM — 팀. ⚠️보류로 전건 NULL (CONF-4),
FACT_DEV_ACHIEVEMENT,MONTH_KEY×ORG_SK×DEV_TYPE,FACT,ORG_CORP,VARCHAR,Y,,,DIM_ORG.CORP — 법인. ⚠️부서 차원에서 산출 불가로 전건 NULL (CONF-4),
FACT_DEV_ACHIEVEMENT,MONTH_KEY×ORG_SK×DEV_TYPE,FACT,DEV_TYPE,VARCHAR,N,PK,,개발구분 코드 (MM015 중 1신규·2증액·4재후원). 정본 공#121 개발 정의와 일치하는 축 — 목표·실적 공통,
FACT_DEV_ACHIEVEMENT,MONTH_KEY×ORG_SK×DEV_TYPE,FACT,DEV_TYPE_NAME,VARCHAR,Y,,,개발구분명 (MM015 라벨). 코드는 DEV_TYPE,
FACT_DEV_ACHIEVEMENT,MONTH_KEY×ORG_SK×DEV_TYPE,FACT,GOAL_CNT,"NUMBER(18,4)",Y,,,월 회원개발목표(건) — 장표 「월 목표」. 원천 CRM TM_CM_MBER_DVLP_GOAL,
FACT_DEV_ACHIEVEMENT,MONTH_KEY×ORG_SK×DEV_TYPE,FACT,ACTUAL_CNT,"NUMBER(18,4)",Y,,,월 개발실적(건) — 장표 「월 실적」. FME.DEV_CNT 월 롤업(코드 1·2·4 한정),
FACT_DEV_ACHIEVEMENT,MONTH_KEY×ORG_SK×DEV_TYPE,FACT,GOAL_CNT_YTD,"NUMBER(18,4)",Y,,,(누계)월 목표(건) — 당해년 1월~당월 누적. 🔴월 비가산 — 월을 가로질러 합산 금지,
FACT_DEV_ACHIEVEMENT,MONTH_KEY×ORG_SK×DEV_TYPE,FACT,ACTUAL_CNT_YTD,"NUMBER(18,4)",Y,,,(누계)월 실적(건) — 당해년 1월~당월 누적. 🔴월 비가산,
FACT_DEV_ACHIEVEMENT,MONTH_KEY×ORG_SK×DEV_TYPE,FACT,GOAL_CNT_YEAR,"NUMBER(18,4)",Y,,,연 목표(건) — 당해년 12개월 합. 별도 저장 지표가 아니라 월 목표의 연 합계다(정본 공#3). 🔴월 비가산,
FACT_DEV_ACHIEVEMENT,MONTH_KEY×ORG_SK×DEV_TYPE,FACT,ACTUAL_CNT_YEAR,"NUMBER(18,4)",Y,,,연 실적(건) — 당해년 12개월 합. 🔴월 비가산,
FACT_DEV_ACHIEVEMENT,MONTH_KEY×ORG_SK×DEV_TYPE,FACT,HAS_GOAL_ROW,BOOLEAN,Y,,,목표 **행**의 존재 여부 — 값이 0 이거나 NULL 이어도 TRUE 다. 🔴**달성율 스코프로 쓰지 말 것**: 원천이 2020년부터 부서×월×개발구분 조합을 전량 행 생성하고 미편성분을 0 으로 채우므로 목표 행의 과반이 0 이다. 이 플래그로 분자를 스코프하면 목표 0 행의 실적이 분모 없이 분자에 들어가 달성율이 폭증한다(실측 확인 후 교정). 달성율은 HAS_POSITIVE_GOAL 을 쓴다. 이 컬럼의 용도는 「목표 행 자체가 없는 조합」(=FALSE)을 찾는 것이다,
FACT_DEV_ACHIEVEMENT,MONTH_KEY×ORG_SK×DEV_TYPE,FACT,HAS_POSITIVE_GOAL,BOOLEAN,Y,,,🟢**목표가 실제로 편성됐는지**(GOAL_CNT>0) — 달성율 분모·분자 스코프의 **정본**이다. 목표 미편성 부서·월의 실적이 분자에 섞이면 달성율이 조용히 과대해진다(P18·P63). SV_DEV_ACHIEVEMENT.ACHIEVEMENT_RATE 는 이 조건을 식에 못박아 두었으므로 소비 시 별도 필터가 불필요하다. ⚠️FALSE 는 「목표 0 건으로 명시」와 「목표 미입력(원천 NULL)」을 함께 담는다 — 구분이 필요하면 FACT_TARGET_DEV.GOAL_CNT IS NULL 로 팩트에서 본다,
FACT_DEV_ACHIEVEMENT,MONTH_KEY×ORG_SK×DEV_TYPE,FACT,HAS_ACTUAL,BOOLEAN,Y,,,실적 발생 여부. FALSE 는 목표만 편성된 월(미래월 포함)이다 — 실적 0 으로 읽되 「미달」로 단정하지 말 것,
FACT_DEV_ACHIEVEMENT,MONTH_KEY×ORG_SK×DEV_TYPE,FACT,DW_SOURCE_SYSTEM,VARCHAR,N,,,원천 시스템 식별 (공통감사),공통감사
FACT_DEV_ACHIEVEMENT,MONTH_KEY×ORG_SK×DEV_TYPE,FACT,DW_LOAD_TS,TIMESTAMP_NTZ,N,,,최초 적재 시각 (공통감사),공통감사
FACT_DEV_ACHIEVEMENT,MONTH_KEY×ORG_SK×DEV_TYPE,FACT,DW_UPDATE_TS,TIMESTAMP_NTZ,Y,,,최종 갱신 시각 (공통감사),공통감사
FACT_DEV_ACHIEVEMENT,MONTH_KEY×ORG_SK×DEV_TYPE,FACT,DW_BATCH_ID,VARCHAR,Y,,,적재 배치 식별자 = dbt invocation_id (공통감사),공통감사
FACT_EVENT_PARTICIPATION,DATE_SK × MEMBER_DK × EVENT_SK,FACT,DATE_SK,"NUMBER(8,0)",N,FK,DIM_DATE.DATE_SK,참여일 YYYYMMDD (FK→DIM_DATE),
FACT_EVENT_PARTICIPATION,DATE_SK × MEMBER_DK × EVENT_SK,FACT,MEMBER_DK,VARCHAR,N,"DK,FK",DIM_MEMBER(MEMBER_DK) ※비강제(SCD2/비유일),참여 회원 (불변키),SCD2 다중버전 — 현재행(IS_CURRENT) 경유 조인(중복 주의); [실측06-30]VARCHAR(10)
FACT_EVENT_PARTICIPATION,DATE_SK × MEMBER_DK × EVENT_SK,FACT,EVENT_SK,"NUMBER(38,0)",N,FK,DIM_EVENT.EVENT_SK,행사 (FK→DIM_EVENT),
FACT_EVENT_PARTICIPATION,DATE_SK × MEMBER_DK × EVENT_SK,FACT,CAMPAIGN_SK,"NUMBER(38,0)",Y,FK,DIM_CAMPAIGN.CAMPAIGN_SK,"분석축(캠페인) — 🔴 전건 0 하드코딩(미배선). 차단=O8 다중캠페인 귀속규칙 현업 미회신. 0 은 (미매핑) 센티넬이며 ""캠페인 없음"" 아님",
FACT_EVENT_PARTICIPATION,DATE_SK × MEMBER_DK × EVENT_SK,FACT,SPONSORSHIP_SK,"NUMBER(38,0)",Y,FK,DIM_SPONSORSHIP.SPONSORSHIP_SK,분석축(후원사업) — 🔴 전건 0 하드코딩(미배선). 차단=O8 동일 게이트. 0 은 (미매핑) 센티넬,
FACT_EVENT_PARTICIPATION,DATE_SK × MEMBER_DK × EVENT_SK,FACT,TOTAL_CNT,"NUMBER(38,0)",Y,,,총인원 — 🔴 전건 0(미배선). 원인=O28 코드체계 미확정. 0 을 실측값으로 읽지 말 것,
FACT_EVENT_PARTICIPATION,DATE_SK × MEMBER_DK × EVENT_SK,FACT,WAIT_CNT,"NUMBER(38,0)",Y,,,대기인원 — 🔴 전건 0(미배선). 원인=O28 코드체계 미확정,
FACT_EVENT_PARTICIPATION,DATE_SK × MEMBER_DK × EVENT_SK,FACT,CANCEL_CNT,"NUMBER(38,0)",Y,,,취소인원 — 🔴 전건 0(미배선). 원인=O28 코드체계 미확정,
FACT_EVENT_PARTICIPATION,DATE_SK × MEMBER_DK × EVENT_SK,FACT,CONFIRM_CNT,"NUMBER(38,0)",Y,,,신청확정인원 — 🔴 전건 0(미배선). 원인=O28 코드체계 미확정,
FACT_EVENT_PARTICIPATION,DATE_SK × MEMBER_DK × EVENT_SK,FACT,PARTICIPATE_CNT,"NUMBER(38,0)",Y,,,참여인원 — ⚠️행당 상수 1 하드코딩(집계 아님). 취소·불참 행도 1,
FACT_EVENT_PARTICIPATION,DATE_SK × MEMBER_DK × EVENT_SK,FACT,ABSENT_CNT,"NUMBER(38,0)",Y,,,불참인원 — 🔴 전건 0(미배선). 원인=O28 코드체계 미확정,
FACT_EVENT_PARTICIPATION,DATE_SK × MEMBER_DK × EVENT_SK,FACT,PARTICIPANT_CNT,"NUMBER(38,0)",Y,,,참여자수 — ⚠️행당 상수 1(=행수). 회원 중복 미제거 → 명수는 COUNT(DISTINCT MEMBER_DK),
FACT_EVENT_PARTICIPATION,DATE_SK × MEMBER_DK × EVENT_SK,FACT,PARTICIPATION_TIMES,"NUMBER(38,0)",Y,,,참여횟수 — 🔴 전건 0(미배선). 🟢 PARTCPT_SEQ 로 O28 무관하게 산출 가능,
FACT_EVENT_PARTICIPATION,DATE_SK × MEMBER_DK × EVENT_SK,FACT,WAIT_TIMES,"NUMBER(38,0)",Y,,,대기횟수 — 🔴 전건 0(미배선). O28 확정 후 산출,
FACT_EVENT_PARTICIPATION,DATE_SK × MEMBER_DK × EVENT_SK,FACT,ABSENT_TIMES,"NUMBER(38,0)",Y,,,불참횟수 — 🔴 전건 0(미배선). O28 확정 후 산출,
FACT_EVENT_PARTICIPATION,DATE_SK × MEMBER_DK × EVENT_SK,FACT,CUM_APPLY_TIMES,"NUMBER(38,0)",Y,,,누적신청 횟수 — 🔴 전건 0(미배선). PARTCPT_SEQ 기반 산출 가능(O28 무관),
FACT_EVENT_PARTICIPATION,DATE_SK × MEMBER_DK × EVENT_SK,FACT,REGULAR_DONATION,"NUMBER(18,2)",Y,,,정기후원금(원),
FACT_EVENT_PARTICIPATION,DATE_SK × MEMBER_DK × EVENT_SK,FACT,WIN_FLAG,BOOLEAN,Y,,,당첨여부,
FACT_EVENT_PARTICIPATION,DATE_SK × MEMBER_DK × EVENT_SK,FACT,SELF_PART_FLAG,BOOLEAN,Y,,,본인참여 — 🔴 전건 NULL(미배선). 원천 대응 미확정,
FACT_EVENT_PARTICIPATION,DATE_SK × MEMBER_DK × EVENT_SK,FACT,PART_STATUS,VARCHAR,Y,,,🔴 참여상태 — 코드체계 2개 혼입(O28). 일반행사=MS304(110 Success·120 Fail·130~220 N_step_right/fail) / 캠페인행사=소정수 1~6(의미 미확정·문서20 §I) — 체계별 규모는 문서10 §26. 판별자=EVENT_KEY 접두(고아가 있어도 안전). 두 체계 합산·GROUP BY 금지 · 한글 비교는 0행,
FACT_EVENT_PARTICIPATION,DATE_SK × MEMBER_DK × EVENT_SK,FACT,PART_PATH,VARCHAR,Y,,,참여경로(05 3-5),
FACT_EVENT_PARTICIPATION,DATE_SK × MEMBER_DK × EVENT_SK,FACT,PART_CHANNEL,VARCHAR,Y,,,참여채널(05 3-5),
FACT_EVENT_PARTICIPATION,DATE_SK × MEMBER_DK × EVENT_SK,FACT,INCREASE_FLAG,BOOLEAN,Y,,,증액여부 — 🔴 전건 NULL(미배선). 정소재지는 FACT_MEMBER_EVENT.DVLP_DIV_CD(MM015 코드2),
FACT_EVENT_PARTICIPATION,DATE_SK × MEMBER_DK × EVENT_SK,FACT,EVENT_BK,VARCHAR,Y,BK,,"[DEC-30] degenerate key — 원천 행사키 ← CRM_EVENT_PARTICIPATION.EVENT_KEY(전건 채움). 🔴고아 행사 식별자 보존용: 마스터 부재 행사의 행이 EVENT_SK=0 으로 뭉개져 서로 구별되지 않았다(고아 규모·SILVER 대비 종수는 문서10 §26). 🔷(EVENT_BK,MEMBER_DK,PARTCPT_SEQ) 가 행 유일 식별 — EVENT_SK 로는 키 충돌이 발생한다(규모는 문서10 §26). ⚠️접두(EVENT_/CRMN_)가 O28 코드체계 판별자",
FACT_EVENT_PARTICIPATION,DATE_SK × MEMBER_DK × EVENT_SK,FACT,PARTCPT_SEQ,"NUMBER(38,0)",Y,,,"[DEC-30] degenerate key — 참여 일련번호 ← CRM_EVENT_PARTICIPATION.PARTCPT_SEQ(전건 채움). 🔷(EVENT_SK,MEMBER_DK,PARTCPT_SEQ) 가 행을 유일 식별 — (행사,회원)만으로는 중복이 남는다(규모는 문서10 §26). ⚠️전역 순번 아님 · 음수와 INT_MIN 값이 실존한다(규모는 문서10 §26) → 식별자 전용, 정렬·범위조건 금지",
FACT_EVENT_PARTICIPATION,DATE_SK × MEMBER_DK × EVENT_SK,FACT,DW_SOURCE_SYSTEM,VARCHAR,N,,,원천 시스템 식별 (공통감사),공통감사
FACT_EVENT_PARTICIPATION,DATE_SK × MEMBER_DK × EVENT_SK,FACT,DW_LOAD_TS,TIMESTAMP_NTZ,N,,,최초 적재 시각 (공통감사),공통감사
FACT_EVENT_PARTICIPATION,DATE_SK × MEMBER_DK × EVENT_SK,FACT,DW_UPDATE_TS,TIMESTAMP_NTZ,Y,,,최종 갱신 시각 (공통감사),공통감사
FACT_EVENT_PARTICIPATION,DATE_SK × MEMBER_DK × EVENT_SK,FACT,DW_BATCH_ID,VARCHAR,Y,,,적재 배치 식별자 = dbt invocation_id (공통감사),공통감사
FACT_EVENT_PARTICIPATION,DATE_SK × MEMBER_DK × EVENT_SK,FACT,PART_STATUS_GROUP,VARCHAR,Y,,,참여상태 코드군 ID (조인키 · 일반행사→MS304 · 캠페인행사→MS006). 🔴O28 다체계의 **구조적 해소축**이다 — PART_STATUS 단독 필터·GROUP BY 는 두 체계를 섞는다(판별자 = 이 컬럼 또는 EVENT_BK 접두). 🔴두 원천의 「참여」 정의 자체가 다르므로 합산 금지,
FACT_EVENT_PARTICIPATION,DATE_SK × MEMBER_DK × EVENT_SK,FACT,PART_STATUS_NAME,VARCHAR,Y,,,참여상태 라벨 (CRM_CODE 조인). ⚠️일반행사(MS304) 라벨은 코드사전에 **영문**으로 등록돼 있다(Success·N_step_right 계열) — 현업 한글 표기 회신 대기(문서20 §M-1)이며 우리가 창작하지 않았다. 미등재·오염 코드는 NULL,
FACT_EVENT_PARTICIPATION,DATE_SK × MEMBER_DK × EVENT_SK,FACT,PART_PATH_GROUP,VARCHAR,Y,,,참여경로 코드군 ID (조인키 · 일반행사→MS303 · 캠페인행사→MS004=신청경로). 🟢운영서버 코드사전 대조로 확정(2026-08-11 · 등급 C→B) — 조건부 적용은 해소됐고 롤백은 발동하지 않았다,
FACT_EVENT_PARTICIPATION,DATE_SK × MEMBER_DK × EVENT_SK,FACT,PART_PATH_NAME,VARCHAR,Y,,,참여경로 라벨 (CRM_CODE 조인 · 코드군 확정). 미등재·오염 코드는 NULL 유지,
FACT_EVENT_PARTICIPATION,DATE_SK × MEMBER_DK × EVENT_SK,FACT,PART_CHANNEL_GROUP,VARCHAR,Y,,,참여채널 코드군 ID (조인키 · 일반행사→MS302 · 등급 B 배타 확정). 캠페인행사는 원천에 채널 축이 없어 NULL(구조적 부재 · P21),
FACT_EVENT_PARTICIPATION,DATE_SK × MEMBER_DK × EVENT_SK,FACT,PART_CHANNEL_NAME,VARCHAR,Y,,,참여채널 라벨 (CRM_CODE 조인). 미등재·오염 코드는 NULL 유지,
FACT_GA_BEHAVIOR,DATE_SK × IDENTITY_SK × GA_EVENT_SK × GA_SOURCE_SK × DEVICE_SK × CAMPAIGN_SK × PAGE,FACT,DATE_SK,"NUMBER(8,0)",N,FK,DIM_DATE.DATE_SK,행동 발생일 YYYYMMDD (FK→DIM_DATE),
FACT_GA_BEHAVIOR,DATE_SK × IDENTITY_SK × GA_EVENT_SK × GA_SOURCE_SK × DEVICE_SK × CAMPAIGN_SK × PAGE,FACT,IDENTITY_SK,"NUMBER(38,0)",N,FK,DIM_MEMBER_IDENTITY.IDENTITY_SK,방문자 회원식별 (FK→DIM_MEMBER_IDENTITY),
FACT_GA_BEHAVIOR,DATE_SK × IDENTITY_SK × GA_EVENT_SK × GA_SOURCE_SK × DEVICE_SK × CAMPAIGN_SK × PAGE,FACT,GA_EVENT_SK,"NUMBER(38,0)",N,FK,DIM_GA_EVENT.GA_EVENT_SK,GA 이벤트 분류 (FK→DIM_GA_EVENT),
FACT_GA_BEHAVIOR,DATE_SK × IDENTITY_SK × GA_EVENT_SK × GA_SOURCE_SK × DEVICE_SK × CAMPAIGN_SK × PAGE,FACT,GA_SOURCE_SK,"NUMBER(38,0)",N,FK,DIM_GA_SOURCE.GA_SOURCE_SK,유입 트래픽소스 (FK→DIM_GA_SOURCE),
FACT_GA_BEHAVIOR,DATE_SK × IDENTITY_SK × GA_EVENT_SK × GA_SOURCE_SK × DEVICE_SK × CAMPAIGN_SK × PAGE,FACT,DEVICE_SK,"NUMBER(38,0)",N,FK,DIM_DEVICE.DEVICE_SK,접속 디바이스 (FK→DIM_DEVICE),
FACT_GA_BEHAVIOR,DATE_SK × IDENTITY_SK × GA_EVENT_SK × GA_SOURCE_SK × DEVICE_SK × CAMPAIGN_SK × PAGE,FACT,CAMPAIGN_SK,"NUMBER(38,0)",N,FK,DIM_CAMPAIGN.CAMPAIGN_SK,세션캠페인(#102) — 🔴 상수 0 하드코딩(센티넬). GA UTM 캠페인이 여러 종인데 하나로 뭉개져 있다(P51 위반 · 종수는 문서10 §26). SILVER.GA4_EVENT.UTM_CAMPAIGN(채움 규모는 문서10 §26) 미배선 → 캠페인축 분석 불가. WIDE 의 CAMPAIGN_BK/NAME/BRAND 도 전건 (미매핑),
FACT_GA_BEHAVIOR,DATE_SK × IDENTITY_SK × GA_EVENT_SK × GA_SOURCE_SK × DEVICE_SK × CAMPAIGN_SK × PAGE,FACT,PAGE_PATH,VARCHAR,N,,,"페이지경로 — 🔴 쿼리문자열 제외됨(산식 = SPLIT_PART(PAGE_LOCATION,'?',1) · 실측 '?' 포함 0행). 정본 #105「페이지경로+쿼리문자열」 미충족이며 정본 #122 결연아동코드(childnum=) 파생 불가",
FACT_GA_BEHAVIOR,DATE_SK × IDENTITY_SK × GA_EVENT_SK × GA_SOURCE_SK × DEVICE_SK × CAMPAIGN_SK × PAGE,FACT,PAGE_LOCATION,VARCHAR,Y,,,페이지위치(#106) — 🔴 grain 내 MAX() 대표값(URL 전체 아님). 원천 distinct 대비 GOLD 생존 종수가 크게 줄어든다(소실 규모·childnum·memnum 종수는 문서10 §26). 특정 URL 유무 판정 금지,
FACT_GA_BEHAVIOR,DATE_SK × IDENTITY_SK × GA_EVENT_SK × GA_SOURCE_SK × DEVICE_SK × CAMPAIGN_SK × PAGE,FACT,VISITS,"NUMBER(38,0)",Y,,,방문수(명) (#92) — 가산(실측 배수 1.0000). SESSION_CNT 의 가산 대체축,
FACT_GA_BEHAVIOR,DATE_SK × IDENTITY_SK × GA_EVENT_SK × GA_SOURCE_SK × DEVICE_SK × CAMPAIGN_SK × PAGE,FACT,EVENT_CNT,"NUMBER(38,0)",Y,,,이벤트수(명) (#95) — 가산(실측 배수 1.0000),
FACT_GA_BEHAVIOR,DATE_SK × IDENTITY_SK × GA_EVENT_SK × GA_SOURCE_SK × DEVICE_SK × CAMPAIGN_SK × PAGE,FACT,VIEW_CNT,"NUMBER(38,0)",Y,,,조회수(명) (#96) — 가산(실측 배수 1.0000),
FACT_GA_BEHAVIOR,DATE_SK × IDENTITY_SK × GA_EVENT_SK × GA_SOURCE_SK × DEVICE_SK × CAMPAIGN_SK × PAGE,FACT,SESSION_CNT,"NUMBER(38,0)",Y,,,세션수(명) (#97) — 🔴**비가산**. COUNT(DISTINCT user||session) 인데 집계 grain 이라 같은 세션이 여러 행에 반복된다. SUM 과 실제 distinct 의 격차(과대 배수)는 문서10 §26 → SUM 금지. 가산 대체 = VISITS,
FACT_GA_BEHAVIOR,DATE_SK × IDENTITY_SK × GA_EVENT_SK × GA_SOURCE_SK × DEVICE_SK × CAMPAIGN_SK × PAGE,FACT,ENGAGED_SESSIONS,"NUMBER(38,0)",Y,,,참여세션수 — 🔴**비가산**. COUNT(DISTINCT) + 집계 grain. SUM 과 실제 distinct 의 격차(과대 배수)는 문서10 §26 → SUM 금지,
FACT_GA_BEHAVIOR,DATE_SK × IDENTITY_SK × GA_EVENT_SK × GA_SOURCE_SK × DEVICE_SK × CAMPAIGN_SK × PAGE,FACT,SCROLL_DEPTH,"NUMBER(9,4)",Y,,,스크롤깊이 AVG (#107) — 비가산,
FACT_GA_BEHAVIOR,DATE_SK × IDENTITY_SK × GA_EVENT_SK × GA_SOURCE_SK × DEVICE_SK × CAMPAIGN_SK × PAGE,FACT,ACTIVE_USERS,"NUMBER(38,0)",Y,,,활성사용자수(명) (#93) — 비가산,비가산 — 기간 재합산 금지(GA4 사전집계)
FACT_GA_BEHAVIOR,DATE_SK × IDENTITY_SK × GA_EVENT_SK × GA_SOURCE_SK × DEVICE_SK × CAMPAIGN_SK × PAGE,FACT,TOTAL_USERS,"NUMBER(38,0)",Y,,,총사용자(명) (#94) — 비가산,비가산 — 기간 재합산 금지(GA4 사전집계)
FACT_GA_BEHAVIOR,DATE_SK × IDENTITY_SK × GA_EVENT_SK × GA_SOURCE_SK × DEVICE_SK × CAMPAIGN_SK × PAGE,FACT,AVG_SESSION_DURATION,"NUMBER(9,4)",Y,,,평균세션시간 (#98) — 비가산,비가산 — 기간 재합산 금지(GA4 사전집계)
FACT_GA_BEHAVIOR,DATE_SK × IDENTITY_SK × GA_EVENT_SK × GA_SOURCE_SK × DEVICE_SK × CAMPAIGN_SK × PAGE,FACT,BOUNCE_RATE,"NUMBER(9,4)",Y,,,이탈율 (#108) — 비가산,비가산 — 기간 재합산 금지(GA4 사전집계)
FACT_GA_BEHAVIOR,DATE_SK × IDENTITY_SK × GA_EVENT_SK × GA_SOURCE_SK × DEVICE_SK × CAMPAIGN_SK × PAGE,FACT,ENGAGEMENT_RATE,"NUMBER(9,4)",Y,,,참여율 — 비가산,비가산 — 기간 재합산 금지(GA4 사전집계)
FACT_GA_BEHAVIOR,DATE_SK × IDENTITY_SK × GA_EVENT_SK × GA_SOURCE_SK × DEVICE_SK × CAMPAIGN_SK × PAGE,FACT,AVG_ENGAGEMENT_TIME_PER_SESSION,"NUMBER(9,4)",Y,,,세션당 평균참여시간 — 비가산,비가산 — 기간 재합산 금지(GA4 사전집계)
FACT_GA_BEHAVIOR,DATE_SK × IDENTITY_SK × GA_EVENT_SK × GA_SOURCE_SK × DEVICE_SK × CAMPAIGN_SK × PAGE,FACT,DW_SOURCE_SYSTEM,VARCHAR,N,,,원천 시스템 식별 (공통감사),공통감사
FACT_GA_BEHAVIOR,DATE_SK × IDENTITY_SK × GA_EVENT_SK × GA_SOURCE_SK × DEVICE_SK × CAMPAIGN_SK × PAGE,FACT,DW_LOAD_TS,TIMESTAMP_NTZ,N,,,최초 적재 시각 (공통감사),공통감사
FACT_GA_BEHAVIOR,DATE_SK × IDENTITY_SK × GA_EVENT_SK × GA_SOURCE_SK × DEVICE_SK × CAMPAIGN_SK × PAGE,FACT,DW_UPDATE_TS,TIMESTAMP_NTZ,Y,,,최종 갱신 시각 (공통감사),공통감사
FACT_GA_BEHAVIOR,DATE_SK × IDENTITY_SK × GA_EVENT_SK × GA_SOURCE_SK × DEVICE_SK × CAMPAIGN_SK × PAGE,FACT,DW_BATCH_ID,VARCHAR,Y,,,적재 배치 식별자 = dbt invocation_id (공통감사),공통감사
FACT_MEMBER_COHORT,1회원,FACT,MEMBER_DK,VARCHAR,N,PK,,회원 불변키 (grain·PK). ※비강제 FK→DIM_MEMBER,
FACT_MEMBER_COHORT,1회원,FACT,ACQ_CAMPAIGN_SK,"NUMBER(38,0)",Y,FK,DIM_CAMPAIGN.CAMPAIGN_SK,획득 캠페인 (FK→DIM_CAMPAIGN). 회원을 처음 데려온 캠페인이다. 미매칭·부재는 0(Unknown 멤버),
FACT_MEMBER_COHORT,1회원,FACT,ACQ_DATE_SK,"NUMBER(8,0)",Y,FK,DIM_DATE.DATE_SK,획득일 (FK→DIM_DATE). 획득 사건의 발생일. 캘린더 범위밖·무효는 0,
FACT_MEMBER_COHORT,1회원,FACT,ACQ_BASIS,VARCHAR,Y,,,획득 판정 근거. 'NEW'=개발구분 신규(MM015 코드1) 사건으로 판정 / 'FALLBACK'=신규 사건이 없어 최초 개발 사건으로 대체 판정. 🔴 FALLBACK 은 획득캠페인 신뢰도가 낮다 — 캠페인 비교 시 'NEW' 로 한정할 것을 권한다. ⚠️ 개발 이력이 아예 없는 중단회원은 획득 캠페인을 알 수 없어 이 팩트에 **존재하지 않는다**(중단 총계는 FACT_MEMBER_EVENT 를 쓴다),
FACT_MEMBER_COHORT,1회원,FACT,ACQ_DVLP_DIV_CD,VARCHAR,Y,,,획득 사건의 개발구분 코드(MM015). ACQ_BASIS='NEW' 이면 '1',
FACT_MEMBER_COHORT,1회원,FACT,ACQ_AGE_CD,"NUMBER(2,0)",Y,,,획득 시점 연령대 코드(CM014). 🔴 연속형 나이가 아니다 — 평균·구간 재계산 금지. 라벨=ACQ_AGE_BAND,
FACT_MEMBER_COHORT,1회원,FACT,ACQ_AGE_BAND,VARCHAR,Y,,,획득 시점 연령대명(CM014 라벨). 🔴 **현재 나이가 아니다** — 현재 연령은 BRONZE 에 생년월일이 없어 산출 불가(O34). 이 축의 '10대 미만' 상위는 오류가 아니며 편지쓰기대회 계열 아동 모집 캠페인 때문이다(O34-B) — 결측·기본값 오염으로 설명하지 말 것,
FACT_MEMBER_COHORT,1회원,FACT,ACQ_AREA_CD,VARCHAR,Y,,,획득 시점 지역 코드(CM018 + 라벨 없는 센티넬 '0'). 라벨=ACQ_REGION,
FACT_MEMBER_COHORT,1회원,FACT,ACQ_REGION,VARCHAR,Y,,,획득 시점 지역명(CM018 약칭). 🔴 **현재 거주지가 아니다** — BRONZE 에 현주소 축이 없다(O34). 센티넬 '0'은 사전 라벨이 없어 NULL 이며 '미상'으로 창작하지 않는다,
FACT_MEMBER_COHORT,1회원,FACT,ACQ_SEX_CD,VARCHAR,Y,,,획득 시점 성별 코드(CM013). 라벨=ACQ_GENDER. ⚠️ DIM_MEMBER 의 성별(CM017 계열·현재 스냅샷)과 코드체계가 다르다,
FACT_MEMBER_COHORT,1회원,FACT,ACQ_GENDER,VARCHAR,Y,,,획득 시점 성별명(CM013 라벨). 계열: 국내(남자)·국내(여자)·외국인(남자)·외국인(여자)·외국인(기타)·단체·기업·기타,
FACT_MEMBER_COHORT,1회원,FACT,ACQ_SPNSR_AMT,"NUMBER(18,0)",Y,,,"획득 사건의 후원금액(원, raw). 🔴 건수로 환산하지 말 것 — 정본 공#38·#151 이 금액÷10,000 규약이라 혼용하면 정의가 깨진다(CONF-2)",
FACT_MEMBER_COHORT,1회원,FACT,FIRST_STOP_DATE_SK,"NUMBER(8,0)",Y,FK,DIM_DATE.DATE_SK,최초 중단일 (FK→DIM_DATE). 중단원천(EVENT_TYPE='STOP') 기준 최초 사건. 🔴 **미중단 회원은 NULL** 이며 0 이 아니다 — 0 은 「날짜 미상」이라는 다른 뜻이다(P21). 중단했으나 일자가 캘린더 범위밖이면 0,
FACT_MEMBER_COHORT,1회원,FACT,FIRST_STOP_REASON_NM,VARCHAR,Y,,,최초 중단의 사유명(MM005 라벨). 미중단 회원은 NULL. ⚠️ USE_YN 무필터 — 폐지코드도 실적재에 남아 있어 필터하면 라벨이 사라진다,
FACT_MEMBER_COHORT,1회원,FACT,TENURE_DAYS,"NUMBER(9,0)",Y,,,유지기간(일) = 최초 중단일 − 획득일. 🔴 미중단 회원은 NULL(아직 종료되지 않은 관측이다 — 0 이나 현재까지 경과일로 채우면 평균 유지기간이 조용히 틀린다). 획득일·중단일 중 하나가 무효면 NULL,
FACT_MEMBER_COHORT,1회원,FACT,IS_12M_OBSERVABLE,BOOLEAN,Y,,,"12개월 관측 가능 여부 = 획득일 + 12개월 ≤ 데이터 최종 사건일. 🔴 12개월 이탈률의 **분모 자격**이다. 최근 획득 회원은 아직 12개월이 지나지 않아 FALSE 이며, 포함시키면 최근 캠페인이 실제보다 이탈률이 낮게 보인다",
FACT_MEMBER_COHORT,1회원,FACT,ACQ_MEMBERS,"NUMBER(38,0)",Y,,,획득 회원수 — 항상 1(회원 grain). 캠페인별 획득 규모의 분모,
FACT_MEMBER_COHORT,1회원,FACT,STOPPED_MEMBERS,"NUMBER(38,0)",Y,,,누적 이탈 회원수 — 중단 이력이 있으면 1. 🔴 이 값을 ACQ_MEMBERS 로 나눈 **누적 이탈률은 캠페인 비교에 쓰면 안 된다** — 획득 시점이 이를수록 관측 기간이 길어 이탈률이 구조적으로 높게 나온다. 캠페인 비교에는 STOPPED_12M_MEMBERS / OBSERVABLE_12M_MEMBERS 를 쓴다,
FACT_MEMBER_COHORT,1회원,FACT,STOPPED_12M_MEMBERS,"NUMBER(38,0)",Y,,,12개월 내 이탈 회원수 — **IS_12M_OBSERVABLE=TRUE 이고** 최초 중단이 획득 후 12개월 내인 경우 1. 관측 불가 회원은 이탈했어도 0 이다(분자·분모를 구조적으로 일치시켜 잘못된 분모 사용을 차단한다). 분모는 반드시 OBSERVABLE_12M_MEMBERS,
FACT_MEMBER_COHORT,1회원,FACT,OBSERVABLE_12M_MEMBERS,"NUMBER(38,0)",Y,,,12개월 이탈률의 분모 회원수 — IS_12M_OBSERVABLE=TRUE 이면 1. 🔴 12개월 이탈률 = SUM(STOPPED_12M_MEMBERS)/SUM(OBSERVABLE_12M_MEMBERS). ACQ_MEMBERS 를 분모로 쓰지 말 것,
FACT_MEMBER_COHORT,1회원,FACT,DW_SOURCE_SYSTEM,VARCHAR,N,,,원천 시스템 식별 (공통감사),공통감사
FACT_MEMBER_COHORT,1회원,FACT,DW_LOAD_TS,TIMESTAMP_NTZ,N,,,최초 적재 시각 (공통감사),공통감사
FACT_MEMBER_COHORT,1회원,FACT,DW_UPDATE_TS,TIMESTAMP_NTZ,Y,,,최종 갱신 시각 (공통감사),공통감사
FACT_MEMBER_COHORT,1회원,FACT,DW_BATCH_ID,VARCHAR,Y,,,적재 배치 식별자 = dbt invocation_id (공통감사),공통감사
FACT_MEMBER_COHORT,1회원,FACT,ACQ_ORG_SK,"NUMBER(38,0)",Y,FK,DIM_ORG.ORG_SK,[O45] 획득 시점 담당조직 대리키 (FK→DIM_ORG). 0=미매핑. ⚠️ 「현재 소속」이 아니라 **획득 시점** 값이다,
FACT_MEMBER_COHORT,1회원,FACT,ACQ_SPONSORSHIP_SK,"NUMBER(38,0)",Y,FK,DIM_SPONSORSHIP.SPONSORSHIP_SK,[O45] 획득 시점 후원사업 대리키 (FK→DIM_SPONSORSHIP). 0=미매핑. ⚠️ 회비 납입 대상 후원사업(`FACT_MEMBER_FEE.SPONSORSHIP_SK`)과 **의미가 다르다** — 같은 라벨이 두 축이다,
FACT_MEMBER_EVENT,DATE_SK × MEMBER_DK × EVENT_TYPE,FACT,DATE_SK,"NUMBER(8,0)",N,FK,DIM_DATE.DATE_SK,사건일,
FACT_MEMBER_EVENT,DATE_SK × MEMBER_DK × EVENT_TYPE,FACT,MEMBER_DK,VARCHAR,N,"DK,FK",DIM_MEMBER(MEMBER_DK) ※비강제(SCD2/비유일),상태전이 대상 회원 (불변키),SCD2 다중버전 — 현재행(IS_CURRENT) 경유 조인(중복 주의); [실측06-30]VARCHAR(10)
FACT_MEMBER_EVENT,DATE_SK × MEMBER_DK × EVENT_TYPE,FACT,EVENT_TYPE,VARCHAR,N,,,원천 계통 구분: DEV=개발원천(TM_MM_FDRM_MBER_DVLP_AMT) / STOP=중단원천(TM_MM_FDRM_MBER_SPNSR_DSCNTC). ⚠️ 상태(신규·증액·감액·재후원·후원중단)는 DVLP_DIV_CD/DVLP_DIV_NM 참조 — O24,
FACT_MEMBER_EVENT,DATE_SK × MEMBER_DK × EVENT_TYPE,FACT,CAMPAIGN_SK,"NUMBER(38,0)",Y,FK,DIM_CAMPAIGN.CAMPAIGN_SK,캠페인 (FK→DIM_CAMPAIGN),
FACT_MEMBER_EVENT,DATE_SK × MEMBER_DK × EVENT_TYPE,FACT,SPONSORSHIP_SK,"NUMBER(38,0)",Y,FK,DIM_SPONSORSHIP.SPONSORSHIP_SK,후원사업 (FK→DIM_SPONSORSHIP),
FACT_MEMBER_EVENT,DATE_SK × MEMBER_DK × EVENT_TYPE,FACT,ORG_SK,"NUMBER(38,0)",Y,FK,DIM_ORG.ORG_SK,"조직 (FK→DIM_ORG) — **실적부서**(원천 ACMSLT_DEPT_CD) 기준. O10/Q7 확정축. 🔴 개발(DEV) 사건 전용이다(2026-08-05 O38 배선, 미매칭 8행은 0 라우팅). 중단(STOP) 행은 전건 0 — 축이 없어서가 아니라 중단원천이 REGIST_DEPT_CD(**등록부서**)만 보유해 역할이 다르기 때문이다. 한 컬럼에 섞으면 부서별 집계가 조용히 틀린다(O24·O28 의미혼입 유형) → 등록부서 축 배속은 O38-B 결정 대기. ⚠️ '부서별 중단건'을 이 컬럼으로 내지 말 것",
FACT_MEMBER_EVENT,DATE_SK × MEMBER_DK × EVENT_TYPE,FACT,REASON_SK,"NUMBER(38,0)",Y,FK,DIM_REASON.REASON_SK,중단/미납 사유 (FK→DIM_REASON),
FACT_MEMBER_EVENT,DATE_SK × MEMBER_DK × EVENT_TYPE,FACT,DVLP_DIV_CD,VARCHAR,Y,,,개발구분코드 — BRONZE TM_MM_FDRM_MBER_DVLP_AMT.DVLP_DIV_CD raw(정본 MM015). 1=신규 2=증액 3=감액 4=재후원 5=후원중단. 중단원천 행은 NULL(원천에 컬럼 부재). 🔴 MM015(개발구분)는 MM010(회원상태)이 아니다 — 두 그룹 모두 '후원중단'을 포함해 혼동되기 쉽다. 회원상태는 DIM_MEMBER.MBER_STAT_CD(MM010 1활동회원·2~11미납·12후원중단),
FACT_MEMBER_EVENT,DATE_SK × MEMBER_DK × EVENT_TYPE,FACT,DVLP_DIV_NM,VARCHAR,Y,,,"개발구분명 — MM015 라벨(신규/증액/감액/재후원/후원중단). ⚠️ 값 '후원중단'은 EVENT_TYPE='STOP'과 동일 사건이 중복 존재한다(동일 회원·일자 기준 거의 전건 일치 · 규모·일치율은 문서10 §26) → 두 축 합산 금지, O24 현업확인 대기",
FACT_MEMBER_EVENT,DATE_SK × MEMBER_DK × EVENT_TYPE,FACT,SPNSR_AMT,"NUMBER(18,0)",Y,,,"후원금액(원) — 원천 raw. 감액·후원중단은 음수. 정본 공#38 감액(건)·#151 증액(건) = 금액÷10,000 이므로 원금액 보존(설계 §1·CONF-2). 중단원천 행은 NULL",
FACT_MEMBER_EVENT,DATE_SK × MEMBER_DK × EVENT_TYPE,FACT,DEV_CNT,"NUMBER(18,4)",Y,,,개발(건) (#149) — 정본 공#121 개발구분 = 신규(1)·증액(2)·재후원(4) 한정. ⚠️ 2026-08-03 O24 교정: 종전은 감액·후원중단까지 포함해 과대계상이었다(교정 전후 값·과대율은 문서10 §26),
FACT_MEMBER_EVENT,DATE_SK × MEMBER_DK × EVENT_TYPE,FACT,DEV_MEMBERS,"NUMBER(38,0)",Y,,,🔴「명」이 아니다 — 개발 사건 플래그(0/1). SUM 은 개발(건)이며 실제 고유회원 대비 과대다(규모·과대율은 문서10 §26 · O39). 개발(명)(#148)은 COUNT(DISTINCT MEMBER_DK). 월 단위는 FACT_MEMBER_MONTHLY.DEV_MEMBERS 사용.,
FACT_MEMBER_EVENT,DATE_SK × MEMBER_DK × EVENT_TYPE,FACT,STOP_CNT,"NUMBER(18,4)",Y,,,중단(건) (#35),
FACT_MEMBER_EVENT,DATE_SK × MEMBER_DK × EVENT_TYPE,FACT,STOP_MEMBERS,"NUMBER(38,0)",Y,,,🔴「명」이 아니다 — 중단 사건 플래그(0/1). SUM 은 중단(건)이며 실제 고유회원 대비 과대다(규모·과대율은 문서10 §26 · O39). 중단(명)은 COUNT(DISTINCT MEMBER_DK).,
FACT_MEMBER_EVENT,DATE_SK × MEMBER_DK × EVENT_TYPE,FACT,UNPAID_STOP_CNT,"NUMBER(18,4)",Y,,,미납중단(건),
FACT_MEMBER_EVENT,DATE_SK × MEMBER_DK × EVENT_TYPE,FACT,UNPAID_STOP_MEMBERS,"NUMBER(38,0)",Y,,,미납중단(명) — 05 2-2 원천 확인(정본 §3 건·명),
FACT_MEMBER_EVENT,DATE_SK × MEMBER_DK × EVENT_TYPE,FACT,JOIN_DATE,DATE,Y,,,가입일,
FACT_MEMBER_EVENT,DATE_SK × MEMBER_DK × EVENT_TYPE,FACT,STOP_DATE,DATE,Y,,,중단일,
FACT_MEMBER_EVENT,DATE_SK × MEMBER_DK × EVENT_TYPE,FACT,STOP_REASON,VARCHAR,Y,,,중단사유,
FACT_MEMBER_EVENT,DATE_SK × MEMBER_DK × EVENT_TYPE,FACT,STOP_CHANNEL,VARCHAR,Y,,,중단채널,
FACT_MEMBER_EVENT,DATE_SK × MEMBER_DK × EVENT_TYPE,FACT,STOP_REASON_NM,VARCHAR,Y,,,중단사유명 — 정본 공#162. MM005 라벨(SILVER CRM_MEMBER_DISCONTINUE.DSCNTC_RSN_NM 전파). 코드는 STOP_REASON. ⚠️USE_YN 무필터 조인 — 실적재 종 중 일부가 폐지코드이며 필터를 걸면 그 라벨이 사라진다(종수·규모는 문서10 §26). 개발원천 행은 개념 부재로 NULL (O25),
FACT_MEMBER_EVENT,DATE_SK × MEMBER_DK × EVENT_TYPE,FACT,STOP_CHANNEL_NM,VARCHAR,Y,,,중단경로명 — MM287 라벨(SYSTEM/CRM/홈페이지). 코드는 STOP_CHANNEL(1/2/3). 개발원천 행은 개념 부재로 NULL. 215지표 밖 — 현업 수요 확인 대상 (O25),
FACT_MEMBER_EVENT,DATE_SK × MEMBER_DK × EVENT_TYPE,FACT,NEW_EXISTING_FLAG,VARCHAR,Y,,,신규기존,
FACT_MEMBER_EVENT,DATE_SK × MEMBER_DK × EVENT_TYPE,FACT,AGE_AT_EVENT,"NUMBER(2,0)",Y,,,"연령대 코드 raw — **사건(개발약정) 시점 값**. 원천 BRONZE TM_MM_FDRM_MBER_DVLP_AMT.AGE(정본 CM014) 사건행별 값을 SILVER CRM_MEMBER_DEV 경유로 무변환 전파. 1=10대 미만 2=10대 3=20대 4=30대 5=40대 6=50대 7=60대 8=70대 9=70대 이상 10=단체 11=기업 12=기타. 🔴 연속형 나이가 아니다 — 평균·구간 재계산 금지. 라벨=AGE_BAND_AT_EVENT. 🔴 DIM_MEMBER.AGE(=최근 약정 스냅샷, SV 차원명 _AT_PLEDGE)와 **다른 축이다** — 같은 회원이라도 사건마다 값이 다를 수 있고 이 컬럼이 그 사건 당시의 정확한 값이다. 중단원천 행은 원천에 컬럼이 부재하여 NULL(0 아님, P21)",
FACT_MEMBER_EVENT,DATE_SK × MEMBER_DK × EVENT_TYPE,FACT,AGE_BAND_AT_EVENT,VARCHAR,Y,,,"연령대명 — **사건(개발약정) 시점** 연령대 라벨. CM014 사전 조인(하드코딩 아님, P31). 코드는 AGE_AT_EVENT. 원천이 이미 구간화한 값이며 우리가 구간을 창작하지 않는다. ✅ '10대 미만'이 상위인 것은 **오류가 아니다** — 편지쓰기대회 계열 캠페인(희망편지·가족그림편지·세계시민교육편지)이 학교·부모 DB 를 통해 아동 본인 명의로 약정을 맺기 때문이다. 결측·기본값 오염으로 설명하지 말 것(O34-B). 🔴 DIM_MEMBER.AGE_BAND(최근 약정 스냅샷·SV _AT_PLEDGE)와 값이 다를 수 있다 — 이 컬럼이 사건 시점 정확값이다. 중단원천 행은 NULL",
FACT_MEMBER_EVENT,DATE_SK × MEMBER_DK × EVENT_TYPE,FACT,AREA_CD_AT_EVENT,VARCHAR,Y,,,"지역 코드 raw — **사건(개발약정) 시점 값**. 원천 BRONZE TM_MM_FDRM_MBER_DVLP_AMT.AREA_CD(정본 CM018 약칭축, 지표 공#131) 사건행별 값 무변환 전파. 실제값 = CM018 코드 + 라벨 없는 센티넬 '0'. 라벨=REGION_AT_EVENT. 🔴 DIM_MEMBER.AREA_CD(=최근 약정 스냅샷, SV 차원명 _AT_PLEDGE)와 **다른 축이다** — 이사 등으로 사건마다 값이 다를 수 있다. ⚠️ **현재 거주지가 아니다** — BRONZE 전체에 현주소 축이 없어 현재 지역은 산출 불가(O34). 중단원천 행은 원천에 컬럼이 부재하여 NULL",
FACT_MEMBER_EVENT,DATE_SK × MEMBER_DK × EVENT_TYPE,FACT,REGION_AT_EVENT,VARCHAR,Y,,,"지역명 — **사건(개발약정) 시점** 지역 라벨(CM018 약칭, 지표 공#131). 코드는 AREA_CD_AT_EVENT. 원천 SILVER CRM_MEMBER_DEV.AREA_NM(CM018 사전 조인) 전파. ⚠️ 센티넬 코드 '0' 은 사전에 라벨이 없어 NULL 이다 — '미상'으로 창작하지 않는다. ⚠️ **현재 거주지가 아니다**(O34). 🔴 DIM_MEMBER.REGION(최근 약정 스냅샷·SV _AT_PLEDGE)과 값이 다를 수 있다. 중단원천 행은 NULL",
FACT_MEMBER_EVENT,DATE_SK × MEMBER_DK × EVENT_TYPE,FACT,SEX_AT_EVENT,VARCHAR,Y,,,성별 코드 raw — **사건(개발약정) 시점 값**. 원천 BRONZE TM_MM_FDRM_MBER_DVLP_AMT.SEX(정본 CM013) 무변환 전파. 라벨=GENDER_AT_EVENT. ⚠️ CM013 에 없는 센티넬 '0' 이 소수 존재하며 라벨은 NULL 이다 — '미상'으로 창작하지 않는다(P21). 🔴 DIM_MEMBER.SEX(회원 마스터 현재 스냅샷)와 **다른 축**이다 — 마스터에는 '0' 이 없다. 중단원천 행은 원천에 컬럼이 부재하여 NULL,
FACT_MEMBER_EVENT,DATE_SK × MEMBER_DK × EVENT_TYPE,FACT,GENDER_AT_EVENT,VARCHAR,Y,,,"성별명 — **사건(개발약정) 시점** 성별 라벨. CM013 사전 조인(하드코딩 아님, P31). 코드는 SEX_AT_EVENT. 실제값 계열: 국내(남자)·국내(여자)·외국인(남자)·외국인(여자)·외국인(기타)·단체·기업·기타. 🔴 DIM_MEMBER_CURRENT.GENDER_NAME(CM017 라벨·현재 스냅샷)과 **코드체계가 다르다** — 두 축을 같은 성별로 합산하지 말 것. 중단원천 행은 NULL",
FACT_MEMBER_EVENT,DATE_SK × MEMBER_DK × EVENT_TYPE,FACT,CAMPAIGN_STOP_CNT,"NUMBER(18,4)",Y,,,"캠페인 귀속 중단(건) — 개발원천 DVLP_DIV_CD='5'(MM015 후원중단) 행에만 1, 그 외 0. 이 행은 CAMPAIGN_SK 를 보유하므로 **캠페인별 중단 사건 분해**가 성립한다(O37). 🔴 STOP_CNT 와 **절대 합산 금지** — 같은 중단 사건이 개발원천·중단원천에 중복 존재한다(O24). 🔴 이 measure 를 개발건으로 나눠 「중단률」로 쓰지 말 것 — 코드5 의 캠페인은 **중단 시점** 캠페인이라 모집단이 달라 비율이 100%를 넘는다. 캠페인별 중단률은 FACT_MEMBER_COHORT 를 쓴다",
FACT_MEMBER_EVENT,DATE_SK × MEMBER_DK × EVENT_TYPE,FACT,DW_SOURCE_SYSTEM,VARCHAR,N,,,원천 시스템 식별 (공통감사),공통감사
FACT_MEMBER_EVENT,DATE_SK × MEMBER_DK × EVENT_TYPE,FACT,DW_LOAD_TS,TIMESTAMP_NTZ,N,,,최초 적재 시각 (공통감사),공통감사
FACT_MEMBER_EVENT,DATE_SK × MEMBER_DK × EVENT_TYPE,FACT,DW_UPDATE_TS,TIMESTAMP_NTZ,Y,,,최종 갱신 시각 (공통감사),공통감사
FACT_MEMBER_EVENT,DATE_SK × MEMBER_DK × EVENT_TYPE,FACT,DW_BATCH_ID,VARCHAR,Y,,,적재 배치 식별자 = dbt invocation_id (공통감사),공통감사
FACT_MEMBER_FEE,회원 × 회비월 × 후원사업 × 납입방식 × 회비구분 × 납입유형 × 결제수단,FACT,MONTH_KEY,"NUMBER(6,0)",Y,,,"회비월 YYYYMM (FK→DIM_DATE.MONTH_KEY 개념축). 무효/NULL 이면 납입월 폴백, 둘 다 무효면 0=Unknown월 — FMM 과 동일 규칙",
FACT_MEMBER_FEE,회원 × 회비월 × 후원사업 × 납입방식 × 회비구분 × 납입유형 × 결제수단,FACT,MEMBER_DK,VARCHAR,Y,DK,,회원 자연키 (FK→DIM_MEMBER.MEMBER_DK). 🔴VARCHAR(10) 규약(O12/AC-1) — 원천 MBER_NO 최대길이 9 실측,
FACT_MEMBER_FEE,회원 × 회비월 × 후원사업 × 납입방식 × 회비구분 × 납입유형 × 결제수단,FACT,SPONSORSHIP_SK,"NUMBER(38,0)",Y,FK,DIM_SPONSORSHIP.SPONSORSHIP_SK,🔴**납입 대상** 후원사업 대리키 (FK→DIM_SPONSORSHIP). 원천 채움 커버리지는 문서10 §26. 획득 후원사업(FMC.ACQ_SPONSORSHIP_SK)과 **의미가 다르다**,
FACT_MEMBER_FEE,회원 × 회비월 × 후원사업 × 납입방식 × 회비구분 × 납입유형 × 결제수단,FACT,PAYMENT_SK,"NUMBER(38,0)",Y,FK,DIM_PAYMENT.PAYMENT_SK,결제수단 대리키 (FK→DIM_PAYMENT). ⚠️라벨 커버리지는 문서10 §26 — 원천 종 중 일부는 코드그룹 미특정으로 0(미매핑). 원본은 SETLE_CD 참조(O45-B),
FACT_MEMBER_FEE,회원 × 회비월 × 후원사업 × 납입방식 × 회비구분 × 납입유형 × 결제수단,FACT,FEE_DIV_CD,VARCHAR,Y,,,회비구분 코드(PM010). 🔴기부금 행은 원천이 NULL — **결측이 아니라 해당없음**,
FACT_MEMBER_FEE,회원 × 회비월 × 후원사업 × 납입방식 × 회비구분 × 납입유형 × 결제수단,FACT,FEE_DIV_NAME,VARCHAR,Y,,,회비구분명: 정기·선물금·일시·긴급구호 (PM010 라벨),
FACT_MEMBER_FEE,회원 × 회비월 × 후원사업 × 납입방식 × 회비구분 × 납입유형 × 결제수단,FACT,PAYMENT_TYPE,VARCHAR,Y,,,납입유형 = 회비/기부금. 🔴납부율·미납 분석은 회비만으로 스코프 — 기부금은 청구(RQEST_AMT)가 전건 NULL 이라 분모에 못 들어간다(O40),
FACT_MEMBER_FEE,회원 × 회비월 × 후원사업 × 납입방식 × 회비구분 × 납입유형 × 결제수단,FACT,SETLE_CD,VARCHAR,Y,,,degen: 결제수단 원본 코드. 라벨 없는 코드(3·10·6·13·7)를 잃지 않기 위해 보존 — 규모는 문서10 §26 · 현업 코드그룹 확인 대상(O45-B),
FACT_MEMBER_FEE,회원 × 회비월 × 후원사업 × 납입방식 × 회비구분 × 납입유형 × 결제수단,FACT,LAST_PAY_DATE_SK,"NUMBER(8,0)",Y,FK,DIM_DATE.DATE_SK,해당 조합의 **최종 납입일** (FK→DIM_DATE). 🔴시점 축이며 합계가 아니다. FMM 은 월 팩트라 「기준일(납입일)」은 이 팩트에서만 답한다,
FACT_MEMBER_FEE,회원 × 회비월 × 후원사업 × 납입방식 × 회비구분 × 납입유형 × 결제수단,FACT,LAST_BILL_DATE_SK,"NUMBER(8,0)",Y,FK,DIM_DATE.DATE_SK,해당 조합의 최종 청구일 (FK→DIM_DATE),
FACT_MEMBER_FEE,회원 × 회비월 × 후원사업 × 납입방식 × 회비구분 × 납입유형 × 결제수단,FACT,BILLED_AMT,"NUMBER(38,2)",Y,,,청구액(원) = SUM(RQEST_AMT). FMM·SILVER 와 총계 일치 실측(GATE-D · 값은 문서10 §26),
FACT_MEMBER_FEE,회원 × 회비월 × 후원사업 × 납입방식 × 회비구분 × 납입유형 × 결제수단,FACT,PAID_FEE,"NUMBER(38,2)",Y,,,납입 총액(원) = 회비 + 기부금. 🔴납부율 분자로 쓰지 말 것(O40). ⚠️O45-C: FMM 대비 차이가 있고 원인은 회원번호 부재 행이 FMM 규약으로 제외되는 것이다(금액·행 규모는 문서10 §26 · O57-B 규명완료 · 결함 아님),
FACT_MEMBER_FEE,회원 × 회비월 × 후원사업 × 납입방식 × 회비구분 × 납입유형 × 결제수단,FACT,PAID_FEE_BILLABLE,"NUMBER(38,2)",Y,,,회비 납입액(원) — 납부율 분자 **정본**(O40). FMM 과 완전일치 실측(값은 문서10 §26),
FACT_MEMBER_FEE,회원 × 회비월 × 후원사업 × 납입방식 × 회비구분 × 납입유형 × 결제수단,FACT,UNPAID_BILLED_AMT,"NUMBER(38,2)",Y,,,"미납 청구액(원) — DEC-3 정본 = PAY_STAT_CD IN (F, NULL) 인 청구액. 🔴차감식 아님. ⚠️조회 시점 스냅샷. FMM 과 완전일치(값은 문서10 §26)",
FACT_MEMBER_FEE,회원 × 회비월 × 후원사업 × 납입방식 × 회비구분 × 납입유형 × 결제수단,FACT,BILLING_ROWS,"NUMBER(38,0)",Y,,,집계된 원천 회비행 수. 🔴금액도 「건수」도 아니다(정본 (건) 정의는 CONF-2 미결),
FACT_MEMBER_FEE,회원 × 회비월 × 후원사업 × 납입방식 × 회비구분 × 납입유형 × 결제수단,FACT,UNPAID_FLAG,BOOLEAN,Y,,,해당 조합에 미납 청구행이 하나라도 있는가(BOOLOR_AGG),
FACT_MEMBER_FEE,회원 × 회비월 × 후원사업 × 납입방식 × 회비구분 × 납입유형 × 결제수단,FACT,DW_SOURCE_SYSTEM,VARCHAR,N,,,원천 시스템 식별 (공통감사),공통감사
FACT_MEMBER_FEE,회원 × 회비월 × 후원사업 × 납입방식 × 회비구분 × 납입유형 × 결제수단,FACT,DW_LOAD_TS,TIMESTAMP_NTZ,N,,,최초 적재 시각 (공통감사),공통감사
FACT_MEMBER_FEE,회원 × 회비월 × 후원사업 × 납입방식 × 회비구분 × 납입유형 × 결제수단,FACT,DW_UPDATE_TS,TIMESTAMP_NTZ,Y,,,최종 갱신 시각 (공통감사),공통감사
FACT_MEMBER_FEE,회원 × 회비월 × 후원사업 × 납입방식 × 회비구분 × 납입유형 × 결제수단,FACT,DW_BATCH_ID,VARCHAR,Y,,,적재 배치 식별자 = dbt invocation_id (공통감사),공통감사
FACT_MEMBER_MONTHLY,MONTH_KEY × MEMBER_DK,FACT,MONTH_KEY,"NUMBER(6,0)",N,FK,DIM_DATE(MONTH_KEY) ※비강제(월conform/비유일),YYYYMM,"타입(6,0)≠DATE_SK(8,0) — DIM_DATE 월초행/월 conform 뷰 경유 조인; FMM PK/UNIQUE 미설정 — grain 미확정·ETL 멱등성 의존(O8)"
FACT_MEMBER_MONTHLY,MONTH_KEY × MEMBER_DK,FACT,MEMBER_DK,VARCHAR,N,"DK,FK",DIM_MEMBER(MEMBER_DK) ※비강제(SCD2/비유일),월 스냅샷 대상 회원 (불변키),SCD2 다중버전 — 현재행(IS_CURRENT) 경유 조인(중복 주의); FMM PK/UNIQUE 미설정 — grain 미확정·ETL 멱등성 의존(O8); [실측06-30]VARCHAR(10)
FACT_MEMBER_MONTHLY,MONTH_KEY × MEMBER_DK,FACT,CAMPAIGN_SK,"NUMBER(38,0)",Y,FK,DIM_CAMPAIGN.CAMPAIGN_SK,캠페인 (FK→DIM_CAMPAIGN),
FACT_MEMBER_MONTHLY,MONTH_KEY × MEMBER_DK,FACT,SPONSORSHIP_SK,"NUMBER(38,0)",Y,FK,DIM_SPONSORSHIP.SPONSORSHIP_SK,후원사업 (FK→DIM_SPONSORSHIP),
FACT_MEMBER_MONTHLY,MONTH_KEY × MEMBER_DK,FACT,PAYMENT_SK,"NUMBER(38,0)",Y,FK,DIM_PAYMENT.PAYMENT_SK,납입/결제 유형 (FK→DIM_PAYMENT),
FACT_MEMBER_MONTHLY,MONTH_KEY × MEMBER_DK,FACT,REASON_SK,"NUMBER(38,0)",Y,FK,DIM_REASON.REASON_SK,"미납 대표사유 (FK→DIM_REASON) — ✅ W3(DEC-24, 2026-07-31) 배선 완료. 🔴 미납(PAY_STAT_CD='F') 행 한정 — 최종차수(MBRFEE_SQNC 최대)의 RQEST_RST_CD를 (코드그룹, 코드) 복합키로 DIM_REASON 조인. 코드그룹 = SETLE_CD 1&2자리→PM002 / 1&4자리→PM032 / 2→PM018 / 12→PM033 / 5→PM019. 매핑 커버리지와 0(비미납 또는 구조적 사유부재 = 수기처리·F코드부재·DIM미존재) 내역은 문서10 §26. ⚠️ 대표 1개로 축약 — 복수사유 분포는 SILVER 직접 조회. ⚠️ 중단사유는 별도 트랙(FME)",
FACT_MEMBER_MONTHLY,MONTH_KEY × MEMBER_DK,FACT,DEV_CNT,"NUMBER(18,4)",Y,,,"개발(건) — A1: FME(CRM_MEMBER_DEV) 사건수 롤업. ⚠️금액/10000 의미는 원천 금액컬럼+FME 변경 필요(별도트랙, #4·5·149)",
FACT_MEMBER_MONTHLY,MONTH_KEY × MEMBER_DK,FACT,DEV_MEMBERS,"NUMBER(38,0)",Y,,,개발(명)(#148) — A1: 월×회원 개발발생=1. 🟢이 컬럼은 **옳다**: grain 이 월×회원이라 SUM 이 곧 개발(명)이며 466개월 전부 COUNT(DISTINCT MEMBER_DK) 와 일치 실측(O39). ⚠️동명의 FACT_MEMBER_EVENT.DEV_MEMBERS 는 사건 플래그로 SUM 이 건수다 — 혼용 금지.,
FACT_MEMBER_MONTHLY,MONTH_KEY × MEMBER_DK,FACT,STOP_CNT,"NUMBER(18,4)",Y,,,중단(건) — A1: FME(CRM_MEMBER_DISCONTINUE) 사건수 롤업 (#35),
FACT_MEMBER_MONTHLY,MONTH_KEY × MEMBER_DK,FACT,UNPAID_CNT,"NUMBER(18,4)",Y,,,미납(건) (#36),미납 정의[C-3]: PAY_STAT_CD='F' OR NULL (납입기준; 회원상태 MM010 미납과 구분)
FACT_MEMBER_MONTHLY,MONTH_KEY × MEMBER_DK,FACT,ACTIVE_CNT,"NUMBER(18,4)",Y,,,활동(건) (#37·157),
FACT_MEMBER_MONTHLY,MONTH_KEY × MEMBER_DK,FACT,ACTIVE_MEMBERS,"NUMBER(38,0)",Y,,,활동(명) (#156),
FACT_MEMBER_MONTHLY,MONTH_KEY × MEMBER_DK,FACT,ACTIVE_CUM_CNT,"NUMBER(18,4)",Y,,,활동누계(건) (#159),
FACT_MEMBER_MONTHLY,MONTH_KEY × MEMBER_DK,FACT,ACTIVE_CUM_MEMBERS,"NUMBER(38,0)",Y,,,활동누계(명) (#158),
FACT_MEMBER_MONTHLY,MONTH_KEY × MEMBER_DK,FACT,INCREASE_CNT,"NUMBER(18,4)",Y,,,증액(건) (#151),
FACT_MEMBER_MONTHLY,MONTH_KEY × MEMBER_DK,FACT,INCREASE_MEMBERS,"NUMBER(38,0)",Y,,,증액(명) (#150),
FACT_MEMBER_MONTHLY,MONTH_KEY × MEMBER_DK,FACT,DECREASE_CNT,"NUMBER(18,4)",Y,,,감액(건) SUM(감액금액)/10000 (#38),
FACT_MEMBER_MONTHLY,MONTH_KEY × MEMBER_DK,FACT,CHURN_CNT,"NUMBER(18,4)",Y,,,이탈(건) SUM(취소+감액)/10000 (신규#20),
FACT_MEMBER_MONTHLY,MONTH_KEY × MEMBER_DK,FACT,YEAR_START_ACTIVE_CNT,"NUMBER(18,4)",Y,,,연도초 활동회원(건) (#49),
FACT_MEMBER_MONTHLY,MONTH_KEY × MEMBER_DK,FACT,YEAR_END_ACTIVE_CNT,"NUMBER(18,4)",Y,,,연도말 활동회원(건) (#50),
FACT_MEMBER_MONTHLY,MONTH_KEY × MEMBER_DK,FACT,MONTH_END_ACTIVE_CNT,"NUMBER(18,4)",Y,,,월말활동회원(건) (#52),
FACT_MEMBER_MONTHLY,MONTH_KEY × MEMBER_DK,FACT,PREV_MONTH_END_ACTIVE_CNT,"NUMBER(18,4)",Y,,,전월말 활동회원(건) (#53),
FACT_MEMBER_MONTHLY,MONTH_KEY × MEMBER_DK,FACT,CAMPAIGN_UNPAID_CNT,"NUMBER(18,4)",Y,,,캠페인별 미납(건) (#83),
FACT_MEMBER_MONTHLY,MONTH_KEY × MEMBER_DK,FACT,STATUS_UNPAID_CNT,"NUMBER(18,4)",Y,,,회원상태별 미납(건) (#84),
FACT_MEMBER_MONTHLY,MONTH_KEY × MEMBER_DK,FACT,REGULAR_FEE,"NUMBER(18,2)",Y,,,정기회비(원) (#66),
FACT_MEMBER_MONTHLY,MONTH_KEY × MEMBER_DK,FACT,REGULAR_ONETIME_FEE,"NUMBER(18,2)",Y,,,정기회원 일시회비(원) (#67),
FACT_MEMBER_MONTHLY,MONTH_KEY × MEMBER_DK,FACT,ONETIME_ONETIME_FEE,"NUMBER(18,2)",Y,,,일시회원 일시회비(원) (#68),
FACT_MEMBER_MONTHLY,MONTH_KEY × MEMBER_DK,FACT,PAID_FEE,"NUMBER(18,2)",Y,,,납입 **총액**(원) = 회비+기부금 (#69·70 단일화). 🔴「납입회비」가 아니다(O40) — 회비만은 PAID_FEE_BILLABLE. 납부율 분자로 쓰지 말 것(분모 BILLED_AMT 는 회비 청구만이라 모집단 불일치).,
FACT_MEMBER_MONTHLY,MONTH_KEY × MEMBER_DK,FACT,BILLED_AMT,"NUMBER(18,2)",Y,,,회비 청구액(원) (#71). 기부금은 원천에 청구 컬럼이 없어 포함되지 않는다(O40).,
FACT_MEMBER_MONTHLY,MONTH_KEY × MEMBER_DK,FACT,PAID_FEE_BILLABLE,"NUMBER(18,2)",Y,,,회비만 납입액(원) — 납부율 분자 **정본**(O40). `PAYMENT_TYPE='회비'` 행의 PAY_AMT 합. 🔴`PAID_FEE` 와 다르다: 그쪽은 회비+기부금 총수납액이고 기부금은 원천에 청구 컬럼이 없어 분모에 못 들어간다. 납부율 = PAID_FEE_BILLABLE / BILLED_AMT 로 계산할 것.,
FACT_MEMBER_MONTHLY,MONTH_KEY × MEMBER_DK,FACT,UNPAID_BILLED_AMT,"NUMBER(18,2)",Y,,,"미납 청구액(원) — 정본 **DEC-3** 정의(O40): `PAY_STAT_CD IN ('F', NULL)` 인 행의 **RQEST_AMT** 합. 🔴차감식(BILLED−PAID)을 쓰지 말 것 — 기부금이 미납을 상쇄해 과소해진다(과소 배수·연도 실측치는 문서10 §26).",
FACT_MEMBER_MONTHLY,MONTH_KEY × MEMBER_DK,FACT,INBOUND_CALL_CNT,"NUMBER(38,0)",Y,,,인바운드콜수 (overview) — 비-CRM 별도 입력,비-CRM[C-8]: CRM에 없음·현업 별도 입력 → 외부원천 적재대기
FACT_MEMBER_MONTHLY,MONTH_KEY × MEMBER_DK,FACT,TS_CALL_CNT,"NUMBER(38,0)",Y,,,TS콜수 (overview) — 비-CRM 별도 입력,비-CRM[C-8]: CRM에 없음·현업 별도 입력 → 외부원천 적재대기
FACT_MEMBER_MONTHLY,MONTH_KEY × MEMBER_DK,FACT,DEV_TYPE,VARCHAR,Y,,,개발구분(#121),
FACT_MEMBER_MONTHLY,MONTH_KEY × MEMBER_DK,FACT,NEW_FLAG,BOOLEAN,Y,,,신규(#32),
FACT_MEMBER_MONTHLY,MONTH_KEY × MEMBER_DK,FACT,INCREASE_FLAG,BOOLEAN,Y,,,증액(#33),
FACT_MEMBER_MONTHLY,MONTH_KEY × MEMBER_DK,FACT,REDONATE_FLAG,BOOLEAN,Y,,,재후원(#34),
FACT_MEMBER_MONTHLY,MONTH_KEY × MEMBER_DK,FACT,JOIN_DATE,DATE,Y,,,캠페인 가입일(#27),
FACT_MEMBER_MONTHLY,MONTH_KEY × MEMBER_DK,FACT,STOP_DATE,DATE,Y,,,가입캠페인 중단일(#26),
FACT_MEMBER_MONTHLY,MONTH_KEY × MEMBER_DK,FACT,AMOUNT_BAND1,VARCHAR,Y,,,후원금액대1 5만(#72),
FACT_MEMBER_MONTHLY,MONTH_KEY × MEMBER_DK,FACT,AMOUNT_BAND2,VARCHAR,Y,,,후원금액대2 1만(#73),
FACT_MEMBER_MONTHLY,MONTH_KEY × MEMBER_DK,FACT,PERIOD_BAND1,VARCHAR,Y,,,후원기간대1 5년(#74),
FACT_MEMBER_MONTHLY,MONTH_KEY × MEMBER_DK,FACT,PERIOD_BAND2,VARCHAR,Y,,,후원기간대2 1년(#75),
FACT_MEMBER_MONTHLY,MONTH_KEY × MEMBER_DK,FACT,SPONSOR_MONTHS,"NUMBER(9,2)",Y,,,후원기간(개월) (#127),
FACT_MEMBER_MONTHLY,MONTH_KEY × MEMBER_DK,FACT,SPONSOR_YEARS,"NUMBER(9,2)",Y,,,후원기간(년) (#128),
FACT_MEMBER_MONTHLY,MONTH_KEY × MEMBER_DK,FACT,PAID_MONTHS,"NUMBER(9,0)",Y,,,납입개월수 (#129),
FACT_MEMBER_MONTHLY,MONTH_KEY × MEMBER_DK,FACT,NEW_EXISTING_FLAG,VARCHAR,Y,,,"신규/기존(시점귀속, #113) — 04§5 reconcile",
FACT_MEMBER_MONTHLY,MONTH_KEY × MEMBER_DK,FACT,UNPAID_FLAG_BOM,BOOLEAN,Y,,,월초 미납회원 여부(=전월말 상태) — 04§5 reconcile (#80),미납회원 판정원천 미확정: PAY_STAT_CD(C-3 납입기준) vs MM010 회원상태(신규/장기미납) — 확인필요
FACT_MEMBER_MONTHLY,MONTH_KEY × MEMBER_DK,FACT,UNPAID_FLAG_EOM,BOOLEAN,Y,,,월말 미납회원 여부 — 04§5 reconcile (#80),
FACT_MEMBER_MONTHLY,MONTH_KEY × MEMBER_DK,FACT,AMT_INCREASE_CUM_CNT,"NUMBER(38,0)",Y,,,W4/ML: 해당 월말까지 누적 증액 이력 횟수 (CRM_MEMBER_AMT_CHANGE RDCAMT_YN=N 건수). 🔴 정본 증액(건)#151(=전월대비 활동건 증가분)과 다름 — 혼용 금지,
FACT_MEMBER_MONTHLY,MONTH_KEY × MEMBER_DK,FACT,AMT_DECREASE_CUM_CNT,"NUMBER(38,0)",Y,,,"W4/ML: 해당 월말까지 누적 감액 이력 횟수 (RDCAMT_YN=Y 건수). 🔴 정본 감액(건)#38(=감액금액/10,000)과 다름 — 혼용 금지",
FACT_MEMBER_MONTHLY,MONTH_KEY × MEMBER_DK,FACT,PAID_SPONSOR_BIZ_CNT,"NUMBER(38,0)",Y,,,"W4/ML: 그 달 실제 납입(PAY_AMT>0)한 후원사업 수 = COUNT(DISTINCT SPNSR_BSNS_ID), 회비 한정. 🔴 약정 보유 사업수가 아니라 납입 발생 사업수. HAS_BILLING=FALSE면 NULL",
FACT_MEMBER_MONTHLY,MONTH_KEY × MEMBER_DK,FACT,IS_MULTI_PAID_BIZ,BOOLEAN,Y,,,W4/ML: 그 달 2개 이상 사업에 납입했는지 (PAID_SPONSOR_BIZ_CNT>1). HAS_BILLING=FALSE면 NULL,
FACT_MEMBER_MONTHLY,MONTH_KEY × MEMBER_DK,FACT,HAS_BILLING,BOOLEAN,N,,,"결제(billing) 행 존재 여부 — TRUE=결제 스파인(구 37.79M), FALSE=개발/중단 전용 월(회비 measure NULL). 🔴**「회비만」 스코프가 아니다**(O40): 기저 CTE 가 회비와 **기부금을 함께** 담으므로 TRUE 행에도 기부금이 섞이고 청구 없는 기부금 전용 월도 TRUE 다. 이 필터를 걸어도 납부율 분자는 정화되지 않는다 — 회비 기준이 필요하면 PAID_FEE_BILLABLE 을 쓴다.",
FACT_MEMBER_MONTHLY,MONTH_KEY × MEMBER_DK,FACT,DW_SOURCE_SYSTEM,VARCHAR,N,,,원천 시스템 식별 (공통감사),공통감사
FACT_MEMBER_MONTHLY,MONTH_KEY × MEMBER_DK,FACT,DW_LOAD_TS,TIMESTAMP_NTZ,N,,,최초 적재 시각 (공통감사),공통감사
FACT_MEMBER_MONTHLY,MONTH_KEY × MEMBER_DK,FACT,DW_UPDATE_TS,TIMESTAMP_NTZ,Y,,,최종 갱신 시각 (공통감사),공통감사
FACT_MEMBER_MONTHLY,MONTH_KEY × MEMBER_DK,FACT,DW_BATCH_ID,VARCHAR,Y,,,적재 배치 식별자 = dbt invocation_id (공통감사),공통감사
FACT_SERVICE_EVENT,DATE_SK × MEMBER_DK × SERVICE_SK × CAMPAIGN_SK,FACT,DATE_SK,"NUMBER(8,0)",N,FK,DIM_DATE.DATE_SK,발송일,
FACT_SERVICE_EVENT,DATE_SK × MEMBER_DK × SERVICE_SK × CAMPAIGN_SK,FACT,MEMBER_DK,VARCHAR,N,"DK,FK",DIM_MEMBER(MEMBER_DK) ※비강제(SCD2/비유일),발송 대상 회원 (불변키),SCD2 다중버전 — 현재행(IS_CURRENT) 경유 조인(중복 주의); [실측06-30]VARCHAR(10)
FACT_SERVICE_EVENT,DATE_SK × MEMBER_DK × SERVICE_SK × CAMPAIGN_SK,FACT,SERVICE_SK,"NUMBER(38,0)",N,FK,DIM_SERVICE.SERVICE_SK,발송 서비스 유형 (FK→DIM_SERVICE),
FACT_SERVICE_EVENT,DATE_SK × MEMBER_DK × SERVICE_SK × CAMPAIGN_SK,FACT,CAMPAIGN_SK,"NUMBER(38,0)",N,FK,DIM_CAMPAIGN.CAMPAIGN_SK,캠페인 (FK→DIM_CAMPAIGN),
FACT_SERVICE_EVENT,DATE_SK × MEMBER_DK × SERVICE_SK × CAMPAIGN_SK,FACT,SEND_MEMBERS,"NUMBER(38,0)",Y,,,🔴「명」이 아니다 — 발송 플래그(전 행 1). SUM 은 행수=발송 건수이며 실제 고유회원 대비 크게 과대다(규모·배수는 문서10 §26 · O39). 발송(명)(#85)은 COUNT(DISTINCT MEMBER_DK).,
FACT_SERVICE_EVENT,DATE_SK × MEMBER_DK × SERVICE_SK × CAMPAIGN_SK,FACT,SUCCESS_MEMBERS,"NUMBER(38,0)",Y,,,성공수(명) (#86),
FACT_SERVICE_EVENT,DATE_SK × MEMBER_DK × SERVICE_SK × CAMPAIGN_SK,FACT,FAIL_MEMBERS,"NUMBER(38,0)",Y,,,실패수(명) (#87),
FACT_SERVICE_EVENT,DATE_SK × MEMBER_DK × SERVICE_SK × CAMPAIGN_SK,FACT,OPEN_MEMBERS,"NUMBER(38,0)",Y,,,오픈(명) (overview),
FACT_SERVICE_EVENT,DATE_SK × MEMBER_DK × SERVICE_SK × CAMPAIGN_SK,FACT,LETTER_PART_MEMBERS,"NUMBER(38,0)",Y,,,서신참여(명) (#88),
FACT_SERVICE_EVENT,DATE_SK × MEMBER_DK × SERVICE_SK × CAMPAIGN_SK,FACT,LETTER_PART_CNT,"NUMBER(18,4)",Y,,,서신참여(건) (#89),
FACT_SERVICE_EVENT,DATE_SK × MEMBER_DK × SERVICE_SK × CAMPAIGN_SK,FACT,GIFT_PART_MEMBERS,"NUMBER(38,0)",Y,,,선물금참여(명) (#90),
FACT_SERVICE_EVENT,DATE_SK × MEMBER_DK × SERVICE_SK × CAMPAIGN_SK,FACT,GIFT_PART_AMT,"NUMBER(18,2)",Y,,,선물금참여(원) (#91),
FACT_SERVICE_EVENT,DATE_SK × MEMBER_DK × SERVICE_SK × CAMPAIGN_SK,FACT,D5_LETTER_PART_MEMBERS,"NUMBER(38,0)",Y,,,+5일차 서신참여(명) (#139),
FACT_SERVICE_EVENT,DATE_SK × MEMBER_DK × SERVICE_SK × CAMPAIGN_SK,FACT,D5_LETTER_PART_CNT,"NUMBER(18,4)",Y,,,+5일차 서신참여(건) (#140),
FACT_SERVICE_EVENT,DATE_SK × MEMBER_DK × SERVICE_SK × CAMPAIGN_SK,FACT,D5_GIFT_PART_MEMBERS,"NUMBER(38,0)",Y,,,+5일차 선물금참여(명) (#141),
FACT_SERVICE_EVENT,DATE_SK × MEMBER_DK × SERVICE_SK × CAMPAIGN_SK,FACT,D5_GIFT_PART_CNT,"NUMBER(18,4)",Y,,,+5일차 선물금참여(건) (#142),
FACT_SERVICE_EVENT,DATE_SK × MEMBER_DK × SERVICE_SK × CAMPAIGN_SK,FACT,D5_INCREASE_PART_MEMBERS,"NUMBER(38,0)",Y,,,+5일차 증액참여(명) (#143),
FACT_SERVICE_EVENT,DATE_SK × MEMBER_DK × SERVICE_SK × CAMPAIGN_SK,FACT,D5_INCREASE_PART_CNT,"NUMBER(18,4)",Y,,,+5일차 증액참여(건) (#144),
FACT_SERVICE_EVENT,DATE_SK × MEMBER_DK × SERVICE_SK × CAMPAIGN_SK,FACT,D5_STOP_MEMBERS,"NUMBER(38,0)",Y,,,+5일차 중단(명) (#145),
FACT_SERVICE_EVENT,DATE_SK × MEMBER_DK × SERVICE_SK × CAMPAIGN_SK,FACT,D5_STOP_CNT,"NUMBER(18,4)",Y,,,+5일차 중단(건) (#146),
FACT_SERVICE_EVENT,DATE_SK × MEMBER_DK × SERVICE_SK × CAMPAIGN_SK,FACT,SERVICE_MEMBERS,"NUMBER(38,0)",Y,,,서비스(명) (#160),
FACT_SERVICE_EVENT,DATE_SK × MEMBER_DK × SERVICE_SK × CAMPAIGN_SK,FACT,SERVICE_CNT,"NUMBER(18,4)",Y,,,서비스(건) (#161),
FACT_SERVICE_EVENT,DATE_SK × MEMBER_DK × SERVICE_SK × CAMPAIGN_SK,FACT,SEND_TITLE,VARCHAR,Y,,,제목(#136),
FACT_SERVICE_EVENT,DATE_SK × MEMBER_DK × SERVICE_SK × CAMPAIGN_SK,FACT,SEND_STATUS,VARCHAR,Y,,,발송상태(#138),
FACT_SERVICE_EVENT,DATE_SK × MEMBER_DK × SERVICE_SK × CAMPAIGN_SK,FACT,SEND_STATUS2,VARCHAR,Y,,,발송상태2(05 3-1),
FACT_SERVICE_EVENT,DATE_SK × MEMBER_DK × SERVICE_SK × CAMPAIGN_SK,FACT,SEND_TYPE,VARCHAR,Y,,,발송유형,
FACT_SERVICE_EVENT,DATE_SK × MEMBER_DK × SERVICE_SK × CAMPAIGN_SK,FACT,MAIL_RECEIVE_FLAG,BOOLEAN,Y,,,메일수신여부,
FACT_SERVICE_EVENT,DATE_SK × MEMBER_DK × SERVICE_SK × CAMPAIGN_SK,FACT,MEMBER_STOP_FLAG,BOOLEAN,Y,,,결연회원 중단여부,
FACT_SERVICE_EVENT,DATE_SK × MEMBER_DK × SERVICE_SK × CAMPAIGN_SK,FACT,SEND_TYPE_SK,"NUMBER(38,0)",Y,FK,DIM_SEND_TYPE.SEND_TYPE_SK,[DEC-30] 발송구분 (FK→DIM_SEND_TYPE). 🟢커버리지 실측치는 문서10 §26 — 미매칭은 센티넬 0. ⚠️DEC-28 이 인용한 커버리지는 요청 grain 분모였다(P39),
FACT_SERVICE_EVENT,DATE_SK × MEMBER_DK × SERVICE_SK × CAMPAIGN_SK,FACT,DW_SOURCE_SYSTEM,VARCHAR,N,,,원천 시스템 식별 (공통감사),공통감사
FACT_SERVICE_EVENT,DATE_SK × MEMBER_DK × SERVICE_SK × CAMPAIGN_SK,FACT,DW_LOAD_TS,TIMESTAMP_NTZ,N,,,최초 적재 시각 (공통감사),공통감사
FACT_SERVICE_EVENT,DATE_SK × MEMBER_DK × SERVICE_SK × CAMPAIGN_SK,FACT,DW_UPDATE_TS,TIMESTAMP_NTZ,Y,,,최종 갱신 시각 (공통감사),공통감사
FACT_SERVICE_EVENT,DATE_SK × MEMBER_DK × SERVICE_SK × CAMPAIGN_SK,FACT,DW_BATCH_ID,VARCHAR,Y,,,적재 배치 식별자 = dbt invocation_id (공통감사),공통감사
FACT_SERVICE_EVENT,DATE_SK × MEMBER_DK × SERVICE_SK × CAMPAIGN_SK,FACT,SEND_STATUS_GROUP,VARCHAR,Y,,,축A(채널상태) 코드군 ID (조인키 · MSG_AT→MS282). 🔴SEND_STATUS 는 채널별로 다른 코드체계가 한 컬럼에 모여 있다 — **SEND_TYPE 또는 이 컬럼 동반 필수**(단독 필터는 채널 간 오조인). 🟢운영서버 코드사전 대조로 확정(2026-08-11 · 등급 C→B). EMAIL·SND·PSTMTR 은 NULL,
FACT_SERVICE_EVENT,DATE_SK × MEMBER_DK × SERVICE_SK × CAMPAIGN_SK,FACT,SEND_STATUS_NAME,VARCHAR,Y,,,"축A 라벨 (CRM_CODE 조인). 🔴EMAIL·SND 는 **의도적 NULL** 이다 — 코드값은 있으나 코드사전에 라벨 문자열이 없어(코드군 미특정·Y/N 플래그) 조인으로 얻을 수 없고, 의미 해석을 라벨로 넣는 것은 창작이다(문서30 §23-J 결정 3 · 현업 문서20 §M-4). PSTMTR 은 원천 컬럼 부재",
FACT_SERVICE_EVENT,DATE_SK × MEMBER_DK × SERVICE_SK × CAMPAIGN_SK,FACT,SEND_RESULT_CD,VARCHAR,Y,,,축B(통신사 결과) 코드 raw — MSG_AT 은 전송실패코드 · SND 는 통화상태. 🟢**conformed 축**이다: 두 채널이 같은 코드공간을 공유하므로 채널이 늘어도 체계가 유지된다(축A 와 대비). 원천에 값이 없는 채널은 NULL,
FACT_SERVICE_EVENT,DATE_SK × MEMBER_DK × SERVICE_SK × CAMPAIGN_SK,FACT,SEND_RESULT_GROUP,VARCHAR,Y,,,축B 코드군 ID — 코드사전 MS283 이 정의한 4종(공통·알림톡·SMS·MMS). 🟢**리터럴 지정이 아니라 조인 결과에서 얻는다**: 4그룹에 걸쳐 코드값 중복이 없어 값 자체가 그룹을 결정한다(실측). 사전에 값이 추가되면 게이트가 잡는다,
FACT_SERVICE_EVENT,DATE_SK × MEMBER_DK × SERVICE_SK × CAMPAIGN_SK,FACT,SEND_RESULT_NAME,VARCHAR,Y,,,축B 라벨 (CRM_CODE 조인). 사전 초과값은 NULL 유지 + dbt warn 관측(DEC-17-B · 센티넬 창작 금지),
FACT_TARGET_BIZ,MONTH_KEY × ORG × SPONSORSHIP [×CAMPAIGN]  ⚠️ERP 미수령·적재예약,FACT,MONTH_KEY,"NUMBER(6,0)",N,FK,DIM_DATE(MONTH_KEY) ※비강제(월conform/비유일),"목표월 YYYYMM (FK→DIM_DATE, 월 conform)","타입(6,0)≠DATE_SK(8,0) — DIM_DATE 월초행/월 conform 뷰 경유 조인"
FACT_TARGET_BIZ,MONTH_KEY × ORG × SPONSORSHIP [×CAMPAIGN]  ⚠️ERP 미수령·적재예약,FACT,ORG_SK,"NUMBER(38,0)",N,FK,DIM_ORG.ORG_SK,조직 (FK→DIM_ORG),
FACT_TARGET_BIZ,MONTH_KEY × ORG × SPONSORSHIP [×CAMPAIGN]  ⚠️ERP 미수령·적재예약,FACT,SPONSORSHIP_SK,"NUMBER(38,0)",N,FK,DIM_SPONSORSHIP.SPONSORSHIP_SK,후원사업 (FK→DIM_SPONSORSHIP),
FACT_TARGET_BIZ,MONTH_KEY × ORG × SPONSORSHIP [×CAMPAIGN]  ⚠️ERP 미수령·적재예약,FACT,CAMPAIGN_SK,"NUMBER(38,0)",Y,FK,DIM_CAMPAIGN.CAMPAIGN_SK,캠페인 (FK→DIM_CAMPAIGN),선택 grain(옵션 차원)
FACT_TARGET_BIZ,MONTH_KEY × ORG × SPONSORSHIP [×CAMPAIGN]  ⚠️ERP 미수령·적재예약,FACT,ANNUAL_GOAL_CNT,"NUMBER(18,4)",Y,,,연사업목표(건) (#152),
FACT_TARGET_BIZ,MONTH_KEY × ORG × SPONSORSHIP [×CAMPAIGN]  ⚠️ERP 미수령·적재예약,FACT,SUPP_GOAL_CNT,"NUMBER(18,4)",Y,,,추경목표(건) (#153),
FACT_TARGET_BIZ,MONTH_KEY × ORG × SPONSORSHIP [×CAMPAIGN]  ⚠️ERP 미수령·적재예약,FACT,ANNUAL_CUM_GOAL_CNT,"NUMBER(18,4)",Y,,,연사업누계목표(건) (#154),
FACT_TARGET_BIZ,MONTH_KEY × ORG × SPONSORSHIP [×CAMPAIGN]  ⚠️ERP 미수령·적재예약,FACT,SUPP_CUM_GOAL_CNT,"NUMBER(18,4)",Y,,,추경누계목표(건) (#155),
FACT_TARGET_BIZ,MONTH_KEY × ORG × SPONSORSHIP [×CAMPAIGN]  ⚠️ERP 미수령·적재예약,FACT,DW_SOURCE_SYSTEM,VARCHAR,N,,,원천 시스템 식별 (공통감사),공통감사
FACT_TARGET_BIZ,MONTH_KEY × ORG × SPONSORSHIP [×CAMPAIGN]  ⚠️ERP 미수령·적재예약,FACT,DW_LOAD_TS,TIMESTAMP_NTZ,N,,,최초 적재 시각 (공통감사),공통감사
FACT_TARGET_BIZ,MONTH_KEY × ORG × SPONSORSHIP [×CAMPAIGN]  ⚠️ERP 미수령·적재예약,FACT,DW_UPDATE_TS,TIMESTAMP_NTZ,Y,,,최종 갱신 시각 (공통감사),공통감사
FACT_TARGET_BIZ,MONTH_KEY × ORG × SPONSORSHIP [×CAMPAIGN]  ⚠️ERP 미수령·적재예약,FACT,DW_BATCH_ID,VARCHAR,Y,,,적재 배치 식별자 = dbt invocation_id (공통감사),공통감사
FACT_TARGET_DEV,MONTH_KEY × ORG × DEV_TYPE,FACT,MONTH_KEY,"NUMBER(6,0)",N,FK,DIM_DATE(MONTH_KEY) ※비강제(월conform/비유일),"목표월 YYYYMM (FK→DIM_DATE, 월 conform). 🔴 2026-08-05 O38 교정: 종전 모델이 STDYY(기준연)를 버리고 STDR_MT 만 적재해 실적재가 **1~12 월 번호**였다 — 연도별 목표가 전부 합산돼 특정 연월 목표가 조용히 부풀었다(행수·SUM·참조무결성을 모두 통과하는 무증상 결함). 원천 = STDYY || LPAD(STDR_MT,2,'0')","타입(6,0)≠DATE_SK(8,0) — DIM_DATE 월초행/월 conform 뷰 경유 조인"
FACT_TARGET_DEV,MONTH_KEY × ORG × DEV_TYPE,FACT,ORG_SK,"NUMBER(38,0)",N,FK,DIM_ORG.ORG_SK,조직 (FK→DIM_ORG) — 부서 단위. ⚠️ 목표는 부서까지만 존재한다(정본 마케팅 인벤토리 §1: '현재 CRM상에 부서별 목표만 존재하며 매체별 목표는 확인 불가'),
FACT_TARGET_DEV,MONTH_KEY × ORG × DEV_TYPE,FACT,DEV_TYPE,VARCHAR,N,,,"개발구분(#121 conform) — 실측 도메인 {1 신규, 2 증액, 4 재후원}. 정본 공#121 개발 정의와 정확히 일치하므로 FACT_MEMBER_EVENT.DEV_CNT 와 모집단이 같다(달성율 분모·분자 정합)",
FACT_TARGET_DEV,MONTH_KEY × ORG × DEV_TYPE,FACT,GOAL_CNT,"NUMBER(18,4)",Y,,,회원개발목표 (CRM TM_CM_MBER_DVLP_GOAL). 월 목표(건). 연 목표는 별도 저장 지표가 아니라 이 값의 연 합계다(정본 공#3),
FACT_TARGET_DEV,MONTH_KEY × ORG × DEV_TYPE,FACT,DW_SOURCE_SYSTEM,VARCHAR,N,,,원천 시스템 식별 (공통감사),공통감사
FACT_TARGET_DEV,MONTH_KEY × ORG × DEV_TYPE,FACT,DW_LOAD_TS,TIMESTAMP_NTZ,N,,,최초 적재 시각 (공통감사),공통감사
FACT_TARGET_DEV,MONTH_KEY × ORG × DEV_TYPE,FACT,DW_UPDATE_TS,TIMESTAMP_NTZ,Y,,,최종 갱신 시각 (공통감사),공통감사
FACT_TARGET_DEV,MONTH_KEY × ORG × DEV_TYPE,FACT,DW_BATCH_ID,VARCHAR,Y,,,적재 배치 식별자 = dbt invocation_id (공통감사),공통감사
WIDE_AD_BROADCAST,AD_PERF_DK,WIDE,AD_PERF_DK,VARCHAR,N,DK,,광고성과 행 식별자(grain) — 코어 WIDE_AD_PERFORMANCE 조인키,
WIDE_AD_BROADCAST,AD_PERF_DK,WIDE,AD_SOURCE_TYPE,VARCHAR,Y,,,광고 원천유형 — 본 뷰는 방송 2종(**VIDEO·REBROADCAST**)만 담는다. 🔴두 원천은 보고 항목이 다르다: 전용 컬럼이 서로 배타적이며 NULL 은 결측이 아니라 개념 부재다. 디지털은 본 뷰에 없다 — 전 유형 집계는 코어 `WIDE_AD_PERFORMANCE`.,
WIDE_AD_BROADCAST,AD_PERF_DK,WIDE,PERF_DATE_SK,"NUMBER(8,0)",N,,,광고 실적일 YYYYMMDD,
WIDE_AD_BROADCAST,AD_PERF_DK,WIDE,AD_COST,"NUMBER(18,2)",Y,,,[코어] 광고비(원) — VIDEO=실집행·REBRDC=편성비용,
WIDE_AD_BROADCAST,AD_PERF_DK,WIDE,INBOUND_CALL,"NUMBER(38,0)",Y,,,[코어] 인입콜수 🔴[O51-F 실측] 채움이 **VIDEO 안에서 부분**다. 커버리지를 모르고 비중·순위를 내면 결론이 뒤집힌다. 🔴채널·시간대별 인입콜 비교 시 미보고 행이 0 이 아니라 NULL 이므로 평균이 왜곡될 수 있다. 실측 규모는 이슈원장 §O51-F.,
WIDE_AD_BROADCAST,AD_PERF_DK,WIDE,TIME_BAND,VARCHAR,Y,,,시간대,
WIDE_AD_BROADCAST,AD_PERF_DK,WIDE,CM_POSITION,VARCHAR,Y,,,CM위치 (VIDEO 전용),
WIDE_AD_BROADCAST,AD_PERF_DK,WIDE,RT_TYPE,VARCHAR,Y,,,RT(재방송)유형 (REBRDC 전용),
WIDE_AD_BROADCAST,AD_PERF_DK,WIDE,AD_START_TIME,VARCHAR,Y,,,광고시작시간 (VIDEO 전용),
WIDE_AD_BROADCAST,AD_PERF_DK,WIDE,AD_END_TIME,VARCHAR,Y,,,광고종료시간 (VIDEO 전용) 🔴[O51-F 실측] 채움이 **VIDEO 안에서 부분**다. 커버리지를 모르고 비중·순위를 내면 결론이 뒤집힌다. ⚠️시작시간은 더 많이 채워져 있어 **시작·종료를 함께 요구하면 표본이 줄어든다**. 실측 규모는 이슈원장 §O51-F.,
WIDE_AD_BROADCAST,AD_PERF_DK,WIDE,BROADCAST_DATE,DATE,Y,,,송출일 — 실적일(PERF_DATE_SK)과 다를 수 있음,
WIDE_AD_BROADCAST,AD_PERF_DK,WIDE,PROGRAM_NM,VARCHAR,Y,,,프로그램/편성명,
WIDE_AD_BROADCAST,AD_PERF_DK,WIDE,CHANNEL_COMPANY,VARCHAR,Y,,,채널사,
WIDE_AD_BROADCAST,AD_PERF_DK,WIDE,CHANNEL_COMPANY_TYPE,VARCHAR,Y,,,채널사유형 (VIDEO 전용),
WIDE_AD_BROADCAST,AD_PERF_DK,WIDE,SPOT_TYPE,VARCHAR,Y,,,SPOT유형 (VIDEO 전용) 🔴[O51-F 실측] 채움이 **VIDEO 안에서 부분**다. 커버리지를 모르고 비중·순위를 내면 결론이 뒤집힌다. 실측 규모는 이슈원장 §O51-F.,
WIDE_AD_BROADCAST,AD_PERF_DK,WIDE,DURATION_SEC,"NUMBER(9,0)",Y,,,광고 초수 (VIDEO 전용),
WIDE_AD_BROADCAST,AD_PERF_DK,WIDE,DAY_DIV,VARCHAR,Y,,,요일구분 평일/주말 (VIDEO 전용),
WIDE_AD_BROADCAST,AD_PERF_DK,WIDE,PRG_START_TIME,VARCHAR,Y,,,프로그램 시작시간 (VIDEO 전용),
WIDE_AD_BROADCAST,AD_PERF_DK,WIDE,CTV_DIV,VARCHAR,Y,,,CTV구분 (VIDEO 전용) 🔴[O51-F 실측] 채움이 **VIDEO 안에서도 소수**다. 커버리지를 모르고 비중·순위를 내면 결론이 뒤집힌다. 실측 규모는 이슈원장 §O51-F.,
WIDE_AD_BROADCAST,AD_PERF_DK,WIDE,BRDC_DIV,VARCHAR,Y,,,방송구분 (REBRDC 전용) 🔴[O51-F 실측] 채움이 **REBROADCAST 안에서도 일부**다. 커버리지를 모르고 비중·순위를 내면 결론이 뒤집힌다. 실측 규모는 이슈원장 §O51-F.,
WIDE_AD_BROADCAST,AD_PERF_DK,WIDE,AD_CNT,"NUMBER(38,0)",Y,,,광고횟수,
WIDE_AD_BROADCAST,AD_PERF_DK,WIDE,CONV_CALL_CNT,"NUMBER(18,4)",Y,,,전환콜 (VIDEO 전용) — 인입콜과 별개 🔴🔴[O51-F 실측] **전건 NULL — 원천 자체가 비어 있다**(`BRONZE_AGENCY.VIDEO_AD_CMPGN_DTLS.CONV_CALL_CNT`). 결측이 아니라 **대행사가 항목을 보고하지 않는다**: 0 이나 '해당없음' 으로 대체 해석하지 말 것(P21). 필터 조건으로 쓰면 전건이 탈락한다. 🔴🔴종전 문서가 *「VIDEO 는 개발실적 대신 전환콜을 보고한다」* 고 적었으나 **그 컬럼도 원천에서 전건 비어 있다** — 즉 VIDEO 구간은 개발도 전환콜도 측정할 수 없다(AD-5 보강). REBROADCAST 원천에는 컬럼 자체가 없다. 실측 규모는 이슈원장 §O51-F.,
WIDE_AD_BROADCAST,AD_PERF_DK,WIDE,DVLP_MEMBER_CNT,"NUMBER(18,4)",Y,,,개발회원수 (REBRDC 전용) — ⚠️GA 전환이 아님(O16 분리) ⚠️**REBROADCAST 전용** — 다른 원천 행은 개념 자체가 없어 NULL 이며 결측이 아니다. ⚠️GA 전환이 아니다(O16 분리) — 재방송 개발실적이다.,
WIDE_AD_BROADCAST,AD_PERF_DK,WIDE,DVLP_CNT,"NUMBER(18,4)",Y,,,개발건수 (REBRDC 전용) — ⚠️GA 전환이 아님(O16 분리) ⚠️**REBROADCAST 전용** — 다른 원천 행은 개념 자체가 없어 NULL 이며 결측이 아니다. ⚠️GA 전환이 아니다(O16 분리) — 재방송 개발실적이다.,
WIDE_AD_BROADCAST,AD_PERF_DK,WIDE,AD_VIEW_RT_SRC,"NUMBER(18,6)",Y,,,"광고시청률(대행사 산정) — 비가산 N, 재합산 금지. ⚠️**VIDEO 전용** — 다른 원천 행은 개념 자체가 없어 NULL 이며 결측이 아니다.",
WIDE_AD_BROADCAST,AD_PERF_DK,WIDE,CPC_SRC,"NUMBER(18,6)",Y,,,"CPC(대행사 산정) — 비가산 N, 재합산 금지. ⚠️**VIDEO 전용** — 다른 원천 행은 개념 자체가 없어 NULL 이며 결측이 아니다.",
WIDE_AD_BROADCAST,AD_PERF_DK,WIDE,DW_SOURCE_SYSTEM,VARCHAR,N,,,원천 시스템 식별,공통감사
WIDE_AD_BROADCAST,AD_PERF_DK,WIDE,PERF_FULL_DATE,DATE,Y,,,DIM_DATE.FULL_DATE — 실적일 일자,
WIDE_AD_BROADCAST,AD_PERF_DK,WIDE,PERF_YEAR,"NUMBER(4,0)",Y,,,DIM_DATE.YEAR — 실적일 년,
WIDE_AD_BROADCAST,AD_PERF_DK,WIDE,PERF_MONTH,"NUMBER(2,0)",Y,,,DIM_DATE.MONTH — 실적일 월,
WIDE_AD_BROADCAST,AD_PERF_DK,WIDE,PERF_QUARTER,"NUMBER(1,0)",Y,,,DIM_DATE.QUARTER — 실적일 분기,
WIDE_AD_BROADCAST,AD_PERF_DK,WIDE,PERF_IS_HOLIDAY,BOOLEAN,Y,,,"DIM_DATE.IS_HOLIDAY — 실적일 휴일여부 🔴🔴[O51-F 실측] **휴일축이 미주입이다 — 전건 `FALSE`.** `DIM_DATE.IS_HOLIDAY` 에 TRUE 가 하나도 없다. NULL 이 아니라 FALSE 라서 **집계가 성공한 것처럼 보이고**, 「휴일 대비 평일 성과」 질의가 **전건 평일**로 응답된다. ⇒ 이 컬럼으로 휴일 분석을 하지 말 것(기지 **HOL-1** — 공휴일 원천이 전 스키마에 없어 외부 입고 대기). 실측 규모는 이슈원장 §O51-F.",
WIDE_AD_BROADCAST,AD_PERF_DK,WIDE,CAMPAIGN_NAME,VARCHAR,Y,,,DIM_CAMPAIGN.CAMPAIGN_NAME — 캠페인명 🔴🔴[O51-F 실측] **전건 `'(미매핑)'` 센티넬** — NULL 이 아니라 **문자열**이라 GROUP BY 하면 단일 그룹이 생겨 **집계에 성공한 것처럼 보인다.** 원인 = `FACT_AD_PERFORMANCE.CAMPAIGN_SK` 의 실측값이 센티넬 하나뿐이다. ⇒ 이 컬럼으로 분해를 시도하지 말 것 — 「캠페인별」·「부서별」 요구에 **조용히 총계 1행**이 돌아온다. 🟢대안 = 마케팅캠페인 축(`MKTG_CAMPAIGN_SK`)은 살아 있다(O45) — 광고↔개발 결합은 그 grain 에서 한다. 실측 규모는 이슈원장 §O51-F.,
WIDE_AD_BROADCAST,AD_PERF_DK,WIDE,AD_MEDIA_NAME,VARCHAR,Y,,,"DIM_AD_CREATIVE.MEDIA_NAME — 매체명 🔴🔴[O51-F 실측] **이 뷰에서 전건 NULL** — 원인은 차원이 아니라 **팩트 FK 가 전건 센티넬**이다: `FACT_AD_PERFORMANCE.AD_CREATIVE_SK` 의 실측값이 센티넬 하나뿐이다. ⇒ **이 축으로는 분해가 불가능하다.** 차원 자체는 채워져 있다. 🔴🔴 원천에는 있는 축이다 — SILVER `AGENCY_AD_PERFORMANCE.MEDIA_CHANNEL_NM`·`CREATIVE_NM` 과 BRONZE 매체명은 **전건 채워져 있다.** GOLD 에서만 소실됐다 — 팩트 FK 가 0 하드코딩이다(기지 **P52·O38-C**, 연결키는 **Q10** 소관). 실측 규모는 이슈원장 §O51-F.",
WIDE_AD_BROADCAST,AD_PERF_DK,WIDE,AD_CREATIVE,VARCHAR,Y,,,"DIM_AD_CREATIVE.CREATIVE — 소재 🔴🔴[O51-F 실측] **이 뷰에서 전건 NULL** — 원인은 차원이 아니라 **팩트 FK 가 전건 센티넬**이다: `FACT_AD_PERFORMANCE.AD_CREATIVE_SK` 의 실측값이 센티넬 하나뿐이다. ⇒ **이 축으로는 분해가 불가능하다.** 차원 자체는 채워져 있다. 🔴🔴 원천에는 있는 축이다 — SILVER `AGENCY_AD_PERFORMANCE.MEDIA_CHANNEL_NM`·`CREATIVE_NM` 과 BRONZE 매체명은 **전건 채워져 있다.** GOLD 에서만 소실됐다 — 팩트 FK 가 0 하드코딩이다(기지 **P52·O38-C**, 연결키는 **Q10** 소관). 실측 규모는 이슈원장 §O51-F.",
WIDE_AD_BROADCAST_CASE,AD_PERF_DK×CASE_SEQ,WIDE,AD_PERF_DK,VARCHAR,N,DK,,grain 1/2 · 광고성과 행 식별자 — 코어 WIDE_AD_PERFORMANCE 조인키(1:N),
WIDE_AD_BROADCAST_CASE,AD_PERF_DK×CASE_SEQ,WIDE,CASE_SEQ,"NUMBER(2,0)",N,,,grain 2/2 · 사례 순번 1~3 (원천 CASE1~CASE3 언피벗축),
WIDE_AD_BROADCAST_CASE,AD_PERF_DK×CASE_SEQ,WIDE,AD_SOURCE_TYPE,VARCHAR,Y,,,"광고 원천유형 — 본 뷰는 REBROADCAST 만 🔴[O51-F 실측] **단일값 REBROADCAST 뿐이다** — 본 뷰는 재방송 사례 전용이라 VIDEO 사례가 없다. GROUP BY 대상이 아니며, **이 뷰로 VIDEO 대비 재방송을 비교하면 재방송만 보고 결론을 낸다.** 원천유형 비교는 코어 `WIDE_AD_PERFORMANCE` 에서 한다. 실측 규모는 이슈원장 §O51-F.",
WIDE_AD_BROADCAST_CASE,AD_PERF_DK×CASE_SEQ,WIDE,PERF_DATE_SK,"NUMBER(8,0)",N,,,광고 실적일 YYYYMMDD,
WIDE_AD_BROADCAST_CASE,AD_PERF_DK×CASE_SEQ,WIDE,BIZ_DIV,VARCHAR,Y,,,사례 사업구분,
WIDE_AD_BROADCAST_CASE,AD_PERF_DK×CASE_SEQ,WIDE,FAMILY_TYPE,VARCHAR,Y,,,사례 가족유형,
WIDE_AD_BROADCAST_CASE,AD_PERF_DK×CASE_SEQ,WIDE,APPEAL_POINT,VARCHAR,Y,,,사례 어필포인트,
WIDE_AD_BROADCAST_CASE,AD_PERF_DK×CASE_SEQ,WIDE,CASE_DIV,VARCHAR,Y,,,사례구분,
WIDE_AD_BROADCAST_CASE,AD_PERF_DK×CASE_SEQ,WIDE,RT_TYPE,VARCHAR,Y,,,RT(재방송)유형 — 위성 FAD_B 에서 동반,
WIDE_AD_BROADCAST_CASE,AD_PERF_DK×CASE_SEQ,WIDE,PROGRAM_NM,VARCHAR,Y,,,프로그램/편성명 — 위성 FAD_B 에서 동반,
WIDE_AD_BROADCAST_CASE,AD_PERF_DK×CASE_SEQ,WIDE,CHANNEL_COMPANY,VARCHAR,Y,,,채널사 — 위성 FAD_B 에서 동반,
WIDE_AD_BROADCAST_CASE,AD_PERF_DK×CASE_SEQ,WIDE,BROADCAST_DATE,DATE,Y,,,송출일 — 위성 FAD_B 에서 동반,
WIDE_AD_BROADCAST_CASE,AD_PERF_DK×CASE_SEQ,WIDE,DW_SOURCE_SYSTEM,VARCHAR,N,,,원천 시스템 식별,공통감사
WIDE_AD_BROADCAST_CASE,AD_PERF_DK×CASE_SEQ,WIDE,PERF_FULL_DATE,DATE,Y,,,DIM_DATE.FULL_DATE — 실적일 일자,
WIDE_AD_BROADCAST_CASE,AD_PERF_DK×CASE_SEQ,WIDE,PERF_YEAR,"NUMBER(4,0)",Y,,,DIM_DATE.YEAR — 실적일 년,
WIDE_AD_BROADCAST_CASE,AD_PERF_DK×CASE_SEQ,WIDE,PERF_MONTH,"NUMBER(2,0)",Y,,,DIM_DATE.MONTH — 실적일 월,
WIDE_AD_BROADCAST_CASE,AD_PERF_DK×CASE_SEQ,WIDE,PERF_QUARTER,"NUMBER(1,0)",Y,,,DIM_DATE.QUARTER — 실적일 분기,
WIDE_AD_BROADCAST_CASE,AD_PERF_DK×CASE_SEQ,WIDE,CAMPAIGN_NAME,VARCHAR,Y,,,DIM_CAMPAIGN.CAMPAIGN_NAME — 캠페인명 🔴🔴[O51-F 실측] **전건 `'(미매핑)'` 센티넬** — NULL 이 아니라 **문자열**이라 GROUP BY 하면 단일 그룹이 생겨 **집계에 성공한 것처럼 보인다.** 원인 = `FACT_AD_PERFORMANCE.CAMPAIGN_SK` 의 실측값이 센티넬 하나뿐이다. ⇒ 이 컬럼으로 분해를 시도하지 말 것 — 「캠페인별」·「부서별」 요구에 **조용히 총계 1행**이 돌아온다. 실측 규모는 이슈원장 §O51-F.,
WIDE_AD_COMBINED,AD_PERF_DK,WIDE,AD_PERF_DK,VARCHAR,N,DK,,행 식별자(GRAIN·PK) MD5(AD_SOURCE_TYPE|ROW_HASH|DUP_SEQ). 위성 3종 조인키. 발급지점=SILVER.AGENCY_AD_ROW_* (DEC-11),
WIDE_AD_COMBINED,AD_PERF_DK,WIDE,PERF_DATE_SK,"NUMBER(8,0)",N,,,"실적일 (분석축, FK→DIM_DATE)",
WIDE_AD_COMBINED,AD_PERF_DK,WIDE,CAMPAIGN_SK,"NUMBER(38,0)",N,,,"캠페인 (분석축, FK→DIM_CAMPAIGN). ⚠️현재 0 스캐폴드 — Q10 이름매칭 대기",
WIDE_AD_COMBINED,AD_PERF_DK,WIDE,MKTG_CAMPAIGN_SK,"NUMBER(38,0)",Y,,,[O45] 마케팅캠페인 대리키 (FK→DIM_MARKETING_CAMPAIGN). 광고↔CRM 결합축. 🔴미도달 행은 0(미매핑) 버킷이며 이 버킷을 「미집행」으로 읽지 말 것 — 도달률 실측은 이슈원장 §O45. 🔴개발캠페인(CAMPAIGN_SK) grain 결합 금지 — 광고비가 대규모로 팬아웃한다(배수 실측 = 이슈원장 §O45).,
WIDE_AD_COMBINED,AD_PERF_DK,WIDE,AD_CREATIVE_SK,"NUMBER(38,0)",N,,,"광고소재/매체 (분석축, FK→DIM_AD_CREATIVE). ⚠️현재 0 스캐폴드 — 부분키 매칭 설계 대기",
WIDE_AD_COMBINED,AD_PERF_DK,WIDE,DEVICE_SK,"NUMBER(38,0)",N,,,"디바이스 (분석축, FK→DIM_DEVICE). DEC-10 실배선: 실기기 해시SK / 방송=(해당없음) / 미매핑=0",
WIDE_AD_COMBINED,AD_PERF_DK,WIDE,AD_COST,"NUMBER(18,2)",Y,,,광고비(원) (#6). 원천별 컬럼 상이 — COST_TYPE 은 SILVER 보유,
WIDE_AD_COMBINED,AD_PERF_DK,WIDE,IMPRESSIONS,"NUMBER(38,0)",Y,,,노출수 (#23). DIGITAL 전용(방송 원천 부재),
WIDE_AD_COMBINED,AD_PERF_DK,WIDE,CLICKS,"NUMBER(38,0)",Y,,,"클릭수(행동 횟수, ≠회원명) (#24). DIGITAL 전용. CTR 분자 공#9",
WIDE_AD_COMBINED,AD_PERF_DK,WIDE,INBOUND_CALL,"NUMBER(38,0)",Y,,,"인입콜 (#25). REBRDC(TEXT→TRY_TO_NUMBER)·VIDEO 보유, DGT 부재",
WIDE_AD_COMBINED,AD_PERF_DK,WIDE,GA_CONV_MEMBERS,"NUMBER(38,0)",Y,,,GA전환수(명) — **DIGITAL 전용**. ⚠️O16 교정(2026-07-28): 종전에 REBRDC 개발회원수가 혼입돼 있었다 — 재방송 개발실적은 FACT_AD_BROADCAST.DVLP_MEMBER_CNT 로 이관했다. 혼입 규모 = 이슈원장 §O16.,
WIDE_AD_COMBINED,AD_PERF_DK,WIDE,GA_CONV_CNT,"NUMBER(18,4)",Y,,,GA전환수(건/VU) — **DIGITAL 전용**. ⚠️O16 교정(2026-07-28): 종전에 REBRDC 개발건수가 혼입돼 있었고 그 비중이 과반이었다 → FACT_AD_BROADCAST.DVLP_CNT 로 이관. 혼입 규모 = 이슈원장 §O16. ⚠️합계가 소수로 나오므로 건수가 아니다 — 어의 현업확인 잔여(O5).,
WIDE_AD_COMBINED,AD_PERF_DK,WIDE,DAY_OF_WEEK,VARCHAR,Y,,,"요일 (degen, AD_DATE 파생)",
WIDE_AD_COMBINED,AD_PERF_DK,WIDE,WEEK_OF_YEAR,"NUMBER(2,0)",Y,,,"주차 (degen, AD_DATE 파생)",
WIDE_AD_COMBINED,AD_PERF_DK,WIDE,AD_SOURCE_TYPE,VARCHAR,Y,,,광고유형 DIGITAL/VIDEO/REBROADCAST (degen). 출처 명시축(DEC-8·§3-A-4) — DW_SOURCE_SYSTEM(시스템 출처)과 2단 추적. DEVICE_TYPE=(해당없음) 행의 방송 여부 판별 수단,
WIDE_AD_COMBINED,AD_PERF_DK,WIDE,PAGE_TYPE,VARCHAR,Y,,,페이지유형 ← DGT.PAGE_TYPE_NM ⚠️[WIDE_AD_COMBINED] 디지털 원천 전용 컬럼이다 — 방송행(AD_SOURCE_TYPE 이 디지털이 아닌 행)은 **NULL 이며 그것은 결측이 아니라 원천 부재**다(위성 완전분할). 혼합 집계 전에 AD_SOURCE_TYPE 으로 스코프할 것.,
WIDE_AD_COMBINED,AD_PERF_DK,WIDE,AD_GROUP_NM,VARCHAR,Y,,,광고그룹명 ← DGT.AD_GRP_NM ⚠️[WIDE_AD_COMBINED] 디지털 원천 전용 컬럼이다 — 방송행(AD_SOURCE_TYPE 이 디지털이 아닌 행)은 **NULL 이며 그것은 결측이 아니라 원천 부재**다(위성 완전분할). 혼합 집계 전에 AD_SOURCE_TYPE 으로 스코프할 것.,
WIDE_AD_COMBINED,AD_PERF_DK,WIDE,GROUP_DIV,VARCHAR,Y,,,그룹구분 ← DGT.GRP_DIV_NM ⚠️[WIDE_AD_COMBINED] 디지털 원천 전용 컬럼이다 — 방송행(AD_SOURCE_TYPE 이 디지털이 아닌 행)은 **NULL 이며 그것은 결측이 아니라 원천 부재**다(위성 완전분할). 혼합 집계 전에 AD_SOURCE_TYPE 으로 스코프할 것.,
WIDE_AD_COMBINED,AD_PERF_DK,WIDE,CREATIVE_TYPE,VARCHAR,Y,,,소재유형 ← DGT.MATR_TY_NM ⚠️[WIDE_AD_COMBINED] 디지털 원천 전용 컬럼이다 — 방송행(AD_SOURCE_TYPE 이 디지털이 아닌 행)은 **NULL 이며 그것은 결측이 아니라 원천 부재**다(위성 완전분할). 혼합 집계 전에 AD_SOURCE_TYPE 으로 스코프할 것.,
WIDE_AD_COMBINED,AD_PERF_DK,WIDE,AD_TYPE_NM,VARCHAR,Y,,,광고유형명(대행사 표기) ← DGT.AD_TY_NM. ⚠️코어 AD_SOURCE_TYPE(원천 출처축 DIGITAL/VIDEO/REBROADCAST)과 다른 개념 ⚠️[WIDE_AD_COMBINED] 디지털 원천 전용 컬럼이다 — 방송행(AD_SOURCE_TYPE 이 디지털이 아닌 행)은 **NULL 이며 그것은 결측이 아니라 원천 부재**다(위성 완전분할). 혼합 집계 전에 AD_SOURCE_TYPE 으로 스코프할 것.,
WIDE_AD_COMBINED,AD_PERF_DK,WIDE,READ_CNT,"NUMBER(38,0)",Y,,,읽음수 ← DGT.READ_CNT (가산) ⚠️[WIDE_AD_COMBINED] 디지털 원천 전용 컬럼이다 — 방송행(AD_SOURCE_TYPE 이 디지털이 아닌 행)은 **NULL 이며 그것은 결측이 아니라 원천 부재**다(위성 완전분할). 혼합 집계 전에 AD_SOURCE_TYPE 으로 스코프할 것.,
WIDE_AD_COMBINED,AD_PERF_DK,WIDE,MEDIA_POTENTIAL_CUST_CNT,"NUMBER(38,0)",Y,,,매체 잠재고객수 ← DGT.MEDIA_PTNT_CUST_CNT (가산) ⚠️[WIDE_AD_COMBINED] 디지털 원천 전용 컬럼이다 — 방송행(AD_SOURCE_TYPE 이 디지털이 아닌 행)은 **NULL 이며 그것은 결측이 아니라 원천 부재**다(위성 완전분할). 혼합 집계 전에 AD_SOURCE_TYPE 으로 스코프할 것.,
WIDE_AD_COMBINED,AD_PERF_DK,WIDE,CRM_DEV_CNT,"NUMBER(18,4)",Y,,,CRM 개발건수 ← DGT.CRM_DVLP_CNT (가산) ⚠️[WIDE_AD_COMBINED] 디지털 원천 전용 컬럼이다 — 방송행(AD_SOURCE_TYPE 이 디지털이 아닌 행)은 **NULL 이며 그것은 결측이 아니라 원천 부재**다(위성 완전분할). 혼합 집계 전에 AD_SOURCE_TYPE 으로 스코프할 것.,
WIDE_AD_COMBINED,AD_PERF_DK,WIDE,CTR_SRC,"NUMBER(18,6)",Y,,,[비가산 N] 대행사 산정 CTR ← DGT.CTR. DW 재계산=CLICKS/IMPRESSIONS ⚠️[WIDE_AD_COMBINED] 디지털 원천 전용 컬럼이다 — 방송행(AD_SOURCE_TYPE 이 디지털이 아닌 행)은 **NULL 이며 그것은 결측이 아니라 원천 부재**다(위성 완전분할). 혼합 집계 전에 AD_SOURCE_TYPE 으로 스코프할 것.,
WIDE_AD_COMBINED,AD_PERF_DK,WIDE,CVR_SRC,"NUMBER(18,6)",Y,,,[비가산 N] 대행사 산정 CVR ← DGT.CVR. DW 재계산=GA_CONV_MEMBERS/CLICKS (O5 확정) ⚠️[WIDE_AD_COMBINED] 디지털 원천 전용 컬럼이다 — 방송행(AD_SOURCE_TYPE 이 디지털이 아닌 행)은 **NULL 이며 그것은 결측이 아니라 원천 부재**다(위성 완전분할). 혼합 집계 전에 AD_SOURCE_TYPE 으로 스코프할 것.,
WIDE_AD_COMBINED,AD_PERF_DK,WIDE,CPC_SRC,"NUMBER(18,6)",Y,,,[비가산 N] 대행사 산정 CPC ← DGT.CPC. DW 재계산=AD_COST/CLICKS ⚠️[WIDE_AD_COMBINED] 디지털 원천 전용 컬럼이다 — 방송행(AD_SOURCE_TYPE 이 디지털이 아닌 행)은 **NULL 이며 그것은 결측이 아니라 원천 부재**다(위성 완전분할). 혼합 집계 전에 AD_SOURCE_TYPE 으로 스코프할 것.,
WIDE_AD_COMBINED,AD_PERF_DK,WIDE,CPM_SRC,"NUMBER(18,6)",Y,,,[비가산 N] 대행사 산정 CPM ← DGT.CPM. DW 재계산=AD_COST/IMPRESSIONS×1000 ⚠️[WIDE_AD_COMBINED] 디지털 원천 전용 컬럼이다 — 방송행(AD_SOURCE_TYPE 이 디지털이 아닌 행)은 **NULL 이며 그것은 결측이 아니라 원천 부재**다(위성 완전분할). 혼합 집계 전에 AD_SOURCE_TYPE 으로 스코프할 것.,
WIDE_AD_COMBINED,AD_PERF_DK,WIDE,CPA_SRC,"NUMBER(18,6)",Y,,,[비가산 N] 대행사 산정 CPA ← DGT.CPA. DW 재계산=AD_COST/GA_CONV_CNT ⚠️[WIDE_AD_COMBINED] 디지털 원천 전용 컬럼이다 — 방송행(AD_SOURCE_TYPE 이 디지털이 아닌 행)은 **NULL 이며 그것은 결측이 아니라 원천 부재**다(위성 완전분할). 혼합 집계 전에 AD_SOURCE_TYPE 으로 스코프할 것.,
WIDE_AD_COMBINED,AD_PERF_DK,WIDE,DEV_UNIT_PRICE_SRC,"NUMBER(18,2)",Y,,,[비가산 N] 대행사 산정 개발단가 ← DGT.DEV_UNIT_PRICE. DW 재계산=AD_COST/개발건수 ⚠️[WIDE_AD_COMBINED] 디지털 원천 전용 컬럼이다 — 방송행(AD_SOURCE_TYPE 이 디지털이 아닌 행)은 **NULL 이며 그것은 결측이 아니라 원천 부재**다(위성 완전분할). 혼합 집계 전에 AD_SOURCE_TYPE 으로 스코프할 것.,
WIDE_AD_COMBINED,AD_PERF_DK,WIDE,VTR_SRC,"NUMBER(18,6)",Y,,,[비가산 N] 대행사 산정 VTR ← DGT.VTR. base 부재로 재계산 불가(대조 대상 아닌 유일값) ⚠️[WIDE_AD_COMBINED] 디지털 원천 전용 컬럼이다 — 방송행(AD_SOURCE_TYPE 이 디지털이 아닌 행)은 **NULL 이며 그것은 결측이 아니라 원천 부재**다(위성 완전분할). 혼합 집계 전에 AD_SOURCE_TYPE 으로 스코프할 것.,
WIDE_AD_COMBINED,AD_PERF_DK,WIDE,TIME_BAND,VARCHAR,Y,,,시간대 ← VIDEO.TIME_RNG / REBRDC.TIME_RNG_DIV_NM(1순위)·BRDC_TIME(대체). 코어에서 이관(종전 CAST(NULL) 하드코딩) ⚠️[WIDE_AD_COMBINED] 방송 원천 전용 컬럼이다 — 디지털행은 **NULL 이며 결측이 아니라 원천 부재**다. 혼합 집계 전에 AD_SOURCE_TYPE 으로 스코프할 것.,
WIDE_AD_COMBINED,AD_PERF_DK,WIDE,CM_POSITION,VARCHAR,Y,,,CM위치 ← VIDEO.CM_AREA [VIDEO 전용]. 코어에서 이관 ⚠️[WIDE_AD_COMBINED] 방송 원천 전용 컬럼이다 — 디지털행은 **NULL 이며 결측이 아니라 원천 부재**다. 혼합 집계 전에 AD_SOURCE_TYPE 으로 스코프할 것.,
WIDE_AD_COMBINED,AD_PERF_DK,WIDE,RT_TYPE,VARCHAR,Y,,,RT(재방송)유형 ← REBRDC.RE_BRDC_TY_NM [REBRDC 전용]. 코어에서 이관 ⚠️[WIDE_AD_COMBINED] 방송 원천 전용 컬럼이다 — 디지털행은 **NULL 이며 결측이 아니라 원천 부재**다. 혼합 집계 전에 AD_SOURCE_TYPE 으로 스코프할 것.,
WIDE_AD_COMBINED,AD_PERF_DK,WIDE,AD_START_TIME,VARCHAR,Y,,,"광고시작시간 ← VIDEO.AD_STRT_TIME [VIDEO 전용]. 코어에서 이관 🔴🔴[WIDE_AD_COMBINED] **VIDEO(본방송) 전용이다** — 재방송(REBRDC) 원천에는 이 컬럼이 **아예 없다**(BRONZE `REBRDC_AD_CMPGN_DTLS` 에 시각 컬럼 부재 · 보유 항목은 방송시간·방송월뿐). 따라서 재방송행의 NULL 은 적재 지연이 아니라 **해당 없음**이다(P20 3분류). 시각 기반 분석은 VIDEO 로 스코프하고, 재방송을 포함한 시간대 분석은 TIME_BAND 를 쓸 것. 전용축 판정 근거 = 이슈원장 §429.",
WIDE_AD_COMBINED,AD_PERF_DK,WIDE,AD_END_TIME,VARCHAR,Y,,,"광고종료시간 ← VIDEO.AD_END_TIME [VIDEO 전용]. 신규 노출 🔴🔴[WIDE_AD_COMBINED] **VIDEO(본방송) 전용이다** — 재방송(REBRDC) 원천에는 이 컬럼이 **아예 없다**(BRONZE `REBRDC_AD_CMPGN_DTLS` 에 시각 컬럼 부재 · 보유 항목은 방송시간·방송월뿐). 따라서 재방송행의 NULL 은 적재 지연이 아니라 **해당 없음**이다(P20 3분류). 시각 기반 분석은 VIDEO 로 스코프하고, 재방송을 포함한 시간대 분석은 TIME_BAND 를 쓸 것. 전용축 판정 근거 = 이슈원장 §429.",
WIDE_AD_COMBINED,AD_PERF_DK,WIDE,BROADCAST_DATE,DATE,Y,,,송출일 ← VIDEO.BRDC_DATE / REBRDC.DATE. ⚠️코어 PERF_DATE_SK(실적일)와 구분. 코어에서 이관 🔴[WIDE_AD_COMBINED] **송출일이며 코어의 실적일(PERF_DATE_SK)과 다른 축**이다 — 둘을 같은 시간축으로 섞지 말 것. 🟢본방송(VIDEO)·재방송(REBRDC) **양 원천 모두에 있다**(BRONZE `VIDEO_AD_CMPGN_DTLS.BRDC_DATE` · `REBRDC_AD_CMPGN_DTLS.DATE`) — 같은 방송 위성의 시각 3컬럼(AD_START_TIME·AD_END_TIME·PRG_START_TIME)이 VIDEO 전용인 것과 **다르다**. ⇒ 재방송을 포함한 **일자 단위** 방송 분석은 이 컬럼으로 가능하다. 디지털행은 원천 부재로 NULL.,
WIDE_AD_COMBINED,AD_PERF_DK,WIDE,PROGRAM_NM,VARCHAR,Y,,,프로그램/편성명 ← VIDEO.SCHDL_NM / REBRDC.BRDC_NM ⚠️[WIDE_AD_COMBINED] 방송 원천 전용 컬럼이다 — 디지털행은 **NULL 이며 결측이 아니라 원천 부재**다. 혼합 집계 전에 AD_SOURCE_TYPE 으로 스코프할 것.,
WIDE_AD_COMBINED,AD_PERF_DK,WIDE,CHANNEL_COMPANY,VARCHAR,Y,,,채널사 ← VIDEO.CHNNL_NM / REBRDC.CHNNL_CMPNY ⚠️[WIDE_AD_COMBINED] 방송 원천 전용 컬럼이다 — 디지털행은 **NULL 이며 결측이 아니라 원천 부재**다. 혼합 집계 전에 AD_SOURCE_TYPE 으로 스코프할 것.,
WIDE_AD_COMBINED,AD_PERF_DK,WIDE,CHANNEL_COMPANY_TYPE,VARCHAR,Y,,,채널사유형 ← VIDEO.CHNNL_CMPNY_TY_NM [VIDEO 전용] ⚠️[WIDE_AD_COMBINED] 방송 원천 전용 컬럼이다 — 디지털행은 **NULL 이며 결측이 아니라 원천 부재**다. 혼합 집계 전에 AD_SOURCE_TYPE 으로 스코프할 것.,
WIDE_AD_COMBINED,AD_PERF_DK,WIDE,SPOT_TYPE,VARCHAR,Y,,,SPOT유형 ← VIDEO.SPOT_TY [VIDEO 전용] ⚠️[WIDE_AD_COMBINED] 방송 원천 전용 컬럼이다 — 디지털행은 **NULL 이며 결측이 아니라 원천 부재**다. 혼합 집계 전에 AD_SOURCE_TYPE 으로 스코프할 것.,
WIDE_AD_COMBINED,AD_PERF_DK,WIDE,DURATION_SEC,"NUMBER(9,0)",Y,,,🔴 광고 초수 ← VIDEO.AD_SEC(TEXT→TRY_TO_NUMBER) [VIDEO 전용] — **현재 값 신뢰 금지(O29)**. 적재값의 스케일이 「초」로 읽으면 맞지 않는다(µs 해석 유력하나 미확정·현업 확인 대기). 원천 HH:MM:SS 형식 행이 캐스팅에서 무성 소실돼 유효 커버리지가 매우 낮다(파싱하면 대부분 회복) — 규모 실측은 이슈원장 §O29. REBRDC NULL 은 결손이 아니라 원천 부재. ⚠️[WIDE_AD_COMBINED] 방송 원천 전용 컬럼이다 — 디지털행은 **NULL 이며 결측이 아니라 원천 부재**다. 혼합 집계 전에 AD_SOURCE_TYPE 으로 스코프할 것.,
WIDE_AD_COMBINED,AD_PERF_DK,WIDE,DAY_DIV,VARCHAR,Y,,,요일구분 평일/주말 ← VIDEO.DAY_DIV_NM [VIDEO 전용] ⚠️[WIDE_AD_COMBINED] 방송 원천 전용 컬럼이다 — 디지털행은 **NULL 이며 결측이 아니라 원천 부재**다. 혼합 집계 전에 AD_SOURCE_TYPE 으로 스코프할 것.,
WIDE_AD_COMBINED,AD_PERF_DK,WIDE,PRG_START_TIME,VARCHAR,Y,,,"프로그램 시작시간 ← VIDEO.PRG_STRT_TIME [VIDEO 전용] 🔴🔴[WIDE_AD_COMBINED] **VIDEO(본방송) 전용이다** — 재방송(REBRDC) 원천에는 이 컬럼이 **아예 없다**(BRONZE `REBRDC_AD_CMPGN_DTLS` 에 시각 컬럼 부재 · 보유 항목은 방송시간·방송월뿐). 따라서 재방송행의 NULL 은 적재 지연이 아니라 **해당 없음**이다(P20 3분류). 시각 기반 분석은 VIDEO 로 스코프하고, 재방송을 포함한 시간대 분석은 TIME_BAND 를 쓸 것. 전용축 판정 근거 = 이슈원장 §429.",
WIDE_AD_COMBINED,AD_PERF_DK,WIDE,CTV_DIV,VARCHAR,Y,,,CTV구분 ← VIDEO.CTV_DIV_NM [VIDEO 전용] ⚠️[WIDE_AD_COMBINED] 방송 원천 전용 컬럼이다 — 디지털행은 **NULL 이며 결측이 아니라 원천 부재**다. 혼합 집계 전에 AD_SOURCE_TYPE 으로 스코프할 것.,
WIDE_AD_COMBINED,AD_PERF_DK,WIDE,BRDC_DIV,VARCHAR,Y,,,방송구분 ← REBRDC.BRDC_DIV_NM [REBRDC 전용] ⚠️[WIDE_AD_COMBINED] 방송 원천 전용 컬럼이다 — 디지털행은 **NULL 이며 결측이 아니라 원천 부재**다. 혼합 집계 전에 AD_SOURCE_TYPE 으로 스코프할 것.,
WIDE_AD_COMBINED,AD_PERF_DK,WIDE,AD_CNT,"NUMBER(38,0)",Y,,,광고횟수 ← VIDEO·REBRDC.AD_CNT (가산) ⚠️[WIDE_AD_COMBINED] 방송 원천 전용 컬럼이다 — 디지털행은 **NULL 이며 결측이 아니라 원천 부재**다. 혼합 집계 전에 AD_SOURCE_TYPE 으로 스코프할 것.,
WIDE_AD_COMBINED,AD_PERF_DK,WIDE,CONV_CALL_CNT,"NUMBER(18,4)",Y,,,전환콜 ← VIDEO.CONV_CALL_CNT [VIDEO 전용]. 코어 INBOUND_CALL(인입콜)과 별개 measure ⚠️[WIDE_AD_COMBINED] 방송 원천 전용 컬럼이다 — 디지털행은 **NULL 이며 결측이 아니라 원천 부재**다. 혼합 집계 전에 AD_SOURCE_TYPE 으로 스코프할 것.,
WIDE_AD_COMBINED,AD_PERF_DK,WIDE,DVLP_MEMBER_CNT,"NUMBER(18,4)",Y,,,개발회원수 ← REBRDC.DVLP_MBER_CNT [REBRDC 전용]. ⚠️O16 이관: 종전에 코어 GA_CONV_MEMBERS 로 혼입돼 있었다(GA 전환이 아니라 재방송 개발실적). ⚠️소수 척도를 유지하는 이유 = 원천에 0.5 단위 값이 실존해 정수 타입으로 내리면 반올림이 총합을 왜곡한다 — 해당 행·왜곡 규모는 이슈원장 §O16. 원천값 보존 우선. ⚠️[WIDE_AD_COMBINED] 방송 원천 전용 컬럼이다 — 디지털행은 **NULL 이며 결측이 아니라 원천 부재**다. 혼합 집계 전에 AD_SOURCE_TYPE 으로 스코프할 것.,
WIDE_AD_COMBINED,AD_PERF_DK,WIDE,DVLP_CNT,"NUMBER(18,4)",Y,,,개발건수 ← REBRDC.DVLP_CNT [REBRDC 전용]. ⚠️O16 이관: 종전 코어 GA_CONV_CNT 로 혼입(GA 전환 아님) ⚠️[WIDE_AD_COMBINED] 방송 원천 전용 컬럼이다 — 디지털행은 **NULL 이며 결측이 아니라 원천 부재**다. 혼합 집계 전에 AD_SOURCE_TYPE 으로 스코프할 것.,
WIDE_AD_COMBINED,AD_PERF_DK,WIDE,BRDC_AD_VIEW_RT_SRC,"NUMBER(18,6)",Y,,,[비가산 N] 대행사 산정 광고시청률 ← VIDEO.AD_VIEW_RT [VIDEO 전용]. base 부재로 DW 재계산 불가 ⚠️[WIDE_AD_COMBINED] 방송 원천 전용 컬럼이다 — 디지털행은 **NULL 이며 결측이 아니라 원천 부재**다. 혼합 집계 전에 AD_SOURCE_TYPE 으로 스코프할 것. ⚠️[WIDE_AD_COMBINED] 디지털 위성에 동명 컬럼이 있어 **BRDC_ 접두**를 붙였다 — 이 컬럼은 방송 원천값이다. 디지털 쪽 동명 컬럼과 같은 표에서 비교하지 말 것.,
WIDE_AD_COMBINED,AD_PERF_DK,WIDE,BRDC_CPC_SRC,"NUMBER(18,6)",Y,,,[비가산 N] 대행사 산정 CPC ← VIDEO.CPC(TEXT) [VIDEO 전용]. DW 재계산=AD_COST/CLICKS (DEC-9 대조용) ⚠️[WIDE_AD_COMBINED] 방송 원천 전용 컬럼이다 — 디지털행은 **NULL 이며 결측이 아니라 원천 부재**다. 혼합 집계 전에 AD_SOURCE_TYPE 으로 스코프할 것. ⚠️[WIDE_AD_COMBINED] 디지털 위성에 동명 컬럼이 있어 **BRDC_ 접두**를 붙였다 — 이 컬럼은 방송 원천값이다. 디지털 쪽 동명 컬럼과 같은 표에서 비교하지 말 것.,
WIDE_AD_DIGITAL,AD_PERF_DK,WIDE,AD_PERF_DK,VARCHAR,N,DK,,광고성과 행 식별자(grain) — 코어 WIDE_AD_PERFORMANCE 조인키,
WIDE_AD_DIGITAL,AD_PERF_DK,WIDE,AD_SOURCE_TYPE,VARCHAR,Y,,,"광고 원천유형. 🔴본 뷰는 **DIGITAL 단일값**이다(위성이 원천유형으로 수직분할되어 있다) — GROUP BY 대상이 아니며, 유형 간 비교는 코어 `WIDE_AD_PERFORMANCE` 에서 한다.",
WIDE_AD_DIGITAL,AD_PERF_DK,WIDE,PERF_DATE_SK,"NUMBER(8,0)",N,,,광고 실적일 YYYYMMDD,
WIDE_AD_DIGITAL,AD_PERF_DK,WIDE,AD_COST,"NUMBER(18,2)",Y,,,[코어] GA 광고비(원),
WIDE_AD_DIGITAL,AD_PERF_DK,WIDE,IMPRESSIONS,"NUMBER(38,0)",Y,,,[코어] 노출수 — CTR 분모,
WIDE_AD_DIGITAL,AD_PERF_DK,WIDE,CLICKS,"NUMBER(38,0)",Y,,,[코어] 클릭수 — CTR 분자,
WIDE_AD_DIGITAL,AD_PERF_DK,WIDE,GA_CONV_MEMBERS,"NUMBER(38,0)",Y,,,[코어] GA전환수(명) — CVR 분자(O16 교정 후 디지털 전용),
WIDE_AD_DIGITAL,AD_PERF_DK,WIDE,GA_CONV_CNT,"NUMBER(18,4)",Y,,,[코어] GA전환수(건/VU) — CPA 분모(O16 교정 후 디지털 전용) 🔴[O51-F 실측] 채움이 **부분**다. 커버리지를 모르고 비중·순위를 내면 결론이 뒤집힌다. 🔴비율 metric 의 분모로 쓸 때는 분자 커버리지를 먼저 맞출 것 — 분모만 부분이면 조용히 과대계상된다(P18). 실측 규모는 이슈원장 §O51-F.,
WIDE_AD_DIGITAL,AD_PERF_DK,WIDE,PAGE_TYPE,VARCHAR,Y,,,페이지유형 🔴[O51-F 실측] 채움이 **극히 일부**다. 커버리지를 모르고 비중·순위를 내면 결론이 뒤집힌다. 실측 규모는 이슈원장 §O51-F.,
WIDE_AD_DIGITAL,AD_PERF_DK,WIDE,AD_GROUP_NM,VARCHAR,Y,,,광고그룹명 🔴[O51-F 실측] 채움이 **극히 일부**다. 커버리지를 모르고 비중·순위를 내면 결론이 뒤집힌다. 실측 규모는 이슈원장 §O51-F.,
WIDE_AD_DIGITAL,AD_PERF_DK,WIDE,GROUP_DIV,VARCHAR,Y,,,그룹구분 🔴[O51-F 실측] 채움이 **극히 일부**다. 커버리지를 모르고 비중·순위를 내면 결론이 뒤집힌다. 실측 규모는 이슈원장 §O51-F.,
WIDE_AD_DIGITAL,AD_PERF_DK,WIDE,CREATIVE_TYPE,VARCHAR,Y,,,소재유형(원천 표기) 🔴[O51-F 실측] 채움이 **부분**다. 커버리지를 모르고 비중·순위를 내면 결론이 뒤집힌다. 실측 규모는 이슈원장 §O51-F.,
WIDE_AD_DIGITAL,AD_PERF_DK,WIDE,AD_TYPE_NM,VARCHAR,Y,,,광고유형명(대행사 표기). [O51-F BRONZE 실측] 실적재 값 = **하단DA·DA·CPT·BSA·SA·CPM**. 🔴`AD_SOURCE_TYPE`(VIDEO/REBROADCAST/DIGITAL)과 **다른 개념**이다 — 이름이 비슷해 혼용되기 쉽다.,
WIDE_AD_DIGITAL,AD_PERF_DK,WIDE,READ_CNT,"NUMBER(38,0)",Y,,,읽음수 🔴[O51-F 실측] 채움이 **소수**다. 커버리지를 모르고 비중·순위를 내면 결론이 뒤집힌다. 실측 규모는 이슈원장 §O51-F.,
WIDE_AD_DIGITAL,AD_PERF_DK,WIDE,MEDIA_POTENTIAL_CUST_CNT,"NUMBER(38,0)",Y,,,매체 잠재고객수 🔴🔴[O51-F 실측] **전건 NULL — 원천 자체가 비어 있다**(`BRONZE_AGENCY.DGT_AD_CMPGN_DTLS.MEDIA_PTNT_CUST_CNT`). 결측이 아니라 **대행사가 항목을 보고하지 않는다**: 0 이나 '해당없음' 으로 대체 해석하지 말 것(P21). 필터 조건으로 쓰면 전건이 탈락한다. 실측 규모는 이슈원장 §O51-F.,
WIDE_AD_DIGITAL,AD_PERF_DK,WIDE,CRM_DEV_CNT,"NUMBER(18,4)",Y,,,CRM 개발건수,
WIDE_AD_DIGITAL,AD_PERF_DK,WIDE,CTR_SRC,"NUMBER(18,6)",Y,,,CTR(대행사 산정) — 비가산 N. DW 재계산=SUM(CLICKS)/SUM(IMPRESSIONS) 🔴[O51-F 실측] 채움이 **소수**다. 커버리지를 모르고 비중·순위를 내면 결론이 뒤집힌다. 🟢DW 재계산은 전건 가능하다 — 집계에는 base 를 쓸 것. 실측 규모는 이슈원장 §O51-F.,
WIDE_AD_DIGITAL,AD_PERF_DK,WIDE,CVR_SRC,"NUMBER(18,6)",Y,,,CVR(대행사 산정) — 비가산 N. DW 재계산=SUM(GA_CONV_MEMBERS)/SUM(CLICKS) 🔴[O51-F 실측] 채움이 **소수**다. 커버리지를 모르고 비중·순위를 내면 결론이 뒤집힌다. 🟢DW 재계산은 전건 가능하다 — 집계에는 base 를 쓸 것. 실측 규모는 이슈원장 §O51-F.,
WIDE_AD_DIGITAL,AD_PERF_DK,WIDE,CPC_SRC,"NUMBER(18,6)",Y,,,CPC(대행사 산정) — 비가산 N. DW 재계산=SUM(AD_COST)/SUM(CLICKS) 🔴[O51-F 실측] 채움이 **소수**다. 커버리지를 모르고 비중·순위를 내면 결론이 뒤집힌다. 🟢DW 재계산은 전건 가능하다 — 집계에는 base 를 쓸 것. 실측 규모는 이슈원장 §O51-F.,
WIDE_AD_DIGITAL,AD_PERF_DK,WIDE,CPM_SRC,"NUMBER(18,6)",Y,,,CPM(대행사 산정) — 비가산 N. DW 재계산=SUM(AD_COST)/SUM(IMPRESSIONS)*1000 🔴[O51-F 실측] 채움이 **소수**다. 커버리지를 모르고 비중·순위를 내면 결론이 뒤집힌다. 🟢DW 재계산은 전건 가능하다 — 집계에는 base 를 쓸 것. 실측 규모는 이슈원장 §O51-F.,
WIDE_AD_DIGITAL,AD_PERF_DK,WIDE,CPA_SRC,"NUMBER(18,6)",Y,,,CPA(대행사 산정) — 비가산 N. DW 재계산=SUM(AD_COST)/SUM(GA_CONV_CNT) 🔴[O51-F 실측] 채움이 **소수**다. 커버리지를 모르고 비중·순위를 내면 결론이 뒤집힌다. 🟢DW 재계산은 전건 가능하다 — 집계에는 base 를 쓸 것. 실측 규모는 이슈원장 §O51-F.,
WIDE_AD_DIGITAL,AD_PERF_DK,WIDE,DEV_UNIT_PRICE_SRC,"NUMBER(18,2)",Y,,,개발단가(대행사 산정) — 비가산 N 🔴[O51-F 실측] 채움이 **소수**다. 커버리지를 모르고 비중·순위를 내면 결론이 뒤집힌다. ⚠️원천 포맷 변경으로 개발건수와 **상호배타**다(AD-3) — 개발단가는 두 컬럼이 기간을 보완하는 관계이며 교차검증 관계가 아니다. 실측 규모는 이슈원장 §O51-F.,
WIDE_AD_DIGITAL,AD_PERF_DK,WIDE,VTR_SRC,"NUMBER(18,6)",Y,,,"VTR(대행사 산정) — 비가산 N, base 부재로 재계산 불가 🔴[O51-F 실측] 채움이 **소수**다. 커버리지를 모르고 비중·순위를 내면 결론이 뒤집힌다. base 가 원천에 없어 DW 재계산도 불가하다. 실측 규모는 이슈원장 §O51-F.",
WIDE_AD_DIGITAL,AD_PERF_DK,WIDE,DW_SOURCE_SYSTEM,VARCHAR,N,,,원천 시스템 식별,공통감사
WIDE_AD_DIGITAL,AD_PERF_DK,WIDE,PERF_FULL_DATE,DATE,Y,,,DIM_DATE.FULL_DATE — 실적일 일자,
WIDE_AD_DIGITAL,AD_PERF_DK,WIDE,PERF_YEAR,"NUMBER(4,0)",Y,,,DIM_DATE.YEAR — 실적일 년,
WIDE_AD_DIGITAL,AD_PERF_DK,WIDE,PERF_MONTH,"NUMBER(2,0)",Y,,,DIM_DATE.MONTH — 실적일 월,
WIDE_AD_DIGITAL,AD_PERF_DK,WIDE,PERF_QUARTER,"NUMBER(1,0)",Y,,,DIM_DATE.QUARTER — 실적일 분기,
WIDE_AD_DIGITAL,AD_PERF_DK,WIDE,PERF_IS_HOLIDAY,BOOLEAN,Y,,,"DIM_DATE.IS_HOLIDAY — 실적일 휴일여부 🔴🔴[O51-F 실측] **휴일축이 미주입이다 — 전건 `FALSE`.** `DIM_DATE.IS_HOLIDAY` 에 TRUE 가 하나도 없다. NULL 이 아니라 FALSE 라서 **집계가 성공한 것처럼 보이고**, 「휴일 대비 평일 성과」 질의가 **전건 평일**로 응답된다. ⇒ 이 컬럼으로 휴일 분석을 하지 말 것(기지 **HOL-1** — 공휴일 원천이 전 스키마에 없어 외부 입고 대기). 실측 규모는 이슈원장 §O51-F.",
WIDE_AD_DIGITAL,AD_PERF_DK,WIDE,CAMPAIGN_NAME,VARCHAR,Y,,,DIM_CAMPAIGN.CAMPAIGN_NAME — 캠페인명 🔴🔴[O51-F 실측] **전건 `'(미매핑)'` 센티넬** — NULL 이 아니라 **문자열**이라 GROUP BY 하면 단일 그룹이 생겨 **집계에 성공한 것처럼 보인다.** 원인 = `FACT_AD_PERFORMANCE.CAMPAIGN_SK` 의 실측값이 센티넬 하나뿐이다. ⇒ 이 컬럼으로 분해를 시도하지 말 것 — 「캠페인별」·「부서별」 요구에 **조용히 총계 1행**이 돌아온다. 🟢대안 = 마케팅캠페인 축(`MKTG_CAMPAIGN_SK`)은 살아 있다(O45) — 광고↔개발 결합은 그 grain 에서 한다. 실측 규모는 이슈원장 §O51-F.,
WIDE_AD_DIGITAL,AD_PERF_DK,WIDE,AD_MEDIA_NAME,VARCHAR,Y,,,"DIM_AD_CREATIVE.MEDIA_NAME — 매체명 🔴🔴[O51-F 실측] **이 뷰에서 전건 NULL** — 원인은 차원이 아니라 **팩트 FK 가 전건 센티넬**이다: `FACT_AD_PERFORMANCE.AD_CREATIVE_SK` 의 실측값이 센티넬 하나뿐이다. ⇒ **이 축으로는 분해가 불가능하다.** 차원 자체는 채워져 있다. 🔴🔴 원천에는 있는 축이다 — SILVER `AGENCY_AD_PERFORMANCE.MEDIA_CHANNEL_NM`·`CREATIVE_NM` 과 BRONZE 매체명은 **전건 채워져 있다.** GOLD 에서만 소실됐다 — 팩트 FK 가 0 하드코딩이다(기지 **P52·O38-C**, 연결키는 **Q10** 소관). 실측 규모는 이슈원장 §O51-F.",
WIDE_AD_DIGITAL,AD_PERF_DK,WIDE,AD_CREATIVE,VARCHAR,Y,,,"DIM_AD_CREATIVE.CREATIVE — 소재 🔴🔴[O51-F 실측] **이 뷰에서 전건 NULL** — 원인은 차원이 아니라 **팩트 FK 가 전건 센티넬**이다: `FACT_AD_PERFORMANCE.AD_CREATIVE_SK` 의 실측값이 센티넬 하나뿐이다. ⇒ **이 축으로는 분해가 불가능하다.** 차원 자체는 채워져 있다. 🔴🔴 원천에는 있는 축이다 — SILVER `AGENCY_AD_PERFORMANCE.MEDIA_CHANNEL_NM`·`CREATIVE_NM` 과 BRONZE 매체명은 **전건 채워져 있다.** GOLD 에서만 소실됐다 — 팩트 FK 가 0 하드코딩이다(기지 **P52·O38-C**, 연결키는 **Q10** 소관). 실측 규모는 이슈원장 §O51-F.",
WIDE_AD_DIGITAL,AD_PERF_DK,WIDE,DEVICE_TYPE,VARCHAR,Y,,,DIM_DEVICE.DEVICE_TYPE — M / PC (디지털은 기기 실존),
WIDE_AD_PERFORMANCE,광고실적 1행(비정규화),WIDE,AD_PERF_DK,VARCHAR,N,DK,,광고성과 행 식별자(grain) — 위성 뷰 조인키,
WIDE_AD_PERFORMANCE,광고실적 1행(비정규화),WIDE,PERF_DATE_SK,"NUMBER(8,0)",N,,,광고 실적일 YYYYMMDD,
WIDE_AD_PERFORMANCE,광고실적 1행(비정규화),WIDE,AD_COST,"NUMBER(18,2)",Y,,,광고비(원),
WIDE_AD_PERFORMANCE,광고실적 1행(비정규화),WIDE,IMPRESSIONS,"NUMBER(38,0)",Y,,,노출수(디지털 전용),
WIDE_AD_PERFORMANCE,광고실적 1행(비정규화),WIDE,CLICKS,"NUMBER(38,0)",Y,,,클릭수(디지털 전용),
WIDE_AD_PERFORMANCE,광고실적 1행(비정규화),WIDE,INBOUND_CALL,"NUMBER(38,0)",Y,,,인입콜수,
WIDE_AD_PERFORMANCE,광고실적 1행(비정규화),WIDE,GA_CONV_MEMBERS,"NUMBER(38,0)",Y,,,GA전환수(명) — 디지털 전용(O16 교정: 재방송 개발실적 제외),
WIDE_AD_PERFORMANCE,광고실적 1행(비정규화),WIDE,GA_CONV_CNT,"NUMBER(18,4)",Y,,,GA전환수(건/VU) — 디지털 전용(O16 교정: 재방송 개발실적 제외),
WIDE_AD_PERFORMANCE,광고실적 1행(비정규화),WIDE,DAY_OF_WEEK,VARCHAR,Y,,,요일(팩트 degen),
WIDE_AD_PERFORMANCE,광고실적 1행(비정규화),WIDE,WEEK_OF_YEAR,"NUMBER(2,0)",Y,,,주차(팩트 degen),
WIDE_AD_PERFORMANCE,광고실적 1행(비정규화),WIDE,AD_SOURCE_TYPE,VARCHAR,Y,,,"광고 원천유형 DIGITAL/VIDEO/REBROADCAST — 출처 명시축(팩트 degen, DEC-8)",
WIDE_AD_PERFORMANCE,광고실적 1행(비정규화),WIDE,DW_SOURCE_SYSTEM,VARCHAR,N,,,원천 시스템 식별 (GA4/AGENCY/GADS),공통감사
WIDE_AD_PERFORMANCE,광고실적 1행(비정규화),WIDE,PERF_FULL_DATE,DATE,Y,,,DIM_DATE.FULL_DATE — 실적일 일자,
WIDE_AD_PERFORMANCE,광고실적 1행(비정규화),WIDE,PERF_YEAR,"NUMBER(4,0)",Y,,,DIM_DATE.YEAR — 실적일 년,
WIDE_AD_PERFORMANCE,광고실적 1행(비정규화),WIDE,PERF_MONTH,"NUMBER(2,0)",Y,,,DIM_DATE.MONTH — 실적일 월,
WIDE_AD_PERFORMANCE,광고실적 1행(비정규화),WIDE,PERF_QUARTER,"NUMBER(1,0)",Y,,,DIM_DATE.QUARTER — 실적일 분기,
WIDE_AD_PERFORMANCE,광고실적 1행(비정규화),WIDE,PERF_IS_HOLIDAY,BOOLEAN,Y,,,"DIM_DATE.IS_HOLIDAY — 실적일 휴일여부 🔴🔴[O51-F 실측] **휴일축이 미주입이다 — 전건 `FALSE`.** `DIM_DATE.IS_HOLIDAY` 에 TRUE 가 하나도 없다. NULL 이 아니라 FALSE 라서 **집계가 성공한 것처럼 보이고**, 「휴일 대비 평일 성과」 질의가 **전건 평일**로 응답된다. ⇒ 이 컬럼으로 휴일 분석을 하지 말 것(기지 **HOL-1** — 공휴일 원천이 전 스키마에 없어 외부 입고 대기). 실측 규모는 이슈원장 §O51-F.",
WIDE_AD_PERFORMANCE,광고실적 1행(비정규화),WIDE,CAMPAIGN_BK,VARCHAR,Y,BK,,DIM_CAMPAIGN.CAMPAIGN_BK — 캠페인 업무키 🔴🔴[O51-F 실측] **전건 `'(미매핑)'` 센티넬** — NULL 이 아니라 **문자열**이라 GROUP BY 하면 단일 그룹이 생겨 **집계에 성공한 것처럼 보인다.** 원인 = `FACT_AD_PERFORMANCE.CAMPAIGN_SK` 의 실측값이 센티넬 하나뿐이다. ⇒ 이 컬럼으로 분해를 시도하지 말 것 — 「캠페인별」·「부서별」 요구에 **조용히 총계 1행**이 돌아온다. 실측 규모는 이슈원장 §O51-F.,
WIDE_AD_PERFORMANCE,광고실적 1행(비정규화),WIDE,CAMPAIGN_BRAND,VARCHAR,Y,,,DIM_CAMPAIGN.BRAND — 공통브랜드 (#117) 🔴🔴[O51-F 실측] **이 뷰에서 전건 NULL** — 원인은 차원이 아니라 **팩트 FK 가 전건 센티넬**이다: `FACT_AD_PERFORMANCE.CAMPAIGN_SK` 의 실측값이 센티넬 하나뿐이다. ⇒ **이 축으로는 분해가 불가능하다.** 차원 자체는 채워져 있다. 실측 규모는 이슈원장 §O51-F.,
WIDE_AD_PERFORMANCE,광고실적 1행(비정규화),WIDE,CAMPAIGN_PARENT,VARCHAR,Y,,,DIM_CAMPAIGN.PARENT_CAMPAIGN — 공통상위캠페인 (#119) 🔴🔴[O51-F 실측] **이 뷰에서 전건 NULL** — 원인은 차원이 아니라 **팩트 FK 가 전건 센티넬**이다: `FACT_AD_PERFORMANCE.CAMPAIGN_SK` 의 실측값이 센티넬 하나뿐이다. ⇒ **이 축으로는 분해가 불가능하다.** 차원 자체는 채워져 있다. 실측 규모는 이슈원장 §O51-F.,
WIDE_AD_PERFORMANCE,광고실적 1행(비정규화),WIDE,CAMPAIGN_NAME,VARCHAR,Y,,,DIM_CAMPAIGN.CAMPAIGN_NAME — 캠페인명 (#120) 🔴🔴[O51-F 실측] **전건 `'(미매핑)'` 센티넬** — NULL 이 아니라 **문자열**이라 GROUP BY 하면 단일 그룹이 생겨 **집계에 성공한 것처럼 보인다.** 원인 = `FACT_AD_PERFORMANCE.CAMPAIGN_SK` 의 실측값이 센티넬 하나뿐이다. ⇒ 이 컬럼으로 분해를 시도하지 말 것 — 「캠페인별」·「부서별」 요구에 **조용히 총계 1행**이 돌아온다. 실측 규모는 이슈원장 §O51-F.,
WIDE_AD_PERFORMANCE,광고실적 1행(비정규화),WIDE,CAMPAIGN_PROMO_METHOD,VARCHAR,Y,,,DIM_CAMPAIGN.PROMO_METHOD — 홍보방법 (#118) 🔴🔴[O51-F 실측] **이 뷰에서 전건 NULL** — 원인은 차원이 아니라 **팩트 FK 가 전건 센티넬**이다: `FACT_AD_PERFORMANCE.CAMPAIGN_SK` 의 실측값이 센티넬 하나뿐이다. ⇒ **이 축으로는 분해가 불가능하다.** 차원 자체는 채워져 있다. 실측 규모는 이슈원장 §O51-F.,
WIDE_AD_PERFORMANCE,광고실적 1행(비정규화),WIDE,CAMPAIGN_TYPE,VARCHAR,Y,,,DIM_CAMPAIGN.CAMPAIGN_TYPE — 캠페인 유형 (#17) 🔴🔴[O51-F 실측] **이 뷰에서 전건 NULL** — 원인은 차원이 아니라 **팩트 FK 가 전건 센티넬**이다: `FACT_AD_PERFORMANCE.CAMPAIGN_SK` 의 실측값이 센티넬 하나뿐이다. ⇒ **이 축으로는 분해가 불가능하다.** 차원 자체는 채워져 있다. 실측 규모는 이슈원장 §O51-F.,
WIDE_AD_PERFORMANCE,광고실적 1행(비정규화),WIDE,AD_CREATIVE_BK,VARCHAR,Y,BK,,"DIM_AD_CREATIVE.AD_CREATIVE_BK — 광고소재 업무키 🔴🔴[O51-F 실측] **전건 `'(미매핑)'` 센티넬** — NULL 이 아니라 **문자열**이라 GROUP BY 하면 단일 그룹이 생겨 **집계에 성공한 것처럼 보인다.** 원인 = `FACT_AD_PERFORMANCE.AD_CREATIVE_SK` 의 실측값이 센티넬 하나뿐이다. ⇒ 이 컬럼으로 분해를 시도하지 말 것 — 「캠페인별」·「부서별」 요구에 **조용히 총계 1행**이 돌아온다. 🔴🔴 원천에는 있는 축이다 — SILVER `AGENCY_AD_PERFORMANCE.MEDIA_CHANNEL_NM`·`CREATIVE_NM` 과 BRONZE 매체명은 **전건 채워져 있다.** GOLD 에서만 소실됐다 — 팩트 FK 가 0 하드코딩이다(기지 **P52·O38-C**, 연결키는 **Q10** 소관). 실측 규모는 이슈원장 §O51-F.",
WIDE_AD_PERFORMANCE,광고실적 1행(비정규화),WIDE,AD_MEDIA_NAME,VARCHAR,Y,,,"DIM_AD_CREATIVE.MEDIA_NAME — 매체명 (#11) 🔴🔴[O51-F 실측] **이 뷰에서 전건 NULL** — 원인은 차원이 아니라 **팩트 FK 가 전건 센티넬**이다: `FACT_AD_PERFORMANCE.AD_CREATIVE_SK` 의 실측값이 센티넬 하나뿐이다. ⇒ **이 축으로는 분해가 불가능하다.** 차원 자체는 채워져 있다. 🔴🔴 원천에는 있는 축이다 — SILVER `AGENCY_AD_PERFORMANCE.MEDIA_CHANNEL_NM`·`CREATIVE_NM` 과 BRONZE 매체명은 **전건 채워져 있다.** GOLD 에서만 소실됐다 — 팩트 FK 가 0 하드코딩이다(기지 **P52·O38-C**, 연결키는 **Q10** 소관). 실측 규모는 이슈원장 §O51-F.",
WIDE_AD_PERFORMANCE,광고실적 1행(비정규화),WIDE,AD_PLATFORM,VARCHAR,Y,,,DIM_AD_CREATIVE.PLATFORM — 플랫폼 (#12) 🔴🔴[O51-F 실측] **이 뷰에서 전건 NULL** — 원인은 차원이 아니라 **팩트 FK 가 전건 센티넬**이다: `FACT_AD_PERFORMANCE.AD_CREATIVE_SK` 의 실측값이 센티넬 하나뿐이다. ⇒ **이 축으로는 분해가 불가능하다.** 차원 자체는 채워져 있다. 실측 규모는 이슈원장 §O51-F.,
WIDE_AD_PERFORMANCE,광고실적 1행(비정규화),WIDE,AD_PLATFORM_TYPE,VARCHAR,Y,,,DIM_AD_CREATIVE.PLATFORM_TYPE — 플랫폼/매체유형 (#13) 🔴🔴[O51-F 실측] **이 뷰에서 전건 NULL** — 원인은 차원이 아니라 **팩트 FK 가 전건 센티넬**이다: `FACT_AD_PERFORMANCE.AD_CREATIVE_SK` 의 실측값이 센티넬 하나뿐이다. ⇒ **이 축으로는 분해가 불가능하다.** 차원 자체는 채워져 있다. 실측 규모는 이슈원장 §O51-F.,
WIDE_AD_PERFORMANCE,광고실적 1행(비정규화),WIDE,AD_CREATIVE,VARCHAR,Y,,,"DIM_AD_CREATIVE.CREATIVE — 소재 (#20) 🔴🔴[O51-F 실측] **이 뷰에서 전건 NULL** — 원인은 차원이 아니라 **팩트 FK 가 전건 센티넬**이다: `FACT_AD_PERFORMANCE.AD_CREATIVE_SK` 의 실측값이 센티넬 하나뿐이다. ⇒ **이 축으로는 분해가 불가능하다.** 차원 자체는 채워져 있다. 🔴🔴 원천에는 있는 축이다 — SILVER `AGENCY_AD_PERFORMANCE.MEDIA_CHANNEL_NM`·`CREATIVE_NM` 과 BRONZE 매체명은 **전건 채워져 있다.** GOLD 에서만 소실됐다 — 팩트 FK 가 0 하드코딩이다(기지 **P52·O38-C**, 연결키는 **Q10** 소관). 실측 규모는 이슈원장 §O51-F.",
WIDE_AD_PERFORMANCE,광고실적 1행(비정규화),WIDE,AD_CREATIVE_TYPE,VARCHAR,Y,,,"DIM_AD_CREATIVE.AD_TYPE — 소재 광고유형 (⚠️AD_SOURCE_TYPE 과 다른 개념) 🔴🔴[O51-F 실측] **이 뷰에서 전건 NULL** — 원인은 차원이 아니라 **팩트 FK 가 전건 센티넬**이다: `FACT_AD_PERFORMANCE.AD_CREATIVE_SK` 의 실측값이 센티넬 하나뿐이다. ⇒ **이 축으로는 분해가 불가능하다.** 차원 자체는 채워져 있다. 🔴🔴 원천에는 있는 축이다 — SILVER `AGENCY_AD_PERFORMANCE.MEDIA_CHANNEL_NM`·`CREATIVE_NM` 과 BRONZE 매체명은 **전건 채워져 있다.** GOLD 에서만 소실됐다 — 팩트 FK 가 0 하드코딩이다(기지 **P52·O38-C**, 연결키는 **Q10** 소관). 실측 규모는 이슈원장 §O51-F.",
WIDE_AD_PERFORMANCE,광고실적 1행(비정규화),WIDE,AD_TARGET_GROUP,VARCHAR,Y,,,DIM_AD_CREATIVE.TARGET_GROUP — 타겟그룹 🔴🔴[O51-F 실측] **이 뷰에서 전건 NULL** — 원인은 차원이 아니라 **팩트 FK 가 전건 센티넬**이다: `FACT_AD_PERFORMANCE.AD_CREATIVE_SK` 의 실측값이 센티넬 하나뿐이다. ⇒ **이 축으로는 분해가 불가능하다.** 차원 자체는 채워져 있다. 실측 규모는 이슈원장 §O51-F.,
WIDE_AD_PERFORMANCE,광고실적 1행(비정규화),WIDE,DEVICE_TYPE,VARCHAR,Y,,,DIM_DEVICE.DEVICE_TYPE — PC / M / (해당없음)방송 / (unknown),
WIDE_AD_PERFORMANCE,광고실적 1행(비정규화),WIDE,DEVICE_SCOPE_DESC,VARCHAR,Y,,,DIM_DEVICE.DEVICE_SCOPE_DESC — 기기축 적용범위 자기설명(DEC-10),
WIDE_BUDGET,예산월x조직x과목(비정규화),WIDE,MONTH_KEY,"NUMBER(6,0)",N,,,예산월 YYYYMM,
WIDE_BUDGET,예산월x조직x과목(비정규화),WIDE,CAL_YEAR,"NUMBER(13,0)",Y,,,FLOOR(MONTH_KEY/100) — 연도,
WIDE_BUDGET,예산월x조직x과목(비정규화),WIDE,CAL_MONTH,"NUMBER(6,0)",Y,,,"MOD(MONTH_KEY,100) — 월",
WIDE_BUDGET,예산월x조직x과목(비정규화),WIDE,PLAN_BUDGET_MONTH,"NUMBER(18,2)",Y,,,"편성예산(월, 원)",
WIDE_BUDGET,예산월x조직x과목(비정규화),WIDE,PLAN_BUDGET_YEAR,"NUMBER(18,2)",Y,,,"편성예산(연, 원) 🔴🔴[O51-F 실측] **전건 NULL — 원천 자체가 비어 있다**(`ERP 연간 편성 원천`). 결측이 아니라 **대행사가 항목을 보고하지 않는다**: 0 이나 '해당없음' 으로 대체 해석하지 말 것(P21). 필터 조건으로 쓰면 전건이 탈락한다. 🔴외부 원천 미입고(E-1/E-4 하드블로커). 실측 규모는 이슈원장 §O51-F.",
WIDE_BUDGET,예산월x조직x과목(비정규화),WIDE,EXEC_BUDGET_ERP,"NUMBER(18,2)",Y,,,"집행예산(ERP 월, 원)",
WIDE_BUDGET,예산월x조직x과목(비정규화),WIDE,EXEC_BUDGET_EST,"NUMBER(18,2)",Y,,,"집행예산(추정, 원) 🔴🔴[O51-F 실측] **전건 NULL — 원천 자체가 비어 있다**(`ERP 집행 추정 원천`). 결측이 아니라 **대행사가 항목을 보고하지 않는다**: 0 이나 '해당없음' 으로 대체 해석하지 말 것(P21). 필터 조건으로 쓰면 전건이 탈락한다. 🔴외부 원천 미입고(E-1/E-4 하드블로커). 실측 규모는 이슈원장 §O51-F.",
WIDE_BUDGET,예산월x조직x과목(비정규화),WIDE,FUNDRAISING_COST,"NUMBER(18,2)",Y,,,모금성비용(원) 🔴🔴[O51-F 실측] **전건 NULL — 원천 자체가 비어 있다**(`ERP 모금성비용 원천`). 결측이 아니라 **대행사가 항목을 보고하지 않는다**: 0 이나 '해당없음' 으로 대체 해석하지 말 것(P21). 필터 조건으로 쓰면 전건이 탈락한다. 🔴외부 원천 미입고(**E-1** 하드블로커) — 모금성비용은 원천 확정 대기다. 실측 규모는 이슈원장 §O51-F.,
WIDE_BUDGET,예산월x조직x과목(비정규화),WIDE,AD_COST,"NUMBER(18,2)",Y,,,광고비(원) 🔴🔴[O51-F 실측] **전건 NULL — 원천 자체가 비어 있다**(`ERP 예산 원장의 광고비 컬럼`). 결측이 아니라 **대행사가 항목을 보고하지 않는다**: 0 이나 '해당없음' 으로 대체 해석하지 말 것(P21). 필터 조건으로 쓰면 전건이 탈락한다. 🔴예산 원장에는 광고비 항목이 없다(**E-4**) — 광고비는 대행사 원천(`WIDE_AD_PERFORMANCE`)에서 가져오며 **예산과 같은 표에 합산하지 말 것**(원천이 다르다 · 순서9-K 표 분리 근거). 실측 규모는 이슈원장 §O51-F.,
WIDE_BUDGET,예산월x조직x과목(비정규화),WIDE,DW_SOURCE_SYSTEM,VARCHAR,N,,,원천 시스템 식별,공통감사
WIDE_BUDGET,예산월x조직x과목(비정규화),WIDE,ORG_CORP,VARCHAR,Y,,,DIM_ORG.CORP — 법인 (#114). 🔴DIM_ORG 는 **SCD1**(DEC-2)이라 as-was 가 아니다 — 조직 개편 시 과거 사건에도 **현재 조직명**이 붙는다(조직 변경이력 원천·as-was 요구가 없어 SCD1 로 확정). 🔴🔴[O51-F 실측] **전건 NULL** — 원인은 팩트가 아니라 **차원 컬럼 자체가 비어 있다**: `DIM_ORG.CORP`. `DIM_ORG` 는 DEPARTMENT 만 채워져 있고 상위 계층 유도 규칙이 미확정이다(CONF-4). 실측 규모는 이슈원장 §O51-F.,
WIDE_BUDGET,예산월x조직x과목(비정규화),WIDE,ORG_DIVISION,VARCHAR,Y,,,DIM_ORG.DIVISION — 본부/지부 (#115). 🔴SCD1(DEC-2) — current-value 이며 as-was 가 아니다. 🔴🔴[O51-F 실측] **전건 NULL** — 원인은 팩트가 아니라 **차원 컬럼 자체가 비어 있다**: `DIM_ORG.DIVISION`. `DIM_ORG` 는 DEPARTMENT 만 채워져 있고 상위 계층 유도 규칙이 미확정이다(CONF-4). 실측 규모는 이슈원장 §O51-F.,
WIDE_BUDGET,예산월x조직x과목(비정규화),WIDE,ORG_DEPARTMENT,VARCHAR,Y,,,DIM_ORG.DEPARTMENT — 부서 (#116). 🔴SCD1(DEC-2) — current-value 이며 as-was 가 아니다. 🔴🔴「부서」는 축이 둘이다 — 이 컬럼은 **사건 부서**이고 획득 부서는 DIM_MEMBER_ACQUISITION.ACQ_DEPARTMENT 다(O34). 🔴🔴[O51-F 실측] **전건 `'(미매핑)'` 센티넬** — NULL 이 아니라 **문자열**이라 GROUP BY 하면 단일 그룹이 생겨 **집계에 성공한 것처럼 보인다.** 원인 = `FACT_BUDGET.ORG_SK` 의 실측값이 센티넬 하나뿐이다. ⇒ 이 컬럼으로 분해를 시도하지 말 것 — 「캠페인별」·「부서별」 요구에 **조용히 총계 1행**이 돌아온다. 🔴🔴예산 원장은 **부서별 분해가 현재 불가능**하다 — 「부서별 예산·집행」 요구에 총계 1행이 돌아온다. 실측 규모는 이슈원장 §O51-F.,
WIDE_BUDGET,예산월x조직x과목(비정규화),WIDE,ORG_TEAM,VARCHAR,Y,,,DIM_ORG.TEAM — 팀. 🔴SCD1(DEC-2) — current-value 이며 as-was 가 아니다. 🔴🔴[O51-F 실측] **전건 NULL** — 원인은 팩트가 아니라 **차원 컬럼 자체가 비어 있다**: `DIM_ORG.TEAM`. `DIM_ORG` 는 DEPARTMENT 만 채워져 있고 상위 계층 유도 규칙이 미확정이다(CONF-4). 실측 규모는 이슈원장 §O51-F.,
WIDE_BUDGET,예산월x조직x과목(비정규화),WIDE,BUDGET_ITEM_NAME,VARCHAR,Y,,,DIM_BUDGET_ITEM.BUDGET_ITEM_NAME — 세세목명,
WIDE_BUDGET,예산월x조직x과목(비정규화),WIDE,BUDGET_CATEGORY,VARCHAR,Y,,,DIM_BUDGET_ITEM.BUDGET_CATEGORY — 예산구분,
WIDE_BUDGET,예산월x조직x과목(비정규화),WIDE,CAMPAIGN_BK,VARCHAR,Y,BK,,DIM_CAMPAIGN.CAMPAIGN_BK — 캠페인 업무키 🔴🔴[O51-F 실측] **전건 `'(미매핑)'` 센티넬** — NULL 이 아니라 **문자열**이라 GROUP BY 하면 단일 그룹이 생겨 **집계에 성공한 것처럼 보인다.** 원인 = `FACT_BUDGET.CAMPAIGN_SK` 의 실측값이 센티넬 하나뿐이다. ⇒ 이 컬럼으로 분해를 시도하지 말 것 — 「캠페인별」·「부서별」 요구에 **조용히 총계 1행**이 돌아온다. 실측 규모는 이슈원장 §O51-F.,
WIDE_BUDGET,예산월x조직x과목(비정규화),WIDE,CAMPAIGN_BRAND,VARCHAR,Y,,,DIM_CAMPAIGN.BRAND — 공통브랜드 (#117) 🔴🔴[O51-F 실측] **이 뷰에서 전건 NULL** — 원인은 차원이 아니라 **팩트 FK 가 전건 센티넬**이다: `FACT_BUDGET.CAMPAIGN_SK` 의 실측값이 센티넬 하나뿐이다. ⇒ **이 축으로는 분해가 불가능하다.** 차원 자체는 채워져 있다. 실측 규모는 이슈원장 §O51-F.,
WIDE_BUDGET,예산월x조직x과목(비정규화),WIDE,CAMPAIGN_NAME,VARCHAR,Y,,,DIM_CAMPAIGN.CAMPAIGN_NAME — 캠페인명 (#120) 🔴🔴[O51-F 실측] **전건 `'(미매핑)'` 센티넬** — NULL 이 아니라 **문자열**이라 GROUP BY 하면 단일 그룹이 생겨 **집계에 성공한 것처럼 보인다.** 원인 = `FACT_BUDGET.CAMPAIGN_SK` 의 실측값이 센티넬 하나뿐이다. ⇒ 이 컬럼으로 분해를 시도하지 말 것 — 「캠페인별」·「부서별」 요구에 **조용히 총계 1행**이 돌아온다. 실측 규모는 이슈원장 §O51-F.,
WIDE_BUDGET,예산월x조직x과목(비정규화),WIDE,SPONSORSHIP_BK,VARCHAR,Y,BK,,DIM_SPONSORSHIP.SPONSORSHIP_BK — 후원사업 업무키 🔴🔴[O51-F 실측] **이 뷰에서 전건 NULL** — 원인은 차원이 아니라 **팩트 FK 가 전건 센티넬**이다: `FACT_BUDGET.SPONSORSHIP_SK` 의 실측값이 센티넬 하나뿐이다. ⇒ **이 축으로는 분해가 불가능하다.** 차원 자체는 채워져 있다. 실측 규모는 이슈원장 §O51-F.,
WIDE_BUDGET,예산월x조직x과목(비정규화),WIDE,SPONSORSHIP_NAME,VARCHAR,Y,,,DIM_SPONSORSHIP.SPONSORSHIP_NAME — 후원사업 전체 (#123) 🔴🔴[O51-F 실측] **이 뷰에서 전건 NULL** — 원인은 차원이 아니라 **팩트 FK 가 전건 센티넬**이다: `FACT_BUDGET.SPONSORSHIP_SK` 의 실측값이 센티넬 하나뿐이다. ⇒ **이 축으로는 분해가 불가능하다.** 차원 자체는 채워져 있다. 실측 규모는 이슈원장 §O51-F.,
WIDE_EVENT_PARTICIPATION,행사참여 1행(비정규화),WIDE,DATE_SK,"NUMBER(8,0)",N,,,참여일 YYYYMMDD,
WIDE_EVENT_PARTICIPATION,행사참여 1행(비정규화),WIDE,MEMBER_DK,VARCHAR,N,DK,,참여 회원 (불변키),
WIDE_EVENT_PARTICIPATION,행사참여 1행(비정규화),WIDE,TOTAL_CNT,"NUMBER(38,0)",Y,,,총인원,
WIDE_EVENT_PARTICIPATION,행사참여 1행(비정규화),WIDE,WAIT_CNT,"NUMBER(38,0)",Y,,,대기인원,
WIDE_EVENT_PARTICIPATION,행사참여 1행(비정규화),WIDE,CANCEL_CNT,"NUMBER(38,0)",Y,,,취소인원,
WIDE_EVENT_PARTICIPATION,행사참여 1행(비정규화),WIDE,CONFIRM_CNT,"NUMBER(38,0)",Y,,,신청확정인원,
WIDE_EVENT_PARTICIPATION,행사참여 1행(비정규화),WIDE,PARTICIPATE_CNT,"NUMBER(38,0)",Y,,,참여인원,
WIDE_EVENT_PARTICIPATION,행사참여 1행(비정규화),WIDE,ABSENT_CNT,"NUMBER(38,0)",Y,,,불참인원,
WIDE_EVENT_PARTICIPATION,행사참여 1행(비정규화),WIDE,PARTICIPANT_CNT,"NUMBER(38,0)",Y,,,참여자수,
WIDE_EVENT_PARTICIPATION,행사참여 1행(비정규화),WIDE,PARTICIPATION_TIMES,"NUMBER(38,0)",Y,,,참여횟수,
WIDE_EVENT_PARTICIPATION,행사참여 1행(비정규화),WIDE,WAIT_TIMES,"NUMBER(38,0)",Y,,,대기횟수,
WIDE_EVENT_PARTICIPATION,행사참여 1행(비정규화),WIDE,ABSENT_TIMES,"NUMBER(38,0)",Y,,,불참횟수,
WIDE_EVENT_PARTICIPATION,행사참여 1행(비정규화),WIDE,CUM_APPLY_TIMES,"NUMBER(38,0)",Y,,,누적신청횟수,
WIDE_EVENT_PARTICIPATION,행사참여 1행(비정규화),WIDE,REGULAR_DONATION,"NUMBER(18,2)",Y,,,정기후원금(원),
WIDE_EVENT_PARTICIPATION,행사참여 1행(비정규화),WIDE,WIN_FLAG,BOOLEAN,Y,,,당첨여부,
WIDE_EVENT_PARTICIPATION,행사참여 1행(비정규화),WIDE,SELF_PART_FLAG,BOOLEAN,Y,,,본인참여여부 🔴🔴[O51-D 실측] **전건 NULL** — **팩트 컬럼 자체가 비어 있다**(`FACT_EVENT_PARTICIPATION.SELF_PART_FLAG`). 결측이 아니라 **미적재**다: 0·FALSE·'해당없음' 으로 대체 해석하지 말 것(P21). 필터 조건으로 쓰면 전건이 탈락한다. 실측 규모는 이슈원장 §O51-D-C.,
WIDE_EVENT_PARTICIPATION,행사참여 1행(비정규화),WIDE,PART_STATUS,VARCHAR,Y,,,참여상태,
WIDE_EVENT_PARTICIPATION,행사참여 1행(비정규화),WIDE,PART_PATH,VARCHAR,Y,,,참여경로,
WIDE_EVENT_PARTICIPATION,행사참여 1행(비정규화),WIDE,PART_CHANNEL,VARCHAR,Y,,,참여채널,
WIDE_EVENT_PARTICIPATION,행사참여 1행(비정규화),WIDE,INCREASE_FLAG,BOOLEAN,Y,,,증액여부 🔴🔴[O51-D 실측] **전건 NULL** — **팩트 컬럼 자체가 비어 있다**(`FACT_EVENT_PARTICIPATION.INCREASE_FLAG`). 결측이 아니라 **미적재**다: 0·FALSE·'해당없음' 으로 대체 해석하지 말 것(P21). 필터 조건으로 쓰면 전건이 탈락한다. 실측 규모는 이슈원장 §O51-D-C.,
WIDE_EVENT_PARTICIPATION,행사참여 1행(비정규화),WIDE,PART_STATUS_GROUP,VARCHAR,Y,,,참여상태 코드군 ID (조인키 · 일반행사→MS304 · 캠페인행사→MS006). 🔴O28 다체계의 **구조적 해소축**이다 — `PART_STATUS` 단독 필터·GROUP BY 는 두 체계를 섞는다(판별자 = 이 컬럼 또는 `EVENT_KIND`). 🔴두 원천의 「참여」 정의 자체가 다르므로 합산 금지,
WIDE_EVENT_PARTICIPATION,행사참여 1행(비정규화),WIDE,PART_STATUS_NAME,VARCHAR,Y,,,참여상태 라벨 (CRM_CODE 조인). ⚠️일반행사(MS304) 라벨은 코드사전에 **영문**으로 등록돼 있다(Success·N_step_right 계열) — 현업 한글 표기 회신 대기(문서20 §M-1)이며 우리가 창작하지 않았다. 미등재·오염 코드는 NULL,
WIDE_EVENT_PARTICIPATION,행사참여 1행(비정규화),WIDE,PART_PATH_GROUP,VARCHAR,Y,,,참여경로 코드군 ID (조인키 · 일반행사→MS303 · 캠페인행사→MS004=신청경로). 🟢운영서버 코드사전 대조로 확정(2026-08-11),
WIDE_EVENT_PARTICIPATION,행사참여 1행(비정규화),WIDE,PART_PATH_NAME,VARCHAR,Y,,,참여경로 라벨 (CRM_CODE 조인 · 코드군 확정). 미등재·오염 코드는 NULL 유지,
WIDE_EVENT_PARTICIPATION,행사참여 1행(비정규화),WIDE,PART_CHANNEL_GROUP,VARCHAR,Y,,,참여채널 코드군 ID (조인키 · 일반행사→MS302). 캠페인행사는 원천에 채널 축이 없어 NULL(구조적 부재 · P21),
WIDE_EVENT_PARTICIPATION,행사참여 1행(비정규화),WIDE,PART_CHANNEL_NAME,VARCHAR,Y,,,참여채널 라벨 (CRM_CODE 조인). 미등재·오염 코드는 NULL 유지,
WIDE_EVENT_PARTICIPATION,행사참여 1행(비정규화),WIDE,PART_EVENT_BK,VARCHAR,Y,BK,,"FACT_EVENT_PARTICIPATION.EVENT_BK — degenerate key: **팩트가 보유한 원천 행사키**(전건 채움). 🔴같은 뷰의 EVENT_BK(=DIM_EVENT 매칭분)와 **다르다** — 행사 마스터가 없는 **고아 행사**가 EVENT_SK=0 으로 뭉개져 서로 구별되지 않으므로 이 컬럼으로 식별을 보존한다. 차원 미매칭분의 EVENT_BK 는 '(미매핑)'이지만 **PART_EVENT_BK 는 원천값을 그대로 갖는다.** 차원 미매칭분의 EVENT_BK 는 '(미매핑)'이지만 PART_EVENT_BK 는 원천값을 그대로 갖는다. 🔷행 유일 식별 = (PART_EVENT_BK, MEMBER_DK, PARTCPT_SEQ). ⚠️접두(EVENT_/CRMN_)가 원천 코드체계 판별자(O28).",
WIDE_EVENT_PARTICIPATION,행사참여 1행(비정규화),WIDE,PARTCPT_SEQ,"NUMBER(38,0)",Y,,,"FACT_EVENT_PARTICIPATION.PARTCPT_SEQ — degenerate key: 참여 일련번호 ← `BRONZE_CRM.TD_MS_EVENT_PRTCPNT_DTL.PARTCPT_SEQ`. 🔷(PART_EVENT_BK, MEMBER_DK, PARTCPT_SEQ) 가 행을 유일 식별한다 — **(행사,회원)만으로는 중복**이다. 🔴**전역 순번이 아니다**((행사,SEQ) 조합도 유일하지 않다) · **음수·INT_MIN 값이 존재**한다 ⇒ **식별자 전용**이며 정렬·범위조건·MAX 로 '참여 횟수'를 세지 말 것.",
WIDE_EVENT_PARTICIPATION,행사참여 1행(비정규화),WIDE,DW_SOURCE_SYSTEM,VARCHAR,N,,,원천 시스템 식별,공통감사
WIDE_EVENT_PARTICIPATION,행사참여 1행(비정규화),WIDE,FULL_DATE,DATE,Y,,,DIM_DATE.FULL_DATE — 실제 일자,
WIDE_EVENT_PARTICIPATION,행사참여 1행(비정규화),WIDE,YEAR,"NUMBER(4,0)",Y,,,DIM_DATE.YEAR — 년,
WIDE_EVENT_PARTICIPATION,행사참여 1행(비정규화),WIDE,MONTH,"NUMBER(2,0)",Y,,,DIM_DATE.MONTH — 월,
WIDE_EVENT_PARTICIPATION,행사참여 1행(비정규화),WIDE,DAY_OF_WEEK,VARCHAR,Y,,,DIM_DATE.DAY_OF_WEEK — 요일,
WIDE_EVENT_PARTICIPATION,행사참여 1행(비정규화),WIDE,WEEK_OF_YEAR,"NUMBER(2,0)",Y,,,DIM_DATE.WEEK_OF_YEAR — 주차,
WIDE_EVENT_PARTICIPATION,행사참여 1행(비정규화),WIDE,IS_HOLIDAY,BOOLEAN,Y,,,DIM_DATE.IS_HOLIDAY — 휴일여부,
WIDE_EVENT_PARTICIPATION,행사참여 1행(비정규화),WIDE,SEX,VARCHAR,Y,,,DIM_MEMBER.SEX — 성별 원천코드 raw. 코드그룹 **CM013(성별)**. 코드사전(BRONZE `TC_CMMN_DTL_CD`) = 1국내(남자)·2국내(여자)·3외국인(남자)·4외국인(여자)·5외국인(기타)·6단체·7기업·8기타 · 실적재(TM_MM_FDRM_MBER_INFO)에 **사전 전종이 등장**하며 폐지코드는 없다. ⚠️개발약정 원천(TM_MM_FDRM_MBER_DVLP_AMT.SEX)에는 사전에 없는 **사전에 없는 센티넬 '0'** 이 더 있다. 🔴정본 비고가 '성별만으로는 사용하지 않음'을 명시한다 — 성별 단일축 분석은 MEMBER_GENDER_NAME 을 쓴다. 라벨 = SEX_NM(원천 라벨)·MEMBER_GENDER_NAME(분석 라벨). 🔴 회원 **현재버전**(DIM_MEMBER IS_CURRENT 1건) 스냅샷이며 사건 시점 값이 아니다 — SCD2 다버전을 순진하게 조인하면 조용히 팬아웃한다(회원당 버전 수는 이슈원장 참조),
WIDE_EVENT_PARTICIPATION,행사참여 1행(비정규화),WIDE,SEX_NM,VARCHAR,Y,,,DIM_MEMBER.SEX_NM — CM013 **원천 라벨 그대로**(국내(남자)/국내(여자)/외국인(남자)/외국인(여자)/외국인(기타)/단체/기업/기타). 코드 = SEX. 🔴이 컬럼만이 **국내·외국인 축**을 보존한다 — MEMBER_GENDER_NAME(CM017)은 그 축을 지운다. CM013 은 코드와 라벨이 1:1 이다. 🔴 회원 **현재버전**(DIM_MEMBER IS_CURRENT 1건) 스냅샷이며 사건 시점 값이 아니다 — SCD2 다버전을 순진하게 조인하면 조용히 팬아웃한다(회원당 버전 수는 이슈원장 참조),
WIDE_EVENT_PARTICIPATION,행사참여 1행(비정규화),WIDE,MEMBER_GENDER_NAME,VARCHAR,Y,,,DIM_MEMBER.GENDER_NAME — 성별 분석 라벨(정본 공#130). 코드그룹 **CM017(회원특성(성별))**. CM017 은 CM013 과 **코드 도메인이 동일(1~8)한 재라벨 그룹**이며 국내/외국인 구분을 지운다 — 1남자·2여자·3남자·4여자·5기타·6단체·7기업·8기타 ⇒ **서로 다른 코드가 같은 라벨로 합쳐진다**(남자/여자/기타/단체/기업). 정본 공#130 값정의와 일치. ⚠️CM017 은 정본 컬럼정의서가 어떤 컬럼에도 지정하지 않은 그룹이다(현업 확인 대상). ⚠️종전 하드코딩 '여성/남성/미상'은 라벨을 축약하고 법인·단체를 '미상'으로 오라벨했다(O26 교정). 🔴 회원 **현재버전**(DIM_MEMBER IS_CURRENT 1건) 스냅샷이며 사건 시점 값이 아니다 — SCD2 다버전을 순진하게 조인하면 조용히 팬아웃한다(회원당 버전 수는 이슈원장 참조),
WIDE_EVENT_PARTICIPATION,행사참여 1행(비정규화),WIDE,MEMBER_AREA_CD,VARCHAR,Y,,,DIM_MEMBER.AREA_CD — 지역 원천코드 raw. 코드그룹 **CM018**. 코드사전 = (1서울·2경기·3인천·4강원·5대전·6충남·7충북·8광주·9전북·10전남·11대구·12경북·13경남·14울산·15부산·16제주·17기타·18세종) · 실적재(TM_MM_FDRM_MBER_DVLP_AMT.AREA_CD)에 **사전 전종 + 라벨 없는 센티넬 '0'** 이 나타난다. ⚠️CM018 의 그룹명은 '신규시도구분'이지만 상세코드 값은 전부 시·도다(정본 공#131 지역정의가 약칭이라 정식명 그룹 CM011 이 아니다). 🔴**현재 거주지가 아니다** — 이 값은 그 버전 시점까지 최근 개발약정의 스냅샷이며 BRONZE 전체에 현주소 축이 없다(O34). 라벨 = MEMBER_REGION. 사건 시점 정확값은 WIDE_MEMBER_EVENT.AREA_CD_AT_EVENT. 🔴 회원 **현재버전**(DIM_MEMBER IS_CURRENT 1건) 스냅샷이며 사건 시점 값이 아니다 — SCD2 다버전을 순진하게 조인하면 조용히 팬아웃한다(회원당 버전 수는 이슈원장 참조),
WIDE_EVENT_PARTICIPATION,행사참여 1행(비정규화),WIDE,MEMBER_REGION,VARCHAR,Y,,,DIM_MEMBER.REGION — 지역 (#131),
WIDE_EVENT_PARTICIPATION,행사참여 1행(비정규화),WIDE,MEMBER_AGE_CD,"NUMBER(2,0)",Y,,,DIM_MEMBER.AGE — 연령대 원천코드 raw. 코드그룹 **CM014(나이)**. 코드사전 = 1'10대 미만'·2'10대'·3'20대'·4'30대'·5'40대'·6'50대'·7'60대'·8'70대'·9'70대 이상'·10단체·11기업·12기타 · 실적재(TM_MM_FDRM_MBER_DVLP_AMT.AGE)에 **사전 전종이 등장**한다. 🔴**연속형 나이가 아니다** — 평균·구간 재계산 금지. 구간은 우리가 만든 것이 아니라 원천이 이미 구간화해 제공한다(DEC-28). ⚠️사전 자체에 8'70대'와 9'70대 이상'이 **의미 중복**으로 공존한다 — 70대 이상 집계 시 두 코드를 함께 취할 것. ⚠️BRONZE 원천 컬럼 COMMENT '연령'(NUMBER)은 오류다. 라벨 = MEMBER_AGE_BAND. 🔴 회원 **현재버전**(DIM_MEMBER IS_CURRENT 1건) 스냅샷이며 사건 시점 값이 아니다 — SCD2 다버전을 순진하게 조인하면 조용히 팬아웃한다(회원당 버전 수는 이슈원장 참조),
WIDE_EVENT_PARTICIPATION,행사참여 1행(비정규화),WIDE,MEMBER_AGE_BAND,VARCHAR,Y,,,DIM_MEMBER.AGE_BAND — 연령대,
WIDE_EVENT_PARTICIPATION,행사참여 1행(비정규화),WIDE,MBER_STAT_CD,VARCHAR,Y,,,"DIM_MEMBER.MBER_STAT_CD — 회원상태 원천코드 raw(정본 공#132 '회원상태코드'). 코드그룹 **MM010(회원상태)**. 코드사전 = 1활동회원·2~6신규미납1~5·7~11장기미납1~5·12후원중단 · `TH_MM_FDRM_MBER_STNG_DTLS.CHN_STAT_CD` 와 `TM_MM_FDRM_MBER_INFO.MBER_STAT_CD` **양쪽 모두 사전 전종이 등장**한다. SCD2 버전행은 CHN_STAT_CD(변경상태코드), 무이력행은 MBER_STAT_CD 에서 온다(둘 다 MM010). 🔴MM010 은 개발구분 MM015 가 아니다 — 두 그룹 모두 '후원중단'을 포함해 혼동되기 쉽다. 🔴일시회원(MEMBER_TYPE='ONCE')은 회원상태 개념이 원천에 없어 NULL 이다. 라벨 = MEMBER_STATUS_NAME. 🔴 회원 **현재버전**(DIM_MEMBER IS_CURRENT 1건) 스냅샷이며 사건 시점 값이 아니다 — SCD2 다버전을 순진하게 조인하면 조용히 팬아웃한다(회원당 버전 수는 이슈원장 참조)",
WIDE_EVENT_PARTICIPATION,행사참여 1행(비정규화),WIDE,MEMBER_STATUS_NAME,VARCHAR,Y,,,"DIM_MEMBER.MEMBER_STATUS_NAME — 회원상태명(MM010 라벨, 정본 공#132). 코드 = MBER_STAT_CD. MM010 은 **폐지코드가 없고 실적재가 사전과 일치**한다 ⇒ 사전 조인만으로 전건 라벨화된다(하드코딩 금지 P31). 값 = 활동회원 / 신규미납1~5 / 장기미납1~5 / 후원중단. 미매핑은 '미상'. ⚠️미납 단계(1~5)는 **경과 차수**이며 금액 규모가 아니다. 🔴 회원 **현재버전**(DIM_MEMBER IS_CURRENT 1건) 스냅샷이며 사건 시점 값이 아니다 — SCD2 다버전을 순진하게 조인하면 조용히 팬아웃한다(회원당 버전 수는 이슈원장 참조)",
WIDE_EVENT_PARTICIPATION,행사참여 1행(비정규화),WIDE,MBER_DIV_CD,VARCHAR,Y,,,DIM_MEMBER.MBER_DIV_CD — 회원구분 원천코드 raw. 코드그룹 **MM018(회원구분)**. 코드사전 = 1개인·2기업·3단체 · 실적재에 **사전 전종이 등장**한다. 🟢독립 교차검증: `MBER_DIV_CD`='2'(기업)·'3'(단체) 의 행수가 `SEX`='7'(기업)·'6'(단체) 와 **완전히 일치**한다 — 두 축이 같은 사실을 다르게 표현한다. 🔴DIM_MEMBER.MEMBER_TYPE(FDRM/ONCE 등록계통)과 **완전히 다른 축**이다. 라벨 = MEMBER_TYPE_NAME. 🔴 회원 **현재버전**(DIM_MEMBER IS_CURRENT 1건) 스냅샷이며 사건 시점 값이 아니다 — SCD2 다버전을 순진하게 조인하면 조용히 팬아웃한다(회원당 버전 수는 이슈원장 참조),
WIDE_EVENT_PARTICIPATION,행사참여 1행(비정규화),WIDE,MEMBER_TYPE_NAME,VARCHAR,Y,,,DIM_MEMBER.MEMBER_TYPE_NAME — 회원구분명(MM018 라벨): 개인·기업·단체. 코드 = MBER_DIV_CD. MM018 은 폐지코드가 없고 실적재가 사전과 일치한다. 미매핑은 '미상'. 🔴이름이 비슷한 DIM_MEMBER.MEMBER_TYPE(=FDRM 정기회원 / ONCE 일시회원)의 라벨이 **아니다** — 다른 축이다. 🔴 회원 **현재버전**(DIM_MEMBER IS_CURRENT 1건) 스냅샷이며 사건 시점 값이 아니다 — SCD2 다버전을 순진하게 조인하면 조용히 팬아웃한다(회원당 버전 수는 이슈원장 참조),
WIDE_EVENT_PARTICIPATION,행사참여 1행(비정규화),WIDE,EVENT_BK,VARCHAR,Y,BK,,DIM_EVENT.EVENT_BK — 행사 업무키 🔴[O51-D 실측] `'(미매핑)'` 이 **다수**다 — 행사 마스터 없는 고아 행사가 한 그룹으로 뭉친다. 행사 식별은 `PART_EVENT_BK` 를 쓴다. 실측 규모는 이슈원장 §O51-D-C.,
WIDE_EVENT_PARTICIPATION,행사참여 1행(비정규화),WIDE,EVENT_KIND,VARCHAR,Y,,,DIM_EVENT.EVENT_KIND — 🔴[O59-P 정정] 종전 설명 「온라인/오프라인」은 **거짓이었다**. 실제 값은 `EVENT`(일반행사) · `CRMN`(캠페인행사) = **원천 판별자**다(온·오프라인 구분은 `EVENT_CATEGORY` 소관). 🔴이 컬럼이 O28 다체계의 판별자다 — 참여상태·경로를 이 축 없이 합산하면 정의가 다른 두 체계를 섞는다. 라벨축 = `EVENT_KIND_NAME`,
WIDE_EVENT_PARTICIPATION,행사참여 1행(비정규화),WIDE,EVENT_KIND_NAME,VARCHAR,Y,,,DIM_EVENT.EVENT_KIND_NAME — 행사종류 라벨(일반행사/캠페인행사). ⚠️판별자 라벨은 코드사전에 존재할 수 없어 `CASE` 로 만든다(DEC-35 §23-B 헛점4 의 명문 예외 · 미등재 값은 NULL 로 떨어져 warn 이 잡는다),
WIDE_EVENT_PARTICIPATION,행사참여 1행(비정규화),WIDE,EVENT_CATEGORY,VARCHAR,Y,,,DIM_EVENT.EVENT_CATEGORY — 행사구분 코드 raw. 🔴원천별 2체계다: 일반행사=100~500(MS286) · 캠페인행사=1~16(MS002) ⇒ **코드 단독 GROUP BY 금지**(판별자 = `EVENT_KIND` 또는 `EVENT_CATEGORY_GROUP`),
WIDE_EVENT_PARTICIPATION,행사참여 1행(비정규화),WIDE,EVENT_CATEGORY_GROUP,VARCHAR,Y,,,행사구분 코드군 ID (조인키 · 일반행사→MS286 · 캠페인행사→MS002). 두 체계는 코드값이 겹치지 않으나 **의미가 다르므로 합산하지 말 것**,
WIDE_EVENT_PARTICIPATION,행사참여 1행(비정규화),WIDE,EVENT_CATEGORY_NAME,VARCHAR,Y,,,행사구분 라벨 (CRM_CODE 조인). ⚠️센티넬 행('(미매핑)')은 라벨이 NULL 이다 — 코드가 없으므로 조인 대상이 아니다,
WIDE_EVENT_PARTICIPATION,행사참여 1행(비정규화),WIDE,EVENT_NAME,VARCHAR,Y,,,DIM_EVENT.EVENT_NAME — 행사명 🔴[O51-D 실측] `'(미매핑)'` 이 **다수**다 — 고아 행사들이 한 이름으로 합쳐진다. 실측 규모는 이슈원장 §O51-D-C.,
WIDE_EVENT_PARTICIPATION,행사참여 1행(비정규화),WIDE,EVENT_START_DATE,DATE,Y,,,DIM_EVENT.EVENT_START_DATE — 행사기간 시작,
WIDE_EVENT_PARTICIPATION,행사참여 1행(비정규화),WIDE,EVENT_END_DATE,DATE,Y,,,DIM_EVENT.EVENT_END_DATE — 행사기간 종료,
WIDE_EVENT_PARTICIPATION,행사참여 1행(비정규화),WIDE,EVENT_APPLY_CHANNEL,VARCHAR,Y,,,DIM_EVENT.APPLY_CHANNEL — 신청경로 🔴🔴[O51-D 실측] **전건 NULL** — 원인은 팩트가 아니라 **차원 컬럼 자체가 비어 있다**: `DIM_EVENT.APPLY_CHANNEL`. 행사 신청채널은 원천 행사 마스터에 값이 없다 ⇒ **신청채널 분석은 불가**하다. 실측 규모는 이슈원장 §O51-D-C.,
WIDE_EVENT_PARTICIPATION,행사참여 1행(비정규화),WIDE,EVENT_RECRUIT_HEADCOUNT,"NUMBER(38,0)",Y,,,DIM_EVENT.RECRUIT_HEADCOUNT — 행사 모집인원(정원) ← `SILVER CRM_EVENT.RCRIT_PSNNL_CO`. 일부 행사는 정원이 없다. 🔴🔴**행사 grain 속성이므로 참여행에서 SUM 금지** — 참여행마다 반복되어 **두 자리 배수로 과대계상**된다(실측 배율은 이슈원장 §O51-D-C). 정원 대비 참여율은 행사 단위로 집계한 뒤 나눌 것. 🔧[DEC-30] 종전 팩트의 RECRUIT_CNT 를 제거하고 이 행사 차원 값으로 대체했다.,
WIDE_EVENT_PARTICIPATION,행사참여 1행(비정규화),WIDE,CAMPAIGN_BK,VARCHAR,Y,BK,,DIM_CAMPAIGN.CAMPAIGN_BK — 캠페인 업무키 🔴🔴[O51-D 실측] **전건 `'(미매핑)'` 센티넬** — NULL 이 아니라 **문자열**이므로 GROUP BY 하면 단일 그룹이 생겨 **집계에 성공한 것처럼 보인다.** 원인 = `FACT_EVENT_PARTICIPATION.CAMPAIGN_SK` 의 실측값이 센티넬 하나뿐이다. ⇒ 이 컬럼으로 캠페인·후원사업별 분해를 시도하지 말 것. 실측 규모는 이슈원장 §O51-D-C.,
WIDE_EVENT_PARTICIPATION,행사참여 1행(비정규화),WIDE,CAMPAIGN_BRAND,VARCHAR,Y,,,DIM_CAMPAIGN.BRAND — 공통브랜드 (#117) 🔴🔴[O51-D 실측] **이 뷰에서 전건 NULL** — 원인은 차원이 아니라 **팩트 FK 가 전건 센티넬**이다: `FACT_EVENT_PARTICIPATION.CAMPAIGN_SK` 는 실측값이 센티넬 하나뿐이다. ⇒ **이 축으로는 분해가 불가능하다.** 차원 자체는 채워져 있으니 다른 팩트에서는 쓸 수 있다. 실측 규모는 이슈원장 §O51-D-C.,
WIDE_EVENT_PARTICIPATION,행사참여 1행(비정규화),WIDE,CAMPAIGN_NAME,VARCHAR,Y,,,DIM_CAMPAIGN.CAMPAIGN_NAME — 캠페인명 (#120) 🔴🔴[O51-D 실측] **전건 `'(미매핑)'` 센티넬** — NULL 이 아니라 **문자열**이므로 GROUP BY 하면 단일 그룹이 생겨 **집계에 성공한 것처럼 보인다.** 원인 = `FACT_EVENT_PARTICIPATION.CAMPAIGN_SK` 의 실측값이 센티넬 하나뿐이다. ⇒ 이 컬럼으로 캠페인·후원사업별 분해를 시도하지 말 것. 실측 규모는 이슈원장 §O51-D-C.,
WIDE_EVENT_PARTICIPATION,행사참여 1행(비정규화),WIDE,SPONSORSHIP_BK,VARCHAR,Y,BK,,DIM_SPONSORSHIP.SPONSORSHIP_BK — 후원사업 업무키 🔴🔴[O51-D 실측] **전건 `'(미매핑)'` 센티넬** — NULL 이 아니라 **문자열**이므로 GROUP BY 하면 단일 그룹이 생겨 **집계에 성공한 것처럼 보인다.** 원인 = `FACT_EVENT_PARTICIPATION.SPONSORSHIP_SK` 의 실측값이 센티넬 하나뿐이다. ⇒ 이 컬럼으로 캠페인·후원사업별 분해를 시도하지 말 것. 실측 규모는 이슈원장 §O51-D-C.,
WIDE_EVENT_PARTICIPATION,행사참여 1행(비정규화),WIDE,SPONSORSHIP_NAME,VARCHAR,Y,,,DIM_SPONSORSHIP.SPONSORSHIP_NAME — 후원사업 전체 (#123) 🔴🔴[O51-D 실측] **전건 `'(미매핑)'` 센티넬** — NULL 이 아니라 **문자열**이므로 GROUP BY 하면 단일 그룹이 생겨 **집계에 성공한 것처럼 보인다.** 원인 = `FACT_EVENT_PARTICIPATION.SPONSORSHIP_SK` 의 실측값이 센티넬 하나뿐이다. ⇒ 이 컬럼으로 캠페인·후원사업별 분해를 시도하지 말 것. 실측 규모는 이슈원장 §O51-D-C.,
WIDE_GA_BEHAVIOR,GA행동 1행(비정규화),WIDE,DATE_SK,"NUMBER(8,0)",N,,,행동 발생일 YYYYMMDD,
WIDE_GA_BEHAVIOR,GA행동 1행(비정규화),WIDE,PAGE_PATH,VARCHAR,N,,,페이지경로+쿼리 (#105),
WIDE_GA_BEHAVIOR,GA행동 1행(비정규화),WIDE,PAGE_LOCATION,VARCHAR,Y,,,페이지위치(URL 전체),
WIDE_GA_BEHAVIOR,GA행동 1행(비정규화),WIDE,VISITS,"NUMBER(38,0)",Y,,,방문수,
WIDE_GA_BEHAVIOR,GA행동 1행(비정규화),WIDE,EVENT_CNT,"NUMBER(38,0)",Y,,,이벤트수,
WIDE_GA_BEHAVIOR,GA행동 1행(비정규화),WIDE,VIEW_CNT,"NUMBER(38,0)",Y,,,조회수,
WIDE_GA_BEHAVIOR,GA행동 1행(비정규화),WIDE,SESSION_CNT,"NUMBER(38,0)",Y,,,세션수,
WIDE_GA_BEHAVIOR,GA행동 1행(비정규화),WIDE,ENGAGED_SESSIONS,"NUMBER(38,0)",Y,,,참여세션수,
WIDE_GA_BEHAVIOR,GA행동 1행(비정규화),WIDE,SCROLL_DEPTH,"NUMBER(9,4)",Y,,,[비가산] 스크롤깊이 — 재합산 금지,
WIDE_GA_BEHAVIOR,GA행동 1행(비정규화),WIDE,ACTIVE_USERS,"NUMBER(38,0)",Y,,,[비가산] 활성사용자 — 재합산 금지,
WIDE_GA_BEHAVIOR,GA행동 1행(비정규화),WIDE,TOTAL_USERS,"NUMBER(38,0)",Y,,,[비가산] 총사용자 — 재합산 금지,
WIDE_GA_BEHAVIOR,GA행동 1행(비정규화),WIDE,AVG_SESSION_DURATION,"NUMBER(9,4)",Y,,,[비가산] 평균세션시간 — 재합산 금지 (#98) 🔴🔴[O51-F 실측] **전건 NULL — 원천 자체가 비어 있다**(`BRONZE_BIGQUERY 세션 지표`). 결측이 아니라 **대행사가 항목을 보고하지 않는다**: 0 이나 '해당없음' 으로 대체 해석하지 말 것(P21). 필터 조건으로 쓰면 전건이 탈락한다. GA4 원천 적재 범위 자체가 좁다(G-5 하드블로커). 실측 규모는 이슈원장 §O51-F.,
WIDE_GA_BEHAVIOR,GA행동 1행(비정규화),WIDE,BOUNCE_RATE,"NUMBER(9,4)",Y,,,[비가산] 이탈율 — 재합산 금지 (#108) 🔴🔴[O51-F 실측] **전건 NULL — 원천 자체가 비어 있다**(`BRONZE_BIGQUERY 세션 지표`). 결측이 아니라 **대행사가 항목을 보고하지 않는다**: 0 이나 '해당없음' 으로 대체 해석하지 말 것(P21). 필터 조건으로 쓰면 전건이 탈락한다. GA4 원천 적재 범위 자체가 좁다(G-5 하드블로커). 실측 규모는 이슈원장 §O51-F.,
WIDE_GA_BEHAVIOR,GA행동 1행(비정규화),WIDE,ENGAGEMENT_RATE,"NUMBER(9,4)",Y,,,[비가산] 참여율 — 재합산 금지,
WIDE_GA_BEHAVIOR,GA행동 1행(비정규화),WIDE,AVG_ENGAGEMENT_TIME_PER_SESSION,"NUMBER(9,4)",Y,,,[비가산] 세션당 평균참여시간 — 재합산 금지,
WIDE_GA_BEHAVIOR,GA행동 1행(비정규화),WIDE,DW_SOURCE_SYSTEM,VARCHAR,N,,,원천 시스템 식별,공통감사
WIDE_GA_BEHAVIOR,GA행동 1행(비정규화),WIDE,FULL_DATE,DATE,Y,,,DIM_DATE.FULL_DATE — 실제 일자,
WIDE_GA_BEHAVIOR,GA행동 1행(비정규화),WIDE,YEAR,"NUMBER(4,0)",Y,,,"DIM_DATE.YEAR — 년 🔴🔴[O51-F 실측] **단일값이다 — GA4 실적재가 한 해의 일부 구간뿐이다**(G-5 하드블로커). 연도별·계절별 추이를 이 뷰로 산출하면 **구간 하나를 전체로 오독**한다. ⇒ 기간 비교는 광고·회원 팩트로 하고, GA 지표는 해당 구간 내부 분석에만 쓸 것. 실측 규모는 이슈원장 §O51-F.",
WIDE_GA_BEHAVIOR,GA행동 1행(비정규화),WIDE,MONTH,"NUMBER(2,0)",Y,,,DIM_DATE.MONTH — 월,
WIDE_GA_BEHAVIOR,GA행동 1행(비정규화),WIDE,DAY_OF_WEEK,VARCHAR,Y,,,DIM_DATE.DAY_OF_WEEK — 요일,
WIDE_GA_BEHAVIOR,GA행동 1행(비정규화),WIDE,WEEK_OF_YEAR,"NUMBER(2,0)",Y,,,DIM_DATE.WEEK_OF_YEAR — 주차,
WIDE_GA_BEHAVIOR,GA행동 1행(비정규화),WIDE,IS_HOLIDAY,BOOLEAN,Y,,,"DIM_DATE.IS_HOLIDAY — 휴일여부 🔴🔴[O51-F 실측] **휴일축이 미주입이다 — 전건 `FALSE`.** `DIM_DATE.IS_HOLIDAY` 에 TRUE 가 하나도 없다. NULL 이 아니라 FALSE 라서 **집계가 성공한 것처럼 보이고**, 「휴일 대비 평일 성과」 질의가 **전건 평일**로 응답된다. ⇒ 이 컬럼으로 휴일 분석을 하지 말 것(기지 **HOL-1** — 공휴일 원천이 전 스키마에 없어 외부 입고 대기). 실측 규모는 이슈원장 §O51-F.",
WIDE_GA_BEHAVIOR,GA행동 1행(비정규화),WIDE,IDENTITY_MEMBER_DK,VARCHAR,Y,DK,,DIM_MEMBER_IDENTITY.MEMBER_DK — 불변 회원키,⚠️G-5 재검증)
WIDE_GA_BEHAVIOR,GA행동 1행(비정규화),WIDE,IDENTITY_MEMBER_NO,VARCHAR,Y,,,DIM_MEMBER_IDENTITY.MEMBER_NO — 회원번호 (#110),
WIDE_GA_BEHAVIOR,GA행동 1행(비정규화),WIDE,IDENTITY_MEMNUM,VARCHAR,Y,,,DIM_MEMBER_IDENTITY.MEMNUM — memnum (#111) 🔴🔴[O51-F 실측] **이 뷰에서 전건 NULL** — 원인은 차원이 아니라 **팩트 FK 가 전건 센티넬**이다: `FACT_GA_BEHAVIOR.IDENTITY_SK` 의 실측값이 센티넬 하나뿐이다. ⇒ **이 축으로는 분해가 불가능하다.** 차원 자체는 채워져 있다. 🔴익명 세션이 다수라 회원번호가 붙지 않는다 — 회원 귀속 분석은 `IDENTITY_SK` 를 `DIM_MEMBER_IDENTITY` 브리지로 풀어야 하며 unknown 비중을 분모에서 제외할지 먼저 정할 것(O49). 실측 규모는 이슈원장 §O51-F.,
WIDE_GA_BEHAVIOR,GA행동 1행(비정규화),WIDE,IDENTITY_GA_MEMBER_ID,VARCHAR,Y,,,DIM_MEMBER_IDENTITY.GA_MEMBER_ID — GA member_id (#112),
WIDE_GA_BEHAVIOR,GA행동 1행(비정규화),WIDE,GA_EVENT_CATEGORY,VARCHAR,Y,,,DIM_GA_EVENT.EVENT_CATEGORY — 이벤트 카테고리 (#99),
WIDE_GA_BEHAVIOR,GA행동 1행(비정규화),WIDE,GA_EVENT_LABEL,VARCHAR,Y,,,DIM_GA_EVENT.EVENT_LABEL — 이벤트 라벨 (#100),
WIDE_GA_BEHAVIOR,GA행동 1행(비정규화),WIDE,GA_EVENT_ACTION,VARCHAR,Y,,,DIM_GA_EVENT.EVENT_ACTION — 이벤트 액션 (#101),
WIDE_GA_BEHAVIOR,GA행동 1행(비정규화),WIDE,GA_UTM_SOURCE,VARCHAR,Y,,,DIM_GA_SOURCE.UTM_SOURCE — source,
WIDE_GA_BEHAVIOR,GA행동 1행(비정규화),WIDE,GA_UTM_MEDIUM,VARCHAR,Y,,,DIM_GA_SOURCE.UTM_MEDIUM — medium,
WIDE_GA_BEHAVIOR,GA행동 1행(비정규화),WIDE,GA_UTM_CONTENT,VARCHAR,Y,,,DIM_GA_SOURCE.UTM_CONTENT — 세션 수동 광고 콘텐츠 (#103),
WIDE_GA_BEHAVIOR,GA행동 1행(비정규화),WIDE,GA_UTM_TERM,VARCHAR,Y,,,DIM_GA_SOURCE.UTM_TERM — 세션 수동 검색어 (#104),
WIDE_GA_BEHAVIOR,GA행동 1행(비정규화),WIDE,GA_SOURCE_MEDIUM,VARCHAR,Y,,,DIM_GA_SOURCE.SOURCE_MEDIUM — 세션 소스/매체 (#109),
WIDE_GA_BEHAVIOR,GA행동 1행(비정규화),WIDE,DEVICE_TYPE,VARCHAR,Y,,,DIM_DEVICE.DEVICE_TYPE — PC / M / APP,
WIDE_GA_BEHAVIOR,GA행동 1행(비정규화),WIDE,CAMPAIGN_BK,VARCHAR,Y,BK,,DIM_CAMPAIGN.CAMPAIGN_BK — 캠페인 업무키 🔴🔴[O51-F 실측] **전건 `'(미매핑)'` 센티넬** — NULL 이 아니라 **문자열**이라 GROUP BY 하면 단일 그룹이 생겨 **집계에 성공한 것처럼 보인다.** 원인 = `FACT_GA_BEHAVIOR.CAMPAIGN_SK` 의 실측값이 센티넬 하나뿐이다. ⇒ 이 컬럼으로 분해를 시도하지 말 것 — 「캠페인별」·「부서별」 요구에 **조용히 총계 1행**이 돌아온다. 실측 규모는 이슈원장 §O51-F.,
WIDE_GA_BEHAVIOR,GA행동 1행(비정규화),WIDE,CAMPAIGN_BRAND,VARCHAR,Y,,,DIM_CAMPAIGN.BRAND — 공통브랜드 (#117) 🔴🔴[O51-F 실측] **이 뷰에서 전건 NULL** — 원인은 차원이 아니라 **팩트 FK 가 전건 센티넬**이다: `FACT_GA_BEHAVIOR.CAMPAIGN_SK` 의 실측값이 센티넬 하나뿐이다. ⇒ **이 축으로는 분해가 불가능하다.** 차원 자체는 채워져 있다. 실측 규모는 이슈원장 §O51-F.,
WIDE_GA_BEHAVIOR,GA행동 1행(비정규화),WIDE,CAMPAIGN_NAME,VARCHAR,Y,,,DIM_CAMPAIGN.CAMPAIGN_NAME — 캠페인명 (#120) 🔴🔴[O51-F 실측] **전건 `'(미매핑)'` 센티넬** — NULL 이 아니라 **문자열**이라 GROUP BY 하면 단일 그룹이 생겨 **집계에 성공한 것처럼 보인다.** 원인 = `FACT_GA_BEHAVIOR.CAMPAIGN_SK` 의 실측값이 센티넬 하나뿐이다. ⇒ 이 컬럼으로 분해를 시도하지 말 것 — 「캠페인별」·「부서별」 요구에 **조용히 총계 1행**이 돌아온다. 실측 규모는 이슈원장 §O51-F.,
WIDE_MEMBER_EVENT,회원이벤트 1행(비정규화),WIDE,DATE_SK,"NUMBER(8,0)",N,,,사건일 YYYYMMDD,
WIDE_MEMBER_EVENT,회원이벤트 1행(비정규화),WIDE,MEMBER_DK,VARCHAR,N,DK,,상태전이 대상 회원 (불변키),
WIDE_MEMBER_EVENT,회원이벤트 1행(비정규화),WIDE,EVENT_TYPE,VARCHAR,N,,,상태전이 유형(개발/중단/증액/미납중단),
WIDE_MEMBER_EVENT,회원이벤트 1행(비정규화),WIDE,DVLP_DIV_CD,VARCHAR,Y,,,FACT_MEMBER_EVENT.DVLP_DIV_CD — 개발구분 코드 raw. 코드그룹 **MM015(개발구분)**. 코드사전 = 1신규·2증액·3감액·4재후원·5후원중단. 실적재(TM_MM_FDRM_MBER_DVLP_AMT.DVLP_DIV_CD)에 **사전 전종이 등장**한다. 🔴MM015 는 회원상태 MM010 이 **아니다** — 두 그룹 모두 '후원중단'을 포함해 혼동되기 쉽다(회원상태는 MBER_STAT_CD). ⚠️중단원천(EVENT_TYPE='STOP') 행은 원천에 이 컬럼이 부재해 NULL 이다. 라벨 = DVLP_DIV_NM.,
WIDE_MEMBER_EVENT,회원이벤트 1행(비정규화),WIDE,DVLP_DIV_NM,VARCHAR,Y,,,FACT_MEMBER_EVENT.DVLP_DIV_NM — 개발구분명(MM015 라벨): 신규·증액·감액·재후원·후원중단. 코드 = DVLP_DIV_CD. MM015 는 폐지코드가 없고 실적재가 사전과 일치한다. 🔴🔴값 '후원중단' 은 EVENT_TYPE='STOP' 과 **동일 사건이 거의 전부 중복 존재**한다(동일 회원·일자) — 두 축을 합산하면 이중계상이다(O24 · 현업확인 대기).,
WIDE_MEMBER_EVENT,회원이벤트 1행(비정규화),WIDE,SPNSR_AMT,"NUMBER(18,0)",Y,,,FACT_MEMBER_EVENT.SPNSR_AMT — 후원금액(원) raw. 원천 TM_MM_FDRM_MBER_DVLP_AMT.SPNSR_AMT 무변환 전파. 🔴감액·후원중단 사건은 **음수**다 — 무조건 SUM 하면 개발금액이 상계된다. 🔴정본 공#38 감액(건)·#151 증액(건)이 **금액을 만원 단위로 나눈 값**이라는 규약이므로 원금액을 보존한다(설계 §1·CONF-2) — 이 컬럼을 그대로 '건수'로 쓰지 말 것. ⚠️중단원천 행은 NULL.,
WIDE_MEMBER_EVENT,회원이벤트 1행(비정규화),WIDE,DEV_CNT,"NUMBER(18,4)",Y,,,개발(건) (#149),
WIDE_MEMBER_EVENT,회원이벤트 1행(비정규화),WIDE,DEV_MEMBERS,"NUMBER(38,0)",Y,,,개발(명) (#148),
WIDE_MEMBER_EVENT,회원이벤트 1행(비정규화),WIDE,STOP_CNT,"NUMBER(18,4)",Y,,,중단(건) (#35),
WIDE_MEMBER_EVENT,회원이벤트 1행(비정규화),WIDE,STOP_MEMBERS,"NUMBER(38,0)",Y,,,중단(명),
WIDE_MEMBER_EVENT,회원이벤트 1행(비정규화),WIDE,UNPAID_STOP_CNT,"NUMBER(18,4)",Y,,,미납중단(건),
WIDE_MEMBER_EVENT,회원이벤트 1행(비정규화),WIDE,UNPAID_STOP_MEMBERS,"NUMBER(38,0)",Y,,,미납중단(명),
WIDE_MEMBER_EVENT,회원이벤트 1행(비정규화),WIDE,JOIN_DATE,DATE,Y,,,가입일,
WIDE_MEMBER_EVENT,회원이벤트 1행(비정규화),WIDE,STOP_DATE,DATE,Y,,,중단일,
WIDE_MEMBER_EVENT,회원이벤트 1행(비정규화),WIDE,STOP_REASON,VARCHAR,Y,,,중단사유,
WIDE_MEMBER_EVENT,회원이벤트 1행(비정규화),WIDE,STOP_CHANNEL,VARCHAR,Y,,,중단채널,
WIDE_MEMBER_EVENT,회원이벤트 1행(비정규화),WIDE,STOP_REASON_NM,VARCHAR,Y,,,FACT_MEMBER_EVENT.STOP_REASON_NM — 중단사유명(정본 공#162). 코드그룹 **MM005(후원중단사유)**. 코드 = STOP_REASON. 코드사전에는 **폐지코드(USE_YN='N')가 다수 섞여** 있고 실적재는 사전의 일부만 쓴다. 최빈 코드 = 1개인(경제적)사유 · 14장기미납 · 16신규미납 · 8다른곳지원. 🔴🔴**USE_YN 필터 금지** — 실적재에 **폐지코드가 실재**한다(26은행자동납부해지 · 13반송미납 · 21~25 지라니 계열) ⇒ USE_YN='Y' 로 걸면 그 행들의 라벨이 사라진다. ⚠️개발원천 행은 개념 부재로 NULL. ⚠️사전에만 있고 실적재에 없는 코드도 다수다.,
WIDE_MEMBER_EVENT,회원이벤트 1행(비정규화),WIDE,STOP_CHANNEL_NM,VARCHAR,Y,,,FACT_MEMBER_EVENT.STOP_CHANNEL_NM — 중단경로명. 코드그룹 **MM287(중단경로)**. 코드 = STOP_CHANNEL. 코드사전 = 1 SYSTEM · 2 CRM · 3 홈페이지 · 실적재에 **사전 전종이 등장**한다. ⚠️'SYSTEM' 은 배치가 자동 처리한 중단(장기미납 등)이며 회원의 능동적 해지 채널이 아니다 — 채널 분석 시 분리할 것. ⚠️개발원천 행은 개념 부재로 NULL. ⚠️215지표 밖 — 현업 수요 확인 대상(O25).,
WIDE_MEMBER_EVENT,회원이벤트 1행(비정규화),WIDE,NEW_EXISTING_FLAG,VARCHAR,Y,,,신규기존 🔴🔴[O51-D 실측] **전건 NULL** — **팩트 컬럼 자체가 비어 있다**(`FACT_MEMBER_EVENT.NEW_EXISTING_FLAG`). 결측이 아니라 **미적재**다: 0·FALSE·'해당없음' 으로 대체 해석하지 말 것(P21). 필터 조건으로 쓰면 전건이 탈락한다. 실측 규모는 이슈원장 §O51-D-C.,
WIDE_MEMBER_EVENT,회원이벤트 1행(비정규화),WIDE,AGE_AT_EVENT,"NUMBER(2,0)",Y,,,"FACT_MEMBER_EVENT.AGE_AT_EVENT — 연령대 코드 raw, **사건(개발약정) 시점 값**. 코드그룹 **CM014**. 원천 `TM_MM_FDRM_MBER_DVLP_AMT.AGE` 의 사건행별 값을 무변환 전파한다. 🔴**연속형 나이가 아니다** — 평균·구간 재계산 금지(1'10대 미만'~9'70대 이상'·10단체·11기업·12기타). 🔴MEMBER_AGE_CD(=현재버전 경유 '최근 약정' 스냅샷)와 **다른 축**이며 같은 회원도 사건마다 값이 다를 수 있다 — 이 컬럼이 그 사건 당시의 정확값이다. ⚠️중단원천 행은 원천 컬럼 부재로 NULL(0 아님, P21). 라벨 = AGE_BAND_AT_EVENT.",
WIDE_MEMBER_EVENT,회원이벤트 1행(비정규화),WIDE,AGE_BAND_AT_EVENT,VARCHAR,Y,,,"FACT_MEMBER_EVENT.AGE_BAND_AT_EVENT — **사건 시점** 연령대명(CM014 사전 조인, 하드코딩 아님 P31). 코드 = AGE_AT_EVENT. ✅'10대 미만'이 상위인 것은 **오류가 아니다** — 편지쓰기대회 계열 캠페인(희망편지·가족그림편지·세계시민교육편지)이 학교·부모 DB 를 통해 아동 본인 명의로 약정을 맺기 때문이다. 결측·기본값 오염으로 설명하지 말 것(O34-B). ⚠️사전에 8'70대'·9'70대 이상'이 의미 중복으로 공존한다. 🔴MEMBER_AGE_BAND(현재버전 스냅샷)와 값이 다를 수 있다. 중단원천 행은 NULL.",
WIDE_MEMBER_EVENT,회원이벤트 1행(비정규화),WIDE,AREA_CD_AT_EVENT,VARCHAR,Y,,,"FACT_MEMBER_EVENT.AREA_CD_AT_EVENT — 지역 코드 raw, **사건(개발약정) 시점 값**. 코드그룹 **CM018**(지표 공#131). 원천 `TM_MM_FDRM_MBER_DVLP_AMT.AREA_CD` 무변환 전파 · 실적재에 **사전 전종 + 라벨 없는 센티넬 '0'** 이 나타난다. 🔴MEMBER_AREA_CD(현재버전 경유 최근 약정 스냅샷)와 **다른 축** — 이사 등으로 사건마다 값이 다를 수 있다. ⚠️**현재 거주지가 아니다** — BRONZE 전체에 현주소 축이 없어 현재 지역은 산출 불가(O34). ⚠️중단원천 행은 원천 컬럼 부재로 NULL. 라벨 = REGION_AT_EVENT.",
WIDE_MEMBER_EVENT,회원이벤트 1행(비정규화),WIDE,REGION_AT_EVENT,VARCHAR,Y,,,"FACT_MEMBER_EVENT.REGION_AT_EVENT — **사건 시점** 지역명(CM018 약칭 라벨, 지표 공#131). 코드 = AREA_CD_AT_EVENT. ⚠️센티넬 코드 '0' 은 사전에 라벨이 없어 NULL 이다 — '미상'으로 창작하지 않는다. ⚠️**현재 거주지가 아니다**(O34). 🔴MEMBER_REGION(현재버전 스냅샷)과 값이 다를 수 있다. 중단원천 행은 NULL. 🟢이 뷰 안에 캠페인 축이 함께 있어 지역 × 캠페인 교차가 성립한다.",
WIDE_MEMBER_EVENT,회원이벤트 1행(비정규화),WIDE,DW_SOURCE_SYSTEM,VARCHAR,N,,,원천 시스템 식별,공통감사
WIDE_MEMBER_EVENT,회원이벤트 1행(비정규화),WIDE,FULL_DATE,DATE,Y,,,DIM_DATE.FULL_DATE — 실제 일자,
WIDE_MEMBER_EVENT,회원이벤트 1행(비정규화),WIDE,YEAR,"NUMBER(4,0)",Y,,,DIM_DATE.YEAR — 년,
WIDE_MEMBER_EVENT,회원이벤트 1행(비정규화),WIDE,MONTH,"NUMBER(2,0)",Y,,,DIM_DATE.MONTH — 월,
WIDE_MEMBER_EVENT,회원이벤트 1행(비정규화),WIDE,DAY_OF_WEEK,VARCHAR,Y,,,DIM_DATE.DAY_OF_WEEK — 요일,
WIDE_MEMBER_EVENT,회원이벤트 1행(비정규화),WIDE,WEEK_OF_YEAR,"NUMBER(2,0)",Y,,,DIM_DATE.WEEK_OF_YEAR — 주차,
WIDE_MEMBER_EVENT,회원이벤트 1행(비정규화),WIDE,QUARTER,"NUMBER(1,0)",Y,,,DIM_DATE.QUARTER — 분기,
WIDE_MEMBER_EVENT,회원이벤트 1행(비정규화),WIDE,IS_HOLIDAY,BOOLEAN,Y,,,DIM_DATE.IS_HOLIDAY — 휴일여부,
WIDE_MEMBER_EVENT,회원이벤트 1행(비정규화),WIDE,SEX,VARCHAR,Y,,,DIM_MEMBER.SEX — 성별 원천코드 raw. 코드그룹 **CM013(성별)**. 코드사전(BRONZE `TC_CMMN_DTL_CD`) = 1국내(남자)·2국내(여자)·3외국인(남자)·4외국인(여자)·5외국인(기타)·6단체·7기업·8기타 · 실적재(TM_MM_FDRM_MBER_INFO)에 **사전 전종이 등장**하며 폐지코드는 없다. ⚠️개발약정 원천(TM_MM_FDRM_MBER_DVLP_AMT.SEX)에는 사전에 없는 **사전에 없는 센티넬 '0'** 이 더 있다. 🔴정본 비고가 '성별만으로는 사용하지 않음'을 명시한다 — 성별 단일축 분석은 MEMBER_GENDER_NAME 을 쓴다. 라벨 = SEX_NM(원천 라벨)·MEMBER_GENDER_NAME(분석 라벨). 🔴 회원 **현재버전**(DIM_MEMBER IS_CURRENT 1건) 스냅샷이며 사건 시점 값이 아니다 — SCD2 다버전을 순진하게 조인하면 조용히 팬아웃한다(회원당 버전 수는 이슈원장 참조),
WIDE_MEMBER_EVENT,회원이벤트 1행(비정규화),WIDE,SEX_NM,VARCHAR,Y,,,DIM_MEMBER.SEX_NM — CM013 **원천 라벨 그대로**(국내(남자)/국내(여자)/외국인(남자)/외국인(여자)/외국인(기타)/단체/기업/기타). 코드 = SEX. 🔴이 컬럼만이 **국내·외국인 축**을 보존한다 — MEMBER_GENDER_NAME(CM017)은 그 축을 지운다. CM013 은 코드와 라벨이 1:1 이다. 🔴 회원 **현재버전**(DIM_MEMBER IS_CURRENT 1건) 스냅샷이며 사건 시점 값이 아니다 — SCD2 다버전을 순진하게 조인하면 조용히 팬아웃한다(회원당 버전 수는 이슈원장 참조),
WIDE_MEMBER_EVENT,회원이벤트 1행(비정규화),WIDE,MEMBER_GENDER_NAME,VARCHAR,Y,,,DIM_MEMBER.GENDER_NAME — 성별 분석 라벨(정본 공#130). 코드그룹 **CM017(회원특성(성별))**. CM017 은 CM013 과 **코드 도메인이 동일(1~8)한 재라벨 그룹**이며 국내/외국인 구분을 지운다 — 1남자·2여자·3남자·4여자·5기타·6단체·7기업·8기타 ⇒ **서로 다른 코드가 같은 라벨로 합쳐진다**(남자/여자/기타/단체/기업). 정본 공#130 값정의와 일치. ⚠️CM017 은 정본 컬럼정의서가 어떤 컬럼에도 지정하지 않은 그룹이다(현업 확인 대상). ⚠️종전 하드코딩 '여성/남성/미상'은 라벨을 축약하고 법인·단체를 '미상'으로 오라벨했다(O26 교정). 🔴 회원 **현재버전**(DIM_MEMBER IS_CURRENT 1건) 스냅샷이며 사건 시점 값이 아니다 — SCD2 다버전을 순진하게 조인하면 조용히 팬아웃한다(회원당 버전 수는 이슈원장 참조),
WIDE_MEMBER_EVENT,회원이벤트 1행(비정규화),WIDE,MEMBER_AREA_CD,VARCHAR,Y,,,DIM_MEMBER.AREA_CD — 지역 원천코드 raw. 코드그룹 **CM018**. 코드사전 = (1서울·2경기·3인천·4강원·5대전·6충남·7충북·8광주·9전북·10전남·11대구·12경북·13경남·14울산·15부산·16제주·17기타·18세종) · 실적재(TM_MM_FDRM_MBER_DVLP_AMT.AREA_CD)에 **사전 전종 + 라벨 없는 센티넬 '0'** 이 나타난다. ⚠️CM018 의 그룹명은 '신규시도구분'이지만 상세코드 값은 전부 시·도다(정본 공#131 지역정의가 약칭이라 정식명 그룹 CM011 이 아니다). 🔴**현재 거주지가 아니다** — 이 값은 그 버전 시점까지 최근 개발약정의 스냅샷이며 BRONZE 전체에 현주소 축이 없다(O34). 라벨 = MEMBER_REGION. 사건 시점 정확값은 WIDE_MEMBER_EVENT.AREA_CD_AT_EVENT. 🔴 회원 **현재버전**(DIM_MEMBER IS_CURRENT 1건) 스냅샷이며 사건 시점 값이 아니다 — SCD2 다버전을 순진하게 조인하면 조용히 팬아웃한다(회원당 버전 수는 이슈원장 참조),
WIDE_MEMBER_EVENT,회원이벤트 1행(비정규화),WIDE,MEMBER_REGION,VARCHAR,Y,,,DIM_MEMBER.REGION — 지역 (#131),
WIDE_MEMBER_EVENT,회원이벤트 1행(비정규화),WIDE,MEMBER_AGE_CD,"NUMBER(2,0)",Y,,,DIM_MEMBER.AGE — 연령대 원천코드 raw. 코드그룹 **CM014(나이)**. 코드사전 = 1'10대 미만'·2'10대'·3'20대'·4'30대'·5'40대'·6'50대'·7'60대'·8'70대'·9'70대 이상'·10단체·11기업·12기타 · 실적재(TM_MM_FDRM_MBER_DVLP_AMT.AGE)에 **사전 전종이 등장**한다. 🔴**연속형 나이가 아니다** — 평균·구간 재계산 금지. 구간은 우리가 만든 것이 아니라 원천이 이미 구간화해 제공한다(DEC-28). ⚠️사전 자체에 8'70대'와 9'70대 이상'이 **의미 중복**으로 공존한다 — 70대 이상 집계 시 두 코드를 함께 취할 것. ⚠️BRONZE 원천 컬럼 COMMENT '연령'(NUMBER)은 오류다. 라벨 = MEMBER_AGE_BAND. 🔴 회원 **현재버전**(DIM_MEMBER IS_CURRENT 1건) 스냅샷이며 사건 시점 값이 아니다 — SCD2 다버전을 순진하게 조인하면 조용히 팬아웃한다(회원당 버전 수는 이슈원장 참조),
WIDE_MEMBER_EVENT,회원이벤트 1행(비정규화),WIDE,MEMBER_AGE_BAND,VARCHAR,Y,,,DIM_MEMBER.AGE_BAND — 연령대,
WIDE_MEMBER_EVENT,회원이벤트 1행(비정규화),WIDE,MBER_STAT_CD,VARCHAR,Y,,,"DIM_MEMBER.MBER_STAT_CD — 회원상태 원천코드 raw(정본 공#132 '회원상태코드'). 코드그룹 **MM010(회원상태)**. 코드사전 = 1활동회원·2~6신규미납1~5·7~11장기미납1~5·12후원중단 · `TH_MM_FDRM_MBER_STNG_DTLS.CHN_STAT_CD` 와 `TM_MM_FDRM_MBER_INFO.MBER_STAT_CD` **양쪽 모두 사전 전종이 등장**한다. SCD2 버전행은 CHN_STAT_CD(변경상태코드), 무이력행은 MBER_STAT_CD 에서 온다(둘 다 MM010). 🔴MM010 은 개발구분 MM015 가 아니다 — 두 그룹 모두 '후원중단'을 포함해 혼동되기 쉽다. 🔴일시회원(MEMBER_TYPE='ONCE')은 회원상태 개념이 원천에 없어 NULL 이다. 라벨 = MEMBER_STATUS_NAME. 🔴 회원 **현재버전**(DIM_MEMBER IS_CURRENT 1건) 스냅샷이며 사건 시점 값이 아니다 — SCD2 다버전을 순진하게 조인하면 조용히 팬아웃한다(회원당 버전 수는 이슈원장 참조)",
WIDE_MEMBER_EVENT,회원이벤트 1행(비정규화),WIDE,MEMBER_STATUS_NAME,VARCHAR,Y,,,"DIM_MEMBER.MEMBER_STATUS_NAME — 회원상태명(MM010 라벨, 정본 공#132). 코드 = MBER_STAT_CD. MM010 은 **폐지코드가 없고 실적재가 사전과 일치**한다 ⇒ 사전 조인만으로 전건 라벨화된다(하드코딩 금지 P31). 값 = 활동회원 / 신규미납1~5 / 장기미납1~5 / 후원중단. 미매핑은 '미상'. ⚠️미납 단계(1~5)는 **경과 차수**이며 금액 규모가 아니다. 🔴 회원 **현재버전**(DIM_MEMBER IS_CURRENT 1건) 스냅샷이며 사건 시점 값이 아니다 — SCD2 다버전을 순진하게 조인하면 조용히 팬아웃한다(회원당 버전 수는 이슈원장 참조)",
WIDE_MEMBER_EVENT,회원이벤트 1행(비정규화),WIDE,PREV_MBER_STAT_CD,VARCHAR,Y,,,DIM_MEMBER.PREV_MBER_STAT_CD — 상태전이의 **이전상태** 코드 raw(MM010). 현재상태 MBER_STAT_CD 와 짝지어 전이를 표현한다. 원천 `TH_MM_FDRM_MBER_STNG_DTLS.BF_STAT_CD` 에 **사전 전종이 등장**한다. ⚠️이력 미보유행(FDRM 무이력·ONCE 전체)은 NULL — '이전상태가 없다'가 아니라 '이력이 없다'. ⚠️동일자 다중전이는 최종 전이로 축약된다(중간 단계 소실). 라벨 = PREV_MEMBER_STATUS_NAME. 🔴 회원 **현재버전**(DIM_MEMBER IS_CURRENT 1건) 스냅샷이며 사건 시점 값이 아니다 — SCD2 다버전을 순진하게 조인하면 조용히 팬아웃한다(회원당 버전 수는 이슈원장 참조),
WIDE_MEMBER_EVENT,회원이벤트 1행(비정규화),WIDE,PREV_MEMBER_STATUS_NAME,VARCHAR,Y,,,DIM_MEMBER.PREV_MEMBER_STATUS_NAME — 이전상태명(MM010 라벨). 코드 = PREV_MBER_STAT_CD. 사전과 실적재가 일치한다. 이력 미보유행은 NULL. 🔷(PREV_MEMBER_STATUS_NAME → MEMBER_STATUS_NAME) 쌍이 전이 매트릭스의 두 축이다 — 이 버전행 자체가 전이 사건이므로 fan-out 0. 🔴 회원 **현재버전**(DIM_MEMBER IS_CURRENT 1건) 스냅샷이며 사건 시점 값이 아니다 — SCD2 다버전을 순진하게 조인하면 조용히 팬아웃한다(회원당 버전 수는 이슈원장 참조),
WIDE_MEMBER_EVENT,회원이벤트 1행(비정규화),WIDE,MBER_DIV_CD,VARCHAR,Y,,,DIM_MEMBER.MBER_DIV_CD — 회원구분 원천코드 raw. 코드그룹 **MM018(회원구분)**. 코드사전 = 1개인·2기업·3단체 · 실적재에 **사전 전종이 등장**한다. 🟢독립 교차검증: `MBER_DIV_CD`='2'(기업)·'3'(단체) 의 행수가 `SEX`='7'(기업)·'6'(단체) 와 **완전히 일치**한다 — 두 축이 같은 사실을 다르게 표현한다. 🔴DIM_MEMBER.MEMBER_TYPE(FDRM/ONCE 등록계통)과 **완전히 다른 축**이다. 라벨 = MEMBER_TYPE_NAME. 🔴 회원 **현재버전**(DIM_MEMBER IS_CURRENT 1건) 스냅샷이며 사건 시점 값이 아니다 — SCD2 다버전을 순진하게 조인하면 조용히 팬아웃한다(회원당 버전 수는 이슈원장 참조),
WIDE_MEMBER_EVENT,회원이벤트 1행(비정규화),WIDE,MEMBER_TYPE_NAME,VARCHAR,Y,,,DIM_MEMBER.MEMBER_TYPE_NAME — 회원구분명(MM018 라벨): 개인·기업·단체. 코드 = MBER_DIV_CD. MM018 은 폐지코드가 없고 실적재가 사전과 일치한다. 미매핑은 '미상'. 🔴이름이 비슷한 DIM_MEMBER.MEMBER_TYPE(=FDRM 정기회원 / ONCE 일시회원)의 라벨이 **아니다** — 다른 축이다. 🔴 회원 **현재버전**(DIM_MEMBER IS_CURRENT 1건) 스냅샷이며 사건 시점 값이 아니다 — SCD2 다버전을 순진하게 조인하면 조용히 팬아웃한다(회원당 버전 수는 이슈원장 참조),
WIDE_MEMBER_EVENT,회원이벤트 1행(비정규화),WIDE,JOIN_PATH_CD,VARCHAR,Y,,,DIM_MEMBER.JOIN_PATH_CD — 가입경로 원천코드 raw. 코드그룹 **MM014(가입경로)**. 코드사전 = 1홈페이지·2CRM·3모바일웹·4희망TV·5외주콜센터·6모바일앱·7REG·8EDU 이나 실적재에는 **1·2·3·5·6·7 만 나타난다** — 🔴**4(희망TV)·8(EDU)는 실적재에 없다.** ⇒ 가입경로 분포에서 이 두 값을 기대하지 말 것. 🔴일시회원(ONCE)은 가입경로 개념이 원천에 없어 NULL. 라벨 = MEMBER_ENROLL_PATH_NAME. 🔴 회원 **현재버전**(DIM_MEMBER IS_CURRENT 1건) 스냅샷이며 사건 시점 값이 아니다 — SCD2 다버전을 순진하게 조인하면 조용히 팬아웃한다(회원당 버전 수는 이슈원장 참조),
WIDE_MEMBER_EVENT,회원이벤트 1행(비정규화),WIDE,MEMBER_ENROLL_PATH_NAME,VARCHAR,Y,,,DIM_MEMBER.ENROLL_PATH_NAME — 가입경로명(MM014 라벨). 코드 = JOIN_PATH_CD. 실제로 나타나는 라벨은 **홈페이지·CRM·모바일웹·외주콜센터·모바일앱·REG** 다 — 사전에는 희망TV·EDU 도 있으나 **실적재에 없으므로** 그 둘을 포함해 열거하면 거짓이다. 미매핑은 '미상'. 🔴 회원 **현재버전**(DIM_MEMBER IS_CURRENT 1건) 스냅샷이며 사건 시점 값이 아니다 — SCD2 다버전을 순진하게 조인하면 조용히 팬아웃한다(회원당 버전 수는 이슈원장 참조),
WIDE_MEMBER_EVENT,회원이벤트 1행(비정규화),WIDE,CAMPAIGN_BK,VARCHAR,Y,BK,,DIM_CAMPAIGN.CAMPAIGN_BK — 캠페인 업무키,
WIDE_MEMBER_EVENT,회원이벤트 1행(비정규화),WIDE,CAMPAIGN_BRAND,VARCHAR,Y,,,DIM_CAMPAIGN.BRAND — 공통브랜드 (#117),
WIDE_MEMBER_EVENT,회원이벤트 1행(비정규화),WIDE,CAMPAIGN_PARENT,VARCHAR,Y,,,DIM_CAMPAIGN.PARENT_CAMPAIGN — 공통상위캠페인 (#119),
WIDE_MEMBER_EVENT,회원이벤트 1행(비정규화),WIDE,CAMPAIGN_NAME,VARCHAR,Y,,,DIM_CAMPAIGN.CAMPAIGN_NAME — 캠페인명 (#120),
WIDE_MEMBER_EVENT,회원이벤트 1행(비정규화),WIDE,CAMPAIGN_PROMO_METHOD,VARCHAR,Y,,,DIM_CAMPAIGN.PROMO_METHOD — 홍보방법 (#118),
WIDE_MEMBER_EVENT,회원이벤트 1행(비정규화),WIDE,CAMPAIGN_CATEGORY,VARCHAR,Y,,,DIM_CAMPAIGN.CAMPAIGN_TYPE — 캠페인 **카테고리** 라벨(정본 공#17). 코드그룹 **MM294(캠페인 카테고리)**. 🔴[O51-D 실측] 원천 `TM_CM_CMPGN_MNG.CMPGN_CTGR_CD` 에 **사전에 없는 코드 '58' 이 실재**하므로 그 값은 (미매핑)이 된다. 미채움 행도 있다. ⚠️**사전 자체에 동일 라벨 중복**이 있다(코드 44·45 둘 다 '콜 기타') — 라벨로 GROUP BY 하면 두 코드가 합쳐진다. ⚠️컬럼명 주의: DIM_CAMPAIGN 의 컬럼명은 CAMPAIGN_TYPE 이지만 업무용어는 '카테고리'다. 상위캠페인은 CAMPAIGN_PARENT.,
WIDE_MEMBER_EVENT,회원이벤트 1행(비정규화),WIDE,CAMPAIGN_INFLOW_PATH,VARCHAR,Y,,,DIM_CAMPAIGN.INFLOW_PATH — 개발인입경로 라벨 = **모집 채널**. 코드그룹 **MM293(개발인입경로)**. 코드사전 = (교육기관·기업·뉴미디어·대면모금·디지털·마케팅콜개발·방송·영상광고·일시·재송출·지역개발·회원 기타·회원 오프라인개발·회원 온라인개발·회원 콜개발·직원개발) · 실적재에 **사전 전종이 등장**하며 **'디지털'(5)이 압도적 최빈값**이다. 🔴이 축을 「현업 주요캠페인 분류축」이라고 적었던 기술은 **거짓이므로 회수됐다**(O37) — 모집 채널이다. 캠페인 카테고리 = CAMPAIGN_CATEGORY(MM294) · 상위캠페인 = CAMPAIGN_PARENT.,
WIDE_MEMBER_EVENT,회원이벤트 1행(비정규화),WIDE,SPONSORSHIP_BK,VARCHAR,Y,BK,,DIM_SPONSORSHIP.SPONSORSHIP_BK — 후원사업 업무키,
WIDE_MEMBER_EVENT,회원이벤트 1행(비정규화),WIDE,SPONSORSHIP_NAME,VARCHAR,Y,,,DIM_SPONSORSHIP.SPONSORSHIP_NAME — 후원사업 전체 (#123),
WIDE_MEMBER_EVENT,회원이벤트 1행(비정규화),WIDE,ORG_CORP,VARCHAR,Y,,,DIM_ORG.CORP — 법인 (#114). 🔴DIM_ORG 는 **SCD1**(DEC-2)이라 as-was 가 아니다 — 조직 개편 시 과거 사건에도 **현재 조직명**이 붙는다(조직 변경이력 원천·as-was 요구가 없어 SCD1 로 확정). 🔴🔴[O51-D 실측] **전건 NULL** — 원인은 팩트가 아니라 **차원 컬럼 자체가 비어 있다**: `DIM_ORG.CORP`. `DIM_ORG` 는 **DEPARTMENT 만 채워져 있고 CORP·DIVISION·TEAM 은 전건 비어 있다.** 부서 코드에서 상위 계층을 유도하는 규칙이 미확정이다(CONF-4) ⇒ **조직 계층 분석은 현재 불가**하고 부서 단위까지만 된다. 실측 규모는 이슈원장 §O51-D-C.,
WIDE_MEMBER_EVENT,회원이벤트 1행(비정규화),WIDE,ORG_DIVISION,VARCHAR,Y,,,DIM_ORG.DIVISION — 본부/지부 (#115). 🔴SCD1(DEC-2) — current-value 이며 as-was 가 아니다. 🔴🔴[O51-D 실측] **전건 NULL** — 원인은 팩트가 아니라 **차원 컬럼 자체가 비어 있다**: `DIM_ORG.DIVISION`. `DIM_ORG` 는 **DEPARTMENT 만 채워져 있고 CORP·DIVISION·TEAM 은 전건 비어 있다.** 부서 코드에서 상위 계층을 유도하는 규칙이 미확정이다(CONF-4) ⇒ **조직 계층 분석은 현재 불가**하고 부서 단위까지만 된다. 실측 규모는 이슈원장 §O51-D-C.,
WIDE_MEMBER_EVENT,회원이벤트 1행(비정규화),WIDE,ORG_DEPARTMENT,VARCHAR,Y,,,DIM_ORG.DEPARTMENT — 부서 (#116). 🔴SCD1(DEC-2) — current-value 이며 as-was 가 아니다. 🔴🔴「부서」는 축이 둘이다 — 이 컬럼은 **사건 부서**이고 획득 부서는 DIM_MEMBER_ACQUISITION.ACQ_DEPARTMENT 다(O34). 🔴[O51-D 실측] `'(미매핑)'` 이 **다수**다 — 중단원천 행은 부서가 없다. 부서별 집계 시 이 그룹이 상위권 규모로 나타나며 **실재 부서가 아니다.** 실측 규모는 이슈원장 §O51-D-C.,
WIDE_MEMBER_EVENT,회원이벤트 1행(비정규화),WIDE,ORG_TEAM,VARCHAR,Y,,,DIM_ORG.TEAM — 팀. 🔴SCD1(DEC-2) — current-value 이며 as-was 가 아니다. 🔴🔴[O51-D 실측] **전건 NULL** — 원인은 팩트가 아니라 **차원 컬럼 자체가 비어 있다**: `DIM_ORG.TEAM`. `DIM_ORG` 는 **DEPARTMENT 만 채워져 있고 CORP·DIVISION·TEAM 은 전건 비어 있다.** 부서 코드에서 상위 계층을 유도하는 규칙이 미확정이다(CONF-4) ⇒ **조직 계층 분석은 현재 불가**하고 부서 단위까지만 된다. 실측 규모는 이슈원장 §O51-D-C.,
WIDE_MEMBER_EVENT,회원이벤트 1행(비정규화),WIDE,REASON_CODE,VARCHAR,Y,,,DIM_REASON.REASON_CODE — 사유코드,
WIDE_MEMBER_EVENT,회원이벤트 1행(비정규화),WIDE,REASON_NAME,VARCHAR,Y,,,DIM_REASON.REASON_NAME — 중단/미납사유,
WIDE_MEMBER_EVENT,회원이벤트 1행(비정규화),WIDE,REASON_TYPE,VARCHAR,Y,,,DIM_REASON.REASON_TYPE — 중단/미납 구분,
WIDE_MEMBER_FEE,회원 × 회비월 × 후원사업 × 회비구분 × 납입유형 × 결제수단,WIDE,MONTH_KEY,"NUMBER(6,0)",Y,,,"회비월 YYYYMM (무효/NULL 이면 납입월 폴백, 둘 다 무효면 0=Unknown월 — FMM 과 동일 규칙)",
WIDE_MEMBER_FEE,회원 × 회비월 × 후원사업 × 회비구분 × 납입유형 × 결제수단,WIDE,CAL_YEAR,"NUMBER(13,0)",Y,,,FLOOR(MONTH_KEY/100) — 연도,
WIDE_MEMBER_FEE,회원 × 회비월 × 후원사업 × 회비구분 × 납입유형 × 결제수단,WIDE,CAL_MONTH,"NUMBER(6,0)",Y,,,"MOD(MONTH_KEY,100) — 월",
WIDE_MEMBER_FEE,회원 × 회비월 × 후원사업 × 회비구분 × 납입유형 × 결제수단,WIDE,MEMBER_DK,VARCHAR,Y,DK,,"회원 자연키(= 팩트 조인키, FK→DIM_MEMBER.MEMBER_DK). 🔴VARCHAR(10) 규약(O12/AC-1) — 원천 MBER_NO 최대길이 9 실측. 🔴기부금 지류(BRONZE_CRM.TM_PM_DNTN_DTLS)에는 MBER_NO 컬럼이 **아예 없다**(회원키가 ONCE_MBER_NO) — 기부금 행의 회원 축은 구조적으로 부재하다. ⚠️FMM 규약과 일치시키기 위해 MBER_NO IS NOT NULL 을 적용한다(O45-C).",
WIDE_MEMBER_FEE,회원 × 회비월 × 후원사업 × 회비구분 × 납입유형 × 결제수단,WIDE,SPONSORSHIP_SK,"NUMBER(38,0)",Y,,,🔴**납입 대상** 후원사업 대리키(FK→DIM_SPONSORSHIP) ← 원천 SPNSR_BSNS_ID. 0=미매핑. [O51-D 실측] **거의 전건 채움**이며 후원사업 종류는 수십 개다. 🔴획득 후원사업 ACQ_SPONSORSHIP_SK 와 **의미가 다르다** — 같은 라벨로 두 축이 존재한다. 이 축이 grain 에 들어간 것이 이 팩트를 FMM 과 분리한 이유다 — [O51-D 실측] 이 축을 붙이면 **회원-월 조합 수가 늘어 grain 이 깨진다**(증가율은 이슈원장 §O45·§O51-D). ⚠️인용 시 스코프를 함께 적을 것 — 종전 수치는 **BRONZE 회비 지류만**(MBER_NO not null) 스코프여서 분모가 다르다.,
WIDE_MEMBER_FEE,회원 × 회비월 × 후원사업 × 회비구분 × 납입유형 × 결제수단,WIDE,SPONSORSHIP_NAME,VARCHAR,Y,,,🔴**납입 대상** 후원사업 — 회비 행에 붙은 값이다(원천 SPNSR_BSNS_ID · 거의 전건 채움). 획득 후원사업(ACQ_SPONSORSHIP_NAME)과 다르다: 한 회원이 여러 후원사업에 낸다. 🔴이 축을 grain 에 넣으면 회원-월 조합 수가 늘어난다 — 그것이 이 팩트를 FMM 과 분리한 이유다(증가율 실측은 이슈원장 §O45·§O51-D).,
WIDE_MEMBER_FEE,회원 × 회비월 × 후원사업 × 회비구분 × 납입유형 × 결제수단,WIDE,FEE_DIV_CD,VARCHAR,Y,,,회비구분 코드 raw. 코드그룹 **PM010(회비구분)**. [O51-D BRONZE 실측] 사전 4종이며 **숫자가 아니라 알파벳 코드**다 — E정기·I일시·U긴급구호·G선물금. 실적재에 **사전 전종이 등장**하며 **E(정기)가 압도적**이다. 🔴기부금 행은 원천에 이 컬럼이 없어 NULL 이다 — **결측이 아니라 해당없음**(P21). 라벨 = FEE_DIV_NAME.,
WIDE_MEMBER_FEE,회원 × 회비월 × 후원사업 × 회비구분 × 납입유형 × 결제수단,WIDE,FEE_DIV_NAME,VARCHAR,Y,,,회비구분(PM010 실측 확정): 정기·선물금·일시·긴급구호. 🔴기부금 행은 원천이 NULL 이다 — 결측이 아니라 해당없음(P21),
WIDE_MEMBER_FEE,회원 × 회비월 × 후원사업 × 회비구분 × 납입유형 × 결제수단,WIDE,PAYMENT_TYPE,VARCHAR,Y,,,납입유형 = 회비/기부금. 🔴납부율·미납 분석은 회비만으로 스코프할 것 — 기부금은 원천에 청구(RQEST_AMT)가 전건 NULL 이라 분모에 들어갈 수 없다(O40),
WIDE_MEMBER_FEE,회원 × 회비월 × 후원사업 × 회비구분 × 납입유형 × 결제수단,WIDE,PAYMENT_SK,"NUMBER(38,0)",Y,,,결제수단 대리키(FK→DIM_PAYMENT) ← SETLE_CD 를 gold_sk 로 해싱. 0=미매핑. ⚠️라벨 커버리지가 완전하지 않다 — 원본 코드는 SETLE_CD 로 보존한다. 🟢[O51-D 실측] 미매핑 원인이 규명됐다 — DIM_PAYMENT 가 결제수단 마스터(TM_PM_SETLE_INFO)의 distinct SETLE_CD 만으로 만들어지는데 회비 원천에는 **마스터에 없는 코드가 존재**한다. 사전(PM040) 기준으로 만들면 전건 라벨화된다(O45-B 처방).,
WIDE_MEMBER_FEE,회원 × 회비월 × 후원사업 × 회비구분 × 납입유형 × 결제수단,WIDE,PAYMENT_METHOD_NAME,VARCHAR,Y,,,DIM_PAYMENT.SETTLE_METHOD — 결제수단 라벨. 코드그룹 **PM040(결제정보)**. 원본 코드는 SETLE_CD. [O51-D BRONZE 실측 2026-08-07] 🟢**O45-B(코드그룹 미특정)가 해소됐다** — SETLE_CD 의 코드그룹은 PM040 이고 회비 원천 실적재 값(1자동이체·2신용카드·3신용카드즉시·4회비통장·5휴대폰·6휴대폰즉시·7MICR·8OCR·10실시간계좌이체·12네이버페이·13가상계좌즉시)이 **전부 PM040 사전에 존재**한다. 🔴미매핑 원인은 코드그룹 부재가 아니라 **DIM_PAYMENT 가 결제수단 마스터(TM_PM_SETLE_INFO)의 distinct SETLE_CD 로만 만들어지고 그 마스터에 이 5종이 없다**는 것이다 ⇒ 처방 = DIM_PAYMENT 를 PM040 사전 기준으로 생성(재배선은 O51-D 범위 밖·별건 미결). 미라벨 행은 **코드는 있으나 차원에 행이 없는 5종(3·6·7·10·13)** 과 **SETLE_CD 자체가 NULL 인 행** 으로 나뉜다(규모는 이슈원장 §O45·§O51-D). ⚠️종전 문안의 *'코드그룹 미특정 · 6개 그룹이 전부 의미 무관'* 은 이 실측으로 폐기한다.,
WIDE_MEMBER_FEE,회원 × 회비월 × 후원사업 × 회비구분 × 납입유형 × 결제수단,WIDE,SETLE_CD,VARCHAR,Y,,,"degenerate key: 결제수단 원본 코드 ← 원천 SETLE_CD(코드그룹 **PM040 결제정보**). 차원 라벨이 없는 코드를 잃지 않기 위해 보존한다. [O51-D 실측] 회비 원천 실적재 값 = 1자동이체 · 2신용카드 · 12네이버페이 · 8OCR · 4회비통장 · 3신용카드즉시 · 5휴대폰 · 10실시간계좌이체 · 6휴대폰즉시 · 13가상계좌즉시 · 7MICR (앞쪽이 최빈). 🟢**실적재 전종이 PM040 사전에 라벨을 갖는다** — 라벨화 공백은 코드 미상이 아니라 DIM_PAYMENT 생성 소스 문제다(O45-B 해소, 상세는 PAYMENT_METHOD_NAME).",
WIDE_MEMBER_FEE,회원 × 회비월 × 후원사업 × 회비구분 × 납입유형 × 결제수단,WIDE,LAST_PAY_DATE_SK,"NUMBER(8,0)",Y,,,해당 조합의 **최종 납입일** (FK→DIM_DATE). 🔴합계가 아니라 시점 축이다. FMM 은 월 팩트라 일자 분해가 불가하므로 「기준일(납입일)」 요구는 이 뷰에서만 답한다,
WIDE_MEMBER_FEE,회원 × 회비월 × 후원사업 × 회비구분 × 납입유형 × 결제수단,WIDE,LAST_PAY_DATE,DATE,Y,,,"최종 납입일(달력일) ← DIM_DATE.FULL_DATE, 키는 LAST_PAY_DATE_SK. 🔴시점 축이며 합계가 아니다 — 이 컬럼으로 GROUP BY 하면 회비월(MONTH_KEY)과 다른 분포가 나온다(납입 지연·선납 때문). 「기준일(납입일) 기준 조회」 요구는 이 컬럼으로 답하고, 「회비월 기준」은 MONTH_KEY 로 답한다. ⚠️미납 조합은 납입일이 없어 NULL.",
WIDE_MEMBER_FEE,회원 × 회비월 × 후원사업 × 회비구분 × 납입유형 × 결제수단,WIDE,LAST_BILL_DATE_SK,"NUMBER(8,0)",Y,,,해당 조합의 최종 청구일 대리키(FK→DIM_DATE) ← 원천 RQEST_DE. 0=캘린더 범위밖·무효. 🔴시점 축이며 합계가 아니다. ⚠️최종 청구일만 보존하므로 조합 내 여러 청구건의 개별 일자는 이 팩트에서 복원할 수 없다 — 청구 건별 분해가 필요하면 SILVER.CRM_PAYMENT_BILLING 을 쓴다.,
WIDE_MEMBER_FEE,회원 × 회비월 × 후원사업 × 회비구분 × 납입유형 × 결제수단,WIDE,MBER_STAT_CD,VARCHAR,Y,,,DIM_MEMBER.MBER_STAT_CD — 회원상태 원천코드 raw(정본 공#132). 코드그룹 **MM010(회원상태)**. 코드사전 = 1활동회원·2~6신규미납1~5·7~11장기미납1~5·12후원중단 · 실적재에 **사전 전종이 등장**한다. 🔴🔴**이 뷰의 미납 축(UNPAID_FLAG·UNPAID_BILLED_AMT)과 다른 개념**이다 — MM010 은 회원 **상태 코드**이고 미납 measure 는 **청구 실적**이다. 회원 단위 상태 기반 미납은 WIDE_MEMBER_MONTHLY 소관. 🔴현재버전 스냅샷이므로 과거 회비월에 현재 상태를 붙이면 시점이 어긋난다. 라벨 = MEMBER_STATUS_NAME.,
WIDE_MEMBER_FEE,회원 × 회비월 × 후원사업 × 회비구분 × 납입유형 × 결제수단,WIDE,MEMBER_STATUS_NAME,VARCHAR,Y,,,DIM_MEMBER.MEMBER_STATUS_NAME — 회원상태명(MM010 라벨). 코드 = MBER_STAT_CD. 값 = 활동회원 / 신규미납1~5 / 장기미납1~5 / 후원중단. 미매핑은 '미상'. MM010 은 **폐지코드가 없고 실적재가 사전과 일치**한다 ⇒ 사전 조인만으로 전건 라벨화된다. 🔴현재버전 스냅샷이다.,
WIDE_MEMBER_FEE,회원 × 회비월 × 후원사업 × 회비구분 × 납입유형 × 결제수단,WIDE,MBER_DIV_CD,VARCHAR,Y,,,DIM_MEMBER.MBER_DIV_CD — 회원구분 원천코드 raw. 코드그룹 **MM018(회원구분)**: 1개인·2기업·3단체. 실적재에 **사전 전종이 등장**한다 · 교차검증으로 `2`(기업)=`SEX 7` · `3`(단체)=`SEX 6` **완전 일치**. 🔴DIM_MEMBER.MEMBER_TYPE(FDRM/ONCE 등록계통)과 다른 축이다. 라벨 = MEMBER_TYPE_NAME.,
WIDE_MEMBER_FEE,회원 × 회비월 × 후원사업 × 회비구분 × 납입유형 × 결제수단,WIDE,MEMBER_TYPE_NAME,VARCHAR,Y,,,DIM_MEMBER.MEMBER_TYPE_NAME — 회원구분명(MM018 라벨): 개인·기업·단체. 코드 = MBER_DIV_CD. 미매핑은 '미상'. 🔴이름이 비슷한 DIM_MEMBER.MEMBER_TYPE(FDRM 정기회원 / ONCE 일시회원)의 라벨이 **아니다**.,
WIDE_MEMBER_FEE,회원 × 회비월 × 후원사업 × 회비구분 × 납입유형 × 결제수단,WIDE,SEX,VARCHAR,Y,,,DIM_MEMBER.SEX — 성별 원천코드 raw. 코드그룹 **CM013(성별)**. 코드사전 = 1국내(남자)~5외국인(기타)·6단체·7기업·8기타 · 실적재에 **사전 전종이 등장**한다. 🔴정본 비고가 '성별만으로는 사용하지 않음'을 명시한다 — 성별 단일축은 GENDER_NAME 을 쓴다. 🔴회원 **현재버전**(IS_CURRENT 1건) 스냅샷이며 회비월 시점 값이 아니다. 획득 시점 성별은 DIM_MEMBER_ACQUISITION.ACQ_SEX_CD.,
WIDE_MEMBER_FEE,회원 × 회비월 × 후원사업 × 회비구분 × 납입유형 × 결제수단,WIDE,GENDER_NAME,VARCHAR,Y,,,DIM_MEMBER.GENDER_NAME — 성별 분석 라벨(정본 공#130). 코드그룹 **CM017(회원특성(성별))**. [O51-D BRONZE 실측] CM017 은 CM013 과 코드 도메인이 동일(1~8)한 재라벨 그룹이며 국내/외국인 구분을 지운다 ⇒ **라벨 5종**(남자/여자/기타/단체/기업). 🔴이 뷰에는 SEX_NM(국내·외국인 축)이 없다 — 그 축이 필요하면 WIDE_MEMBER_MONTHLY 를 쓴다. 🔴현재버전 스냅샷이다.,
WIDE_MEMBER_FEE,회원 × 회비월 × 후원사업 × 회비구분 × 납입유형 × 결제수단,WIDE,ACQ_CAMPAIGN_SK,"NUMBER(38,0)",Y,,,"DIM_MEMBER_ACQUISITION.ACQ_CAMPAIGN_SK — **획득(가입) 캠페인** 대리키(FK→DIM_CAMPAIGN). 0=미매핑. 🔴회비를 낸 캠페인이 아니라 **이 회원을 데려온** 캠페인이다 — FMM/FMF 의 회비 자체에는 캠페인 축이 없어(전건 센티넬) 획득 시점 규칙으로 귀속시킨 것이다(O45·O8 우회). 🔴LEFT JOIN 필수 — 개발 사건이 없는 회원은 NULL 이다. 🔴🔴손실 규모는 **회원 기준으로 읽어야** 한다 — INNER 조인이 잃는 것은 회원이며, 행 가중 비율은 손실을 크게 축소해 보이게 한다(O51-D 정정 · 규모는 이슈원장 §O51-D).",
WIDE_MEMBER_FEE,회원 × 회비월 × 후원사업 × 회비구분 × 납입유형 × 결제수단,WIDE,ACQ_BRAND,VARCHAR,Y,,,획득 캠페인의 브랜드 ← DIM_CAMPAIGN.BRAND. 🔴획득 시점 귀속이며 회비 납입 대상과 무관하다. ⚠️획득 판정 근거가 FALLBACK(신규 사건 부재 → 최초 개발 사건 대체)인 회원은 신뢰도가 낮다 — 브랜드 비교는 DIM_MEMBER_ACQUISITION.ACQ_BASIS='NEW' 로 한정할 것을 권한다.,
WIDE_MEMBER_FEE,회원 × 회비월 × 후원사업 × 회비구분 × 납입유형 × 결제수단,WIDE,ACQ_CAMPAIGN_NAME,VARCHAR,Y,,,획득 캠페인명 ← DIM_CAMPAIGN.CAMPAIGN_NAME. 🔴획득 시점 귀속. ⚠️광고비와 결합할 때는 이 축이 아니라 ACQ_MARKETING_CAMPAIGN 을 쓴다 — 개발캠페인 단위로 내리면 광고비가 복제된다(팬아웃).,
WIDE_MEMBER_FEE,회원 × 회비월 × 후원사업 × 회비구분 × 납입유형 × 결제수단,WIDE,ACQ_PARENT_CAMPAIGN_NAME,VARCHAR,Y,,,"획득 캠페인의 **상위캠페인**명 ← DIM_CAMPAIGN.PARENT_CAMPAIGN_NAME (원천 UPPER_CMPGN_CD 계층). 🔴캠페인 카테고리(MM294)와 다른 축이다 — 카테고리는 코드 기반 분류, 상위캠페인은 캠페인 자체의 부모다.",
WIDE_MEMBER_FEE,회원 × 회비월 × 후원사업 × 회비구분 × 납입유형 × 결제수단,WIDE,ACQ_PROMO_METHOD_NAME,VARCHAR,Y,,,획득 캠페인의 홍보방법명 ← DIM_CAMPAIGN.PROMO_METHOD_NAME. 코드그룹 **CM008(홍보방법)**. [O51-D BRONZE 실측] CM008 사전은 100종을 넘는 대형 그룹이며 채널·랜딩·매체가 한 축에 섞여 있다(PC캠페인-홈페이지·M배너광고(DA)·TM·TS·가두·교회개발·직원개발·서신 등) — 🔴상위 집계가 필요하면 이 축이 아니라 개발인입경로(MM293)를 쓴다.,
WIDE_MEMBER_FEE,회원 × 회비월 × 후원사업 × 회비구분 × 납입유형 × 결제수단,WIDE,ACQ_MARKETING_CAMPAIGN,VARCHAR,Y,,,획득 캠페인의 마케팅캠페인(O45 conformed 축). 광고비와 결합할 때 이 축을 쓴다 — 개발캠페인 단위로 내리면 광고비가 복제된다(팬아웃),
WIDE_MEMBER_FEE,회원 × 회비월 × 후원사업 × 회비구분 × 납입유형 × 결제수단,WIDE,ACQ_ORG_SK,"NUMBER(38,0)",Y,,,DIM_MEMBER_ACQUISITION.ACQ_ORG_SK — **획득 시점 담당조직** 대리키(FK→DIM_ORG). 0=미매핑. 🔴「현재 소속」이 아니다. 🔴🔴「부서」는 축이 둘이다 — 개발실적보고의 부서 = **사건 부서**(WIDE_MEMBER_EVENT.ORG_*) · 연간분석(회비)의 부서 = **획득 부서**(이 축). 두 값은 다르며 이름으로 구분되지 않으면 소비 측이 조용히 틀린다(O34 규약).,
WIDE_MEMBER_FEE,회원 × 회비월 × 후원사업 × 회비구분 × 납입유형 × 결제수단,WIDE,ACQ_DEPARTMENT,VARCHAR,Y,,,🔴**획득(최초개발) 시점 부서**다. 개발실적보고의 「부서」(=사건 부서)와 다르다 — 사건 부서는 WIDE_MEMBER_EVENT.ORG_DEPARTMENT 를 쓴다(O34 _AT_PLEDGE/_AT_EVENT 규약의 재적용),
WIDE_MEMBER_FEE,회원 × 회비월 × 후원사업 × 회비구분 × 납입유형 × 결제수단,WIDE,ACQ_SPONSORSHIP_SK,"NUMBER(38,0)",Y,,,DIM_MEMBER_ACQUISITION.ACQ_SPONSORSHIP_SK — **획득 시점 후원사업** 대리키(FK→DIM_SPONSORSHIP). 0=미매핑. 🔴🔴같은 뷰의 SPONSORSHIP_SK(=회비 **납입 대상** 후원사업)와 **의미가 다르다** — 같은 라벨로 두 축이다. 한 회원이 A 사업으로 가입한 뒤 B 사업에 낼 수 있다.,
WIDE_MEMBER_FEE,회원 × 회비월 × 후원사업 × 회비구분 × 납입유형 × 결제수단,WIDE,ACQ_SPONSORSHIP_NAME,VARCHAR,Y,,,획득 시점 후원사업명 ← DIM_SPONSORSHIP.SPONSORSHIP_NAME. 코드 = ACQ_SPONSORSHIP_SK. 🔴납입 대상 후원사업명(SPONSORSHIP_NAME)과 **다른 컬럼**이다 — 두 컬럼을 같은 표에 두면 반드시 혼동되므로 접두 ACQ_ 로 구분한다.,
WIDE_MEMBER_FEE,회원 × 회비월 × 후원사업 × 회비구분 × 납입유형 × 결제수단,WIDE,ACQ_AGE_BAND,VARCHAR,Y,,,획득 시점 연령대명(**CM014** 라벨) ← FACT_MEMBER_COHORT.ACQ_AGE_BAND. 코드 = FMC.ACQ_AGE_CD. 🔴**현재 나이가 아니다** — BRONZE 에 생년월일이 없어 현재 연령은 산출 불가(O34). 🔴연속형이 아니므로 평균·재구간화 금지. ✅'10대 미만'이 상위인 것은 오류가 아니다(편지쓰기대회 계열 아동 모집 캠페인) — 결측·기본값 오염으로 설명하지 말 것(O34-B). ⚠️사전에 '70대'·'70대 이상'이 의미 중복으로 공존한다.,
WIDE_MEMBER_FEE,회원 × 회비월 × 후원사업 × 회비구분 × 납입유형 × 결제수단,WIDE,ACQ_REGION,VARCHAR,Y,,,획득 시점 지역명(**CM018** 약칭 라벨) ← FACT_MEMBER_COHORT.ACQ_REGION. 코드 = FMC.ACQ_AREA_CD. 🔴**현재 거주지가 아니다** — BRONZE 에 현주소 축이 없다(O34). ⚠️센티넬 코드 '0'(개발약정 실적재에 존재)은 사전에 라벨이 없어 NULL 이며 '미상'으로 창작하지 않는다.,
WIDE_MEMBER_FEE,회원 × 회비월 × 후원사업 × 회비구분 × 납입유형 × 결제수단,WIDE,BILLED_AMT,"NUMBER(38,2)",Y,,,청구액(원) = SUM(RQEST_AMT). 🔴FMM 과 **동일한 식**이므로 두 팩트의 전체 합계가 일치해야 한다 — 이 일치가 검증 관문이다(GATE-D · 기준값은 이슈원장 §O45). 🔴🔴WIDE_MEMBER_MONTHLY 의 회비 measure 와 **같은 표에서 합산 금지**(DEC-31) — 동일 원천을 다른 grain 으로 담은 형제 팩트라 이중계상된다.,
WIDE_MEMBER_FEE,회원 × 회비월 × 후원사업 × 회비구분 × 납입유형 × 결제수단,WIDE,PAID_FEE,"NUMBER(38,2)",Y,,,납입 총액(원) = 회비 + 기부금. 🔴납부율 분자로 쓰지 말 것(O40) — PAID_FEE_BILLABLE 을 쓴다,
WIDE_MEMBER_FEE,회원 × 회비월 × 후원사업 × 회비구분 × 납입유형 × 결제수단,WIDE,PAID_FEE_BILLABLE,"NUMBER(38,2)",Y,,,회비 납입액(원) — 납부율 분자 정본(O40),
WIDE_MEMBER_FEE,회원 × 회비월 × 후원사업 × 회비구분 × 납입유형 × 결제수단,WIDE,UNPAID_BILLED_AMT,"NUMBER(38,2)",Y,,,"미납 청구액(원) — DEC-3 정본 = PAY_STAT_CD IN (F, NULL) 인 청구액. 🔴차감식(청구−납입) 아님. ⚠️조회 시점 스냅샷 — 과거 미납이 이후 납입되면 값이 바뀐다",
WIDE_MEMBER_FEE,회원 × 회비월 × 후원사업 × 회비구분 × 납입유형 × 결제수단,WIDE,BILLING_ROWS,"NUMBER(38,0)",Y,,,집계된 원천 회비행 수. 🔴금액이 아니다 — 「건수」로 쓰지 말 것(정본 (건) 정의는 CONF-2 미결),
WIDE_MEMBER_FEE,회원 × 회비월 × 후원사업 × 회비구분 × 납입유형 × 결제수단,WIDE,UNPAID_FLAG,BOOLEAN,Y,,,해당 조합에 미납 청구행이 하나라도 있는가(BOOLOR_AGG). 회원 단위 미납 여부는 WIDE_MEMBER_MONTHLY 의 UNPAID_FLAG_EOM 을 쓴다,
WIDE_MEMBER_MONTHLY,회원월간 1행(비정규화),WIDE,MONTH_KEY,"NUMBER(6,0)",N,,,YYYYMM,
WIDE_MEMBER_MONTHLY,회원월간 1행(비정규화),WIDE,CAL_YEAR,"NUMBER(13,0)",Y,,,FLOOR(MONTH_KEY/100) — 연도,
WIDE_MEMBER_MONTHLY,회원월간 1행(비정규화),WIDE,CAL_MONTH,"NUMBER(6,0)",Y,,,"MOD(MONTH_KEY,100) — 월",
WIDE_MEMBER_MONTHLY,회원월간 1행(비정규화),WIDE,MEMBER_DK,VARCHAR,N,DK,,불변 회원키(조인용),
WIDE_MEMBER_MONTHLY,회원월간 1행(비정규화),WIDE,DEV_CNT,"NUMBER(18,4)",Y,,,개발(건) SUM(금액)/10000 (#4·5·149),
WIDE_MEMBER_MONTHLY,회원월간 1행(비정규화),WIDE,DEV_MEMBERS,"NUMBER(38,0)",Y,,,개발(명) COUNT (#148),
WIDE_MEMBER_MONTHLY,회원월간 1행(비정규화),WIDE,STOP_CNT,"NUMBER(18,4)",Y,,,"중단(건) (#35, FME 롤업)",
WIDE_MEMBER_MONTHLY,회원월간 1행(비정규화),WIDE,UNPAID_CNT,"NUMBER(18,4)",Y,,,미납(건) (#36),
WIDE_MEMBER_MONTHLY,회원월간 1행(비정규화),WIDE,ACTIVE_CNT,"NUMBER(18,4)",Y,,,활동(건) (#37·157),
WIDE_MEMBER_MONTHLY,회원월간 1행(비정규화),WIDE,ACTIVE_MEMBERS,"NUMBER(38,0)",Y,,,활동(명) (#156),
WIDE_MEMBER_MONTHLY,회원월간 1행(비정규화),WIDE,ACTIVE_CUM_CNT,"NUMBER(18,4)",Y,,,활동누계(건) (#159),
WIDE_MEMBER_MONTHLY,회원월간 1행(비정규화),WIDE,ACTIVE_CUM_MEMBERS,"NUMBER(38,0)",Y,,,활동누계(명) (#158),
WIDE_MEMBER_MONTHLY,회원월간 1행(비정규화),WIDE,INCREASE_CNT,"NUMBER(18,4)",Y,,,증액(건) (#151),
WIDE_MEMBER_MONTHLY,회원월간 1행(비정규화),WIDE,INCREASE_MEMBERS,"NUMBER(38,0)",Y,,,증액(명) (#150),
WIDE_MEMBER_MONTHLY,회원월간 1행(비정규화),WIDE,DECREASE_CNT,"NUMBER(18,4)",Y,,,감액(건) SUM(감액금액)/10000 (#38),
WIDE_MEMBER_MONTHLY,회원월간 1행(비정규화),WIDE,CHURN_CNT,"NUMBER(18,4)",Y,,,이탈(건) SUM(취소+감액)/10000 (신규#20),
WIDE_MEMBER_MONTHLY,회원월간 1행(비정규화),WIDE,YEAR_START_ACTIVE_CNT,"NUMBER(18,4)",Y,,,연도초 활동회원(건) (#49),
WIDE_MEMBER_MONTHLY,회원월간 1행(비정규화),WIDE,YEAR_END_ACTIVE_CNT,"NUMBER(18,4)",Y,,,연도말 활동회원(건) (#50),
WIDE_MEMBER_MONTHLY,회원월간 1행(비정규화),WIDE,MONTH_END_ACTIVE_CNT,"NUMBER(18,4)",Y,,,월말활동회원(건) (#52),
WIDE_MEMBER_MONTHLY,회원월간 1행(비정규화),WIDE,PREV_MONTH_END_ACTIVE_CNT,"NUMBER(18,4)",Y,,,전월말 활동회원(건) (#53),
WIDE_MEMBER_MONTHLY,회원월간 1행(비정규화),WIDE,CAMPAIGN_UNPAID_CNT,"NUMBER(18,4)",Y,,,캠페인별 미납(건) (#83),
WIDE_MEMBER_MONTHLY,회원월간 1행(비정규화),WIDE,STATUS_UNPAID_CNT,"NUMBER(18,4)",Y,,,회원상태별 미납(건) (#84),
WIDE_MEMBER_MONTHLY,회원월간 1행(비정규화),WIDE,REGULAR_FEE,"NUMBER(18,2)",Y,,,정기회비(원) (#66),
WIDE_MEMBER_MONTHLY,회원월간 1행(비정규화),WIDE,REGULAR_ONETIME_FEE,"NUMBER(18,2)",Y,,,정기회원 일시회비(원) (#67),
WIDE_MEMBER_MONTHLY,회원월간 1행(비정규화),WIDE,ONETIME_ONETIME_FEE,"NUMBER(18,2)",Y,,,일시회원 일시회비(원) (#68),
WIDE_MEMBER_MONTHLY,회원월간 1행(비정규화),WIDE,PAID_FEE,"NUMBER(18,2)",Y,,,납입회비(원) (#69·70 단일화),
WIDE_MEMBER_MONTHLY,회원월간 1행(비정규화),WIDE,BILLED_AMT,"NUMBER(18,2)",Y,,,청구(원) (#71),
WIDE_MEMBER_MONTHLY,회원월간 1행(비정규화),WIDE,INBOUND_CALL_CNT,"NUMBER(38,0)",Y,,,인바운드콜수 (overview),
WIDE_MEMBER_MONTHLY,회원월간 1행(비정규화),WIDE,TS_CALL_CNT,"NUMBER(38,0)",Y,,,TS콜수 (overview),
WIDE_MEMBER_MONTHLY,회원월간 1행(비정규화),WIDE,DEV_TYPE,VARCHAR,Y,,,개발구분 (#121) 🔴🔴[O51-D 실측] **전건 NULL** — **팩트 컬럼 자체가 비어 있다**(`FACT_MEMBER_MONTHLY.DEV_TYPE`). 결측이 아니라 **미적재**다: 0·FALSE·'해당없음' 으로 대체 해석하지 말 것(P21). 필터 조건으로 쓰면 전건이 탈락한다. 실측 규모는 이슈원장 §O51-D-C.,
WIDE_MEMBER_MONTHLY,회원월간 1행(비정규화),WIDE,NEW_FLAG,BOOLEAN,Y,,,신규여부 (#32) 🔴🔴[O51-D 실측] **전건 NULL** — **팩트 컬럼 자체가 비어 있다**(`FACT_MEMBER_MONTHLY.NEW_FLAG`). 결측이 아니라 **미적재**다: 0·FALSE·'해당없음' 으로 대체 해석하지 말 것(P21). 필터 조건으로 쓰면 전건이 탈락한다. 실측 규모는 이슈원장 §O51-D-C.,
WIDE_MEMBER_MONTHLY,회원월간 1행(비정규화),WIDE,INCREASE_FLAG,BOOLEAN,Y,,,증액여부 (#33) 🔴🔴[O51-D 실측] **전건 NULL** — **팩트 컬럼 자체가 비어 있다**(`FACT_MEMBER_MONTHLY.INCREASE_FLAG`). 결측이 아니라 **미적재**다: 0·FALSE·'해당없음' 으로 대체 해석하지 말 것(P21). 필터 조건으로 쓰면 전건이 탈락한다. 실측 규모는 이슈원장 §O51-D-C.,
WIDE_MEMBER_MONTHLY,회원월간 1행(비정규화),WIDE,REDONATE_FLAG,BOOLEAN,Y,,,재후원여부 (#34) 🔴🔴[O51-D 실측] **전건 NULL** — **팩트 컬럼 자체가 비어 있다**(`FACT_MEMBER_MONTHLY.REDONATE_FLAG`). 결측이 아니라 **미적재**다: 0·FALSE·'해당없음' 으로 대체 해석하지 말 것(P21). 필터 조건으로 쓰면 전건이 탈락한다. 실측 규모는 이슈원장 §O51-D-C.,
WIDE_MEMBER_MONTHLY,회원월간 1행(비정규화),WIDE,JOIN_DATE,DATE,Y,,,캠페인 가입일 (#27) 🔴🔴[O51-D 실측] **전건 NULL** — **팩트 컬럼 자체가 비어 있다**(`FACT_MEMBER_MONTHLY.JOIN_DATE`). 결측이 아니라 **미적재**다: 0·FALSE·'해당없음' 으로 대체 해석하지 말 것(P21). 필터 조건으로 쓰면 전건이 탈락한다. 실측 규모는 이슈원장 §O51-D-C. 🟢대체 경로 = `MEMBER_FIRST_JOIN_DATE`(DIM_MEMBER 경유).,
WIDE_MEMBER_MONTHLY,회원월간 1행(비정규화),WIDE,STOP_DATE,DATE,Y,,,가입캠페인 중단일 (#26) 🔴🔴[O51-D 실측] **전건 NULL** — **팩트 컬럼 자체가 비어 있다**(`FACT_MEMBER_MONTHLY.STOP_DATE`). 결측이 아니라 **미적재**다: 0·FALSE·'해당없음' 으로 대체 해석하지 말 것(P21). 필터 조건으로 쓰면 전건이 탈락한다. 실측 규모는 이슈원장 §O51-D-C. 🟢대체 경로 = `MEMBER_LAST_STOP_DATE`(DIM_MEMBER as-of) 또는 WIDE_MEMBER_EVENT.,
WIDE_MEMBER_MONTHLY,회원월간 1행(비정규화),WIDE,AMOUNT_BAND1,VARCHAR,Y,,,후원금액대1 5만 (#72) 🔴🔴[O51-D 실측] **전건 NULL** — **팩트 컬럼 자체가 비어 있다**(`FACT_MEMBER_MONTHLY.AMOUNT_BAND1`). 결측이 아니라 **미적재**다: 0·FALSE·'해당없음' 으로 대체 해석하지 말 것(P21). 필터 조건으로 쓰면 전건이 탈락한다. 실측 규모는 이슈원장 §O51-D-C.,
WIDE_MEMBER_MONTHLY,회원월간 1행(비정규화),WIDE,AMOUNT_BAND2,VARCHAR,Y,,,후원금액대2 1만 (#73) 🔴🔴[O51-D 실측] **전건 NULL** — **팩트 컬럼 자체가 비어 있다**(`FACT_MEMBER_MONTHLY.AMOUNT_BAND2`). 결측이 아니라 **미적재**다: 0·FALSE·'해당없음' 으로 대체 해석하지 말 것(P21). 필터 조건으로 쓰면 전건이 탈락한다. 실측 규모는 이슈원장 §O51-D-C.,
WIDE_MEMBER_MONTHLY,회원월간 1행(비정규화),WIDE,PERIOD_BAND1,VARCHAR,Y,,,후원기간대1 5년 (#74) 🔴🔴[O51-D 실측] **전건 NULL** — **팩트 컬럼 자체가 비어 있다**(`FACT_MEMBER_MONTHLY.PERIOD_BAND1`). 결측이 아니라 **미적재**다: 0·FALSE·'해당없음' 으로 대체 해석하지 말 것(P21). 필터 조건으로 쓰면 전건이 탈락한다. 실측 규모는 이슈원장 §O51-D-C.,
WIDE_MEMBER_MONTHLY,회원월간 1행(비정규화),WIDE,PERIOD_BAND2,VARCHAR,Y,,,후원기간대2 1년 (#75) 🔴🔴[O51-D 실측] **전건 NULL** — **팩트 컬럼 자체가 비어 있다**(`FACT_MEMBER_MONTHLY.PERIOD_BAND2`). 결측이 아니라 **미적재**다: 0·FALSE·'해당없음' 으로 대체 해석하지 말 것(P21). 필터 조건으로 쓰면 전건이 탈락한다. 실측 규모는 이슈원장 §O51-D-C.,
WIDE_MEMBER_MONTHLY,회원월간 1행(비정규화),WIDE,SPONSOR_MONTHS,"NUMBER(9,2)",Y,,,후원기간(개월) (#127),
WIDE_MEMBER_MONTHLY,회원월간 1행(비정규화),WIDE,SPONSOR_YEARS,"NUMBER(9,2)",Y,,,후원기간(년) (#128),
WIDE_MEMBER_MONTHLY,회원월간 1행(비정규화),WIDE,PAID_MONTHS,"NUMBER(9,0)",Y,,,납입개월수 (#129),
WIDE_MEMBER_MONTHLY,회원월간 1행(비정규화),WIDE,NEW_EXISTING_FLAG,VARCHAR,Y,,,"신규/기존(시점귀속, #113) 🔴🔴[O51-D 실측] **전건 NULL** — **팩트 컬럼 자체가 비어 있다**(`FACT_MEMBER_MONTHLY.NEW_EXISTING_FLAG`). 결측이 아니라 **미적재**다: 0·FALSE·'해당없음' 으로 대체 해석하지 말 것(P21). 필터 조건으로 쓰면 전건이 탈락한다. 실측 규모는 이슈원장 §O51-D-C.",
WIDE_MEMBER_MONTHLY,회원월간 1행(비정규화),WIDE,UNPAID_FLAG_BOM,BOOLEAN,Y,,,"월초 미납회원 여부(=전월말 상태, #80)",
WIDE_MEMBER_MONTHLY,회원월간 1행(비정규화),WIDE,UNPAID_FLAG_EOM,BOOLEAN,Y,,,월말 미납회원 여부 (#80),
WIDE_MEMBER_MONTHLY,회원월간 1행(비정규화),WIDE,DW_SOURCE_SYSTEM,VARCHAR,N,,,원천 시스템 식별,공통감사
WIDE_MEMBER_MONTHLY,회원월간 1행(비정규화),WIDE,SEX,VARCHAR,Y,,,DIM_MEMBER.SEX — 성별 원천코드 raw. 코드그룹 **CM013(성별)**. 코드사전(BRONZE `TC_CMMN_DTL_CD`) = 1국내(남자)·2국내(여자)·3외국인(남자)·4외국인(여자)·5외국인(기타)·6단체·7기업·8기타 · 실적재(TM_MM_FDRM_MBER_INFO)에 **사전 전종이 등장**하며 폐지코드는 없다. ⚠️개발약정 원천(TM_MM_FDRM_MBER_DVLP_AMT.SEX)에는 사전에 없는 **사전에 없는 센티넬 '0'** 이 더 있다. 🔴정본 비고가 '성별만으로는 사용하지 않음'을 명시한다 — 성별 단일축 분석은 MEMBER_GENDER_NAME 을 쓴다. 라벨 = SEX_NM(원천 라벨)·MEMBER_GENDER_NAME(분석 라벨). 🔴 회원 **현재버전**(DIM_MEMBER IS_CURRENT 1건) 스냅샷이며 사건 시점 값이 아니다 — SCD2 다버전을 순진하게 조인하면 조용히 팬아웃한다(회원당 버전 수는 이슈원장 참조),
WIDE_MEMBER_MONTHLY,회원월간 1행(비정규화),WIDE,SEX_NM,VARCHAR,Y,,,DIM_MEMBER.SEX_NM — CM013 **원천 라벨 그대로**(국내(남자)/국내(여자)/외국인(남자)/외국인(여자)/외국인(기타)/단체/기업/기타). 코드 = SEX. 🔴이 컬럼만이 **국내·외국인 축**을 보존한다 — MEMBER_GENDER_NAME(CM017)은 그 축을 지운다. CM013 은 코드와 라벨이 1:1 이다. 🔴 회원 **현재버전**(DIM_MEMBER IS_CURRENT 1건) 스냅샷이며 사건 시점 값이 아니다 — SCD2 다버전을 순진하게 조인하면 조용히 팬아웃한다(회원당 버전 수는 이슈원장 참조),
WIDE_MEMBER_MONTHLY,회원월간 1행(비정규화),WIDE,MEMBER_GENDER_NAME,VARCHAR,Y,,,DIM_MEMBER.GENDER_NAME — 성별 분석 라벨(정본 공#130). 코드그룹 **CM017(회원특성(성별))**. CM017 은 CM013 과 **코드 도메인이 동일(1~8)한 재라벨 그룹**이며 국내/외국인 구분을 지운다 — 1남자·2여자·3남자·4여자·5기타·6단체·7기업·8기타 ⇒ **서로 다른 코드가 같은 라벨로 합쳐진다**(남자/여자/기타/단체/기업). 정본 공#130 값정의와 일치. ⚠️CM017 은 정본 컬럼정의서가 어떤 컬럼에도 지정하지 않은 그룹이다(현업 확인 대상). ⚠️종전 하드코딩 '여성/남성/미상'은 라벨을 축약하고 법인·단체를 '미상'으로 오라벨했다(O26 교정). 🔴 회원 **현재버전**(DIM_MEMBER IS_CURRENT 1건) 스냅샷이며 사건 시점 값이 아니다 — SCD2 다버전을 순진하게 조인하면 조용히 팬아웃한다(회원당 버전 수는 이슈원장 참조),
WIDE_MEMBER_MONTHLY,회원월간 1행(비정규화),WIDE,MEMBER_AREA_CD,VARCHAR,Y,,,DIM_MEMBER.AREA_CD — 지역 원천코드 raw. 코드그룹 **CM018**. 코드사전 = (1서울·2경기·3인천·4강원·5대전·6충남·7충북·8광주·9전북·10전남·11대구·12경북·13경남·14울산·15부산·16제주·17기타·18세종) · 실적재(TM_MM_FDRM_MBER_DVLP_AMT.AREA_CD)에 **사전 전종 + 라벨 없는 센티넬 '0'** 이 나타난다. ⚠️CM018 의 그룹명은 '신규시도구분'이지만 상세코드 값은 전부 시·도다(정본 공#131 지역정의가 약칭이라 정식명 그룹 CM011 이 아니다). 🔴**현재 거주지가 아니다** — 이 값은 그 버전 시점까지 최근 개발약정의 스냅샷이며 BRONZE 전체에 현주소 축이 없다(O34). 라벨 = MEMBER_REGION. 사건 시점 정확값은 WIDE_MEMBER_EVENT.AREA_CD_AT_EVENT. 🔴 회원 **현재버전**(DIM_MEMBER IS_CURRENT 1건) 스냅샷이며 사건 시점 값이 아니다 — SCD2 다버전을 순진하게 조인하면 조용히 팬아웃한다(회원당 버전 수는 이슈원장 참조),
WIDE_MEMBER_MONTHLY,회원월간 1행(비정규화),WIDE,MEMBER_REGION,VARCHAR,Y,,,DIM_MEMBER.REGION — 지역 (#131),
WIDE_MEMBER_MONTHLY,회원월간 1행(비정규화),WIDE,MEMBER_AGE_CD,"NUMBER(2,0)",Y,,,DIM_MEMBER.AGE — 연령대 원천코드 raw. 코드그룹 **CM014(나이)**. 코드사전 = 1'10대 미만'·2'10대'·3'20대'·4'30대'·5'40대'·6'50대'·7'60대'·8'70대'·9'70대 이상'·10단체·11기업·12기타 · 실적재(TM_MM_FDRM_MBER_DVLP_AMT.AGE)에 **사전 전종이 등장**한다. 🔴**연속형 나이가 아니다** — 평균·구간 재계산 금지. 구간은 우리가 만든 것이 아니라 원천이 이미 구간화해 제공한다(DEC-28). ⚠️사전 자체에 8'70대'와 9'70대 이상'이 **의미 중복**으로 공존한다 — 70대 이상 집계 시 두 코드를 함께 취할 것. ⚠️BRONZE 원천 컬럼 COMMENT '연령'(NUMBER)은 오류다. 라벨 = MEMBER_AGE_BAND. 🔴 회원 **현재버전**(DIM_MEMBER IS_CURRENT 1건) 스냅샷이며 사건 시점 값이 아니다 — SCD2 다버전을 순진하게 조인하면 조용히 팬아웃한다(회원당 버전 수는 이슈원장 참조),
WIDE_MEMBER_MONTHLY,회원월간 1행(비정규화),WIDE,MEMBER_AGE_BAND,VARCHAR,Y,,,DIM_MEMBER.AGE_BAND — 연령대,
WIDE_MEMBER_MONTHLY,회원월간 1행(비정규화),WIDE,MBER_STAT_CD,VARCHAR,Y,,,"DIM_MEMBER.MBER_STAT_CD — 회원상태 원천코드 raw(정본 공#132 '회원상태코드'). 코드그룹 **MM010(회원상태)**. 코드사전 = 1활동회원·2~6신규미납1~5·7~11장기미납1~5·12후원중단 · `TH_MM_FDRM_MBER_STNG_DTLS.CHN_STAT_CD` 와 `TM_MM_FDRM_MBER_INFO.MBER_STAT_CD` **양쪽 모두 사전 전종이 등장**한다. SCD2 버전행은 CHN_STAT_CD(변경상태코드), 무이력행은 MBER_STAT_CD 에서 온다(둘 다 MM010). 🔴MM010 은 개발구분 MM015 가 아니다 — 두 그룹 모두 '후원중단'을 포함해 혼동되기 쉽다. 🔴일시회원(MEMBER_TYPE='ONCE')은 회원상태 개념이 원천에 없어 NULL 이다. 라벨 = MEMBER_STATUS_NAME. 🔴 회원 **현재버전**(DIM_MEMBER IS_CURRENT 1건) 스냅샷이며 사건 시점 값이 아니다 — SCD2 다버전을 순진하게 조인하면 조용히 팬아웃한다(회원당 버전 수는 이슈원장 참조)",
WIDE_MEMBER_MONTHLY,회원월간 1행(비정규화),WIDE,MEMBER_STATUS_NAME,VARCHAR,Y,,,"DIM_MEMBER.MEMBER_STATUS_NAME — 회원상태명(MM010 라벨, 정본 공#132). 코드 = MBER_STAT_CD. MM010 은 **폐지코드가 없고 실적재가 사전과 일치**한다 ⇒ 사전 조인만으로 전건 라벨화된다(하드코딩 금지 P31). 값 = 활동회원 / 신규미납1~5 / 장기미납1~5 / 후원중단. 미매핑은 '미상'. ⚠️미납 단계(1~5)는 **경과 차수**이며 금액 규모가 아니다. 🔴 회원 **현재버전**(DIM_MEMBER IS_CURRENT 1건) 스냅샷이며 사건 시점 값이 아니다 — SCD2 다버전을 순진하게 조인하면 조용히 팬아웃한다(회원당 버전 수는 이슈원장 참조)",
WIDE_MEMBER_MONTHLY,회원월간 1행(비정규화),WIDE,PREV_MBER_STAT_CD,VARCHAR,Y,,,DIM_MEMBER.PREV_MBER_STAT_CD — 상태전이의 **이전상태** 코드 raw(MM010). 현재상태 MBER_STAT_CD 와 짝지어 전이를 표현한다. 원천 `TH_MM_FDRM_MBER_STNG_DTLS.BF_STAT_CD` 에 **사전 전종이 등장**한다. ⚠️이력 미보유행(FDRM 무이력·ONCE 전체)은 NULL — '이전상태가 없다'가 아니라 '이력이 없다'. ⚠️동일자 다중전이는 최종 전이로 축약된다(중간 단계 소실). 라벨 = PREV_MEMBER_STATUS_NAME. 🔴 회원 **현재버전**(DIM_MEMBER IS_CURRENT 1건) 스냅샷이며 사건 시점 값이 아니다 — SCD2 다버전을 순진하게 조인하면 조용히 팬아웃한다(회원당 버전 수는 이슈원장 참조),
WIDE_MEMBER_MONTHLY,회원월간 1행(비정규화),WIDE,PREV_MEMBER_STATUS_NAME,VARCHAR,Y,,,DIM_MEMBER.PREV_MEMBER_STATUS_NAME — 이전상태명(MM010 라벨). 코드 = PREV_MBER_STAT_CD. 사전과 실적재가 일치한다. 이력 미보유행은 NULL. 🔷(PREV_MEMBER_STATUS_NAME → MEMBER_STATUS_NAME) 쌍이 전이 매트릭스의 두 축이다 — 이 버전행 자체가 전이 사건이므로 fan-out 0. 🔴 회원 **현재버전**(DIM_MEMBER IS_CURRENT 1건) 스냅샷이며 사건 시점 값이 아니다 — SCD2 다버전을 순진하게 조인하면 조용히 팬아웃한다(회원당 버전 수는 이슈원장 참조),
WIDE_MEMBER_MONTHLY,회원월간 1행(비정규화),WIDE,MBER_DIV_CD,VARCHAR,Y,,,DIM_MEMBER.MBER_DIV_CD — 회원구분 원천코드 raw. 코드그룹 **MM018(회원구분)**. 코드사전 = 1개인·2기업·3단체 · 실적재에 **사전 전종이 등장**한다. 🟢독립 교차검증: `MBER_DIV_CD`='2'(기업)·'3'(단체) 의 행수가 `SEX`='7'(기업)·'6'(단체) 와 **완전히 일치**한다 — 두 축이 같은 사실을 다르게 표현한다. 🔴DIM_MEMBER.MEMBER_TYPE(FDRM/ONCE 등록계통)과 **완전히 다른 축**이다. 라벨 = MEMBER_TYPE_NAME. 🔴 회원 **현재버전**(DIM_MEMBER IS_CURRENT 1건) 스냅샷이며 사건 시점 값이 아니다 — SCD2 다버전을 순진하게 조인하면 조용히 팬아웃한다(회원당 버전 수는 이슈원장 참조),
WIDE_MEMBER_MONTHLY,회원월간 1행(비정규화),WIDE,MEMBER_TYPE_NAME,VARCHAR,Y,,,DIM_MEMBER.MEMBER_TYPE_NAME — 회원구분명(MM018 라벨): 개인·기업·단체. 코드 = MBER_DIV_CD. MM018 은 폐지코드가 없고 실적재가 사전과 일치한다. 미매핑은 '미상'. 🔴이름이 비슷한 DIM_MEMBER.MEMBER_TYPE(=FDRM 정기회원 / ONCE 일시회원)의 라벨이 **아니다** — 다른 축이다. 🔴 회원 **현재버전**(DIM_MEMBER IS_CURRENT 1건) 스냅샷이며 사건 시점 값이 아니다 — SCD2 다버전을 순진하게 조인하면 조용히 팬아웃한다(회원당 버전 수는 이슈원장 참조),
WIDE_MEMBER_MONTHLY,회원월간 1행(비정규화),WIDE,MEMBER_FIRST_JOIN_DATE,DATE,Y,,,DIM_MEMBER.FIRST_JOIN_DATE — 최초가입일 (#28),
WIDE_MEMBER_MONTHLY,회원월간 1행(비정규화),WIDE,MEMBER_FIRST_CAMPAIGN,VARCHAR,Y,,,DIM_MEMBER.FIRST_CAMPAIGN — 최초캠페인 (#29),
WIDE_MEMBER_MONTHLY,회원월간 1행(비정규화),WIDE,JOIN_PATH_CD,VARCHAR,Y,,,DIM_MEMBER.JOIN_PATH_CD — 가입경로 원천코드 raw. 코드그룹 **MM014(가입경로)**. 코드사전 = 1홈페이지·2CRM·3모바일웹·4희망TV·5외주콜센터·6모바일앱·7REG·8EDU 이나 실적재에는 **1·2·3·5·6·7 만 나타난다** — 🔴**4(희망TV)·8(EDU)는 실적재에 없다.** ⇒ 가입경로 분포에서 이 두 값을 기대하지 말 것. 🔴일시회원(ONCE)은 가입경로 개념이 원천에 없어 NULL. 라벨 = MEMBER_ENROLL_PATH_NAME. 🔴 회원 **현재버전**(DIM_MEMBER IS_CURRENT 1건) 스냅샷이며 사건 시점 값이 아니다 — SCD2 다버전을 순진하게 조인하면 조용히 팬아웃한다(회원당 버전 수는 이슈원장 참조),
WIDE_MEMBER_MONTHLY,회원월간 1행(비정규화),WIDE,MEMBER_ENROLL_PATH_NAME,VARCHAR,Y,,,DIM_MEMBER.ENROLL_PATH_NAME — 가입경로명(MM014 라벨). 코드 = JOIN_PATH_CD. 실제로 나타나는 라벨은 **홈페이지·CRM·모바일웹·외주콜센터·모바일앱·REG** 다 — 사전에는 희망TV·EDU 도 있으나 **실적재에 없으므로** 그 둘을 포함해 열거하면 거짓이다. 미매핑은 '미상'. 🔴 회원 **현재버전**(DIM_MEMBER IS_CURRENT 1건) 스냅샷이며 사건 시점 값이 아니다 — SCD2 다버전을 순진하게 조인하면 조용히 팬아웃한다(회원당 버전 수는 이슈원장 참조),
WIDE_MEMBER_MONTHLY,회원월간 1행(비정규화),WIDE,MEMBER_FIRST_SPONSORSHIP,VARCHAR,Y,,,DIM_MEMBER.FIRST_SPONSORSHIP — 최초후원사업,
WIDE_MEMBER_MONTHLY,회원월간 1행(비정규화),WIDE,MEMBER_LAST_STOP_DATE,DATE,Y,,,DIM_MEMBER.LAST_STOP_DATE — 최종 중단일. 원천 BRONZE_CRM.TM_MM_FDRM_MBER_SPNSR_DSCNTC.SPNSR_DSCNTC_DE. 🔴**그 버전 시점까지의 as-of max** 다(전체 단순 max 가 아니다). 단순 max 는 미래 정보를 과거 버전에 누설해 예측 피처(LTV·유지기간)를 오염시킨다. ⚠️중단 이력이 없는 회원·중단 이전 버전은 NULL 이며 '중단하지 않았다'와 '이력이 없다'를 구분하지 않는다. 🔴이 뷰의 STOP_DATE(월 팩트 measure)와 다른 축이다.,
WIDE_MEMBER_MONTHLY,회원월간 1행(비정규화),WIDE,CAMPAIGN_BK,VARCHAR,Y,BK,,DIM_CAMPAIGN.CAMPAIGN_BK — 캠페인 업무키 🔴🔴[O51-D 실측] **전건 `'(미매핑)'` 센티넬** — NULL 이 아니라 **문자열**이므로 GROUP BY 하면 단일 그룹이 생겨 **집계에 성공한 것처럼 보인다.** 원인 = `FACT_MEMBER_MONTHLY.CAMPAIGN_SK` 의 실측값이 센티넬 하나뿐이다. ⇒ 이 컬럼으로 캠페인·후원사업별 분해를 시도하지 말 것. 실측 규모는 이슈원장 §O51-D-C.,
WIDE_MEMBER_MONTHLY,회원월간 1행(비정규화),WIDE,CAMPAIGN_BRAND,VARCHAR,Y,,,DIM_CAMPAIGN.BRAND — 공통브랜드 (#117) 🔴🔴[O51-D 실측] **이 뷰에서 전건 NULL** — 원인은 차원이 아니라 **팩트 FK 가 전건 센티넬**이다: `FACT_MEMBER_MONTHLY.CAMPAIGN_SK` 는 실측값이 센티넬 하나뿐이다. ⇒ **이 축으로는 분해가 불가능하다.** 차원 자체는 채워져 있으니 다른 팩트에서는 쓸 수 있다. 실측 규모는 이슈원장 §O51-D-C.,
WIDE_MEMBER_MONTHLY,회원월간 1행(비정규화),WIDE,CAMPAIGN_PARENT,VARCHAR,Y,,,DIM_CAMPAIGN.PARENT_CAMPAIGN — 공통상위캠페인 (#119) 🔴🔴[O51-D 실측] **이 뷰에서 전건 NULL** — 원인은 차원이 아니라 **팩트 FK 가 전건 센티넬**이다: `FACT_MEMBER_MONTHLY.CAMPAIGN_SK` 는 실측값이 센티넬 하나뿐이다. ⇒ **이 축으로는 분해가 불가능하다.** 차원 자체는 채워져 있으니 다른 팩트에서는 쓸 수 있다. 실측 규모는 이슈원장 §O51-D-C.,
WIDE_MEMBER_MONTHLY,회원월간 1행(비정규화),WIDE,CAMPAIGN_NAME,VARCHAR,Y,,,DIM_CAMPAIGN.CAMPAIGN_NAME — 캠페인명 (#120) 🔴🔴[O51-D 실측] **전건 `'(미매핑)'` 센티넬** — NULL 이 아니라 **문자열**이므로 GROUP BY 하면 단일 그룹이 생겨 **집계에 성공한 것처럼 보인다.** 원인 = `FACT_MEMBER_MONTHLY.CAMPAIGN_SK` 의 실측값이 센티넬 하나뿐이다. ⇒ 이 컬럼으로 캠페인·후원사업별 분해를 시도하지 말 것. 실측 규모는 이슈원장 §O51-D-C.,
WIDE_MEMBER_MONTHLY,회원월간 1행(비정규화),WIDE,CAMPAIGN_PROMO_METHOD,VARCHAR,Y,,,DIM_CAMPAIGN.PROMO_METHOD — 홍보방법 (#118) 🔴🔴[O51-D 실측] **이 뷰에서 전건 NULL** — 원인은 차원이 아니라 **팩트 FK 가 전건 센티넬**이다: `FACT_MEMBER_MONTHLY.CAMPAIGN_SK` 는 실측값이 센티넬 하나뿐이다. ⇒ **이 축으로는 분해가 불가능하다.** 차원 자체는 채워져 있으니 다른 팩트에서는 쓸 수 있다. 실측 규모는 이슈원장 §O51-D-C.,
WIDE_MEMBER_MONTHLY,회원월간 1행(비정규화),WIDE,CAMPAIGN_TYPE,VARCHAR,Y,,,DIM_CAMPAIGN.CAMPAIGN_TYPE — 캠페인 유형 (#17) 🔴🔴[O51-D 실측] **이 뷰에서 전건 NULL** — 원인은 차원이 아니라 **팩트 FK 가 전건 센티넬**이다: `FACT_MEMBER_MONTHLY.CAMPAIGN_SK` 는 실측값이 센티넬 하나뿐이다. ⇒ **이 축으로는 분해가 불가능하다.** 차원 자체는 채워져 있으니 다른 팩트에서는 쓸 수 있다. 실측 규모는 이슈원장 §O51-D-C.,
WIDE_MEMBER_MONTHLY,회원월간 1행(비정규화),WIDE,SPONSORSHIP_BK,VARCHAR,Y,BK,,DIM_SPONSORSHIP.SPONSORSHIP_BK — 후원사업 업무키 🔴🔴[O51-D 실측] **전건 `'(미매핑)'` 센티넬** — NULL 이 아니라 **문자열**이므로 GROUP BY 하면 단일 그룹이 생겨 **집계에 성공한 것처럼 보인다.** 원인 = `FACT_MEMBER_MONTHLY.SPONSORSHIP_SK` 의 실측값이 센티넬 하나뿐이다. ⇒ 이 컬럼으로 캠페인·후원사업별 분해를 시도하지 말 것. 실측 규모는 이슈원장 §O51-D-C.,
WIDE_MEMBER_MONTHLY,회원월간 1행(비정규화),WIDE,SPONSORSHIP_NAME,VARCHAR,Y,,,DIM_SPONSORSHIP.SPONSORSHIP_NAME — 후원사업 전체 (#123) 🔴🔴[O51-D 실측] **전건 `'(미매핑)'` 센티넬** — NULL 이 아니라 **문자열**이므로 GROUP BY 하면 단일 그룹이 생겨 **집계에 성공한 것처럼 보인다.** 원인 = `FACT_MEMBER_MONTHLY.SPONSORSHIP_SK` 의 실측값이 센티넬 하나뿐이다. ⇒ 이 컬럼으로 캠페인·후원사업별 분해를 시도하지 말 것. 실측 규모는 이슈원장 §O51-D-C.,
WIDE_MEMBER_MONTHLY,회원월간 1행(비정규화),WIDE,SPONSORSHIP_ABBR,VARCHAR,Y,,,DIM_SPONSORSHIP.SPONSORSHIP_ABBR — 약칭 (#124) 🔴🔴[O51-D 실측] **이 뷰에서 전건 NULL** — 원인은 차원이 아니라 **팩트 FK 가 전건 센티넬**이다: `FACT_MEMBER_MONTHLY.SPONSORSHIP_SK` 는 실측값이 센티넬 하나뿐이다. ⇒ **이 축으로는 분해가 불가능하다.** 차원 자체는 채워져 있으니 다른 팩트에서는 쓸 수 있다. 실측 규모는 이슈원장 §O51-D-C.,
WIDE_MEMBER_MONTHLY,회원월간 1행(비정규화),WIDE,PAYMENT_METHOD,VARCHAR,Y,,,DIM_PAYMENT.PAYMENT_METHOD — 납입방식 (#125) 🔴🔴[O51-D 실측] **전건 `'(미매핑)'` 센티넬** — NULL 이 아니라 **문자열**이므로 GROUP BY 하면 단일 그룹이 생겨 **집계에 성공한 것처럼 보인다.** 원인 = `FACT_MEMBER_MONTHLY.PAYMENT_SK` 의 실측값이 센티넬 하나뿐이다. ⇒ 이 컬럼으로 캠페인·후원사업별 분해를 시도하지 말 것. 실측 규모는 이슈원장 §O51-D-C.,
WIDE_MEMBER_MONTHLY,회원월간 1행(비정규화),WIDE,PAYMENT_SETTLE_METHOD,VARCHAR,Y,,,DIM_PAYMENT.SETTLE_METHOD — 결제방식 🔴🔴[O51-D 실측] **이 뷰에서 전건 NULL** — 원인은 차원이 아니라 **팩트 FK 가 전건 센티넬**이다: `FACT_MEMBER_MONTHLY.PAYMENT_SK` 는 실측값이 센티넬 하나뿐이다. ⇒ **이 축으로는 분해가 불가능하다.** 차원 자체는 채워져 있으니 다른 팩트에서는 쓸 수 있다. 실측 규모는 이슈원장 §O51-D-C.,
WIDE_MEMBER_MONTHLY,회원월간 1행(비정규화),WIDE,PAYMENT_FEE_TYPE,VARCHAR,Y,,,DIM_PAYMENT.FEE_TYPE — 회비유형(정기/일시) 🔴🔴[O51-D 실측] **이 뷰에서 전건 NULL** — 원인은 차원이 아니라 **팩트 FK 가 전건 센티넬**이다: `FACT_MEMBER_MONTHLY.PAYMENT_SK` 는 실측값이 센티넬 하나뿐이다. ⇒ **이 축으로는 분해가 불가능하다.** 차원 자체는 채워져 있으니 다른 팩트에서는 쓸 수 있다. 실측 규모는 이슈원장 §O51-D-C. ⚠️게다가 `DIM_PAYMENT.FEE_TYPE` 자체도 전건 비어 있다(이중 결손).,
WIDE_MEMBER_MONTHLY,회원월간 1행(비정규화),WIDE,REASON_CODE,VARCHAR,Y,,,DIM_REASON.REASON_CODE — 사유코드,
WIDE_MEMBER_MONTHLY,회원월간 1행(비정규화),WIDE,REASON_NAME,VARCHAR,Y,,,DIM_REASON.REASON_NAME — 중단사유·미납사유 (#162·#82),
WIDE_MEMBER_MONTHLY,회원월간 1행(비정규화),WIDE,REASON_TYPE,VARCHAR,Y,,,DIM_REASON.REASON_TYPE — 중단/미납 구분,
WIDE_SERVICE_EVENT,서비스이벤트 1행(비정규화),WIDE,DATE_SK,"NUMBER(8,0)",N,,,발송일 YYYYMMDD,
WIDE_SERVICE_EVENT,서비스이벤트 1행(비정규화),WIDE,MEMBER_DK,VARCHAR,N,DK,,발송 대상 회원 (불변키),
WIDE_SERVICE_EVENT,서비스이벤트 1행(비정규화),WIDE,SEND_MEMBERS,"NUMBER(38,0)",Y,,,발송수(명) (#85),
WIDE_SERVICE_EVENT,서비스이벤트 1행(비정규화),WIDE,SUCCESS_MEMBERS,"NUMBER(38,0)",Y,,,성공수(명) (#86),
WIDE_SERVICE_EVENT,서비스이벤트 1행(비정규화),WIDE,FAIL_MEMBERS,"NUMBER(38,0)",Y,,,실패수(명) (#87),
WIDE_SERVICE_EVENT,서비스이벤트 1행(비정규화),WIDE,OPEN_MEMBERS,"NUMBER(38,0)",Y,,,오픈(명) (overview),
WIDE_SERVICE_EVENT,서비스이벤트 1행(비정규화),WIDE,LETTER_PART_MEMBERS,"NUMBER(38,0)",Y,,,서신참여(명) (#88),
WIDE_SERVICE_EVENT,서비스이벤트 1행(비정규화),WIDE,LETTER_PART_CNT,"NUMBER(18,4)",Y,,,서신참여(건) (#89),
WIDE_SERVICE_EVENT,서비스이벤트 1행(비정규화),WIDE,GIFT_PART_MEMBERS,"NUMBER(38,0)",Y,,,선물금참여(명) (#90),
WIDE_SERVICE_EVENT,서비스이벤트 1행(비정규화),WIDE,GIFT_PART_AMT,"NUMBER(18,2)",Y,,,선물금참여(원) (#91),
WIDE_SERVICE_EVENT,서비스이벤트 1행(비정규화),WIDE,D5_LETTER_PART_MEMBERS,"NUMBER(38,0)",Y,,,+5일차 서신참여(명) (#139),
WIDE_SERVICE_EVENT,서비스이벤트 1행(비정규화),WIDE,D5_LETTER_PART_CNT,"NUMBER(18,4)",Y,,,+5일차 서신참여(건) (#140),
WIDE_SERVICE_EVENT,서비스이벤트 1행(비정규화),WIDE,D5_GIFT_PART_MEMBERS,"NUMBER(38,0)",Y,,,+5일차 선물금참여(명) (#141),
WIDE_SERVICE_EVENT,서비스이벤트 1행(비정규화),WIDE,D5_GIFT_PART_CNT,"NUMBER(18,4)",Y,,,+5일차 선물금참여(건) (#142),
WIDE_SERVICE_EVENT,서비스이벤트 1행(비정규화),WIDE,D5_INCREASE_PART_MEMBERS,"NUMBER(38,0)",Y,,,+5일차 증액참여(명) (#143),
WIDE_SERVICE_EVENT,서비스이벤트 1행(비정규화),WIDE,D5_INCREASE_PART_CNT,"NUMBER(18,4)",Y,,,+5일차 증액참여(건) (#144),
WIDE_SERVICE_EVENT,서비스이벤트 1행(비정규화),WIDE,D5_STOP_MEMBERS,"NUMBER(38,0)",Y,,,+5일차 중단(명) (#145),
WIDE_SERVICE_EVENT,서비스이벤트 1행(비정규화),WIDE,D5_STOP_CNT,"NUMBER(18,4)",Y,,,+5일차 중단(건) (#146),
WIDE_SERVICE_EVENT,서비스이벤트 1행(비정규화),WIDE,SERVICE_MEMBERS,"NUMBER(38,0)",Y,,,서비스(명) (#160),
WIDE_SERVICE_EVENT,서비스이벤트 1행(비정규화),WIDE,SERVICE_CNT,"NUMBER(18,4)",Y,,,서비스(건) (#161),
WIDE_SERVICE_EVENT,서비스이벤트 1행(비정규화),WIDE,SEND_TITLE,VARCHAR,Y,,,제목 (#136),
WIDE_SERVICE_EVENT,서비스이벤트 1행(비정규화),WIDE,SEND_STATUS,VARCHAR,Y,,,발송상태 (#138),
WIDE_SERVICE_EVENT,서비스이벤트 1행(비정규화),WIDE,SEND_STATUS2,VARCHAR,Y,,,발송상태2 🔴🔴[O51-D 실측] **전건 NULL** — **팩트 컬럼 자체가 비어 있다**(`FACT_SERVICE_EVENT.SEND_STATUS2`). 결측이 아니라 **미적재**다: 0·FALSE·'해당없음' 으로 대체 해석하지 말 것(P21). 필터 조건으로 쓰면 전건이 탈락한다. 실측 규모는 이슈원장 §O51-D-C. 🟢대체 경로 = `SEND_STATUS`(대부분 채워져 있다).,
WIDE_SERVICE_EVENT,서비스이벤트 1행(비정규화),WIDE,SEND_TYPE,VARCHAR,Y,,,발송유형,
WIDE_SERVICE_EVENT,서비스이벤트 1행(비정규화),WIDE,SEND_STATUS_GROUP,VARCHAR,Y,,,축A(채널상태) 코드군 ID (조인키 · MSG_AT→MS282). 🔴`SEND_STATUS` 는 채널별로 다른 코드체계가 한 컬럼에 모여 있다 — **`SEND_TYPE` 또는 이 컬럼 동반 필수**(단독 필터는 채널 간 오조인). EMAIL·SND·PSTMTR 은 NULL,
WIDE_SERVICE_EVENT,서비스이벤트 1행(비정규화),WIDE,SEND_STATUS_NAME,VARCHAR,Y,,,축A 라벨 (CRM_CODE 조인). 🔴EMAIL·SND 는 **의도적 NULL** — 코드값은 있으나 코드사전에 라벨 문자열이 없어 조인으로 얻을 수 없고 의미 해석을 라벨로 넣는 것은 창작이다(문서30 §23-J 결정 3 · 현업 문서20 §M-4). PSTMTR 은 원천 컬럼 부재,
WIDE_SERVICE_EVENT,서비스이벤트 1행(비정규화),WIDE,SEND_RESULT_CD,VARCHAR,Y,,,축B(통신사 결과) 코드 raw — MSG_AT 은 전송실패코드 · SND 는 통화상태. 🟢**conformed 축**이다: 두 채널이 같은 코드공간을 공유하므로 채널이 늘어도 체계가 유지된다. 원천에 값이 없는 채널은 NULL,
WIDE_SERVICE_EVENT,서비스이벤트 1행(비정규화),WIDE,SEND_RESULT_GROUP,VARCHAR,Y,,,축B 코드군 ID — 코드사전 MS283 이 정의한 4종(공통·알림톡·SMS·MMS). 🟢리터럴 지정이 아니라 **조인 결과에서 얻는다**(4그룹에 걸쳐 코드값 중복이 없어 값 자체가 그룹을 결정한다),
WIDE_SERVICE_EVENT,서비스이벤트 1행(비정규화),WIDE,SEND_RESULT_NAME,VARCHAR,Y,,,축B 라벨 (CRM_CODE 조인). 사전 초과값은 NULL 유지 + dbt warn 관측(DEC-17-B · 센티넬 창작 금지) — 미매칭 규모는 이슈원장 §O59-N·문서20 §M-5,
WIDE_SERVICE_EVENT,서비스이벤트 1행(비정규화),WIDE,MAIL_RECEIVE_FLAG,BOOLEAN,Y,,,메일수신여부 🔴🔴[O51-D 실측] **전건 NULL** — **팩트 컬럼 자체가 비어 있다**(`FACT_SERVICE_EVENT.MAIL_RECEIVE_FLAG`). 결측이 아니라 **미적재**다: 0·FALSE·'해당없음' 으로 대체 해석하지 말 것(P21). 필터 조건으로 쓰면 전건이 탈락한다. 실측 규모는 이슈원장 §O51-D-C.,
WIDE_SERVICE_EVENT,서비스이벤트 1행(비정규화),WIDE,MEMBER_STOP_FLAG,BOOLEAN,Y,,,결연회원 중단여부 🔴🔴[O51-D 실측] **전건 NULL** — **팩트 컬럼 자체가 비어 있다**(`FACT_SERVICE_EVENT.MEMBER_STOP_FLAG`). 결측이 아니라 **미적재**다: 0·FALSE·'해당없음' 으로 대체 해석하지 말 것(P21). 필터 조건으로 쓰면 전건이 탈락한다. 실측 규모는 이슈원장 §O51-D-C.,
WIDE_SERVICE_EVENT,서비스이벤트 1행(비정규화),WIDE,DW_SOURCE_SYSTEM,VARCHAR,N,,,원천 시스템 식별,공통감사
WIDE_SERVICE_EVENT,서비스이벤트 1행(비정규화),WIDE,FULL_DATE,DATE,Y,,,DIM_DATE.FULL_DATE — 실제 일자,
WIDE_SERVICE_EVENT,서비스이벤트 1행(비정규화),WIDE,YEAR,"NUMBER(4,0)",Y,,,DIM_DATE.YEAR — 년,
WIDE_SERVICE_EVENT,서비스이벤트 1행(비정규화),WIDE,MONTH,"NUMBER(2,0)",Y,,,DIM_DATE.MONTH — 월,
WIDE_SERVICE_EVENT,서비스이벤트 1행(비정규화),WIDE,DAY_OF_WEEK,VARCHAR,Y,,,DIM_DATE.DAY_OF_WEEK — 요일,
WIDE_SERVICE_EVENT,서비스이벤트 1행(비정규화),WIDE,WEEK_OF_YEAR,"NUMBER(2,0)",Y,,,DIM_DATE.WEEK_OF_YEAR — 주차,
WIDE_SERVICE_EVENT,서비스이벤트 1행(비정규화),WIDE,IS_HOLIDAY,BOOLEAN,Y,,,DIM_DATE.IS_HOLIDAY — 휴일여부,
WIDE_SERVICE_EVENT,서비스이벤트 1행(비정규화),WIDE,SEX,VARCHAR,Y,,,DIM_MEMBER.SEX — 성별 원천코드 raw. 코드그룹 **CM013(성별)**. 코드사전(BRONZE `TC_CMMN_DTL_CD`) = 1국내(남자)·2국내(여자)·3외국인(남자)·4외국인(여자)·5외국인(기타)·6단체·7기업·8기타 · 실적재(TM_MM_FDRM_MBER_INFO)에 **사전 전종이 등장**하며 폐지코드는 없다. ⚠️개발약정 원천(TM_MM_FDRM_MBER_DVLP_AMT.SEX)에는 사전에 없는 **사전에 없는 센티넬 '0'** 이 더 있다. 🔴정본 비고가 '성별만으로는 사용하지 않음'을 명시한다 — 성별 단일축 분석은 MEMBER_GENDER_NAME 을 쓴다. 라벨 = SEX_NM(원천 라벨)·MEMBER_GENDER_NAME(분석 라벨). 🔴 회원 **현재버전**(DIM_MEMBER IS_CURRENT 1건) 스냅샷이며 사건 시점 값이 아니다 — SCD2 다버전을 순진하게 조인하면 조용히 팬아웃한다(회원당 버전 수는 이슈원장 참조),
WIDE_SERVICE_EVENT,서비스이벤트 1행(비정규화),WIDE,SEX_NM,VARCHAR,Y,,,DIM_MEMBER.SEX_NM — CM013 **원천 라벨 그대로**(국내(남자)/국내(여자)/외국인(남자)/외국인(여자)/외국인(기타)/단체/기업/기타). 코드 = SEX. 🔴이 컬럼만이 **국내·외국인 축**을 보존한다 — MEMBER_GENDER_NAME(CM017)은 그 축을 지운다. CM013 은 코드와 라벨이 1:1 이다. 🔴 회원 **현재버전**(DIM_MEMBER IS_CURRENT 1건) 스냅샷이며 사건 시점 값이 아니다 — SCD2 다버전을 순진하게 조인하면 조용히 팬아웃한다(회원당 버전 수는 이슈원장 참조),
WIDE_SERVICE_EVENT,서비스이벤트 1행(비정규화),WIDE,MEMBER_GENDER_NAME,VARCHAR,Y,,,DIM_MEMBER.GENDER_NAME — 성별 분석 라벨(정본 공#130). 코드그룹 **CM017(회원특성(성별))**. CM017 은 CM013 과 **코드 도메인이 동일(1~8)한 재라벨 그룹**이며 국내/외국인 구분을 지운다 — 1남자·2여자·3남자·4여자·5기타·6단체·7기업·8기타 ⇒ **서로 다른 코드가 같은 라벨로 합쳐진다**(남자/여자/기타/단체/기업). 정본 공#130 값정의와 일치. ⚠️CM017 은 정본 컬럼정의서가 어떤 컬럼에도 지정하지 않은 그룹이다(현업 확인 대상). ⚠️종전 하드코딩 '여성/남성/미상'은 라벨을 축약하고 법인·단체를 '미상'으로 오라벨했다(O26 교정). 🔴 회원 **현재버전**(DIM_MEMBER IS_CURRENT 1건) 스냅샷이며 사건 시점 값이 아니다 — SCD2 다버전을 순진하게 조인하면 조용히 팬아웃한다(회원당 버전 수는 이슈원장 참조),
WIDE_SERVICE_EVENT,서비스이벤트 1행(비정규화),WIDE,MEMBER_AREA_CD,VARCHAR,Y,,,DIM_MEMBER.AREA_CD — 지역 원천코드 raw. 코드그룹 **CM018**. 코드사전 = (1서울·2경기·3인천·4강원·5대전·6충남·7충북·8광주·9전북·10전남·11대구·12경북·13경남·14울산·15부산·16제주·17기타·18세종) · 실적재(TM_MM_FDRM_MBER_DVLP_AMT.AREA_CD)에 **사전 전종 + 라벨 없는 센티넬 '0'** 이 나타난다. ⚠️CM018 의 그룹명은 '신규시도구분'이지만 상세코드 값은 전부 시·도다(정본 공#131 지역정의가 약칭이라 정식명 그룹 CM011 이 아니다). 🔴**현재 거주지가 아니다** — 이 값은 그 버전 시점까지 최근 개발약정의 스냅샷이며 BRONZE 전체에 현주소 축이 없다(O34). 라벨 = MEMBER_REGION. 사건 시점 정확값은 WIDE_MEMBER_EVENT.AREA_CD_AT_EVENT. 🔴 회원 **현재버전**(DIM_MEMBER IS_CURRENT 1건) 스냅샷이며 사건 시점 값이 아니다 — SCD2 다버전을 순진하게 조인하면 조용히 팬아웃한다(회원당 버전 수는 이슈원장 참조),
WIDE_SERVICE_EVENT,서비스이벤트 1행(비정규화),WIDE,MEMBER_REGION,VARCHAR,Y,,,DIM_MEMBER.REGION — 지역 (#131),
WIDE_SERVICE_EVENT,서비스이벤트 1행(비정규화),WIDE,MEMBER_AGE_CD,"NUMBER(2,0)",Y,,,DIM_MEMBER.AGE — 연령대 원천코드 raw. 코드그룹 **CM014(나이)**. 코드사전 = 1'10대 미만'·2'10대'·3'20대'·4'30대'·5'40대'·6'50대'·7'60대'·8'70대'·9'70대 이상'·10단체·11기업·12기타 · 실적재(TM_MM_FDRM_MBER_DVLP_AMT.AGE)에 **사전 전종이 등장**한다. 🔴**연속형 나이가 아니다** — 평균·구간 재계산 금지. 구간은 우리가 만든 것이 아니라 원천이 이미 구간화해 제공한다(DEC-28). ⚠️사전 자체에 8'70대'와 9'70대 이상'이 **의미 중복**으로 공존한다 — 70대 이상 집계 시 두 코드를 함께 취할 것. ⚠️BRONZE 원천 컬럼 COMMENT '연령'(NUMBER)은 오류다. 라벨 = MEMBER_AGE_BAND. 🔴 회원 **현재버전**(DIM_MEMBER IS_CURRENT 1건) 스냅샷이며 사건 시점 값이 아니다 — SCD2 다버전을 순진하게 조인하면 조용히 팬아웃한다(회원당 버전 수는 이슈원장 참조),
WIDE_SERVICE_EVENT,서비스이벤트 1행(비정규화),WIDE,MEMBER_AGE_BAND,VARCHAR,Y,,,DIM_MEMBER.AGE_BAND — 연령대,
WIDE_SERVICE_EVENT,서비스이벤트 1행(비정규화),WIDE,MBER_STAT_CD,VARCHAR,Y,,,"DIM_MEMBER.MBER_STAT_CD — 회원상태 원천코드 raw(정본 공#132 '회원상태코드'). 코드그룹 **MM010(회원상태)**. 코드사전 = 1활동회원·2~6신규미납1~5·7~11장기미납1~5·12후원중단 · `TH_MM_FDRM_MBER_STNG_DTLS.CHN_STAT_CD` 와 `TM_MM_FDRM_MBER_INFO.MBER_STAT_CD` **양쪽 모두 사전 전종이 등장**한다. SCD2 버전행은 CHN_STAT_CD(변경상태코드), 무이력행은 MBER_STAT_CD 에서 온다(둘 다 MM010). 🔴MM010 은 개발구분 MM015 가 아니다 — 두 그룹 모두 '후원중단'을 포함해 혼동되기 쉽다. 🔴일시회원(MEMBER_TYPE='ONCE')은 회원상태 개념이 원천에 없어 NULL 이다. 라벨 = MEMBER_STATUS_NAME. 🔴 회원 **현재버전**(DIM_MEMBER IS_CURRENT 1건) 스냅샷이며 사건 시점 값이 아니다 — SCD2 다버전을 순진하게 조인하면 조용히 팬아웃한다(회원당 버전 수는 이슈원장 참조)",
WIDE_SERVICE_EVENT,서비스이벤트 1행(비정규화),WIDE,MEMBER_STATUS_NAME,VARCHAR,Y,,,"DIM_MEMBER.MEMBER_STATUS_NAME — 회원상태명(MM010 라벨, 정본 공#132). 코드 = MBER_STAT_CD. MM010 은 **폐지코드가 없고 실적재가 사전과 일치**한다 ⇒ 사전 조인만으로 전건 라벨화된다(하드코딩 금지 P31). 값 = 활동회원 / 신규미납1~5 / 장기미납1~5 / 후원중단. 미매핑은 '미상'. ⚠️미납 단계(1~5)는 **경과 차수**이며 금액 규모가 아니다. 🔴 회원 **현재버전**(DIM_MEMBER IS_CURRENT 1건) 스냅샷이며 사건 시점 값이 아니다 — SCD2 다버전을 순진하게 조인하면 조용히 팬아웃한다(회원당 버전 수는 이슈원장 참조)",
WIDE_SERVICE_EVENT,서비스이벤트 1행(비정규화),WIDE,MBER_DIV_CD,VARCHAR,Y,,,DIM_MEMBER.MBER_DIV_CD — 회원구분 원천코드 raw. 코드그룹 **MM018(회원구분)**. 코드사전 = 1개인·2기업·3단체 · 실적재에 **사전 전종이 등장**한다. 🟢독립 교차검증: `MBER_DIV_CD`='2'(기업)·'3'(단체) 의 행수가 `SEX`='7'(기업)·'6'(단체) 와 **완전히 일치**한다 — 두 축이 같은 사실을 다르게 표현한다. 🔴DIM_MEMBER.MEMBER_TYPE(FDRM/ONCE 등록계통)과 **완전히 다른 축**이다. 라벨 = MEMBER_TYPE_NAME. 🔴 회원 **현재버전**(DIM_MEMBER IS_CURRENT 1건) 스냅샷이며 사건 시점 값이 아니다 — SCD2 다버전을 순진하게 조인하면 조용히 팬아웃한다(회원당 버전 수는 이슈원장 참조),
WIDE_SERVICE_EVENT,서비스이벤트 1행(비정규화),WIDE,MEMBER_TYPE_NAME,VARCHAR,Y,,,DIM_MEMBER.MEMBER_TYPE_NAME — 회원구분명(MM018 라벨): 개인·기업·단체. 코드 = MBER_DIV_CD. MM018 은 폐지코드가 없고 실적재가 사전과 일치한다. 미매핑은 '미상'. 🔴이름이 비슷한 DIM_MEMBER.MEMBER_TYPE(=FDRM 정기회원 / ONCE 일시회원)의 라벨이 **아니다** — 다른 축이다. 🔴 회원 **현재버전**(DIM_MEMBER IS_CURRENT 1건) 스냅샷이며 사건 시점 값이 아니다 — SCD2 다버전을 순진하게 조인하면 조용히 팬아웃한다(회원당 버전 수는 이슈원장 참조),
WIDE_SERVICE_EVENT,서비스이벤트 1행(비정규화),WIDE,SEND_TYPE_L_CD,VARCHAR,Y,,,DIM_SEND_TYPE.SEND_GBN_TOP — 발송구분(대) 코드 raw. 🔴🔴**이 값은 상세코드가 아니라 CRM_CODE 의 코드그룹 ID(CD_ID) 자체다.** [O51-D 실측] `SND_REQ_MST.SEND_GBN_TOP` 실적재 값 = **MS046·MS047·MS048·MS049·MS050·MS0501·MS0505·MS051·MS052·MS053·MS054·MS055** 이며 **전부 `TC_CMMN_CD.CD_ID` 에 실재**한다. ⇒ 상세코드 사전(`TC_CMMN_DTL_CD`)에서 찾으면 나오지 않는다. 라벨 = SEND_TYPE_L.,
WIDE_SERVICE_EVENT,서비스이벤트 1행(비정규화),WIDE,SEND_TYPE_L,VARCHAR,Y,,,"DIM_SEND_TYPE.SEND_TYPE_L — 발송구분(대) 분석 라벨(정본 공#133) ← SND_REQ_MST.SEND_GBN_TOP_NM. 코드 = SEND_TYPE_L_CD. [O51-D 실측] **여러 코드가 같은 라벨로 축약**된다 — 결연=MS046+MS051 · 기타=MS0505+MS055 · 회원=MS047+MS053. ⇒ 라벨로 GROUP BY 하면 코드가 합쳐진다(대분류는 코드그룹과 1:1 이 아니다). 🔴정본 공#133 과 **불일치**: #133 은 결연/회비/서비스/사업보고/참여/기타 만 열거하는데 실측 라벨에는 **회원만족(MS052)·회원서비스(MS054)·회원(MS047+MS053)이 더 있다.** #133 에 생략기호가 없어 완전열거로 읽히므로 불일치는 실재한다 → 현업 확인 대상, 데이터 우선 보존(DEC-26). ⚠️커버리지가 낮다 — 비매칭은 센티넬 '(미매핑)'(DEC-30). 규모는 이슈원장 §O51-D-C 참조. 🔴🔴[O51-D 실측] `'(미매핑)'` 이 **과반을 크게 넘는다** — 발송구분 대분류는 매칭되는 행이 소수다. 커버리지를 모르고 대분류별 비중을 내면 **결론이 뒤집힌다.** 실측 규모는 이슈원장 §O51-D-C.",
WIDE_SERVICE_EVENT,서비스이벤트 1행(비정규화),WIDE,SEND_TYPE_M_CD,VARCHAR,Y,,,"DIM_SEND_TYPE.SEND_GBN_MID — 발송구분(중) 코드 raw ← SND_REQ_MST.SEND_GBN_MID. 🔴🔴**코드 단독 사용 금지 — 이 코드는 부모(대) 그룹 안에서만 유일하다.** [O51-D BRONZE 실측] 값 '01' 이 부모에 따라 '결제오류'·'모바일소식지(사단)'·'기타_사단'·'기부금영수증(사단)'·'기타' 등 서로 다른 뜻이며 실적재 (코드,라벨) 쌍 37종이 나온다. ⇒ 반드시 **(대,중) 쌍**으로 해석할 것. 라벨 = SEND_TYPE_M.",
WIDE_SERVICE_EVENT,서비스이벤트 1행(비정규화),WIDE,SEND_TYPE_M,VARCHAR,Y,,,DIM_SEND_TYPE.SEND_TYPE_M — 발송구분(중) 분석 라벨(정본 공#134) ← SND_REQ_MST.SEND_GBN_MID_NM. 코드 = SEND_TYPE_M_CD. 예: 결제오류·APR회원발송·ACL회원발송·만18세아동종결(종결예정)·후원참여·회원개발·아동답신(서신/선물금/회소카). 🔴같은 라벨이 여러 부모(대) 아래 반복되므로 라벨 단독 GROUP BY 는 대분류를 섞는다. ⚠️비매칭은 '(미매핑)'.,
WIDE_SERVICE_EVENT,서비스이벤트 1행(비정규화),WIDE,SEND_TYPE_S_CD,VARCHAR,Y,,,"DIM_SEND_TYPE.SEND_GBN_BOT — 발송구분(소) 코드 raw ← SND_REQ_MST.SEND_GBN_BOT (CRM_CODE.UPPER_CD_ID 계층 하위). 🔴**코드 단독 모호** — [O51-D 실측] 같은 코드('0101'·'0401' 등)가 부모에 따라 다른 뜻이다. ⇒ **(대,중,소) 경로**로만 해석할 것. 라벨 = SEND_TYPE_S.",
WIDE_SERVICE_EVENT,서비스이벤트 1행(비정규화),WIDE,SEND_TYPE_S,VARCHAR,Y,,,DIM_SEND_TYPE.SEND_TYPE_S — 발송구분(소) 분석 라벨(정본 공#135) ← SND_REQ_MST.SEND_GBN_BOT_NM. 코드 = SEND_TYPE_S_CD. 예: APR발송예정안내·ACL발송예정안내·기존회원개발메일(사단)·겨울 소식지_사단·답신발송알림·자동이체결제오류(사단)·네이버페이(사단). 🔴라벨도 부모 경로 없이는 유일하지 않다(답신발송알림이 여러 중분류에 존재). ⚠️비매칭은 '(미매핑)'.,
WIDE_SERVICE_EVENT,서비스이벤트 1행(비정규화),WIDE,SERVICE_SUBTYPE,VARCHAR,Y,,,DIM_SERVICE.SUBTYPE — 발송/참여 subtype,
WIDE_SERVICE_EVENT,서비스이벤트 1행(비정규화),WIDE,SERVICE_CHANNEL,VARCHAR,Y,,,DIM_SERVICE.CHANNEL — CRM_UMS / ADMIN,
WIDE_SERVICE_EVENT,서비스이벤트 1행(비정규화),WIDE,CAMPAIGN_BK,VARCHAR,Y,BK,,DIM_CAMPAIGN.CAMPAIGN_BK — 캠페인 업무키 🔴🔴[O51-D 실측] **전건 `'(미매핑)'` 센티넬** — NULL 이 아니라 **문자열**이므로 GROUP BY 하면 단일 그룹이 생겨 **집계에 성공한 것처럼 보인다.** 원인 = `FACT_SERVICE_EVENT.CAMPAIGN_SK` 의 실측값이 센티넬 하나뿐이다. ⇒ 이 컬럼으로 캠페인·후원사업별 분해를 시도하지 말 것. 실측 규모는 이슈원장 §O51-D-C.,
WIDE_SERVICE_EVENT,서비스이벤트 1행(비정규화),WIDE,CAMPAIGN_BRAND,VARCHAR,Y,,,DIM_CAMPAIGN.BRAND — 공통브랜드 (#117) 🔴🔴[O51-D 실측] **이 뷰에서 전건 NULL** — 원인은 차원이 아니라 **팩트 FK 가 전건 센티넬**이다: `FACT_SERVICE_EVENT.CAMPAIGN_SK` 는 실측값이 센티넬 하나뿐이다. ⇒ **이 축으로는 분해가 불가능하다.** 차원 자체는 채워져 있으니 다른 팩트에서는 쓸 수 있다. 실측 규모는 이슈원장 §O51-D-C.,
WIDE_SERVICE_EVENT,서비스이벤트 1행(비정규화),WIDE,CAMPAIGN_PARENT,VARCHAR,Y,,,DIM_CAMPAIGN.PARENT_CAMPAIGN — 공통상위캠페인 (#119) 🔴🔴[O51-D 실측] **이 뷰에서 전건 NULL** — 원인은 차원이 아니라 **팩트 FK 가 전건 센티넬**이다: `FACT_SERVICE_EVENT.CAMPAIGN_SK` 는 실측값이 센티넬 하나뿐이다. ⇒ **이 축으로는 분해가 불가능하다.** 차원 자체는 채워져 있으니 다른 팩트에서는 쓸 수 있다. 실측 규모는 이슈원장 §O51-D-C.,
WIDE_SERVICE_EVENT,서비스이벤트 1행(비정규화),WIDE,CAMPAIGN_NAME,VARCHAR,Y,,,DIM_CAMPAIGN.CAMPAIGN_NAME — 캠페인명 (#120) 🔴🔴[O51-D 실측] **전건 `'(미매핑)'` 센티넬** — NULL 이 아니라 **문자열**이므로 GROUP BY 하면 단일 그룹이 생겨 **집계에 성공한 것처럼 보인다.** 원인 = `FACT_SERVICE_EVENT.CAMPAIGN_SK` 의 실측값이 센티넬 하나뿐이다. ⇒ 이 컬럼으로 캠페인·후원사업별 분해를 시도하지 말 것. 실측 규모는 이슈원장 §O51-D-C.,
WIDE_SERVICE_EVENT,서비스이벤트 1행(비정규화),WIDE,CAMPAIGN_PROMO_METHOD,VARCHAR,Y,,,DIM_CAMPAIGN.PROMO_METHOD — 홍보방법 (#118) 🔴🔴[O51-D 실측] **이 뷰에서 전건 NULL** — 원인은 차원이 아니라 **팩트 FK 가 전건 센티넬**이다: `FACT_SERVICE_EVENT.CAMPAIGN_SK` 는 실측값이 센티넬 하나뿐이다. ⇒ **이 축으로는 분해가 불가능하다.** 차원 자체는 채워져 있으니 다른 팩트에서는 쓸 수 있다. 실측 규모는 이슈원장 §O51-D-C.,
WIDE_TARGET_BIZ,사업목표월(비정규화),WIDE,MONTH_KEY,"NUMBER(6,0)",N,,,목표월 YYYYMM 🔴[O51-F 실측] **본 뷰는 현재 0행이다**(E-6 외부 원천 미입고) — 이 컬럼이 비어 있는 것은 컬럼 결함이 아니라 **뷰 전체에 행이 없어서**다. 입고되면 자동으로 채워진다. ⚠️0행 뷰는 집계가 NULL·0 을 반환하므로 「값이 0이다」로 오독하지 말 것. 실측 규모는 이슈원장 §O51-F.,
WIDE_TARGET_BIZ,사업목표월(비정규화),WIDE,CAL_YEAR,"NUMBER(13,0)",Y,,,FLOOR(MONTH_KEY/100) — 연도 🔴[O51-F 실측] **본 뷰는 현재 0행이다**(E-6 외부 원천 미입고) — 이 컬럼이 비어 있는 것은 컬럼 결함이 아니라 **뷰 전체에 행이 없어서**다. 입고되면 자동으로 채워진다. ⚠️0행 뷰는 집계가 NULL·0 을 반환하므로 「값이 0이다」로 오독하지 말 것. 실측 규모는 이슈원장 §O51-F.,
WIDE_TARGET_BIZ,사업목표월(비정규화),WIDE,CAL_MONTH,"NUMBER(6,0)",Y,,,"MOD(MONTH_KEY,100) — 월 🔴[O51-F 실측] **본 뷰는 현재 0행이다**(E-6 외부 원천 미입고) — 이 컬럼이 비어 있는 것은 컬럼 결함이 아니라 **뷰 전체에 행이 없어서**다. 입고되면 자동으로 채워진다. ⚠️0행 뷰는 집계가 NULL·0 을 반환하므로 「값이 0이다」로 오독하지 말 것. 실측 규모는 이슈원장 §O51-F.",
WIDE_TARGET_BIZ,사업목표월(비정규화),WIDE,ANNUAL_GOAL_CNT,"NUMBER(18,4)",Y,,,연사업목표(건) (#152) 🔴[O51-F 실측] **본 뷰는 현재 0행이다**(E-6 외부 원천 미입고) — 이 컬럼이 비어 있는 것은 컬럼 결함이 아니라 **뷰 전체에 행이 없어서**다. 입고되면 자동으로 채워진다. ⚠️0행 뷰는 집계가 NULL·0 을 반환하므로 「값이 0이다」로 오독하지 말 것. 실측 규모는 이슈원장 §O51-F.,
WIDE_TARGET_BIZ,사업목표월(비정규화),WIDE,SUPP_GOAL_CNT,"NUMBER(18,4)",Y,,,추경목표(건) (#153) 🔴[O51-F 실측] **본 뷰는 현재 0행이다**(E-6 외부 원천 미입고) — 이 컬럼이 비어 있는 것은 컬럼 결함이 아니라 **뷰 전체에 행이 없어서**다. 입고되면 자동으로 채워진다. ⚠️0행 뷰는 집계가 NULL·0 을 반환하므로 「값이 0이다」로 오독하지 말 것. 실측 규모는 이슈원장 §O51-F.,
WIDE_TARGET_BIZ,사업목표월(비정규화),WIDE,ANNUAL_CUM_GOAL_CNT,"NUMBER(18,4)",Y,,,연사업누계목표(건) (#154) 🔴[O51-F 실측] **본 뷰는 현재 0행이다**(E-6 외부 원천 미입고) — 이 컬럼이 비어 있는 것은 컬럼 결함이 아니라 **뷰 전체에 행이 없어서**다. 입고되면 자동으로 채워진다. ⚠️0행 뷰는 집계가 NULL·0 을 반환하므로 「값이 0이다」로 오독하지 말 것. 실측 규모는 이슈원장 §O51-F.,
WIDE_TARGET_BIZ,사업목표월(비정규화),WIDE,SUPP_CUM_GOAL_CNT,"NUMBER(18,4)",Y,,,추경누계목표(건) (#155) 🔴[O51-F 실측] **본 뷰는 현재 0행이다**(E-6 외부 원천 미입고) — 이 컬럼이 비어 있는 것은 컬럼 결함이 아니라 **뷰 전체에 행이 없어서**다. 입고되면 자동으로 채워진다. ⚠️0행 뷰는 집계가 NULL·0 을 반환하므로 「값이 0이다」로 오독하지 말 것. 실측 규모는 이슈원장 §O51-F.,
WIDE_TARGET_BIZ,사업목표월(비정규화),WIDE,DW_SOURCE_SYSTEM,VARCHAR,N,,,원천 시스템 식별 🔴[O51-F 실측] **본 뷰는 현재 0행이다**(E-6 외부 원천 미입고) — 이 컬럼이 비어 있는 것은 컬럼 결함이 아니라 **뷰 전체에 행이 없어서**다. 입고되면 자동으로 채워진다. ⚠️0행 뷰는 집계가 NULL·0 을 반환하므로 「값이 0이다」로 오독하지 말 것. 실측 규모는 이슈원장 §O51-F.,공통감사
WIDE_TARGET_BIZ,사업목표월(비정규화),WIDE,ORG_CORP,VARCHAR,Y,,,DIM_ORG.CORP — 법인 (#114). 🔴DIM_ORG 는 **SCD1**(DEC-2)이라 as-was 가 아니다 — 조직 개편 시 과거 사건에도 **현재 조직명**이 붙는다(조직 변경이력 원천·as-was 요구가 없어 SCD1 로 확정). 🔴[O51-F 실측] **본 뷰는 현재 0행이다**(E-6 외부 원천 미입고) — 이 컬럼이 비어 있는 것은 컬럼 결함이 아니라 **뷰 전체에 행이 없어서**다. 입고되면 자동으로 채워진다. ⚠️0행 뷰는 집계가 NULL·0 을 반환하므로 「값이 0이다」로 오독하지 말 것. 실측 규모는 이슈원장 §O51-F.,
WIDE_TARGET_BIZ,사업목표월(비정규화),WIDE,ORG_DIVISION,VARCHAR,Y,,,DIM_ORG.DIVISION — 본부/지부 (#115). 🔴SCD1(DEC-2) — current-value 이며 as-was 가 아니다. 🔴[O51-F 실측] **본 뷰는 현재 0행이다**(E-6 외부 원천 미입고) — 이 컬럼이 비어 있는 것은 컬럼 결함이 아니라 **뷰 전체에 행이 없어서**다. 입고되면 자동으로 채워진다. ⚠️0행 뷰는 집계가 NULL·0 을 반환하므로 「값이 0이다」로 오독하지 말 것. 실측 규모는 이슈원장 §O51-F.,
WIDE_TARGET_BIZ,사업목표월(비정규화),WIDE,ORG_DEPARTMENT,VARCHAR,Y,,,DIM_ORG.DEPARTMENT — 부서 (#116). 🔴SCD1(DEC-2) — current-value 이며 as-was 가 아니다. 🔴🔴「부서」는 축이 둘이다 — 이 컬럼은 **사건 부서**이고 획득 부서는 DIM_MEMBER_ACQUISITION.ACQ_DEPARTMENT 다(O34). 🔴[O51-F 실측] **본 뷰는 현재 0행이다**(E-6 외부 원천 미입고) — 이 컬럼이 비어 있는 것은 컬럼 결함이 아니라 **뷰 전체에 행이 없어서**다. 입고되면 자동으로 채워진다. ⚠️0행 뷰는 집계가 NULL·0 을 반환하므로 「값이 0이다」로 오독하지 말 것. 실측 규모는 이슈원장 §O51-F.,
WIDE_TARGET_BIZ,사업목표월(비정규화),WIDE,ORG_TEAM,VARCHAR,Y,,,DIM_ORG.TEAM — 팀. 🔴SCD1(DEC-2) — current-value 이며 as-was 가 아니다. 🔴[O51-F 실측] **본 뷰는 현재 0행이다**(E-6 외부 원천 미입고) — 이 컬럼이 비어 있는 것은 컬럼 결함이 아니라 **뷰 전체에 행이 없어서**다. 입고되면 자동으로 채워진다. ⚠️0행 뷰는 집계가 NULL·0 을 반환하므로 「값이 0이다」로 오독하지 말 것. 실측 규모는 이슈원장 §O51-F.,
WIDE_TARGET_BIZ,사업목표월(비정규화),WIDE,SPONSORSHIP_BK,VARCHAR,Y,BK,,DIM_SPONSORSHIP.SPONSORSHIP_BK — 후원사업 업무키 🔴[O51-F 실측] **본 뷰는 현재 0행이다**(E-6 외부 원천 미입고) — 이 컬럼이 비어 있는 것은 컬럼 결함이 아니라 **뷰 전체에 행이 없어서**다. 입고되면 자동으로 채워진다. ⚠️0행 뷰는 집계가 NULL·0 을 반환하므로 「값이 0이다」로 오독하지 말 것. 실측 규모는 이슈원장 §O51-F.,
WIDE_TARGET_BIZ,사업목표월(비정규화),WIDE,SPONSORSHIP_NAME,VARCHAR,Y,,,DIM_SPONSORSHIP.SPONSORSHIP_NAME — 후원사업 전체 (#123) 🔴[O51-F 실측] **본 뷰는 현재 0행이다**(E-6 외부 원천 미입고) — 이 컬럼이 비어 있는 것은 컬럼 결함이 아니라 **뷰 전체에 행이 없어서**다. 입고되면 자동으로 채워진다. ⚠️0행 뷰는 집계가 NULL·0 을 반환하므로 「값이 0이다」로 오독하지 말 것. 실측 규모는 이슈원장 §O51-F.,
WIDE_TARGET_BIZ,사업목표월(비정규화),WIDE,CAMPAIGN_BK,VARCHAR,Y,BK,,DIM_CAMPAIGN.CAMPAIGN_BK — 캠페인 업무키 🔴[O51-F 실측] **본 뷰는 현재 0행이다**(E-6 외부 원천 미입고) — 이 컬럼이 비어 있는 것은 컬럼 결함이 아니라 **뷰 전체에 행이 없어서**다. 입고되면 자동으로 채워진다. ⚠️0행 뷰는 집계가 NULL·0 을 반환하므로 「값이 0이다」로 오독하지 말 것. 실측 규모는 이슈원장 §O51-F.,
WIDE_TARGET_BIZ,사업목표월(비정규화),WIDE,CAMPAIGN_BRAND,VARCHAR,Y,,,DIM_CAMPAIGN.BRAND — 공통브랜드 (#117) 🔴[O51-F 실측] **본 뷰는 현재 0행이다**(E-6 외부 원천 미입고) — 이 컬럼이 비어 있는 것은 컬럼 결함이 아니라 **뷰 전체에 행이 없어서**다. 입고되면 자동으로 채워진다. ⚠️0행 뷰는 집계가 NULL·0 을 반환하므로 「값이 0이다」로 오독하지 말 것. 실측 규모는 이슈원장 §O51-F.,
WIDE_TARGET_BIZ,사업목표월(비정규화),WIDE,CAMPAIGN_NAME,VARCHAR,Y,,,DIM_CAMPAIGN.CAMPAIGN_NAME — 캠페인명 (#120) 🔴[O51-F 실측] **본 뷰는 현재 0행이다**(E-6 외부 원천 미입고) — 이 컬럼이 비어 있는 것은 컬럼 결함이 아니라 **뷰 전체에 행이 없어서**다. 입고되면 자동으로 채워진다. ⚠️0행 뷰는 집계가 NULL·0 을 반환하므로 「값이 0이다」로 오독하지 말 것. 실측 규모는 이슈원장 §O51-F.,
WIDE_TARGET_DEV,개발목표월(비정규화),WIDE,MONTH_KEY,"NUMBER(6,0)",N,,,목표월 YYYYMM,
WIDE_TARGET_DEV,개발목표월(비정규화),WIDE,CAL_YEAR,"NUMBER(13,0)",Y,,,FLOOR(MONTH_KEY/100) — 연도,
WIDE_TARGET_DEV,개발목표월(비정규화),WIDE,CAL_MONTH,"NUMBER(6,0)",Y,,,"MOD(MONTH_KEY,100) — 월",
WIDE_TARGET_DEV,개발목표월(비정규화),WIDE,DEV_TYPE,VARCHAR,N,,,개발구분 (#121 conform),
WIDE_TARGET_DEV,개발목표월(비정규화),WIDE,GOAL_CNT,"NUMBER(18,4)",Y,,,회원개발목표(건) (CRM TM_CM_MBER_DVLP_GOAL),
WIDE_TARGET_DEV,개발목표월(비정규화),WIDE,DW_SOURCE_SYSTEM,VARCHAR,N,,,원천 시스템 식별,공통감사
WIDE_TARGET_DEV,개발목표월(비정규화),WIDE,ORG_CORP,VARCHAR,Y,,,DIM_ORG.CORP — 법인 (#114). 🔴DIM_ORG 는 **SCD1**(DEC-2)이라 as-was 가 아니다 — 조직 개편 시 과거 사건에도 **현재 조직명**이 붙는다(조직 변경이력 원천·as-was 요구가 없어 SCD1 로 확정). 🔴🔴[O51-F 실측] **전건 NULL** — 원인은 팩트가 아니라 **차원 컬럼 자체가 비어 있다**: `DIM_ORG.CORP`. `DIM_ORG` 는 DEPARTMENT 만 채워져 있고 상위 계층 유도 규칙이 미확정이다(CONF-4). 실측 규모는 이슈원장 §O51-F.,
WIDE_TARGET_DEV,개발목표월(비정규화),WIDE,ORG_DIVISION,VARCHAR,Y,,,DIM_ORG.DIVISION — 본부/지부 (#115). 🔴SCD1(DEC-2) — current-value 이며 as-was 가 아니다. 🔴🔴[O51-F 실측] **전건 NULL** — 원인은 팩트가 아니라 **차원 컬럼 자체가 비어 있다**: `DIM_ORG.DIVISION`. `DIM_ORG` 는 DEPARTMENT 만 채워져 있고 상위 계층 유도 규칙이 미확정이다(CONF-4). 실측 규모는 이슈원장 §O51-F.,
WIDE_TARGET_DEV,개발목표월(비정규화),WIDE,ORG_DEPARTMENT,VARCHAR,Y,,,DIM_ORG.DEPARTMENT — 부서 (#116). 🔴SCD1(DEC-2) — current-value 이며 as-was 가 아니다. 🔴🔴「부서」는 축이 둘이다 — 이 컬럼은 **사건 부서**이고 획득 부서는 DIM_MEMBER_ACQUISITION.ACQ_DEPARTMENT 다(O34).,
WIDE_TARGET_DEV,개발목표월(비정규화),WIDE,ORG_TEAM,VARCHAR,Y,,,DIM_ORG.TEAM — 팀. 🔴SCD1(DEC-2) — current-value 이며 as-was 가 아니다. 🔴🔴[O51-F 실측] **전건 NULL** — 원인은 팩트가 아니라 **차원 컬럼 자체가 비어 있다**: `DIM_ORG.TEAM`. `DIM_ORG` 는 DEPARTMENT 만 채워져 있고 상위 계층 유도 규칙이 미확정이다(CONF-4). 실측 규모는 이슈원장 §O51-F.,
