TABLE_SCHEMA,TABLE_NAME,COLUMN_NAME,DATA_TYPE,COMMENT,ROW_CNT,NONNULL_CNT,NDV,PROFILED_AT
SILVER,CRM_RELATION_ACTIVITY,ACTIVITY_KEY,TEXT,결연활동 대체키 (PK),401721,401721,399287,2026-10-08 02:13:45.417000
SILVER,CRM_RELATION_ACTIVITY,ACTIVITY_TYPE,TEXT,활동유형 파생 (서신/선물금),401721,401721,2,2026-10-08 02:13:45.417000
SILVER,CRM_RELATION_ACTIVITY,RELATNSP_KEY,NUMBER,결연키 (→CRM_SPONSOR_RELATION),401721,401721,143199,2026-10-08 02:13:45.417000
SILVER,CRM_RELATION_ACTIVITY,MNG_NO,TEXT,관리번호,401721,401721,434,2026-10-08 02:13:45.417000
SILVER,CRM_RELATION_ACTIVITY,GFTMNEY,NUMBER,선물금 (원단위),401721,184679,54,2026-10-08 02:13:45.417000
SILVER,CRM_RELATION_ACTIVITY,LETTER_DIV_CD,NUMBER,서신구분코드,401721,217042,3,2026-10-08 02:13:45.417000
SILVER,CRM_RELATION_ACTIVITY,LETTER_STAT_CD,NUMBER,편지상태코드 [원천: BRONZE_CRM.TM_RM_RELATNSP_LETTER_INFO],401721,217042,3,2026-10-08 02:13:45.417000
SILVER,CRM_RELATION_ACTIVITY,LANG_CD,TEXT,언어코드 [원천: BRONZE_CRM.TM_RM_RELATNSP_LETTER_INFO],401721,206141,391,2026-10-08 02:13:45.417000
SILVER,CRM_RELATION_ACTIVITY,ONLINE_POST_WRITNG_YN,TEXT,온라인우편작성여부 [원천: BRONZE_CRM.TM_RM_RELATNSP_LETTER_INFO],401721,216839,2,2026-10-08 02:13:45.417000
SILVER,CRM_RELATION_ACTIVITY,ONLINE_INFLOW_CD,NUMBER,온라인유입코드 [원천: BRONZE_CRM.TM_RM_RELATNSP_LETTER_INFO],401721,173916,3,2026-10-08 02:13:45.417000
SILVER,CRM_RELATION_ACTIVITY,UNREPLY_RSN_CD,NUMBER,미답신사유코드 [원천: BRONZE_CRM.TM_RM_RELATNSP_LETTER_INFO · BRONZE_CRM.TM_RM_RELATNSP_GFTMNEY_INFO],401721,17042,3,2026-10-08 02:13:45.417000
SILVER,CRM_RELATION_ACTIVITY,MBRFEE_KEY,NUMBER,회비KEY [원천: BRONZE_CRM.TM_RM_RELATNSP_GFTMNEY_INFO],401721,184679,187929,2026-10-08 02:13:45.417000
SILVER,CRM_RELATION_ACTIVITY,SETLE_CD,TEXT,결제코드 [원천: BRONZE_CRM.TM_RM_RELATNSP_GFTMNEY_INFO],401721,184676,11,2026-10-08 02:13:45.417000
SILVER,CRM_RELATION_ACTIVITY,GFT_DIV_CD,TEXT,선물구분코드 [원천: BRONZE_CRM.TM_RM_RELATNSP_GFTMNEY_INFO],401721,169023,7,2026-10-08 02:13:45.417000
SILVER,CRM_RELATION_ACTIVITY,GFTMNEY_DOLLAR_AMT,TEXT,선물금미화금액 [원천: BRONZE_CRM.TM_RM_RELATNSP_GFTMNEY_INFO],401721,163426,50,2026-10-08 02:13:45.417000
SILVER,CRM_RELATION_ACTIVITY,TRNSFER_YN,TEXT,이관여부 [원천: BRONZE_CRM.TM_RM_RELATNSP_GFTMNEY_INFO],401721,146639,3,2026-10-08 02:13:45.417000
SILVER,BIGQUERY_DEVICE,DEVICE_TYPE,TEXT,디바이스 유형 파생. 값 = PC / M (APP 휴면·O2).,834,834,3,2026-10-08 02:13:43.468000
SILVER,BIGQUERY_DEVICE,PLATFORM,TEXT,플랫폼. 값 = WEB (ANDROID/IOS 미입고). [사유:원천 미입고],834,834,1,2026-10-08 02:13:43.468000
SILVER,BIGQUERY_DEVICE,DEVICE_CATEGORY,TEXT,디바이스 카테고리 (원본),834,834,4,2026-10-08 02:13:43.468000
SILVER,BIGQUERY_DEVICE,OS,TEXT,운영체제,834,829,9,2026-10-08 02:13:43.468000
SILVER,BIGQUERY_DEVICE,BROWSER,TEXT,브라우저,834,830,23,2026-10-08 02:13:43.468000
SILVER,BIGQUERY_DEVICE,LANGUAGE,TEXT,언어,834,834,175,2026-10-08 02:13:43.468000
SILVER,CRM_CAMPAIGN,CMPGN_CD,TEXT,캠페인코드 (PK),37204,37204,37275,2026-10-08 02:13:41.470000
SILVER,CRM_CAMPAIGN,CMPGN_NM,TEXT,캠페인명,37204,37204,28958,2026-10-08 02:13:41.470000
SILVER,CRM_CAMPAIGN,UPPER_CMPGN_CD,TEXT,상위캠페인코드 (자기참조),37204,35728,1346,2026-10-08 02:13:41.470000
SILVER,CRM_CAMPAIGN,UPPER_CMPGN_YN,TEXT,상위캠페인 여부 (Y/N),37204,37204,2,2026-10-08 02:13:41.470000
SILVER,CRM_CAMPAIGN,BRND_ID,TEXT,브랜드ID,37204,35728,84,2026-10-08 02:13:41.470000
SILVER,CRM_CAMPAIGN,BRND_NM,TEXT,브랜드명,37204,35728,84,2026-10-08 02:13:41.470000
SILVER,CRM_CAMPAIGN,PR_MTH_CD,TEXT,홍보방법코드,37204,35728,95,2026-10-08 02:13:41.470000
SILVER,CRM_CAMPAIGN,PROMO_METHOD_NAME,TEXT,홍보방법명. 코드id:CM008.,37204,35728,93,2026-10-08 02:13:41.470000
SILVER,CRM_CAMPAIGN,PARENT_CAMPAIGN_NAME,TEXT,상위캠페인명.,37204,35728,1354,2026-10-08 02:13:41.470000
SILVER,CRM_CAMPAIGN,SPNSR_BSNS_ID,TEXT,후원사업ID (Q16 조인키),37204,35728,481,2026-10-08 02:13:41.470000
SILVER,CRM_CAMPAIGN,CMPGN_TRGET_CD,TEXT,캠페인대상 코드 raw. 코드id:CM002.,37204,35728,10,2026-10-08 02:13:41.470000
SILVER,CRM_CAMPAIGN,CPR_DIV_CD,TEXT,법인구분 코드 raw. 코드id:CM019.,37204,35728,3,2026-10-08 02:13:41.470000
SILVER,CRM_CAMPAIGN,CPR_DIV_NM,TEXT,법인구분명 — CPR_DIV_CD 라벨,37204,35728,3,2026-10-08 02:13:41.470000
SILVER,CRM_CAMPAIGN,SPNSR_DIV_CD,TEXT,후원구분 코드 raw. 코드id:CM035.,37204,35728,2,2026-10-08 02:13:41.470000
SILVER,CRM_CAMPAIGN,SPNSR_DIV_NM,TEXT,후원구분명 — SPNSR_DIV_CD 라벨,37204,35728,2,2026-10-08 02:13:41.470000
SILVER,CRM_CAMPAIGN,CMPGN_CTGR_CD,NUMBER,CMPGN_CTGR_CD. 코드id:MM294.,37204,35294,59,2026-10-08 02:13:41.470000
SILVER,CRM_CAMPAIGN,CMPGN_CTGR_NM,TEXT,CMPGN_CTGR_NM. 코드id:MM294.,37204,35294,59,2026-10-08 02:13:41.470000
SILVER,CRM_CAMPAIGN,MBER_INFLOW_PATH_CD,NUMBER,MBER_INFLOW_PATH_CD. 코드id:MM293.,37204,35294,12,2026-10-08 02:13:41.470000
SILVER,CRM_CAMPAIGN,MBER_INFLOW_PATH_NM,TEXT,MBER_INFLOW_PATH_NM. 코드id:MM293.,37204,35294,12,2026-10-08 02:13:41.470000
SILVER,CRM_CAMPAIGN,CMPGN_TYPE1_BSN,NUMBER,CMPGN_TYPE1_BSN. 코드id:MM295.,37204,35294,4,2026-10-08 02:13:41.470000
SILVER,CRM_CAMPAIGN,CMPGN_TYPE1_NM,TEXT,캠페인 유형1명 (MM295 라벨): 국내 / 통합 / 해외. 코드id:MM295.,37204,35294,4,2026-10-08 02:13:41.470000
SILVER,CRM_CAMPAIGN,CMPGN_TYPE2_BSN,NUMBER,CMPGN_TYPE2_BSN. 코드id:MM296.,37204,35294,4,2026-10-08 02:13:41.470000
SILVER,CRM_CAMPAIGN,CMPGN_TYPE2_NM,TEXT,CMPGN_TYPE2_NM. 코드id:MM296.,37204,35294,4,2026-10-08 02:13:41.470000
SILVER,CRM_CAMPAIGN,MKTG_CMPGN_NM,NUMBER,마케팅 캠페인코드 (TC_MKTNG_DTL_CD C001 대응 · _NM이나 실제 FK),37204,35294,591,2026-10-08 02:13:41.470000
SILVER,CRM_CAMPAIGN,MK_CMPGN_NM,TEXT,마케팅 캠페인명 (TC_MKTNG_DTL_CD C001 라벨),37204,35294,583,2026-10-08 02:13:41.470000
SILVER,CRM_CAMPAIGN,CMMN_BRND,NUMBER,MM297 공통브랜드 코드. 라벨=CMMN_BRND_NM. 코드id:MM297.,37204,35294,17,2026-10-08 02:13:41.470000
SILVER,CRM_CAMPAIGN,CMMN_BRND_NM,TEXT,MM297 공통브랜드명,37204,35294,17,2026-10-08 02:13:41.470000
SILVER,CRM_CAMPAIGN,MKTG_UTM,NUMBER,마케팅 UTM 코드 (TC_MKTNG_DTL_CD U001 대응),37204,19512,255,2026-10-08 02:13:41.470000
SILVER,CRM_CAMPAIGN,MKTG_UTM_NM,TEXT,마케팅 UTM 라벨 (TC_MKTNG_DTL_CD U001 라벨),37204,19512,248,2026-10-08 02:13:41.470000
SILVER,CRM_CAMPAIGN,MKTG_CHANNEL,NUMBER,마케팅 채널 코드 (TM_CM_CMPGN_MNG.MKTG_CHANNEL · TC_MKTNG_DTL_CD C002 대응),37204,35294,126,2026-10-08 02:13:41.470000
SILVER,CRM_CAMPAIGN,MKTG_CHANNEL_NM,TEXT,마케팅 채널명 (TC_MKTNG_DTL_CD C002 라벨),37204,35294,126,2026-10-08 02:13:41.470000
SILVER,CRM_CAMPAIGN,CMPGN_STRT_DE,TEXT,캠페인 시작일 YYYYMMDD,37204,35728,3297,2026-10-08 02:13:41.470000
SILVER,CRM_CAMPAIGN,USE_DEPT_CD,TEXT,사용부서코드 [원천: BRONZE_CRM.TM_CM_CMPGN_MNG],37204,34368,113,2026-10-08 02:13:41.470000
SILVER,CRM_CAMPAIGN,USE_SCOPE,TEXT,사용범위 [원천: BRONZE_CRM.TM_CM_CMPGN_MNG],37204,35728,3,2026-10-08 02:13:41.470000
SILVER,CRM_CAMPAIGN,USE_YN,TEXT,사용여부 [원천: BRONZE_CRM.TM_CM_CMPGN_MNG],37204,37204,2,2026-10-08 02:13:41.470000
SILVER,CRM_CAMPAIGN,CMPGN_PRPT_YN,TEXT,캠페인특성여부 [원천: BRONZE_CRM.TM_CM_CMPGN_MNG],37204,22525,2,2026-10-08 02:13:41.470000
SILVER,CRM_CAMPAIGN,SPNSR_ENTRPRS_ID,TEXT,후원기업ID [원천: BRONZE_CRM.TM_CM_CMPGN_MNG],37204,3184,371,2026-10-08 02:13:41.470000
SILVER,CRM_CAMPAIGN,EMRGNCY_AID_BPLC_CD,NUMBER,긴급구호사업장코드 [원천: BRONZE_CRM.TM_CM_CMPGN_MNG],37204,5247,13,2026-10-08 02:13:41.470000
SILVER,CRM_CAMPAIGN,BRND_USE_YN,TEXT,사용여부 [원천: BRONZE_CRM.TM_CM_BRND_MNG],37204,35728,2,2026-10-08 02:13:41.470000
SILVER,CRM_MSG_TEMPLATE_BUTTON,TMPLAT_ID,TEXT,템플릿ID [원천: BRONZE_CRM.TD_MS_AT_TMPLAT_BTN_LIST],5694,5694,5242,2026-10-08 02:13:39.922000
SILVER,CRM_MSG_TEMPLATE_BUTTON,BTN_SEQ,NUMBER,버튼순번 [원천: BRONZE_CRM.TD_MS_AT_TMPLAT_BTN_LIST],5694,5694,5595,2026-10-08 02:13:39.922000
SILVER,CRM_MSG_TEMPLATE_BUTTON,BTN_TY_CD,TEXT,버튼유형코드 [원천: BRONZE_CRM.TD_MS_AT_TMPLAT_BTN_LIST],5694,5694,2,2026-10-08 02:13:39.922000
SILVER,CRM_MSG_TEMPLATE_BUTTON,BTN_NM,TEXT,버튼명 [원천: BRONZE_CRM.TD_MS_AT_TMPLAT_BTN_LIST],5694,5694,708,2026-10-08 02:13:39.922000
SILVER,CRM_MSG_TEMPLATE_BUTTON,ANDROID_URL,TEXT,안드로이드URL [원천: BRONZE_CRM.TD_MS_AT_TMPLAT_BTN_LIST],5694,59,23,2026-10-08 02:13:39.922000
SILVER,CRM_MSG_TEMPLATE_BUTTON,IOS_URL,TEXT,IOSURL [원천: BRONZE_CRM.TD_MS_AT_TMPLAT_BTN_LIST],5694,60,24,2026-10-08 02:13:39.922000
SILVER,CRM_MSG_TEMPLATE_BUTTON,MOBILE_URL,TEXT,모바일URL [원천: BRONZE_CRM.TD_MS_AT_TMPLAT_BTN_LIST],5694,5646,2811,2026-10-08 02:13:39.922000
SILVER,CRM_MSG_TEMPLATE_BUTTON,PC_URL,TEXT,PCURL [원천: BRONZE_CRM.TD_MS_AT_TMPLAT_BTN_LIST],5694,4036,1862,2026-10-08 02:13:39.922000
SILVER,CRM_PAYMENT_METHOD_HIST,SETLE_KEY,NUMBER,결제KEY [원천: BRONZE_CRM.TH_PM_SETLE_INFO_HIST],1100916,1100916,1100555,2026-10-08 02:13:37.054000
SILVER,CRM_PAYMENT_METHOD_HIST,MBER_NO,TEXT,회원번호 [원천: BRONZE_CRM.TH_PM_SETLE_INFO_HIST],1100916,1100916,468591,2026-10-08 02:13:37.054000
SILVER,CRM_PAYMENT_METHOD_HIST,CPR_DIV_CD,TEXT,법인구분코드 [원천: BRONZE_CRM.TH_PM_SETLE_INFO_HIST],1100916,1100916,2,2026-10-08 02:13:37.054000
SILVER,CRM_PAYMENT_METHOD_HIST,SETLE_CD,TEXT,결제코드 [원천: BRONZE_CRM.TH_PM_SETLE_INFO_HIST],1100916,1100916,6,2026-10-08 02:13:37.054000
SILVER,CRM_PAYMENT_METHOD_HIST,WTDRW_ASMT_SQNC,NUMBER,출금지정차수 [원천: BRONZE_CRM.TH_PM_SETLE_INFO_HIST],1100916,1100914,2,2026-10-08 02:13:37.054000
SILVER,CRM_PAYMENT_METHOD_HIST,FNLT_DIV_CD,TEXT,금융기관구분코드 [원천: BRONZE_CRM.TH_PM_SETLE_INFO_HIST],1100916,1039068,3,2026-10-08 02:13:37.054000
SILVER,CRM_PAYMENT_METHOD_HIST,FNLT_CD,TEXT,금융기관코드 [원천: BRONZE_CRM.TH_PM_SETLE_INFO_HIST],1100916,333817,106,2026-10-08 02:13:37.054000
SILVER,CRM_PAYMENT_METHOD_HIST,SETLE_ENTRPS_CD,TEXT,결제업체코드 [원천: BRONZE_CRM.TH_PM_SETLE_INFO_HIST],1100916,1037916,56,2026-10-08 02:13:37.054000
SILVER,CRM_PAYMENT_METHOD_HIST,ACNUT_SER_NO,NUMBER,카드유효기간 [원천: BRONZE_CRM.TH_PM_SETLE_INFO_HIST],1100916,21755,13,2026-10-08 02:13:37.054000
SILVER,CRM_PAYMENT_METHOD_HIST,CARD_DIV_CD,TEXT,카드구분코드 [원천: BRONZE_CRM.TH_PM_SETLE_INFO_HIST],1100916,467130,3,2026-10-08 02:13:37.054000
SILVER,CRM_PAYMENT_METHOD_HIST,ETC_CTTPC_REL_CD,TEXT,기타연락처관계코드 [원천: BRONZE_CRM.TH_PM_SETLE_INFO_HIST],1100916,74594,14,2026-10-08 02:13:37.054000
SILVER,CRM_PAYMENT_METHOD_HIST,PAYER_MBER_REL_CD,TEXT,결제자회원관계코드 [원천: BRONZE_CRM.TH_PM_SETLE_INFO_HIST],1100916,984985,14,2026-10-08 02:13:37.054000
SILVER,CRM_PAYMENT_METHOD_HIST,CRTFC_MTH_CD,TEXT,인증방법코드 [원천: BRONZE_CRM.TH_PM_SETLE_INFO_HIST],1100916,712540,5,2026-10-08 02:13:37.054000
SILVER,CRM_PAYMENT_METHOD_HIST,FILE_SIZE,NUMBER,파일크기 [원천: BRONZE_CRM.TH_PM_SETLE_INFO_HIST],1100916,346349,40639,2026-10-08 02:13:37.054000
SILVER,CRM_PAYMENT_METHOD_HIST,SETLE_STAT_CD,TEXT,결제상태코드 [원천: BRONZE_CRM.TH_PM_SETLE_INFO_HIST],1100916,1100914,8,2026-10-08 02:13:37.054000
SILVER,CRM_PAYMENT_METHOD_HIST,BF_SETLE_STAT_CD,TEXT,이전결제상태코드 [원천: BRONZE_CRM.TH_PM_SETLE_INFO_HIST],1100916,875662,9,2026-10-08 02:13:37.054000
SILVER,CRM_PAYMENT_METHOD_HIST,RQST_DIV_CD,TEXT,신청구분코드 [원천: BRONZE_CRM.TH_PM_SETLE_INFO_HIST],1100916,567599,6,2026-10-08 02:13:37.054000
SILVER,CRM_PAYMENT_METHOD_HIST,RCEPT_DIV_CD,TEXT,접수구분코드 [원천: BRONZE_CRM.TH_PM_SETLE_INFO_HIST],1100916,567589,6,2026-10-08 02:13:37.054000
SILVER,CRM_PAYMENT_METHOD_HIST,APRV_YN,TEXT,승인여부 [원천: BRONZE_CRM.TH_PM_SETLE_INFO_HIST],1100916,1093862,2,2026-10-08 02:13:37.054000
SILVER,CRM_PAYMENT_METHOD_HIST,APRV_REQUST_KEY,NUMBER,승인요청KEY [원천: BRONZE_CRM.TH_PM_SETLE_INFO_HIST],1100916,331994,288241,2026-10-08 02:13:37.054000
SILVER,CRM_PAYMENT_METHOD_HIST,APRV_RST_KEY,NUMBER,승인결과KEY [원천: BRONZE_CRM.TH_PM_SETLE_INFO_HIST],1100916,468276,405000,2026-10-08 02:13:37.054000
SILVER,CRM_PAYMENT_METHOD_HIST,RQEST_EXCL_YN,TEXT,청구제외여부 [원천: BRONZE_CRM.TH_PM_SETLE_INFO_HIST],1100916,1100914,2,2026-10-08 02:13:37.054000
SILVER,CRM_PAYMENT_METHOD_HIST,APPLCNT_ETC_CTTPC_REL_CD,TEXT,신청자기타연락처관계코드 [원천: BRONZE_CRM.TH_PM_SETLE_INFO_HIST],1100916,80181,14,2026-10-08 02:13:37.054000
SILVER,CRM_PAYMENT_METHOD_HIST,APPLCNT_MBER_REL_CD,TEXT,신청자회원관계코드 [원천: BRONZE_CRM.TH_PM_SETLE_INFO_HIST],1100916,1060771,14,2026-10-08 02:13:37.054000
SILVER,CRM_PAYMENT_METHOD_HIST,BF_SETLE_KEY,NUMBER,이전결제KEY [원천: BRONZE_CRM.TH_PM_SETLE_INFO_HIST],1100916,375807,374093,2026-10-08 02:13:37.054000
SILVER,CRM_PAYMENT_METHOD_HIST,OPERT_DIV_CD,TEXT,작업구분코드 [원천: BRONZE_CRM.TH_PM_SETLE_INFO_HIST],1100916,240095,6,2026-10-08 02:13:37.054000
SILVER,CRM_PAYMENT_METHOD_HIST,CRTFC_TY_CD,TEXT,인증유형코드 [원천: BRONZE_CRM.TH_PM_SETLE_INFO_HIST],1100916,570030,6,2026-10-08 02:13:37.054000
SILVER,CRM_PAYMENT_METHOD_HIST,USE_YN,TEXT,사용여부 [원천: BRONZE_CRM.TH_PM_SETLE_INFO_HIST],1100916,1100914,2,2026-10-08 02:13:37.054000
SILVER,AGENCY_AD_ROW_VIDEO,AD_PERF_DK,TEXT,행 식별자 — 본 테이블이 발급 단일지점,48115,48115,48962,2026-10-08 02:13:34.341000
SILVER,AGENCY_AD_ROW_VIDEO,AD_SOURCE_TYPE,TEXT,광고유형 상수 VIDEO,48115,48115,1,2026-10-08 02:13:34.341000
SILVER,AGENCY_AD_ROW_VIDEO,ROW_HASH,TEXT,원천 전컬럼 해시,48115,48115,47670,2026-10-08 02:13:34.341000
SILVER,AGENCY_AD_ROW_VIDEO,DUP_SEQ,NUMBER,전컬럼 중복 그룹 내 순번(최대 3중복),48115,48115,3,2026-10-08 02:13:34.341000
SILVER,AGENCY_AD_ROW_VIDEO,CHNNL_NM,TEXT,[원천보존] 채널명,48115,48115,51,2026-10-08 02:13:34.341000
SILVER,AGENCY_AD_ROW_VIDEO,DOW,TEXT,[원천보존] 요일 텍스트,48115,47354,7,2026-10-08 02:13:34.341000
SILVER,AGENCY_AD_ROW_VIDEO,TIME_RNG,TEXT,[원천보존] 시간대,48115,36764,16,2026-10-08 02:13:34.341000
SILVER,AGENCY_AD_ROW_VIDEO,DAY_DIV_NM,TEXT,[원천보존] 요일구분(주중/토/일),48115,36764,3,2026-10-08 02:13:34.341000
SILVER,AGENCY_AD_ROW_VIDEO,PRG_STRT_TIME,TEXT,[원천보존] 프로그램 시작시간,48115,34621,1602,2026-10-08 02:13:34.341000
SILVER,AGENCY_AD_ROW_VIDEO,SCHDL_NM,TEXT,[원천보존] 편성명,48115,35624,1722,2026-10-08 02:13:34.341000
SILVER,AGENCY_AD_ROW_VIDEO,CM,TEXT,[원천보존] CM 구분,48115,35624,5,2026-10-08 02:13:34.341000
SILVER,AGENCY_AD_ROW_VIDEO,CM_AREA,TEXT,[원천보존] CM위치,48115,34437,16,2026-10-08 02:13:34.341000
SILVER,AGENCY_AD_ROW_VIDEO,AD_STRT_TIME,TEXT,[원천보존] 광고시작시간,48115,35440,23645,2026-10-08 02:13:34.341000
SILVER,AGENCY_AD_ROW_VIDEO,AD_END_TIME,TEXT,[원천보존] 광고종료시간,48115,17712,13136,2026-10-08 02:13:34.341000
SILVER,AGENCY_AD_ROW_VIDEO,SPOT_TY,TEXT,[원천보존] SPOT유형,48115,16709,4,2026-10-08 02:13:34.341000
SILVER,AGENCY_AD_ROW_VIDEO,AD_SEC,TEXT,[원천보존] 광고 초수(TEXT),48115,35660,7,2026-10-08 02:13:34.341000
SILVER,AGENCY_AD_ROW_VIDEO,UPPER_CMPGN_NM,TEXT,[원천보존] 상위 캠페인명,48115,3963,15,2026-10-08 02:13:34.341000
SILVER,AGENCY_AD_ROW_VIDEO,MATR_NM,TEXT,[원천보존] 소재명,48115,47642,222,2026-10-08 02:13:34.341000
SILVER,AGENCY_AD_ROW_VIDEO,DMST_OVSEA_DIV_NM,TEXT,[원천보존] 캠페인유형(국내/해외),48115,45304,3,2026-10-08 02:13:34.341000
SILVER,AGENCY_AD_ROW_VIDEO,BSNS_CASE_DIV_NM,TEXT,[원천보존] 캠페인유형(사업/사례),48115,45304,4,2026-10-08 02:13:34.341000
SILVER,AGENCY_AD_ROW_VIDEO,CMPGN_TY_NM,TEXT,[원천보존] 캠페인유형명,48115,48115,7,2026-10-08 02:13:34.341000
SILVER,AGENCY_AD_ROW_VIDEO,CHNNL_CMPNY_TY_NM,TEXT,[원천보존] 채널사유형,48115,44707,9,2026-10-08 02:13:34.341000
SILVER,AGENCY_AD_ROW_VIDEO,WEEK,TEXT,[원천보존] 주차 텍스트,48115,48114,16,2026-10-08 02:13:34.341000
SILVER,AGENCY_AD_ROW_VIDEO,MONTH,TEXT,[원천보존] 월 텍스트 (O182 신규 · 「03월」 형태 혼재),48115,48115,24,2026-10-08 02:13:34.341000
SILVER,AGENCY_AD_ROW_VIDEO,AD_TY_NM,TEXT,[원천보존] 광고유형 TV/CTV/기타/미확인 (O182 신규 · 구 CTV_DIV_NM 자리),48115,48115,4,2026-10-08 02:13:34.341000
SILVER,AGENCY_AD_ROW_VIDEO,BDGT_SOURCE_NM,TEXT,[원천보존] 예산출처 (O182 신규),48115,48115,1,2026-10-08 02:13:34.341000
SILVER,AGENCY_AD_ROW_VIDEO,DEVICE_NM,TEXT,[원천보존] 기기 (O182 신규),48115,45304,4,2026-10-08 02:13:34.341000
SILVER,AGENCY_AD_ROW_VIDEO,YEAR,TEXT,[원천보존] 연도 텍스트,48115,45304,3,2026-10-08 02:13:34.341000
SILVER,AGENCY_AD_ROW_VIDEO,DAY,TEXT,[원천보존] 일자 텍스트 (O182 신규),48115,45304,31,2026-10-08 02:13:34.341000
SILVER,AGENCY_AD_ROW_VIDEO,CMPGN_NM,TEXT,[원천보존] 캠페인명 (O182 신규 · 구 MKT_CMPGN_NM 자리 · CTV 시트만 채움),48115,3336,24,2026-10-08 02:13:34.341000
SILVER,AGENCY_AD_ROW_VIDEO,MATR_TY_NM,TEXT,[원천보존] 소재유형 (O182 신규),48115,2897,2,2026-10-08 02:13:34.341000
SILVER,CRM_CHILD,CHILD_CD,NUMBER,아동코드 [원천: BRONZE_CRM.TM_RM_CHILD_MSTR_INFO],508051,508051,511313,2026-10-08 02:13:32.630000
SILVER,CRM_CHILD,CHILD_NO,TEXT,아동번호 [원천: BRONZE_CRM.TM_RM_CHILD_MSTR_INFO],508051,508051,499597,2026-10-08 02:13:32.630000
SILVER,CRM_CHILD,BPLC_CD,TEXT,사업장코드 [원천: BRONZE_CRM.TM_RM_CHILD_MSTR_INFO],508051,508051,261,2026-10-08 02:13:32.630000
SILVER,CRM_CHILD,SEX,TEXT,성별 [원천: BRONZE_CRM.TM_RM_CHILD_MSTR_INFO],508051,508050,4,2026-10-08 02:13:32.630000
SILVER,CRM_CHILD,RELATNSP_STAT_CD,TEXT,결연상태코드 [원천: BRONZE_CRM.TM_RM_CHILD_MSTR_INFO],508051,508051,3,2026-10-08 02:13:32.630000
SILVER,CRM_CHILD,CHILD_STAT_CD,TEXT,아동상태코드 [원천: BRONZE_CRM.TM_RM_CHILD_MSTR_INFO],508051,508051,7,2026-10-08 02:13:32.630000
SILVER,CRM_CHILD,CHILD_DTL_STAT_CD,TEXT,아동상세상태코드 [원천: BRONZE_CRM.TM_RM_CHILD_MSTR_INFO],508051,508051,14,2026-10-08 02:13:32.630000
SILVER,CRM_CHILD,REGIST_DIV_CD,TEXT,등록구분코드 [원천: BRONZE_CRM.TM_RM_CHILD_MSTR_INFO],508051,413038,3,2026-10-08 02:13:32.630000
SILVER,CRM_CHILD,MNYRS_NATION_CD,TEXT,모금국가코드 [원천: BRONZE_CRM.TM_RM_CHILD_MSTR_INFO],508051,508051,6,2026-10-08 02:13:32.630000
SILVER,CRM_CHILD,CMS_CHILD_NO,TEXT,CMS아동번호 [원천: BRONZE_CRM.TM_RM_CHILD_MSTR_INFO],508051,504230,504787,2026-10-08 02:13:32.630000
SILVER,ERP_BUDGET,BUDGET_ITEM_DK,TEXT,불변 비즈니스 식별자,3096,3096,182,2026-10-08 02:13:30.977000
SILVER,ERP_BUDGET,BUDGET_YEAR,NUMBER,예산연도 YYYY,3096,3096,3,2026-10-08 02:13:30.977000
SILVER,ERP_BUDGET,BUDGET_PROCEDURE,TEXT,예산 편성 차수 (연사업 / 추가경정 · DEC-44),3096,3096,2,2026-10-08 02:13:30.977000
SILVER,ERP_BUDGET,DVLP_INBOUND_PATH,TEXT,개발 유입경로 (원천 DVLP_INBOUND_PATH 승계),3096,1500,7,2026-10-08 02:13:30.977000
SILVER,ERP_BUDGET,BDGT_UNIT_NM,TEXT,예산단위명 (원천 BDGT_UNIT_NM 승계),3096,3096,6,2026-10-08 02:13:30.977000
SILVER,ERP_BUDGET,MONTH_NO,NUMBER,월 1~12 (PK),3096,3096,12,2026-10-08 02:13:30.977000
SILVER,ERP_BUDGET,MONTH_KEY,TEXT,월키 YYYYMM,3096,3096,36,2026-10-08 02:13:30.977000
SILVER,ERP_BUDGET,YEAR_BUDGET_AMT,NUMBER,편성(연예산) 금액 원단위,3096,3096,260,2026-10-08 02:13:30.977000
SILVER,ERP_BUDGET,CHN_BUDGET_AMT,NUMBER,추경 금액 원단위,3096,3096,1,2026-10-08 02:13:30.977000
SILVER,ERP_BUDGET,ADJ_BUDGET_AMT,NUMBER,조정 금액 원단위,3096,3096,1,2026-10-08 02:13:30.977000
SILVER,ERP_BUDGET,EXEC_AMT,NUMBER,집행 금액 원단위,3096,3096,384,2026-10-08 02:13:30.977000
SILVER,ERP_BUDGET,DIRECT_MNYRS_YN_1,TEXT,직접모금비1 플래그 원천 그대로 [원천: BRONZE_ERP.BDGT_ACMSLT_LEDGER: 직접모금비1] — 모금성비용 판정 입력 · 🔴 YN_1/YN_2 범위 차이 현업 회신 대기(문서20 -009),3096,1092,1,2026-10-08 02:13:30.977000
SILVER,ERP_BUDGET,DIRECT_MNYRS_YN_2,TEXT,직접모금비2 플래그 원천 그대로 [원천: BRONZE_ERP.BDGT_ACMSLT_LEDGER: 직접모금비2] — 모금성비용 판정 입력 · 🔴 YN_1/YN_2 범위 차이 현업 회신 대기(문서20 -009),3096,1500,1,2026-10-08 02:13:30.977000
SILVER,CRM_SEND_REQUEST,SNDNG_KEY,NUMBER,발송키 (PK),1904889,1904889,1836969,2026-10-08 02:13:28.774000
SILVER,CRM_SEND_REQUEST,SEND_CHANNEL,TEXT,발송채널 (SND/SMS/EMAIL 등),1904889,1904889,4,2026-10-08 02:13:28.774000
SILVER,CRM_SEND_REQUEST,SNDNG_TY_CD,TEXT,발송유형코드,1904889,1902675,4,2026-10-08 02:13:28.774000
SILVER,CRM_SEND_REQUEST,SEND_GBN_TOP,TEXT,발송구분 대분류코드,1904889,2210,12,2026-10-08 02:13:28.774000
SILVER,CRM_SEND_REQUEST,SEND_GBN_TOP_NM,TEXT,발송구분 대분류명,1904889,2210,9,2026-10-08 02:13:28.774000
SILVER,CRM_SEND_REQUEST,SEND_GBN_MID,TEXT,발송구분 중분류코드,1904889,2210,16,2026-10-08 02:13:28.774000
SILVER,CRM_SEND_REQUEST,SEND_GBN_MID_NM,TEXT,발송구분 중분류명,1904889,2210,29,2026-10-08 02:13:28.774000
SILVER,CRM_SEND_REQUEST,SEND_GBN_BOT,TEXT,발송구분 소분류코드,1904889,2210,46,2026-10-08 02:13:28.774000
SILVER,CRM_SEND_REQUEST,SEND_GBN_BOT_NM,TEXT,발송구분 소분류명,1904889,2210,61,2026-10-08 02:13:28.774000
SILVER,CRM_SEND_REQUEST,TIT,TEXT,발송 제목,1904889,1740423,34339,2026-10-08 02:13:28.774000
SILVER,CRM_SEND_REQUEST,REQ_SEQ_NO,NUMBER,요청 일련번호,1904889,2210,2178,2026-10-08 02:13:28.774000
SILVER,CRM_SEND_REQUEST,MSG_DIV_CD,TEXT,MSG_DIV_CD. 코드id:MS010.,1904889,1237164,4,2026-10-08 02:13:28.774000
SILVER,CRM_SEND_REQUEST,PSTMTR_PRCS_STAT_CD,TEXT,PSTMTR_PRCS_STAT_CD. 코드id:MS061.,1904889,125465,2,2026-10-08 02:13:28.774000
SILVER,CRM_SEND_REQUEST,SNDNG_TIME_DIV_CD,TEXT,SNDNG_TIME_DIV_CD. 코드id:MS267.,1904889,1198771,3,2026-10-08 02:13:28.774000
SILVER,CRM_SEND_REQUEST,SNDNG_CD_ID,TEXT,발신코드ID [원천: BRONZE_CRM.TM_MS_EMAIL_SNDNG · BRONZE_CRM.TM_MS_MSG_AT_SNDNG · BRONZE_CRM.TM_MS_PSTMTR_SNDNG],1904889,1902652,29,2026-10-08 02:13:28.774000
SILVER,CRM_SEND_REQUEST,SNDNG_DTL_CD_ID,TEXT,발신상세코드ID [원천: BRONZE_CRM.TM_MS_EMAIL_SNDNG · BRONZE_CRM.TM_MS_MSG_AT_SNDNG · BRONZE_CRM.TM_MS_PSTMTR_SNDNG],1904889,1902520,226,2026-10-08 02:13:28.774000
SILVER,CRM_SEND_REQUEST,PRCS_YN,TEXT,처리여부 [원천: BRONZE_CRM.TM_MS_EMAIL_SNDNG],1904889,540048,2,2026-10-08 02:13:28.774000
SILVER,CRM_SEND_REQUEST,TMPLAT_ID,TEXT,템플릿ID [원천: BRONZE_CRM.TM_MS_MSG_AT_SNDNG · BRONZE_CRM.SND_REQ_MST],1904889,1195126,2355,2026-10-08 02:13:28.774000
SILVER,CRM_SEND_REQUEST,ALTRTV_MSG_SNDNG_YN,TEXT,대체메시지발신여부 [원천: BRONZE_CRM.TM_MS_MSG_AT_SNDNG · BRONZE_CRM.SND_REQ_MST],1904889,1117998,2,2026-10-08 02:13:28.774000
SILVER,CRM_SEND_REQUEST,LQY_YN,TEXT,대량여부 [원천: BRONZE_CRM.TM_MS_PSTMTR_SNDNG],1904889,125465,2,2026-10-08 02:13:28.774000
SILVER,CRM_SEND_REQUEST,RE_SNDNG_YN,TEXT,재발신여부 [원천: BRONZE_CRM.TM_MS_PSTMTR_SNDNG],1904889,125465,2,2026-10-08 02:13:28.774000
SILVER,CRM_SEND_REQUEST,MSG_TYPE,TEXT,메시지 유형 [원천: BRONZE_CRM.SND_REQ_MST],1904889,2210,3,2026-10-08 02:13:28.774000
SILVER,CRM_SEND_REQUEST,REGULARLY,TEXT,발송 유형 (정기/비정기) [원천: BRONZE_CRM.SND_REQ_MST],1904889,2210,3,2026-10-08 02:13:28.774000
SILVER,CRM_SEND_REQUEST,SEND_STATUS,TEXT,발송 상태 [원천: BRONZE_CRM.SND_REQ_MST],1904889,2210,1,2026-10-08 02:13:28.774000
SILVER,CRM_SEND_REQUEST,SEND_ROUND,NUMBER,발송차수 [원천: BRONZE_CRM.SND_REQ_MST],1904889,2210,3,2026-10-08 02:13:28.774000
SILVER,CRM_SEND_REQUEST,CONDITION_TITLE,TEXT,발송 조건 제목 [원천: BRONZE_CRM.SND_REQ_MST],1904889,2210,2178,2026-10-08 02:13:28.774000
SILVER,CRM_SEND_REQUEST,MENU_CODE,TEXT,메뉴코드 [원천: BRONZE_CRM.SND_REQ_MST],1904889,2210,10,2026-10-08 02:13:28.774000
SILVER,CRM_SEND_REQUEST,SERVICE_MENU_CODE,TEXT,서비스메뉴코드 [원천: BRONZE_CRM.SND_REQ_MST],1904889,2210,13,2026-10-08 02:13:28.774000
SILVER,CRM_SEND_REQUEST,USE_YN,TEXT,사용 여부 [원천: BRONZE_CRM.SND_REQ_MST],1904889,2210,1,2026-10-08 02:13:28.774000
SILVER,ANNUAL_MBRFEE_PRDT_ACTL_DATA,DATA_TYPE_NM,TEXT,예측 실측 구분 명,924,924,2,2026-10-08 02:13:26.598000
SILVER,ANNUAL_MBRFEE_PRDT_ACTL_DATA,SPNSR_BSNS_GRP_NM,TEXT,후원 사업 그룹 명,924,924,11,2026-10-08 02:13:26.598000
SILVER,ANNUAL_MBRFEE_PRDT_ACTL_DATA,NEW_EXST_DIV_NM,TEXT,신규기존구분명,924,924,2,2026-10-08 02:13:26.598000
SILVER,ANNUAL_MBRFEE_PRDT_ACTL_DATA,HDQ_BRNCH_GRP_NM,TEXT,본부 지부 그룹 명,924,924,5,2026-10-08 02:13:26.598000
SILVER,ANNUAL_MBRFEE_PRDT_ACTL_DATA,STDR_MT,TEXT,기준월,924,924,12,2026-10-08 02:13:26.598000
SILVER,ANNUAL_MBRFEE_PRDT_ACTL_DATA,DVLP_CNT,NUMBER,개발건수,924,921,698,2026-10-08 02:13:26.598000
SILVER,ANNUAL_MBRFEE_PRDT_ACTL_DATA,CMLT_DVLP_CNT,NUMBER,누적개발건수,924,921,764,2026-10-08 02:13:26.598000
SILVER,ANNUAL_MBRFEE_PRDT_ACTL_DATA,ADJ_DSCNTC_RT,NUMBER,조정 중단율,924,924,323,2026-10-08 02:13:26.598000
SILVER,ANNUAL_MBRFEE_PRDT_ACTL_DATA,ADJ_DSCNTC_CNT,NUMBER,조정 중단건수,924,921,560,2026-10-08 02:13:26.598000
SILVER,ANNUAL_MBRFEE_PRDT_ACTL_DATA,ADJ_RDCAMT_RT,NUMBER,조정 감액율,924,924,309,2026-10-08 02:13:26.598000
SILVER,ANNUAL_MBRFEE_PRDT_ACTL_DATA,ADJ_RDCAMT_CNT,NUMBER,조정 감액건수,924,921,495,2026-10-08 02:13:26.598000
SILVER,ANNUAL_MBRFEE_PRDT_ACTL_DATA,ADJ_RECALC_DSCNTC_RT,NUMBER,조정 재산출 중단율,924,924,641,2026-10-08 02:13:26.598000
SILVER,ANNUAL_MBRFEE_PRDT_ACTL_DATA,ADJ_DSCNTC_CNT2,NUMBER,조정 중단건수2,924,921,688,2026-10-08 02:13:26.598000
SILVER,ANNUAL_MBRFEE_PRDT_ACTL_DATA,ADJ_CMLT_DSCNTC_CNT,NUMBER,조정 누계 중단건수,924,921,698,2026-10-08 02:13:26.598000
SILVER,ANNUAL_MBRFEE_PRDT_ACTL_DATA,DSCNTC_RT,NUMBER,중단율,924,924,713,2026-10-08 02:13:26.598000
SILVER,ANNUAL_MBRFEE_PRDT_ACTL_DATA,DSCNTC_CNT,NUMBER,중단건수,924,921,677,2026-10-08 02:13:26.598000
SILVER,ANNUAL_MBRFEE_PRDT_ACTL_DATA,RDCAMT_RT,NUMBER,감액율,924,924,707,2026-10-08 02:13:26.598000
SILVER,ANNUAL_MBRFEE_PRDT_ACTL_DATA,SPNSR_BSNS_CHN_DEC_CNT,NUMBER,후원사업변경감소건수,924,921,201,2026-10-08 02:13:26.598000
SILVER,ANNUAL_MBRFEE_PRDT_ACTL_DATA,RDCAMT_CNT,NUMBER,2 감액 건수2,924,921,591,2026-10-08 02:13:26.598000
SILVER,ANNUAL_MBRFEE_PRDT_ACTL_DATA,CMLT_EOM_ACT_MBER_CNT,NUMBER,누적 월말활동회원건수,924,921,820,2026-10-08 02:13:26.598000
SILVER,ANNUAL_MBRFEE_PRDT_ACTL_DATA,CMLT_ACT_MBER_CNT,NUMBER,누적 활동회원건수,924,921,820,2026-10-08 02:13:26.598000
SILVER,ANNUAL_MBRFEE_PRDT_ACTL_DATA,ACT_RT,NUMBER,활동율,924,924,745,2026-10-08 02:13:26.598000
SILVER,ANNUAL_MBRFEE_PRDT_ACTL_DATA,ADJ_MT_PAY_RT,NUMBER,조정 월납입율,924,924,789,2026-10-08 02:13:26.598000
SILVER,ANNUAL_MBRFEE_PRDT_ACTL_DATA,ADJ_MBRFEE_AMT,NUMBER,조정 회비,924,921,785,2026-10-08 02:13:26.598000
SILVER,ANNUAL_MBRFEE_PRDT_ACTL_DATA,ADJ_CMLT_PAY_RT,NUMBER,조정 누계납입율,924,924,814,2026-10-08 02:13:26.598000
SILVER,ANNUAL_MBRFEE_PRDT_ACTL_DATA,ADJ_CMLT_MBRFEE_AMT,NUMBER,조정 누계회비,924,921,809,2026-10-08 02:13:26.598000
SILVER,ANNUAL_MBRFEE_PRDT_ACTL_DATA,CMLT_PAY_RT,NUMBER,누계납입율,924,924,814,2026-10-08 02:13:26.598000
SILVER,ANNUAL_MBRFEE_PRDT_ACTL_DATA,CMLT_MBRFEE_AMT,NUMBER,누적 회비,924,921,820,2026-10-08 02:13:26.598000
SILVER,ANNUAL_MBRFEE_PRDT_ACTL_DATA,MBRFEE_DIFF_AMT,NUMBER,회비 차액,924,921,661,2026-10-08 02:13:26.598000
SILVER,CRM_CODE,CD_ID,TEXT,코드그룹 ID (PK),5884,5884,331,2026-10-08 02:13:23.851000
SILVER,CRM_CODE,DTL_CD_ID,TEXT,상세코드 ID (PK),5884,5884,2694,2026-10-08 02:13:23.851000
SILVER,CRM_CODE,DTL_CD_NM,TEXT,상세코드명 (라벨),5884,5884,4345,2026-10-08 02:13:23.851000
SILVER,CRM_CODE,UPPER_CD_ID,TEXT,상위코드 ID (코드 계층),5884,686,60,2026-10-08 02:13:23.851000
SILVER,CRM_CODE,SORT_ORDR,NUMBER,정렬순서,5884,5318,303,2026-10-08 02:13:23.851000
SILVER,CRM_CODE,USE_YN,TEXT,사용여부 (Y/N),5884,5883,2,2026-10-08 02:13:23.851000
SILVER,CRM_CODE,DTL_CD_DC,TEXT,상세코드설명 [원천: BRONZE_CRM.TC_CMMN_DTL_CD],5884,5418,4093,2026-10-08 02:13:23.851000
SILVER,CRM_CODE,CD_ATRB1,TEXT,코드속성1 [원천: BRONZE_CRM.TC_CMMN_DTL_CD],5884,667,106,2026-10-08 02:13:23.851000
SILVER,CRM_CODE,CD_ATRB2,TEXT,코드속성2 [원천: BRONZE_CRM.TC_CMMN_DTL_CD],5884,82,35,2026-10-08 02:13:23.851000
SILVER,CRM_CODE,CD_ATRB3,TEXT,코드속성3 [원천: BRONZE_CRM.TC_CMMN_DTL_CD],5884,626,30,2026-10-08 02:13:23.851000
SILVER,ERP_BUDGET_YEARLY,BUDGET_ITEM_DK,TEXT,불변 비즈니스 식별자,258,258,182,2026-10-08 02:13:22.377000
SILVER,ERP_BUDGET_YEARLY,BUDGET_YEAR,NUMBER,예산연도 YYYY . 본 테이블의 grain 은 **연**이다.,258,258,3,2026-10-08 02:13:22.377000
SILVER,ERP_BUDGET_YEARLY,BUDGET_PROCEDURE,TEXT,예산 편성 차수 (연사업 / 추가경정 · DEC.,258,258,2,2026-10-08 02:13:22.377000
SILVER,ERP_BUDGET_YEARLY,YEAR_BDGT_TOT_AMT,NUMBER,YEAR_BDGT_TOT_AMT.,258,258,86,2026-10-08 02:13:22.377000
SILVER,ERP_BUDGET_YEARLY,CHN_BDGT_TOT_AMT,NUMBER,연 추경예산 총액 원단위 = 원천 CHN_BDGT_TOT_AMT.,258,258,1,2026-10-08 02:13:22.377000
SILVER,ERP_BUDGET_YEARLY,ADJ_BDGT_TOT_AMT,NUMBER,연 조정예산 총액 원단위 = 원천 ADJ_BDGT_TOT_AMT.,258,258,1,2026-10-08 02:13:22.377000
SILVER,ERP_BUDGET_YEARLY,EXEC_TOT_AMT,NUMBER,연 집행 총액 원단위 = 원천 EXEC_TOT_AMT.,258,258,65,2026-10-08 02:13:22.377000
SILVER,AGENCY_AD_BROADCAST_CASE,AD_PERF_DK,TEXT,코어 조인키(1:N),0,0,0,2026-10-08 02:13:21.014000
SILVER,AGENCY_AD_BROADCAST_CASE,CASE_SEQ,NUMBER,사례 순번 1~3,0,0,0,2026-10-08 02:13:21.014000
SILVER,AGENCY_AD_BROADCAST_CASE,BIZ_DIV,TEXT,사업구분,0,0,0,2026-10-08 02:13:21.014000
SILVER,AGENCY_AD_BROADCAST_CASE,FAMILY_TYPE,TEXT,가족유형,0,0,0,2026-10-08 02:13:21.014000
SILVER,AGENCY_AD_BROADCAST_CASE,APPEAL_POINT,TEXT,어필포인트,0,0,0,2026-10-08 02:13:21.014000
SILVER,AGENCY_AD_BROADCAST_CASE,CASE_DIV,TEXT,사례구분,0,0,0,2026-10-08 02:13:21.014000
SILVER,CRM_MEMBER_SPONSOR_BIZ,SPNSR_NO,TEXT,후원번호 (PK),2219670,2219670,2147387,2026-10-08 02:13:19.019000
SILVER,CRM_MEMBER_SPONSOR_BIZ,SPNSR_BSNS_NO,NUMBER,후원사업번호 (PK),2219670,2219670,2253328,2026-10-08 02:13:19.019000
SILVER,CRM_MEMBER_SPONSOR_BIZ,SPNSR_BSNS_ID,TEXT,후원사업ID (→CRM_SPONSORSHIP),2219670,2219670,29,2026-10-08 02:13:19.019000
SILVER,CRM_MEMBER_SPONSOR_BIZ,SPNSR_AMT,NUMBER,약정금액 (원단위),2219670,2219670,599,2026-10-08 02:13:19.019000
SILVER,CRM_MEMBER_SPONSOR_BIZ,SPNSR_DSCNTC_YN,TEXT,후원중단여부 (Y/N),2219670,2219670,2,2026-10-08 02:13:19.019000
SILVER,CRM_MEMBER_SPONSOR_BIZ,SPNSR_DSCNTC_DE,TEXT,후원중단일자 YYYYMMDD,2219670,1378512,7397,2026-10-08 02:13:19.019000
SILVER,CRM_MEMBER_SPONSOR_BIZ,SPNSR_DSCNTC_RSN_CD,TEXT,후원중단사유코드,2219670,1378505,28,2026-10-08 02:13:19.019000
SILVER,CRM_RELATION_CHANGE,RELATNSP_KEY,NUMBER,결연KEY [원천: BRONZE_CRM.TM_RM_RELATNSP_CHG_INFO],197751,197751,196181,2026-10-08 02:13:16.742000
SILVER,CRM_RELATION_CHANGE,CHG_YN,TEXT,교체여부 [원천: BRONZE_CRM.TM_RM_RELATNSP_CHG_INFO],197751,87649,5,2026-10-08 02:13:16.742000
SILVER,CRM_RELATION_CHANGE,CHG_RSN_CD,NUMBER,교체사유코드 [원천: BRONZE_CRM.TM_RM_RELATNSP_CHG_INFO],197751,197751,13,2026-10-08 02:13:16.742000
SILVER,CRM_RELATION_CHANGE,CHG_RST_CD,NUMBER,교체결과코드 [원천: BRONZE_CRM.TM_RM_RELATNSP_CHG_INFO],197751,0,0,2026-10-08 02:13:16.742000
SILVER,CRM_RELATION_CHANGE,CHG_PERSON_ID,TEXT,교체자ID [원천: BRONZE_CRM.TM_RM_RELATNSP_CHG_INFO],197751,197294,216,2026-10-08 02:13:16.742000
SILVER,CRM_RELATION_CHANGE,CHG_RELATNSP_KEY,NUMBER,교체결연KEY [원천: BRONZE_CRM.TM_RM_RELATNSP_CHG_INFO],197751,197751,195939,2026-10-08 02:13:16.742000
SILVER,CRM_MKTNG_CODE,CD_ID,TEXT,코드그룹 ID (PK · C001 마케팅캠페인 / C002 채널 / U001 UTM),967,967,3,2026-10-08 02:13:00.462000
SILVER,CRM_MKTNG_CODE,DTL_CD_ID,TEXT,상세코드 ID (PK),967,967,576,2026-10-08 02:13:00.462000
SILVER,CRM_MKTNG_CODE,CD_NM,TEXT,코드그룹명,967,967,3,2026-10-08 02:13:00.462000
SILVER,CRM_MKTNG_CODE,DTL_CD_NM,TEXT,상세코드명 (라벨),967,967,938,2026-10-08 02:13:00.462000
SILVER,CRM_MKTNG_CODE,SORT_ORDR,NUMBER,정렬순서,967,967,591,2026-10-08 02:13:00.462000
SILVER,CRM_MKTNG_CODE,USE_YN,TEXT,사용여부 (Y/N),967,967,1,2026-10-08 02:13:00.462000
SILVER,CRM_MKTNG_CODE,RM,TEXT,비고,967,0,0,2026-10-08 02:13:00.462000
SILVER,CRM_MKTNG_CODE,CD_ATRB1,TEXT,코드속성1,967,0,0,2026-10-08 02:13:00.462000
SILVER,CRM_MKTNG_CODE,CD_ATRB2,TEXT,코드속성2,967,0,0,2026-10-08 02:13:00.462000
SILVER,CRM_MKTNG_CODE,CD_ATRB3,TEXT,코드속성3,967,0,0,2026-10-08 02:13:00.462000
SILVER,CRM_MEMBER,MEMBER_DK,TEXT,"불변 회원키 (PK, 조인용)",1798516,1798516,1783880,2026-10-08 02:12:58.104000
SILVER,CRM_MEMBER,MEMBER_TYPE,TEXT,회원구분 파생 (정기=FDRM / 일시=ONCE),1798516,1798516,2,2026-10-08 02:12:58.104000
SILVER,CRM_MEMBER,MBER_DIV_CD,TEXT,회원구분코드 (MM018: 개인/기업/단체),1798516,1798516,3,2026-10-08 02:12:58.104000
SILVER,CRM_MEMBER,MBER_DIV_NM,TEXT,회원구분명 (코드 라벨),1798516,1798516,3,2026-10-08 02:12:58.104000
SILVER,CRM_MEMBER,CPR_DIV_CD,TEXT,법인구분코드,1798516,1798515,3,2026-10-08 02:12:58.104000
SILVER,CRM_MEMBER,SEX,TEXT,성별 원천코드 raw. 코드id:CM013,1798516,1797967,8,2026-10-08 02:12:58.104000
SILVER,CRM_MEMBER,SEX_NM,TEXT,성별 원천 라벨. 코드id:CM013,1798516,1797967,8,2026-10-08 02:12:58.104000
SILVER,CRM_MEMBER,MBER_STAT_CD,TEXT,회원상태 원천코드 raw (#132). 코드id:MM010,1798516,1620741,12,2026-10-08 02:12:58.104000
SILVER,CRM_MEMBER,MBER_STAT_NM,TEXT,회원상태명 (코드 라벨),1798516,1620741,12,2026-10-08 02:12:58.104000
SILVER,CRM_MEMBER,CMPGN_CD,TEXT,가입 캠페인코드 (→CRM_CAMPAIGN),1798516,1619348,13670,2026-10-08 02:12:58.104000
SILVER,CRM_MEMBER,ACT_DEPT_CD,TEXT,활동부서코드 (→CRM_ORG),1798516,1616717,281,2026-10-08 02:12:58.104000
SILVER,CRM_MEMBER,REGIST_DEPT_CD,TEXT,등록부서코드 (→CRM_ORG),1798516,1793591,371,2026-10-08 02:12:58.104000
SILVER,CRM_MEMBER,JOIN_PATH_CD,TEXT,가입경로코드 (MM014),1798516,1620738,6,2026-10-08 02:12:58.104000
SILVER,CRM_MEMBER,HMPG_ID,TEXT,홈페이지/앱 ID,1798516,796869,787647,2026-10-08 02:12:58.104000
SILVER,CRM_MEMBER,ENTRPS_NM,TEXT,기업/단체명 (법인회원),1798516,38,32,2026-10-08 02:12:58.104000
SILVER,CRM_MEMBER,EMAIL_RECPTN,TEXT,이메일 수신동의 여부,1798516,1737016,20,2026-10-08 02:12:58.104000
SILVER,CRM_MEMBER,PSTMTR_RECPTN,TEXT,우편물 수신동의 여부,1798516,1737255,16,2026-10-08 02:12:58.104000
SILVER,CRM_MEMBER,EMAIL_STAT_CD,TEXT,EMAIL_STAT_CD. 코드id:MM009. [사유:원천 부재],1798516,745530,4,2026-10-08 02:12:58.104000
SILVER,CRM_MEMBER,ETC_CTTPC_REL_CD,TEXT,기타연락처 관계 코드 raw (정본 MM008). 코드id:MM008.,1798516,126639,14,2026-10-08 02:12:58.104000
SILVER,CRM_MEMBER,ETC_CTTPC_STAT_CD,TEXT,ETC_CTTPC_STAT_CD. 코드id:MM008.,1798516,344738,3,2026-10-08 02:12:58.104000
SILVER,CRM_MEMBER,ETC_TSTM_DIV_CD,TEXT,ETC_TSTM_DIV_CD. 코드id:MS026.,1798516,1090013,4,2026-10-08 02:12:58.104000
SILVER,CRM_MEMBER,MOBLPHON_STAT_CD,TEXT,MOBLPHON_STAT_CD. 코드id:MM008.,1798516,1611716,3,2026-10-08 02:12:58.104000
SILVER,CRM_MEMBER,REL_CD,TEXT,관계 코드 raw (정본 CM009). ONCE 전용. 코드id:CM009.,1798516,9778,12,2026-10-08 02:12:58.104000
SILVER,CRM_MEMBER,RELATNSP_DIV_CD,TEXT,RELATNSP_DIV_CD. 코드id:MM019.,1798516,1620695,4,2026-10-08 02:12:58.104000
SILVER,CRM_MEMBER,SLRCLD_LRR_CD,TEXT,급여공제 코드 raw (정본 CM029). 코드id:CM029.,1798516,1303700,4,2026-10-08 02:12:58.104000
SILVER,CRM_MEMBER,TSTM_DIV_CD,TEXT,TSTM_DIV_CD. 코드id:MS026.,1798516,1166240,4,2026-10-08 02:12:58.104000
SILVER,CRM_MEMBER,CHRCTR_RECPTN_YN,TEXT,문자수신여부 [원천: BRONZE_CRM.TM_MM_FDRM_MBER_INFO · BRONZE_CRM.TM_MM_ONCE_MBER_INFO],1798516,1736197,2,2026-10-08 02:12:58.104000
SILVER,CRM_MEMBER,SPECL_MNG_CD1,TEXT,특별관리코드1 [원천: BRONZE_CRM.TM_MM_FDRM_MBER_INFO · BRONZE_CRM.TM_MM_ONCE_MBER_INFO],1798516,1379259,20,2026-10-08 02:12:58.104000
SILVER,CRM_MEMBER,FDRM_MBER_TRNSFER_FG,BOOLEAN,정기회원이관유무 [원천: BRONZE_CRM.TM_MM_ONCE_MBER_INFO],1798516,4583,1,2026-10-08 02:12:58.104000
SILVER,ANNUAL_DVLP_GOAL_ACMSLT_AGGR_DATA,YEAR,TEXT,연도,96,96,1,2026-10-08 02:12:56.399000
SILVER,ANNUAL_DVLP_GOAL_ACMSLT_AGGR_DATA,DATA_TYPE_NM,TEXT,목표 실적 구분 명,96,96,2,2026-10-08 02:12:56.399000
SILVER,ANNUAL_DVLP_GOAL_ACMSLT_AGGR_DATA,DEPT_DIV_NM,TEXT,부서 구분 명,96,96,6,2026-10-08 02:12:56.399000
SILVER,ANNUAL_DVLP_GOAL_ACMSLT_AGGR_DATA,NEW_EXST_DIV_NM,TEXT,신규기존구분명,96,96,2,2026-10-08 02:12:56.399000
SILVER,ANNUAL_DVLP_GOAL_ACMSLT_AGGR_DATA,SPNSR_BSNS_GRP_NM,TEXT,후원 사업 그룹 명,96,96,4,2026-10-08 02:12:56.399000
SILVER,ANNUAL_DVLP_GOAL_ACMSLT_AGGR_DATA,M01,NUMBER,1월 건수,96,96,62,2026-10-08 02:12:56.399000
SILVER,ANNUAL_DVLP_GOAL_ACMSLT_AGGR_DATA,M02,NUMBER,2월 건수,96,96,65,2026-10-08 02:12:56.399000
SILVER,ANNUAL_DVLP_GOAL_ACMSLT_AGGR_DATA,M03,NUMBER,3월 건수,96,96,70,2026-10-08 02:12:56.399000
SILVER,ANNUAL_DVLP_GOAL_ACMSLT_AGGR_DATA,M04,NUMBER,4월 건수,96,96,73,2026-10-08 02:12:56.399000
SILVER,ANNUAL_DVLP_GOAL_ACMSLT_AGGR_DATA,M05,NUMBER,5월 건수,96,96,75,2026-10-08 02:12:56.399000
SILVER,ANNUAL_DVLP_GOAL_ACMSLT_AGGR_DATA,M06,NUMBER,6월 건수,96,96,70,2026-10-08 02:12:56.399000
SILVER,ANNUAL_DVLP_GOAL_ACMSLT_AGGR_DATA,M07,NUMBER,7월 건수,96,96,74,2026-10-08 02:12:56.399000
SILVER,ANNUAL_DVLP_GOAL_ACMSLT_AGGR_DATA,M08,NUMBER,8월 건수,96,96,73,2026-10-08 02:12:56.399000
SILVER,ANNUAL_DVLP_GOAL_ACMSLT_AGGR_DATA,M09,NUMBER,9월 건수,96,96,70,2026-10-08 02:12:56.399000
SILVER,ANNUAL_DVLP_GOAL_ACMSLT_AGGR_DATA,M10,NUMBER,10월 건수,96,48,35,2026-10-08 02:12:56.399000
SILVER,ANNUAL_DVLP_GOAL_ACMSLT_AGGR_DATA,M11,NUMBER,11월 건수,96,48,35,2026-10-08 02:12:56.399000
SILVER,ANNUAL_DVLP_GOAL_ACMSLT_AGGR_DATA,M12,NUMBER,12월 건수,96,48,35,2026-10-08 02:12:56.399000
SILVER,MM_SPNSR_CLS_AGGR_DATA,STDR_MT,TEXT,기준월,495,495,3,2026-10-08 02:12:50.716000
SILVER,MM_SPNSR_CLS_AGGR_DATA,AGGR_TY_NM,TEXT,집계 유형명,495,495,5,2026-10-08 02:12:50.716000
SILVER,MM_SPNSR_CLS_AGGR_DATA,CPR_NM,TEXT,법인명,495,495,1,2026-10-08 02:12:50.716000
SILVER,MM_SPNSR_CLS_AGGR_DATA,SPNSR_BSNS_GRP_NM,TEXT,후원 사업 그룹 명,495,495,11,2026-10-08 02:12:50.716000
SILVER,MM_SPNSR_CLS_AGGR_DATA,NEW_EXST_DIV_NM,TEXT,신규기존구분명,495,495,2,2026-10-08 02:12:50.716000
SILVER,MM_SPNSR_CLS_AGGR_DATA,HDQ_BRNCH_GRP_NM,TEXT,본부 지부 그룹 명,495,495,3,2026-10-08 02:12:50.716000
SILVER,MM_SPNSR_CLS_AGGR_DATA,VALUE1,NUMBER,값1,495,495,403,2026-10-08 02:12:50.716000
SILVER,MM_SPNSR_CLS_AGGR_DATA,VALUE2,NUMBER,값2,495,99,91,2026-10-08 02:12:50.716000
SILVER,CRM_EVENT_PARTICIPATION,EVENT_KEY,TEXT,"행사키 (PK, →CRM_EVENT)",996318,996318,3879,2026-10-08 02:12:48.801000
SILVER,CRM_EVENT_PARTICIPATION,MBER_NO,TEXT,회원번호 (PK),996318,996318,314655,2026-10-08 02:12:48.801000
SILVER,CRM_EVENT_PARTICIPATION,PARTCPT_SEQ,NUMBER,참여 일련번호 (PK),996318,996318,162239,2026-10-08 02:12:48.801000
SILVER,CRM_EVENT_PARTICIPATION,PARTCPT_STAT_CD,TEXT,참여상태코드 (raw · 원천별 2체계 O28.,996318,985329,19,2026-10-08 02:12:48.801000
SILVER,CRM_EVENT_PARTICIPATION,PARTCPT_CHNNL_CD,TEXT,참여채널코드 (raw · EVENT 전용.,996318,828747,9,2026-10-08 02:12:48.801000
SILVER,CRM_EVENT_PARTICIPATION,PARTCPT_PATH_CD,TEXT,참여경로코드.,996318,986885,13,2026-10-08 02:12:48.801000
SILVER,CRM_EVENT_PARTICIPATION,PRZWIN_CD,NUMBER,당첨코드,996318,12989,3,2026-10-08 02:12:48.801000
SILVER,CRM_EVENT_PARTICIPATION,RCPMNY_AMT,NUMBER,입금금액 (원단위),996318,153733,42,2026-10-08 02:12:48.801000
SILVER,CRM_EVENT_PARTICIPATION,PARTCPT_STAT_GROUP,TEXT,PARTCPT_STAT_GROUP. 코드id:MS304.,996318,985329,2,2026-10-08 02:12:48.801000
SILVER,CRM_EVENT_PARTICIPATION,PARTCPT_STAT_NM,TEXT,참여상태 라벨 (CRM_CODE 조인).,996318,985327,18,2026-10-08 02:12:48.801000
SILVER,CRM_EVENT_PARTICIPATION,PARTCPT_CHNNL_GROUP,TEXT,PARTCPT_CHNNL_GROUP. 코드id:MS302.,996318,828747,1,2026-10-08 02:12:48.801000
SILVER,CRM_EVENT_PARTICIPATION,PARTCPT_CHNNL_NM,TEXT,참여채널 라벨 (CRM_CODE 조인),996318,828745,8,2026-10-08 02:12:48.801000
SILVER,CRM_EVENT_PARTICIPATION,PARTCPT_PATH_GROUP,TEXT,PARTCPT_PATH_GROUP. 코드id:MS303.,996318,986885,2,2026-10-08 02:12:48.801000
SILVER,CRM_EVENT_PARTICIPATION,PARTCPT_PATH_NM,TEXT,참여경로 라벨 (CRM_CODE 조인),996318,986883,12,2026-10-08 02:12:48.801000
SILVER,CRM_EVENT_PARTICIPATION,EVENT_PARTCPT_DIV_CD,TEXT,이벤트참여구분코드 [원천: BRONZE_CRM.TD_MS_EVENT_PRTCPNT_DTL],996318,828821,2,2026-10-08 02:12:48.801000
SILVER,CRM_EVENT_PARTICIPATION,RQST_DATE,TEXT,신청일자 [원천: BRONZE_CRM.TD_MS_CRMN_PRTCPNT],996318,167213,3648,2026-10-08 02:12:48.801000
SILVER,CRM_EVENT_PARTICIPATION,SELF_PARTCPT_CD,TEXT,자기참여코드 [원천: BRONZE_CRM.TD_MS_CRMN_PRTCPNT],996318,167470,3,2026-10-08 02:12:48.801000
SILVER,CRM_EVENT_PARTICIPATION,ACMPNY_PARTCPT_CO,NUMBER,동반참여수 [원천: BRONZE_CRM.TD_MS_CRMN_PRTCPNT],996318,162715,13,2026-10-08 02:12:48.801000
SILVER,CRM_EVENT_PARTICIPATION,PARTCPT_TIME_CO,NUMBER,참여시간수 [원천: BRONZE_CRM.TD_MS_CRMN_PRTCPNT],996318,26825,37,2026-10-08 02:12:48.801000
SILVER,CRM_EVENT_PARTICIPATION,RCPMNY_STAT_CD,TEXT,입금상태코드 [원천: BRONZE_CRM.TD_MS_CRMN_PRTCPNT],996318,20789,4,2026-10-08 02:12:48.801000
SILVER,CRM_EVENT_PARTICIPATION,RCPMNY_DATE,TEXT,입금일자 [원천: BRONZE_CRM.TD_MS_CRMN_PRTCPNT],996318,140505,2380,2026-10-08 02:12:48.801000
SILVER,CRM_EVENT_PARTICIPATION,REFND_DATE,TEXT,환불일자 [원천: BRONZE_CRM.TD_MS_CRMN_PRTCPNT],996318,2537,30,2026-10-08 02:12:48.801000
SILVER,BIGQUERY_TRAFFIC_SOURCE,UTM_SOURCE,TEXT,UTM source,11431,11342,397,2026-10-08 02:12:47.290000
SILVER,BIGQUERY_TRAFFIC_SOURCE,UTM_MEDIUM,TEXT,UTM medium,11431,11375,50,2026-10-08 02:12:47.290000
SILVER,BIGQUERY_TRAFFIC_SOURCE,UTM_CAMPAIGN,TEXT,UTM campaign,11431,11414,720,2026-10-08 02:12:47.290000
SILVER,BIGQUERY_TRAFFIC_SOURCE,UTM_CONTENT,TEXT,UTM content,11431,11430,2661,2026-10-08 02:12:47.290000
SILVER,BIGQUERY_TRAFFIC_SOURCE,UTM_TERM,TEXT,UTM term,11431,11430,2589,2026-10-08 02:12:47.290000
SILVER,BIGQUERY_TRAFFIC_SOURCE,SOURCE_MEDIUM,TEXT,파생 source / medium,11431,11430,497,2026-10-08 02:12:47.290000
SILVER,BIGQUERY_TRAFFIC_SOURCE,XCHAN_SOURCE,TEXT,cross_channel source,11431,11366,397,2026-10-08 02:12:47.290000
SILVER,BIGQUERY_TRAFFIC_SOURCE,XCHAN_MEDIUM,TEXT,cross_channel medium,11431,11401,52,2026-10-08 02:12:47.290000
SILVER,BIGQUERY_TRAFFIC_SOURCE,XCHAN_CAMPAIGN,TEXT,cross_channel campaign,11431,11430,798,2026-10-08 02:12:47.290000
SILVER,BIGQUERY_TRAFFIC_SOURCE,DEFAULT_CHANNEL_GROUP,TEXT,기본 채널그룹,11431,11430,15,2026-10-08 02:12:47.290000
SILVER,CRM_SEND_RESULT,SNDNG_KEY,NUMBER,"발송키 (PK, →CRM_SEND_REQUEST)",1780890,1780890,1712047,2026-10-08 02:12:44.898000
SILVER,CRM_SEND_RESULT,SEND_CHANNEL,TEXT,발송채널 (PK),1780890,1780890,4,2026-10-08 02:12:44.898000
SILVER,CRM_SEND_RESULT,SNDNG_CNT,NUMBER,발송 건수,1780890,1780890,3061,2026-10-08 02:12:44.898000
SILVER,CRM_SEND_RESULT,SUCCES_CNT,NUMBER,성공 건수,1780890,1778054,2673,2026-10-08 02:12:44.898000
SILVER,CRM_SEND_RESULT,FAILR_CNT,NUMBER,실패 건수,1780890,1669557,699,2026-10-08 02:12:44.898000
SILVER,CRM_SEND_RESULT,TOT_CLICK_CNT,NUMBER,총 클릭수,1780890,0,0,2026-10-08 02:12:44.898000
SILVER,CRM_SEND_RESULT,RECPTN_CNT,NUMBER,수신건수 [원천: BRONZE_CRM.TD_MS_EMAIL_LQY_SNDNG],1780890,430689,225,2026-10-08 02:12:44.898000
SILVER,CRM_SEND_RESULT,ALTRTV_SNDNG_CNT,NUMBER,알림톡대체발송건수 [원천: BRONZE_CRM.TD_MS_MSG_AT_LQY_SNDNG],1780890,1236658,886,2026-10-08 02:12:44.898000
SILVER,CRM_SEND_RESULT,SNDNG_SQNC,NUMBER,발신차수 [원천: BRONZE_CRM.TD_MS_PSTMTR_LQY_SNDNG],1780890,2325,35,2026-10-08 02:12:44.898000
SILVER,CRM_SEND_RESULT,SNDNG_TIT,TEXT,발신제목 [원천: BRONZE_CRM.TD_MS_PSTMTR_LQY_SNDNG],1780890,2325,2264,2026-10-08 02:12:44.898000
SILVER,CRM_ORG,DEPT_ID,TEXT,부서ID (PK),1314,1314,1318,2026-10-08 02:12:43.576000
SILVER,CRM_ORG,DEPT_NM,TEXT,부서명,1314,1314,697,2026-10-08 02:12:43.576000
SILVER,CRM_ORG,UPPER_DEPT_ID,TEXT,상위부서ID (조직 계층),1314,1314,321,2026-10-08 02:12:43.576000
SILVER,CRM_ORG,ACMSLT_UPPER_DEPT_ID,TEXT,실적상위부서ID (실적팀 재귀 LVL5),1314,1014,477,2026-10-08 02:12:43.576000
SILVER,CRM_ORG,ACMSLT_DEPT_YN,TEXT,실적부서 여부 (Y/N),1314,1170,2,2026-10-08 02:12:43.576000
SILVER,CRM_ORG,STATS_DEPT_LVL,NUMBER,통계부서 레벨,1314,8,2,2026-10-08 02:12:43.576000
SILVER,CRM_ORG,USE_YN,TEXT,사용여부 (Y/N),1314,1314,2,2026-10-08 02:12:43.576000
SILVER,CRM_ORG,SORT_ORDR,NUMBER,정렬순서,1314,3,1,2026-10-08 02:12:43.576000
SILVER,CRM_MEMBER_STATUS_HIST,MBER_NO,TEXT,회원번호 (PK),7717882,7717882,1265437,2026-10-08 02:12:40.171000
SILVER,CRM_MEMBER_STATUS_HIST,SER_NO,NUMBER,상태전이 일련번호 (PK),7717882,7717882,2836533,2026-10-08 02:12:40.171000
SILVER,CRM_MEMBER_STATUS_HIST,BF_STAT_CD,TEXT,변경 전 상태코드,7717882,7717882,12,2026-10-08 02:12:40.171000
SILVER,CRM_MEMBER_STATUS_HIST,BF_STAT_NM,TEXT,변경 전 상태명 (코드 라벨),7717882,7717882,12,2026-10-08 02:12:40.171000
SILVER,CRM_MEMBER_STATUS_HIST,CHN_STAT_CD,TEXT,변경 후 상태코드,7717882,7717882,12,2026-10-08 02:12:40.171000
SILVER,CRM_MEMBER_STATUS_HIST,CHN_STAT_NM,TEXT,변경 후 상태명 (코드 라벨),7717882,7717882,12,2026-10-08 02:12:40.171000
SILVER,CRM_MEMBER_STATUS_HIST,IS_CURRENT,BOOLEAN,현재행 여부,7717882,7717882,2,2026-10-08 02:12:40.171000
SILVER,CRM_SETLE_CMPNY_ACCOUNT,SETLE_CMPNY_ACNT_NO,NUMBER,결제사계좌번호 [원천: BRONZE_CRM.TM_PM_SETLE_CMPNY_ACNT],51,51,51,2026-10-08 02:12:38.715000
SILVER,CRM_SETLE_CMPNY_ACCOUNT,SETLE_CMPNY_ACNT_DIV_CD,TEXT,결제사계좌구분코드 [원천: BRONZE_CRM.TM_PM_SETLE_CMPNY_ACNT],51,47,4,2026-10-08 02:12:38.715000
SILVER,CRM_SETLE_CMPNY_ACCOUNT,SETLE_CMPNY_ACNT_ID,TEXT,결제사계좌ID [원천: BRONZE_CRM.TM_PM_SETLE_CMPNY_ACNT],51,51,51,2026-10-08 02:12:38.715000
SILVER,CRM_SETLE_CMPNY_ACCOUNT,CPR_DIV_CD,TEXT,법인구분코드 [원천: BRONZE_CRM.TM_PM_SETLE_CMPNY_ACNT],51,51,2,2026-10-08 02:12:38.715000
SILVER,CRM_SETLE_CMPNY_ACCOUNT,ACNT_PRP,TEXT,계좌용도 [원천: BRONZE_CRM.TM_PM_SETLE_CMPNY_ACNT],51,48,38,2026-10-08 02:12:38.715000
SILVER,CRM_SETLE_CMPNY_ACCOUNT,ACNUT_SER_NO,NUMBER,계좌일련번호 (참조: TM_PM_INSTT_ACNUT) [원천: BRONZE_CRM.TM_PM_SETLE_CMPNY_ACNT],51,47,19,2026-10-08 02:12:38.715000
SILVER,CRM_SETLE_CMPNY_ACCOUNT,RM,TEXT,비고 [원천: BRONZE_CRM.TM_PM_SETLE_CMPNY_ACNT],51,47,40,2026-10-08 02:12:38.715000
SILVER,CRM_SETLE_CMPNY_ACCOUNT,USE_YN,TEXT,사용여부 [원천: BRONZE_CRM.TM_PM_SETLE_CMPNY_ACNT],51,51,2,2026-10-08 02:12:38.715000
SILVER,CRM_CAMPAIGN_SPONSOR_BIZ_BRIDGE,SPNSR_BSNS_ID,TEXT,"후원사업ID (PK, →CRM_SPONSORSHIP)",95569,95569,27,2026-10-08 02:12:36.698000
SILVER,CRM_CAMPAIGN_SPONSOR_BIZ_BRIDGE,CMPGN_CD,TEXT,"캠페인코드 (PK, →CRM_CAMPAIGN)",95569,95569,35782,2026-10-08 02:12:36.698000
SILVER,CRM_MEMBER_DEV,SPNSR_NO,TEXT,후원번호 (PK),3688281,3688281,2147387,2026-10-08 02:12:31.426000
SILVER,CRM_MEMBER_DEV,SPNSR_BSNS_NO,NUMBER,후원사업번호 (PK),3688281,3688281,2253328,2026-10-08 02:12:31.426000
SILVER,CRM_MEMBER_DEV,OCCRRNC_DE,TEXT,발생일자 YYYYMMDD (PK),3688281,3688281,9926,2026-10-08 02:12:31.426000
SILVER,CRM_MEMBER_DEV,SER_NO,NUMBER,일련번호 (PK),3688281,3688281,3602099,2026-10-08 02:12:31.426000
SILVER,CRM_MEMBER_DEV,MBER_NO,TEXT,회원번호,3688281,3688281,1607342,2026-10-08 02:12:31.426000
SILVER,CRM_MEMBER_DEV,SPNSR_BSNS_ID,TEXT,후원사업ID (→CRM_SPONSORSHIP),3688281,3688281,29,2026-10-08 02:12:31.426000
SILVER,CRM_MEMBER_DEV,SPNSR_AMT,NUMBER,약정 후원금액 (원단위),3688281,3688281,1278,2026-10-08 02:12:31.426000
SILVER,CRM_MEMBER_DEV,DVLP_DIV_CD,TEXT,DVLP_DIV_CD. 코드id:MM015.,3688281,3688281,5,2026-10-08 02:12:31.426000
SILVER,CRM_MEMBER_DEV,DVLP_DIV_NM,TEXT,개발구분명. 코드id:MM015.,3688281,3688281,5,2026-10-08 02:12:31.426000
SILVER,CRM_MEMBER_DEV,ACT_DEPT_CD,TEXT,활동부서코드 (→CRM_ORG),3688281,3688267,372,2026-10-08 02:12:31.426000
SILVER,CRM_MEMBER_DEV,ACMSLT_DEPT_CD,TEXT,실적부서코드 (→CRM_ORG),3688281,3688273,355,2026-10-08 02:12:31.426000
SILVER,CRM_MEMBER_DEV,CMPGN_CD,TEXT,캠페인코드 (→CRM_CAMPAIGN),3688281,3688281,17091,2026-10-08 02:12:31.426000
SILVER,CRM_MEMBER_DEV,SETLE_CD,TEXT,결제수단코드,3688281,3688281,7,2026-10-08 02:12:31.426000
SILVER,CRM_MEMBER_DEV,AREA_CD,TEXT,지역코드 (CM018),3688281,3688275,19,2026-10-08 02:12:31.426000
SILVER,CRM_MEMBER_DEV,AREA_NM,TEXT,지역명 (코드 라벨),3688281,3667578,18,2026-10-08 02:12:31.426000
SILVER,CRM_MEMBER_DEV,AGE,NUMBER,연령대 코드(CM014) raw — 1=10대미만·2=10대·3=20대·4=30대·5=40대·6=50대·7=60대·8=70대·9=70대이상·10=단체·11=기업·12=기타. 🔴 연수(나이)가 아니다 ⇒ 평균·합계·구간비교 금지(라벨은 CRM_CODE CD_ID=CM014 조인).,3688281,3688281,12,2026-10-08 02:12:31.426000
SILVER,CRM_MEMBER_DEV,CANCL_RDCAMT_RSN_CD,TEXT,취소·감액사유 코드 raw (정본 MM002). 코드id:MM002.,3688281,1346146,31,2026-10-08 02:12:31.426000
SILVER,CRM_MEMBER_DEV,MBER_DIV_CD,TEXT,회원구분 원천코드 raw. 코드id:MM018,3688281,3688281,3,2026-10-08 02:12:31.426000
SILVER,CRM_MEMBER_DEV,SEX,TEXT,성별 원천코드 raw. 코드id:CM013,3688281,3688281,9,2026-10-08 02:12:31.426000
SILVER,CRM_MEMBER_DEV,SPNSR_AMT_CD,TEXT,SPNSR_AMT_CD. 코드id:CM012.,3688281,3688281,5,2026-10-08 02:12:31.426000
SILVER,CRM_MEMBER_DEV,MBER_INFLOW_PATH_CD,NUMBER,MBER_INFLOW_PATH_CD. 코드id:MM293.,3688281,3687236,12,2026-10-08 02:12:31.426000
SILVER,CRM_MEMBER_DEV,MBER_INFLOW_PATH_NM,TEXT,MBER_INFLOW_PATH_NM. 코드id:MM293.,3688281,3687236,12,2026-10-08 02:12:31.426000
SILVER,CRM_MEMBER_DEV,CMPGN_CTGR_CD,NUMBER,CMPGN_CTGR_CD. 코드id:MM294.,3688281,3687236,57,2026-10-08 02:12:31.426000
SILVER,CRM_MEMBER_DEV,CMPGN_CTGR_NM,TEXT,CMPGN_CTGR_NM. 코드id:MM294.,3688281,3687236,57,2026-10-08 02:12:31.426000
SILVER,CRM_MEMBER_DEV,CMPGN_TYPE1_BSN,NUMBER,CMPGN_TYPE1_BSN. 코드id:MM295.,3688281,3687236,4,2026-10-08 02:12:31.426000
SILVER,CRM_MEMBER_DEV,CMPGN_TYPE1_NM,TEXT,CMPGN_TYPE1_NM. 코드id:MM295.,3688281,3687236,4,2026-10-08 02:12:31.426000
SILVER,CRM_MEMBER_DEV,CMPGN_TYPE2_BSN,NUMBER,CMPGN_TYPE2_BSN. 코드id:MM296.,3688281,3687236,4,2026-10-08 02:12:31.426000
SILVER,CRM_MEMBER_DEV,CMPGN_TYPE2_NM,TEXT,CMPGN_TYPE2_NM. 코드id:MM296.,3688281,3687236,4,2026-10-08 02:12:31.426000
SILVER,CRM_MEMBER_DEV,MKTG_CMPGN_NM,NUMBER,MKTG_CMPGN_NM.,3688281,3687236,562,2026-10-08 02:12:31.426000
SILVER,CRM_MEMBER_DEV,MK_CMPGN_NM,TEXT,MK_CMPGN_NM.,3688281,3687236,552,2026-10-08 02:12:31.426000
SILVER,CRM_MEMBER_DEV,CMMN_BRND,NUMBER,MM297 공통브랜드 코드. CRM_CAMPAIGN 비정규화. 코드id:MM297.,3688281,3687236,16,2026-10-08 02:12:31.426000
SILVER,CRM_MEMBER_DEV,CMMN_BRND_NM,TEXT,MM297 공통브랜드명. CRM_CAMPAIGN 비정규화. 코드id:MM297.,3688281,3687236,16,2026-10-08 02:12:31.426000
SILVER,CRM_MEMBER_DEV,MKTG_UTM,NUMBER,MKTG_UTM.,3688281,887716,254,2026-10-08 02:12:31.426000
SILVER,CRM_MEMBER_DEV,MKTG_UTM_NM,TEXT,MKTG_UTM_NM.,3688281,887716,247,2026-10-08 02:12:31.426000
SILVER,CRM_MEMBER_DEV,MKTG_CHANNEL,NUMBER,마케팅 채널 코드. CRM_CAMPAIGN 비정규화,3688281,3687236,124,2026-10-08 02:12:31.426000
SILVER,CRM_MEMBER_DEV,MKTG_CHANNEL_NM,TEXT,마케팅 채널명. CRM_CAMPAIGN 비정규화,3688281,3687236,124,2026-10-08 02:12:31.426000
SILVER,CRM_MEMBER_DEV,SPNSR_DIV_CD,TEXT,SPNSR_DIV_CD. 코드id:CM035.,3688281,3688263,2,2026-10-08 02:12:31.426000
SILVER,CRM_MEMBER_DEV,SPNSR_DIV_NM,TEXT,후원구분명. CRM_CAMPAIGN 비정규화,3688281,3688263,2,2026-10-08 02:12:31.426000
SILVER,CRM_MEMBER_DEV,CPR_DIV_CD,TEXT,CPR_DIV_CD. 코드id:CM019.,3688281,3688263,3,2026-10-08 02:12:31.426000
SILVER,CRM_MEMBER_DEV,CPR_DIV_NM,TEXT,법인구분명. CRM_CAMPAIGN 비정규화,3688281,3688263,3,2026-10-08 02:12:31.426000
SILVER,CRM_MEMBER_DEV,BRND_NM,TEXT,브랜드명. CRM_CAMPAIGN 비정규화,3688281,3688263,69,2026-10-08 02:12:31.426000
SILVER,CRM_MEMBER_DEV,PARENT_CAMPAIGN_NAME,TEXT,PARENT_CAMPAIGN_NAME.,3688281,3688263,1111,2026-10-08 02:12:31.426000
SILVER,CRM_MEMBER_DEV,PROMO_METHOD_NAME,TEXT,홍보방법명 (CM008 라벨). CRM_CAMPAIGN 비정규화. 코드id:CM008.,3688281,3688263,91,2026-10-08 02:12:31.426000
SILVER,CRM_MEMBER_DEV,SPNSR_TIME_CO,NUMBER,후원시간수 [원천: BRONZE_CRM.TM_MM_FDRM_MBER_DVLP_AMT],3688281,3688281,24,2026-10-08 02:12:31.426000
SILVER,AGENCY_AD_ROW_REBRDC,AD_PERF_DK,TEXT,행 식별자 — 본 테이블이 발급 단일지점,2111,2111,2073,2026-10-08 02:12:29.330000
SILVER,AGENCY_AD_ROW_REBRDC,AD_SOURCE_TYPE,TEXT,광고유형 상수 REBROADCAST,2111,2111,1,2026-10-08 02:12:29.330000
SILVER,AGENCY_AD_ROW_REBRDC,ROW_HASH,TEXT,원천 전컬럼 해시,2111,2111,2073,2026-10-08 02:12:29.330000
SILVER,AGENCY_AD_ROW_REBRDC,DUP_SEQ,NUMBER,전컬럼 중복 그룹 내 순번.,2111,2111,4,2026-10-08 02:12:29.330000
SILVER,AGENCY_AD_ROW_REBRDC,DIV_NM,TEXT,[원천보존] 구분 (재송출/방송 · 하류 RT_TYPE 원천),2111,2111,2,2026-10-08 02:12:29.330000
SILVER,AGENCY_AD_ROW_REBRDC,YEAR,TEXT,[원천보존] 연도 텍스트,2111,2111,4,2026-10-08 02:12:29.330000
SILVER,AGENCY_AD_ROW_REBRDC,MONTH,TEXT,[원천보존] 월 텍스트 (O182 신규),2111,2111,12,2026-10-08 02:12:29.330000
SILVER,AGENCY_AD_ROW_REBRDC,DAY,TEXT,[원천보존] 일 텍스트 (O182 신규),2111,2111,31,2026-10-08 02:12:29.330000
SILVER,AGENCY_AD_ROW_REBRDC,CHNNL_NM,TEXT,[원천보존] 채널 (구 CHNNL_CMPNY),2111,2111,22,2026-10-08 02:12:29.330000
SILVER,AGENCY_AD_ROW_REBRDC,DOW,TEXT,[원천보존] 요일 텍스트,2111,2111,7,2026-10-08 02:12:29.330000
SILVER,AGENCY_AD_ROW_REBRDC,WEEK,TEXT,[원천보존] 주차 텍스트,2111,2111,6,2026-10-08 02:12:29.330000
SILVER,AGENCY_AD_ROW_REBRDC,BRDC_TIME,TEXT,[원천보존] 방송시각,2111,2111,66,2026-10-08 02:12:29.330000
SILVER,AGENCY_AD_ROW_REBRDC,BRDC_NM,TEXT,[원천보존] 방송명,2111,2111,130,2026-10-08 02:12:29.330000
SILVER,AGENCY_AD_ROW_REBRDC,BRDC_DIV_NM,TEXT,[원천보존] 방송구분,2111,2111,6,2026-10-08 02:12:29.330000
SILVER,AGENCY_AD_ROW_REBRDC,INBOUND_CALL_CNT,TEXT,[원천보존] 인입콜수(TEXT),2111,2086,305,2026-10-08 02:12:29.330000
SILVER,AGENCY_AD_ROW_REBRDC,UPPER_CMPGN_CD,TEXT,[원천보존] 상위캠페인코드 (O182 신규 · 실측 전건 NULL),2111,0,0,2026-10-08 02:12:29.330000
SILVER,AGENCY_AD_ROW_REBRDC,CMPGN_CD,TEXT,[원천보존] 캠페인코드 (O182 신규 · 실측 전건 NULL),2111,0,0,2026-10-08 02:12:29.330000
SILVER,CRM_MEMBER_AMT_CHANGE,OCCRRNC_DE,TEXT,발생일자 YYYYMMDD (PK),335678,335678,7754,2026-10-08 02:12:27.564000
SILVER,CRM_MEMBER_AMT_CHANGE,SER_NO,NUMBER,일련번호 (PK),335678,335678,330906,2026-10-08 02:12:27.564000
SILVER,CRM_MEMBER_AMT_CHANGE,MBER_NO,TEXT,회원번호,335678,335678,206257,2026-10-08 02:12:27.564000
SILVER,CRM_MEMBER_AMT_CHANGE,SPNSR_AMT,NUMBER,변경 후 약정금액 (원단위),335678,335678,702,2026-10-08 02:12:27.564000
SILVER,CRM_MEMBER_AMT_CHANGE,RDCAMT_YN,TEXT,감액여부 (Y=감액/N=증액),335678,335678,2,2026-10-08 02:12:27.564000
SILVER,CRM_MEMBER_AMT_CHANGE,ACMSLT_DEPT_CD,TEXT,실적부서코드 (→CRM_ORG),335678,329130,306,2026-10-08 02:12:27.564000
SILVER,CRM_MEMBER_AMT_CHANGE,CMPGN_CD,TEXT,캠페인코드 (→CRM_CAMPAIGN),335678,329263,11124,2026-10-08 02:12:27.564000
SILVER,CRM_MEMBER_AMT_CHANGE,AREA_CD,TEXT,지역코드 (CM018),335678,329157,19,2026-10-08 02:12:27.564000
SILVER,CRM_MEMBER_AMT_CHANGE,AREA_NM,TEXT,지역명 (코드 라벨),335678,327815,18,2026-10-08 02:12:27.564000
SILVER,CRM_MEMBER_AMT_CHANGE,AGE,NUMBER,연령대 코드(CM014) raw — 1=10대미만·2=10대·3=20대·4=30대·5=40대·6=50대·7=60대·8=70대·9=70대이상·10=단체·11=기업·12=기타. 🔴 연수(나이)가 아니다 ⇒ 평균·합계·구간비교 금지(라벨은 CRM_CODE CD_ID=CM014 조인).,335678,329157,12,2026-10-08 02:12:27.564000
SILVER,CRM_MEMBER_AMT_CHANGE,MBER_DIV_CD,TEXT,회원구분 원천코드 raw. 코드id:MM018,335678,329158,3,2026-10-08 02:12:27.564000
SILVER,CRM_MEMBER_AMT_CHANGE,SETLE_CD,TEXT,결제수단 코드 raw (정본 PM040). 라벨 미배선. 코드id:PM040.,335678,329157,7,2026-10-08 02:12:27.564000
SILVER,CRM_MEMBER_AMT_CHANGE,SEX,TEXT,성별 원천코드 raw. 코드id:CM013,335678,329157,9,2026-10-08 02:12:27.564000
SILVER,CRM_MEMBER_AMT_CHANGE,SPNSR_AMT_CD,TEXT,SPNSR_AMT_CD. 코드id:CM012.,335678,329157,5,2026-10-08 02:12:27.564000
SILVER,CRM_MEMBER_AMT_CHANGE,SPNSR_TIME_CO,NUMBER,후원시간수 [원천: BRONZE_CRM.TM_MM_FDRM_MBER_IRSD],335678,329271,24,2026-10-08 02:12:27.564000
SILVER,CRM_BIZ_PLACE,BPLC_CD,TEXT,사업장코드 [원천: BRONZE_CRM.TM_RM_BPLC_MNG],377,377,380,2026-10-08 02:12:26.115000
SILVER,CRM_BIZ_PLACE,NATION_CD,TEXT,국가코드 [원천: BRONZE_CRM.TM_RM_BPLC_MNG],377,377,36,2026-10-08 02:12:26.115000
SILVER,CRM_BIZ_PLACE,BPLC_KORNM,TEXT,사업장한글명 [원천: BRONZE_CRM.TM_RM_BPLC_MNG],377,377,376,2026-10-08 02:12:26.115000
SILVER,CRM_BIZ_PLACE,BPLC_ENGNM,TEXT,사업장영문명 [원천: BRONZE_CRM.TM_RM_BPLC_MNG],377,372,364,2026-10-08 02:12:26.115000
SILVER,CRM_BIZ_PLACE,RELATNSP_BSNS_YN,TEXT,결연사업여부 [원천: BRONZE_CRM.TM_RM_BPLC_MNG],377,377,2,2026-10-08 02:12:26.115000
SILVER,CRM_BIZ_PLACE,GFTMNEY_PSBL_YN,TEXT,선물금가능여부 [원천: BRONZE_CRM.TM_RM_BPLC_MNG],377,377,2,2026-10-08 02:12:26.115000
SILVER,CRM_BIZ_PLACE,LETTER_PSBL_YN,TEXT,서신가능여부 [원천: BRONZE_CRM.TM_RM_BPLC_MNG],377,374,2,2026-10-08 02:12:26.115000
SILVER,CRM_BIZ_PLACE,BPLC_DC,TEXT,사업장설명 [원천: BRONZE_CRM.TM_RM_BPLC_MNG],377,128,107,2026-10-08 02:12:26.115000
SILVER,CRM_BIZ_PLACE,WTWK_FROM_DSTNC,NUMBER,수도부터거리 [원천: BRONZE_CRM.TM_RM_BPLC_MNG],377,377,23,2026-10-08 02:12:26.115000
SILVER,CRM_BIZ_PLACE,CNCSN_RSN,TEXT,종결사유 [원천: BRONZE_CRM.TM_RM_BPLC_MNG],377,81,17,2026-10-08 02:12:26.115000
SILVER,CRM_BIZ_PLACE,BPLC_MTCHG_MNG_YN,TEXT,사업장매칭관리여부 [원천: BRONZE_CRM.TM_RM_BPLC_MNG],377,368,2,2026-10-08 02:12:26.115000
SILVER,CRM_MSG_TEMPLATE,SEND_CHANNEL,TEXT,발송채널 — MSG_AT=알림톡 템플릿(TM_MS_AT_TMPLAT_MNG) · EMAIL=이메일 템플릿(TM_MS_EMAIL_TMPLAT_MNG) · 모델 파생(UNION 분기),7085,7085,2,2026-10-08 02:12:24.567000
SILVER,CRM_MSG_TEMPLATE,TEMPLATE_KEY,TEXT,템플릿 키 — 알림톡=템플릿ID(TMPLAT_ID) · 이메일=템플릿KEY(TMPLAT_KEY 문자열화) · SEND_CHANNEL 과 함께 유일,7085,7085,7030,2026-10-08 02:12:24.567000
SILVER,CRM_MSG_TEMPLATE,CPR_DIV_CD,TEXT,법인구분코드 [원천: BRONZE_CRM.TM_MS_AT_TMPLAT_MNG],7085,7084,3,2026-10-08 02:12:24.567000
SILVER,CRM_MSG_TEMPLATE,SNDNG_CD_ID,TEXT,발신코드ID [원천: BRONZE_CRM.TM_MS_AT_TMPLAT_MNG],7085,7084,12,2026-10-08 02:12:24.567000
SILVER,CRM_MSG_TEMPLATE,SNDNG_DTL_CD_ID,TEXT,발신상세코드ID [원천: BRONZE_CRM.TM_MS_AT_TMPLAT_MNG],7085,7084,244,2026-10-08 02:12:24.567000
SILVER,CRM_MSG_TEMPLATE,ATMC_YN,TEXT,자동여부 [원천: BRONZE_CRM.TM_MS_AT_TMPLAT_MNG],7085,7083,2,2026-10-08 02:12:24.567000
SILVER,CRM_MSG_TEMPLATE,TIT,TEXT,제목 [원천: BRONZE_CRM.TM_MS_AT_TMPLAT_MNG],7085,7083,7101,2026-10-08 02:12:24.567000
SILVER,CRM_MSG_TEMPLATE,TEMPLATE_CTNT,TEXT,템플릿 본문 — 알림톡=템플릿내용(TMPLAT_CTNT) · 이메일=이메일내용(EMAIL_CTNT),7085,7084,5920,2026-10-08 02:12:24.567000
SILVER,CRM_MSG_TEMPLATE,WRITNG_DEPT_ID,TEXT,작성부서ID [원천: BRONZE_CRM.TM_MS_AT_TMPLAT_MNG],7085,7070,14,2026-10-08 02:12:24.567000
SILVER,CRM_MSG_TEMPLATE,WRITNG_DEPT_NM,TEXT,작성부서명 [원천: BRONZE_CRM.TM_MS_AT_TMPLAT_MNG],7085,7070,22,2026-10-08 02:12:24.567000
SILVER,CRM_MSG_TEMPLATE,CHRG_DEPT_ID,TEXT,담당부서ID [원천: BRONZE_CRM.TM_MS_AT_TMPLAT_MNG],7085,7083,16,2026-10-08 02:12:24.567000
SILVER,CRM_MSG_TEMPLATE,APRV_STAT_CD,TEXT,승인상태코드 [원천: BRONZE_CRM.TM_MS_AT_TMPLAT_MNG],7085,6627,4,2026-10-08 02:12:24.567000
SILVER,CRM_MSG_TEMPLATE,APRV_FAILR_CTNT,TEXT,승인실패내용 [원천: BRONZE_CRM.TM_MS_AT_TMPLAT_MNG],7085,861,244,2026-10-08 02:12:24.567000
SILVER,CRM_MSG_TEMPLATE,TEMPLATE_RM,TEXT,템플릿비고(TMPLAT_RM) — 알림톡 전용 · 이메일 행은 원천 개념 부재로 NULL,7085,39,25,2026-10-08 02:12:24.567000
SILVER,CRM_MSG_TEMPLATE,ALTRTV_MSG_SNDNG_YN,TEXT,대체메시지발신여부 [원천: BRONZE_CRM.TM_MS_AT_TMPLAT_MNG],7085,6229,1,2026-10-08 02:12:24.567000
SILVER,CRM_MSG_TEMPLATE,ALTRTV_MSG_TMPLAT_KEY,NUMBER,대체메시지템플릿KEY [원천: BRONZE_CRM.TM_MS_AT_TMPLAT_MNG],7085,960,61,2026-10-08 02:12:24.567000
SILVER,CRM_MSG_TEMPLATE,ALTRTV_MSG_CTNT,TEXT,대체메시지내용 [원천: BRONZE_CRM.TM_MS_AT_TMPLAT_MNG],7085,6622,5568,2026-10-08 02:12:24.567000
SILVER,CRM_MSG_TEMPLATE,ALTRTV_MSG_ATCHFL_ID,TEXT,대체메시지첨부파일ID [원천: BRONZE_CRM.TM_MS_AT_TMPLAT_MNG],7085,0,0,2026-10-08 02:12:24.567000
SILVER,CRM_MSG_TEMPLATE,WRITNG_GUIDE_ATCHFL_ID,TEXT,작성가이드첨부파일ID [원천: BRONZE_CRM.TM_MS_AT_TMPLAT_MNG],7085,2762,2772,2026-10-08 02:12:24.567000
SILVER,CRM_MSG_TEMPLATE,USE_YN,TEXT,사용여부 [원천: BRONZE_CRM.TM_MS_AT_TMPLAT_MNG],7085,6627,2,2026-10-08 02:12:24.567000
SILVER,CRM_SEND_MEMBER_OPEN_LOG,LOG_SEQ,NUMBER,로그순번 (PK),536111,536111,525710,2026-10-08 02:12:22.974000
SILVER,CRM_SEND_MEMBER_OPEN_LOG,REQ_SEQ_NO,NUMBER,발송요청순번 (→CRM_SEND_REQUEST),536111,536111,609,2026-10-08 02:12:22.974000
SILVER,CRM_SEND_MEMBER_OPEN_LOG,R_NUM,NUMBER,순번 (→CRM_SEND_MEMBER),536111,536111,214822,2026-10-08 02:12:22.974000
SILVER,CRM_SEND_MEMBER_OPEN_LOG,MBER_NO,TEXT,회원번호,536111,536111,120224,2026-10-08 02:12:22.974000
SILVER,CRM_SEND_MEMBER_LINK_LOG,LOG_SEQ,NUMBER,로그순번 (PK),551,551,552,2026-10-08 02:12:21.104000
SILVER,CRM_SEND_MEMBER_LINK_LOG,REQ_SEQ_NO,NUMBER,발송요청순번 (→CRM_SEND_REQUEST),551,551,15,2026-10-08 02:12:21.104000
SILVER,CRM_SEND_MEMBER_LINK_LOG,R_NUM,NUMBER,순번 (→CRM_SEND_MEMBER),551,551,375,2026-10-08 02:12:21.104000
SILVER,CRM_SEND_MEMBER_LINK_LOG,MBER_NO,TEXT,회원번호,551,551,372,2026-10-08 02:12:21.104000
SILVER,CRM_SEND_MEMBER_LINK_LOG,LINK_ID,TEXT,링크ID,551,551,45,2026-10-08 02:12:21.104000
SILVER,CRM_SEND_MEMBER_LINK_LOG,LINK_NM,TEXT,링크명,551,0,0,2026-10-08 02:12:21.104000
SILVER,CRM_SEND_MEMBER_LINK_LOG,LINK_PAGE,TEXT,링크페이지,551,551,25,2026-10-08 02:12:21.104000
SILVER,CRM_SEND_MEMBER_LINK_LOG,LINK_IMG_URL,TEXT,링크이미지URL,551,551,34,2026-10-08 02:12:21.104000
SILVER,CRM_SEND_MEMBER_LINK_LOG,AGENT,TEXT,접속에이전트,551,551,5,2026-10-08 02:12:21.104000
SILVER,BIGQUERY_IDENTITY,USER_PSEUDO_ID,TEXT,세션 스파인 (PK),46814,46814,46023,2026-10-08 02:12:19.449000
SILVER,BIGQUERY_IDENTITY,BIGQUERY_MEMBER_ID,TEXT,BigQuery측 회원 식별자(=USER_ID_FILLED).,46814,46814,38125,2026-10-08 02:12:19.449000
SILVER,BIGQUERY_IDENTITY,ID_SCHEME,TEXT,ID 체계 (PK) — MBER_NO/ONCE_MBER_NO/APP/EMAIL/INVALID/UNCLASSIFIED,46814,46814,4,2026-10-08 02:12:19.449000
SILVER,BIGQUERY_IDENTITY,MEMBER_TYPE,TEXT,회원구분 ONCE(S+8자리) / FDRM(7자리).,46814,46798,2,2026-10-08 02:12:19.449000
SILVER,BIGQUERY_IDENTITY,MBER_NO,TEXT,정기 회원번호. ID_SCHEME=MBER_NO 일 때만 채움.,46814,45533,36940,2026-10-08 02:12:19.449000
SILVER,BIGQUERY_IDENTITY,ONCE_MBER_NO,TEXT,일시 회원번호 (S+8자리),46814,1265,1114,2026-10-08 02:12:19.449000
SILVER,BIGQUERY_IDENTITY,ID_RESOLUTION,TEXT,ID_RESOLUTION.,46814,46814,1,2026-10-08 02:12:19.449000
SILVER,CRM_RELATION_DEV,OCCRRNC_DE,TEXT,발생일자 [원천: BRONZE_CRM.TM_MM_FDRM_MBER_RELATNSP_DVLP_AMT],1151356,1151356,7841,2026-10-08 02:12:17.523000
SILVER,CRM_RELATION_DEV,SER_NO,NUMBER,일련번호 [원천: BRONZE_CRM.TM_MM_FDRM_MBER_RELATNSP_DVLP_AMT],1151356,1151356,1175107,2026-10-08 02:12:17.523000
SILVER,CRM_RELATION_DEV,SPNSR_NO,NUMBER,후원번호 [원천: BRONZE_CRM.TM_MM_FDRM_MBER_RELATNSP_DVLP_AMT],1151356,1151356,644854,2026-10-08 02:12:17.523000
SILVER,CRM_RELATION_DEV,SPNSR_BSNS_NO,NUMBER,후원사업번호 [원천: BRONZE_CRM.TM_MM_FDRM_MBER_RELATNSP_DVLP_AMT],1151356,1151356,672381,2026-10-08 02:12:17.523000
SILVER,CRM_RELATION_DEV,MBER_NO,TEXT,회원번호 [원천: BRONZE_CRM.TM_MM_FDRM_MBER_RELATNSP_DVLP_AMT],1151356,1151356,550501,2026-10-08 02:12:17.523000
SILVER,CRM_RELATION_DEV,SPNSR_AMT,NUMBER,후원금액 [원천: BRONZE_CRM.TM_MM_FDRM_MBER_RELATNSP_DVLP_AMT],1151356,1151356,79,2026-10-08 02:12:17.523000
SILVER,CRM_RELATION_DEV,BF_STAT_CD,TEXT,이전상태코드 [원천: BRONZE_CRM.TM_MM_FDRM_MBER_RELATNSP_DVLP_AMT],1151356,1151356,7,2026-10-08 02:12:17.523000
SILVER,CRM_RELATION_DEV,AF_STAT_CD,TEXT,이후상태코드 [원천: BRONZE_CRM.TM_MM_FDRM_MBER_RELATNSP_DVLP_AMT],1151356,1151356,5,2026-10-08 02:12:17.523000
SILVER,CRM_RELATION_DEV,RELATNSP_DVLP_DIV_CD,TEXT,관계개발구분코드 [원천: BRONZE_CRM.TM_MM_FDRM_MBER_RELATNSP_DVLP_AMT],1151356,1151356,5,2026-10-08 02:12:17.523000
SILVER,CRM_RELATION_DEV,ACCNUT_STATS_CD,TEXT,회계상태코드 [원천: BRONZE_CRM.TM_MM_FDRM_MBER_RELATNSP_DVLP_AMT],1151356,1151356,9,2026-10-08 02:12:17.523000
SILVER,CRM_RELATION_DEV,CHILD_STATS_CD,TEXT,아동상태코드 [원천: BRONZE_CRM.TM_MM_FDRM_MBER_RELATNSP_DVLP_AMT],1151356,1151356,8,2026-10-08 02:12:17.523000
SILVER,CRM_INSTT_ACCOUNT,ACNUT_SER_NO,NUMBER,계좌일련번호 [원천: BRONZE_CRM.TM_PM_INSTT_ACNUT],238,238,237,2026-10-08 02:12:15.350000
SILVER,CRM_INSTT_ACCOUNT,CPR_DIV_CD,TEXT,법인구분코드 [원천: BRONZE_CRM.TM_PM_INSTT_ACNUT],238,238,2,2026-10-08 02:12:15.350000
SILVER,CRM_INSTT_ACCOUNT,ACNUT_DIV_CD,TEXT,계좌구분코드 [원천: BRONZE_CRM.TM_PM_INSTT_ACNUT],238,238,2,2026-10-08 02:12:15.350000
SILVER,CRM_INSTT_ACCOUNT,BANK_CD,TEXT,은행코드 [원천: BRONZE_CRM.TM_PM_INSTT_ACNUT],238,238,10,2026-10-08 02:12:15.350000
SILVER,CRM_INSTT_ACCOUNT,ACNUT_PRP,TEXT,계좌용도 [원천: BRONZE_CRM.TM_PM_INSTT_ACNUT],238,238,134,2026-10-08 02:12:15.350000
SILVER,CRM_INSTT_ACCOUNT,ACNUT_ABRV,TEXT,계좌약칭 [원천: BRONZE_CRM.TM_PM_INSTT_ACNUT],238,238,232,2026-10-08 02:12:15.350000
SILVER,CRM_INSTT_ACCOUNT,CHRG_DEPT_CD,TEXT,담당부서코드 [원천: BRONZE_CRM.TM_PM_INSTT_ACNUT],238,238,49,2026-10-08 02:12:15.350000
SILVER,CRM_INSTT_ACCOUNT,REGIST_USE_YN,TEXT,등록사용여부 [원천: BRONZE_CRM.TM_PM_INSTT_ACNUT],238,238,2,2026-10-08 02:12:15.350000
SILVER,CRM_INSTT_ACCOUNT,USE_YN,TEXT,사용여부 [원천: BRONZE_CRM.TM_PM_INSTT_ACNUT],238,238,2,2026-10-08 02:12:15.350000
SILVER,BIGQUERY_EVENT,USER_PSEUDO_ID,TEXT,세션 스파인 (PK),10603794,10603794,1114387,2026-10-08 02:12:00.294000
SILVER,BIGQUERY_EVENT,EVENT_TIMESTAMP,NUMBER,UTC microsec (PK),10603794,10603794,6992082,2026-10-08 02:12:00.294000
SILVER,BIGQUERY_EVENT,EVENT_NAME,TEXT,이벤트명 (PK),10603794,10603794,52,2026-10-08 02:12:00.294000
SILVER,BIGQUERY_EVENT,EVENT_SEQ,NUMBER,동일 3키 내 순번 .  BIGQUERY.,10603794,10603794,20,2026-10-08 02:12:00.294000
SILVER,BIGQUERY_EVENT,EVENT_DATE,TEXT,원본 YYYYMMDD,10603794,10603794,34,2026-10-08 02:12:00.294000
SILVER,BIGQUERY_EVENT,USER_ID,TEXT,BIGQUERY user_id 원본(불변 보존).  BIGQUERY.,10603794,359116,38561,2026-10-08 02:12:00.294000
SILVER,BIGQUERY_EVENT,ID_SCHEME,TEXT,ID_SCHEME.,10603794,359116,4,2026-10-08 02:12:00.294000
SILVER,BIGQUERY_EVENT,BIGQUERY_SESSION_ID,NUMBER,BigQuery 세션ID,10603794,10601175,933299,2026-10-08 02:12:00.294000
SILVER,BIGQUERY_EVENT,BIGQUERY_SESSION_NUMBER,NUMBER,BigQuery 세션 번호,10603794,10603794,785,2026-10-08 02:12:00.294000
SILVER,BIGQUERY_EVENT,BIGQUERY_SESSION_KEY,TEXT,"파생 세션 자연키 (복합 = pseudo ∥ "".",10603794,10601175,1229147,2026-10-08 02:12:00.294000
SILVER,BIGQUERY_EVENT,USER_ID_FILLED,TEXT,파생 세션 전파 회원번호.  BIGQUERY.,10603794,2696666,38561,2026-10-08 02:12:00.294000
SILVER,BIGQUERY_EVENT,ID_RESOLUTION,TEXT,ID_RESOLUTION.,10603794,10603794,4,2026-10-08 02:12:00.294000
SILVER,BIGQUERY_EVENT,SESSION_ENGAGED,TEXT,세션 engaged 여부,10603794,10603794,2,2026-10-08 02:12:00.294000
SILVER,BIGQUERY_EVENT,ENGAGEMENT_TIME_MSEC,NUMBER,참여시간 msec (비가산 raw),10603794,5522182,127395,2026-10-08 02:12:00.294000
SILVER,BIGQUERY_EVENT,PAGE_LOCATION,TEXT,페이지 URL,10603794,10603794,1015883,2026-10-08 02:12:00.294000
SILVER,BIGQUERY_EVENT,PAGE_TITLE,TEXT,페이지 제목,10603794,10555791,2189,2026-10-08 02:12:00.294000
SILVER,BIGQUERY_EVENT,PAGE_REFERRER,TEXT,리퍼러 URL,10603794,7797556,351461,2026-10-08 02:12:00.294000
SILVER,BIGQUERY_EVENT,EVENT_CATEGORY,TEXT,이벤트 카테고리,10603794,3892214,340,2026-10-08 02:12:00.294000
SILVER,BIGQUERY_EVENT,EVENT_ACTION,TEXT,이벤트 액션,10603794,3892200,2470,2026-10-08 02:12:00.294000
SILVER,BIGQUERY_EVENT,EVENT_LABEL,TEXT,이벤트 라벨 (혼합타입),10603794,3868473,33895,2026-10-08 02:12:00.294000
SILVER,BIGQUERY_EVENT,PERCENT_SCROLLED,NUMBER,스크롤 비율,10603794,2249810,7,2026-10-08 02:12:00.294000
SILVER,BIGQUERY_EVENT,LINK_URL,TEXT,클릭 링크 URL,10603794,1261908,74170,2026-10-08 02:12:00.294000
SILVER,BIGQUERY_EVENT,LINK_TEXT,TEXT,클릭 링크 텍스트,10603794,1527730,13719,2026-10-08 02:12:00.294000
SILVER,BIGQUERY_EVENT,DEVICE_TYPE,TEXT,디바이스 유형 파생. 값 = M / PC / (unknown).,10603794,10603794,3,2026-10-08 02:12:00.294000
SILVER,BIGQUERY_EVENT,DEVICE_CATEGORY,TEXT,DEVICE_CATEGORY.,10603794,10603794,4,2026-10-08 02:12:00.294000
SILVER,BIGQUERY_EVENT,OS,TEXT,운영체제,10603794,10594915,9,2026-10-08 02:12:00.294000
SILVER,BIGQUERY_EVENT,GEO_COUNTRY,TEXT,국가,10603794,10599518,164,2026-10-08 02:12:00.294000
SILVER,BIGQUERY_EVENT,GEO_CITY,TEXT,도시,10603794,10566997,2073,2026-10-08 02:12:00.294000
SILVER,BIGQUERY_EVENT,UTM_SOURCE,TEXT,UTM source,10603794,4619768,397,2026-10-08 02:12:00.294000
SILVER,BIGQUERY_EVENT,UTM_MEDIUM,TEXT,UTM medium,10603794,4647827,50,2026-10-08 02:12:00.294000
SILVER,BIGQUERY_EVENT,UTM_CAMPAIGN,TEXT,UTM campaign,10603794,5301277,720,2026-10-08 02:12:00.294000
SILVER,BIGQUERY_EVENT,DEFAULT_CHANNEL_GROUP,TEXT,기본 채널그룹,10603794,5318320,15,2026-10-08 02:12:00.294000
SILVER,BIGQUERY_EVENT,PLATFORM,TEXT,플랫폼. 값 = WEB (ANDROID/IOS 미입고).,10603794,10603794,1,2026-10-08 02:12:00.294000
SILVER,BIGQUERY_EVENT,IS_ACTIVE_USER,BOOLEAN,활성 사용자 여부,10603794,6043745,2,2026-10-08 02:12:00.294000
SILVER,BIGQUERY_EVENT,BATCH_ORDERING_ID,NUMBER,배치 내 정렬 ID.,10603794,9006040,20,2026-10-08 02:12:00.294000
SILVER,BIGQUERY_EVENT,SRC_TABLE,TEXT,원본 일별 테이블명 계보 (기반 테이블 승계),10603794,0,0,2026-10-08 02:12:00.294000
SILVER,BIGQUERY_EVENT,SRC_FILE_NAME,TEXT,파일 단위 계보 (기반 테이블 승계),10603794,0,0,2026-10-08 02:12:00.294000
SILVER,CRM_PAYMENT_METHOD,SETLE_KEY,NUMBER,결제수단키 (PK),2616838,2616838,2644916,2026-10-08 02:11:58.078000
SILVER,CRM_PAYMENT_METHOD,MBER_NO,TEXT,회원번호,2616838,2616838,1608568,2026-10-08 02:11:58.078000
SILVER,CRM_PAYMENT_METHOD,SETLE_CD,TEXT,결제수단코드,2616838,2616838,6,2026-10-08 02:11:58.078000
SILVER,CRM_PAYMENT_METHOD,SETLE_NM,TEXT,결제수단명 (코드 라벨),2616838,2616838,6,2026-10-08 02:11:58.078000
SILVER,CRM_PAYMENT_METHOD,CARD_DIV_CD,TEXT,카드구분코드,2616838,711078,3,2026-10-08 02:11:58.078000
SILVER,CRM_PAYMENT_METHOD,FNLT_CD,TEXT,금융기관코드,2616838,740333,109,2026-10-08 02:11:58.078000
SILVER,CRM_PAYMENT_METHOD,SETLE_STAT_CD,TEXT,결제상태코드,2616838,2616838,9,2026-10-08 02:11:58.078000
SILVER,CRM_PAYMENT_METHOD,APPLCNT_MBER_REL_CD,TEXT,신청자. 코드id:CM009.,2616838,2572680,14,2026-10-08 02:11:58.078000
SILVER,CRM_PAYMENT_METHOD,CPR_DIV_CD,TEXT,법인구분 코드 raw (정본 CM019). 코드id:CM019.,2616838,2616838,2,2026-10-08 02:11:58.078000
SILVER,CRM_PAYMENT_METHOD,CRTFC_MTH_CD,TEXT,인증방법 코드 raw (정본 MM014). 코드id:MM014.,2616838,1996950,5,2026-10-08 02:11:58.078000
SILVER,CRM_PAYMENT_METHOD,FNLT_DIV_CD,TEXT,FNLT_DIV_CD. 코드id:PM050.,2616838,2526175,3,2026-10-08 02:11:58.078000
SILVER,CRM_PAYMENT_METHOD,RCEPT_DIV_CD,TEXT,접수구분 코드 raw (정본 PM003). 코드id:PM003.,2616838,1772472,6,2026-10-08 02:11:58.078000
SILVER,CRM_PAYMENT_METHOD,RQST_DIV_CD,TEXT,요청구분 코드 raw (정본 PM004). 코드id:PM004.,2616838,1772473,6,2026-10-08 02:11:58.078000
SILVER,CRM_PAYMENT_METHOD,WTDRW_ASMT_SQNC,NUMBER,출금지정차수 [원천: BRONZE_CRM.TM_PM_SETLE_INFO],2616838,2616838,2,2026-10-08 02:11:58.078000
SILVER,CRM_PAYMENT_METHOD,SETLE_ENTRPS_CD,TEXT,결제업체코드 [원천: BRONZE_CRM.TM_PM_SETLE_INFO],2616838,2525836,54,2026-10-08 02:11:58.078000
SILVER,CRM_PAYMENT_METHOD,ACNUT_SER_NO,NUMBER,계좌일련번호(기관 계좌 참조 · 계좌번호 아님) [원천: BRONZE_CRM.TM_PM_SETLE_INFO],2616838,177847,10,2026-10-08 02:11:58.078000
SILVER,CRM_PAYMENT_METHOD,PAYER_MBER_REL_CD,TEXT,결제자회원관계코드 [원천: BRONZE_CRM.TM_PM_SETLE_INFO],2616838,2455213,14,2026-10-08 02:11:58.078000
SILVER,CRM_PAYMENT_METHOD,APRV_YN,TEXT,승인여부 [원천: BRONZE_CRM.TM_PM_SETLE_INFO],2616838,2587264,2,2026-10-08 02:11:58.078000
SILVER,CRM_PAYMENT_METHOD,RQEST_EXCL_YN,TEXT,청구제외여부 [원천: BRONZE_CRM.TM_PM_SETLE_INFO],2616838,2616838,2,2026-10-08 02:11:58.078000
SILVER,CRM_PAYMENT_METHOD,BF_SETLE_KEY,NUMBER,이전결제KEY [원천: BRONZE_CRM.TM_PM_SETLE_INFO],2616838,657674,661966,2026-10-08 02:11:58.078000
SILVER,CRM_PAYMENT_METHOD,OPERT_DIV_CD,TEXT,작업구분코드 [원천: BRONZE_CRM.TM_PM_SETLE_INFO],2616838,617595,5,2026-10-08 02:11:58.078000
SILVER,CRM_PAYMENT_METHOD,CRTFC_TY_CD,TEXT,인증유형코드 [원천: BRONZE_CRM.TM_PM_SETLE_INFO],2616838,970692,6,2026-10-08 02:11:58.078000
SILVER,CRM_PAYMENT_METHOD,USE_YN,TEXT,사용여부 [원천: BRONZE_CRM.TM_PM_SETLE_INFO],2616838,2616838,2,2026-10-08 02:11:58.078000
SILVER,ERP_BUDGET_ITEM,BUDGET_ITEM_DK,TEXT,불변 비즈니스 식별자,179,179,182,2026-10-08 02:11:56.693000
SILVER,ERP_BUDGET_ITEM,BUDGET_YEAR,NUMBER,예산연도 YYYY,179,179,3,2026-10-08 02:11:56.693000
SILVER,ERP_BUDGET_ITEM,INCOME_EXPS_DIV_NM,TEXT,수입/지출 구분,179,179,1,2026-10-08 02:11:56.693000
SILVER,ERP_BUDGET_ITEM,BDGT_UNIT_NM,TEXT,"예산단위 (=조직명, 코드 없음)",179,179,6,2026-10-08 02:11:56.693000
SILVER,ERP_BUDGET_ITEM,JANG_NM,TEXT,예산과목 1단계 장,179,179,4,2026-10-08 02:11:56.693000
SILVER,ERP_BUDGET_ITEM,KWAN_NM,TEXT,예산과목 2단계 관,179,179,6,2026-10-08 02:11:56.693000
SILVER,ERP_BUDGET_ITEM,HANG_NM,TEXT,예산과목 3단계 항,179,179,9,2026-10-08 02:11:56.693000
SILVER,ERP_BUDGET_ITEM,MOK_NM,TEXT,예산과목 4단계 목,179,179,15,2026-10-08 02:11:56.693000
SILVER,ERP_BUDGET_ITEM,DTL_ITEM_NM,TEXT,예산과목 5단계 세목,179,179,6,2026-10-08 02:11:56.693000
SILVER,ERP_BUDGET_ITEM,SUBDTL_ITEM_NM,TEXT,예산과목 6단계 세세목,179,179,48,2026-10-08 02:11:56.693000
SILVER,ERP_BUDGET_ITEM,FUND_SOURCE_NM,TEXT,재원,179,179,8,2026-10-08 02:11:56.693000
SILVER,CRM_BIZ_TARGET,BIZ_TARGET_DK,TEXT,사업목표 대체키 (PK),5244,5244,5253,2026-10-08 02:11:55.123000
SILVER,CRM_BIZ_TARGET,TARGET_YEAR,NUMBER,목표연도 YYYY,5244,5244,1,2026-10-08 02:11:55.123000
SILVER,CRM_BIZ_TARGET,MONTH_NO,NUMBER,월 1~12,5244,5244,12,2026-10-08 02:11:55.123000
SILVER,CRM_BIZ_TARGET,MONTH_KEY,TEXT,월키 YYYYMM,5244,5244,12,2026-10-08 02:11:55.123000
SILVER,CRM_BIZ_TARGET,ORG_CD,TEXT,조직코드 (FK→DIM_ORG),5244,0,0,2026-10-08 02:11:55.123000
SILVER,CRM_BIZ_TARGET,ORG_NM,TEXT,조직 (이름조인 보완),5244,3480,10,2026-10-08 02:11:55.123000
SILVER,CRM_BIZ_TARGET,SPONSOR_BIZ_NM,TEXT,후원사업,5244,5064,15,2026-10-08 02:11:55.123000
SILVER,CRM_BIZ_TARGET,CAMPAIGN_NM,TEXT,캠페인 (연결키 부재 Q10),5244,0,0,2026-10-08 02:11:55.123000
SILVER,CRM_BIZ_TARGET,TARGET_TYPE,TEXT,목표 편성 차수: 당초(원천 BDGT_PRCD_NM=연사업) / 추경(추가경정),5244,5244,1,2026-10-08 02:11:55.123000
SILVER,CRM_BIZ_TARGET,TARGET_CNT,NUMBER,목표값 — 단위는 GOAL_TYPE_NM 에 따른다(건·명·원·비율) · 지표사전 #152~155,5244,5244,2250,2026-10-08 02:11:55.123000
SILVER,CRM_BIZ_TARGET,GOAL_TYPE_NM,TEXT,목표 지표 유형 원천 표기 그대로(O190 · 9종): 건 = 후원사업·회원개발 / 명 = 월말활동회원 / 원 = 정기회비 / 비율 = 후원사업활동율·신규기존활동율·후원사업납입율·신규기존납입율·신규기존누계납입율. 🔴 유형마다 단위가 달라 섞어 합산하지 말 것 · 후원사업과 회원개발은 같은 개발 목표의 다른 분해(문서20 N-24),5244,5244,9,2026-10-08 02:11:55.123000
SILVER,CRM_BIZ_TARGET,CPR_DIV_NM,TEXT,법인구분 (사단/사복),5244,5244,2,2026-10-08 02:11:55.123000
SILVER,CRM_BIZ_TARGET,NEW_OLD_DIV_NM,TEXT,신규/기존 구분 원천 표기. 🔴 비율 유형에는 소계 행(합계·신규합계)이 있다 — 신규/기존과 함께 합산하면 이중계상. 회원개발 유형은 NULL,5244,3612,4,2026-10-08 02:11:55.123000
SILVER,CRM_BIZ_TARGET,ORG_DIV_NM,TEXT,조직구분 (본부/지부/대면 등),5244,4080,3,2026-10-08 02:11:55.123000
SILVER,CRM_BIZ_TARGET,DTL_DIV_NM,TEXT,세부구분 원천 표기(채널 등 · 회원개발 유형만 · 그 외 NULL),5244,1632,11,2026-10-08 02:11:55.123000
SILVER,CRM_BIZ_TARGET,BDGT_PRCD_NM,TEXT,예산절차(편성 차수) 원천 표기 그대로: 연사업/추가경정 [원천: BRONZE_CRM.TM_CM_MBER_DVLP_GOAL_DIV: 예산절차] — TARGET_TYPE 파생 입력,5244,5244,1,2026-10-08 02:11:55.123000
SILVER,CRM_SEND_MEMBER,SNDNG_KEY,NUMBER,"발송키 (PK, →CRM_SEND_REQUEST)",43892464,43892464,1680658,2026-10-08 02:11:45.153000
SILVER,CRM_SEND_MEMBER,SNDNG_DTL_KEY,NUMBER,발송상세키 (PK),43892464,43892464,33360352,2026-10-08 02:11:45.153000
SILVER,CRM_SEND_MEMBER,MBER_NO,TEXT,회원번호,43892464,43892464,1047764,2026-10-08 02:11:45.153000
SILVER,CRM_SEND_MEMBER,SNDNG_RST_CD,TEXT,발송결과코드 (축A raw · 채널별 다체계.,43892464,40922691,7,2026-10-08 02:11:45.153000
SILVER,CRM_SEND_MEMBER,SEND_CHANNEL,TEXT,발송채널 (축A 판별자),43892464,43892464,4,2026-10-08 02:11:45.153000
SILVER,CRM_SEND_MEMBER,SEND_STATUS_GROUP,TEXT,SEND_STATUS_GROUP. 코드id:MS282.,43892464,22184263,1,2026-10-08 02:11:45.153000
SILVER,CRM_SEND_MEMBER,SEND_STATUS_NAME,TEXT,축A 라벨 (CRM_CODE 조인). [사유:원천 부재],43892464,22184263,3,2026-10-08 02:11:45.153000
SILVER,CRM_SEND_MEMBER,SEND_RESULT_CD,TEXT,축B(신설) 통신사 결과코드 raw.,43892464,31145667,49,2026-10-08 02:11:45.153000
SILVER,CRM_SEND_MEMBER,SEND_RESULT_GROUP,TEXT,SEND_RESULT_GROUP. 코드id:MS283.,43892464,29420378,4,2026-10-08 02:11:45.153000
SILVER,CRM_SEND_MEMBER,SEND_RESULT_NAME,TEXT,SEND_RESULT_NAME.,43892464,29420378,32,2026-10-08 02:11:45.153000
SILVER,CRM_SEND_MEMBER,FRST_BRND_CD,TEXT,발송 시점 최초 브랜드 코드 (원천 그대로),43892464,4518035,65,2026-10-08 02:11:45.153000
SILVER,CRM_SEND_MEMBER,FRST_BRND_NM,TEXT,발송 시점 최초 브랜드명,43892464,4587504,66,2026-10-08 02:11:45.153000
SILVER,CRM_SEND_MEMBER,LST_BRND_CD,TEXT,발송 시점 최종 브랜드 코드 (원천 그대로),43892464,4518035,66,2026-10-08 02:11:45.153000
SILVER,CRM_SEND_MEMBER,LST_BRND_NM,TEXT,발송 시점 최종 브랜드명,43892464,5056180,66,2026-10-08 02:11:45.153000
SILVER,CRM_SEND_MEMBER,CURRENT_BRND,TEXT,현재 브랜드 (원천 그대로),43892464,4986705,126,2026-10-08 02:11:45.153000
SILVER,CRM_SEND_MEMBER,ALTRTV_MSG_SNDNG_YN,TEXT,대체문자 발송 여부 [원천: BRONZE_CRM.TD_MS_MSG_AT_SNDNG_DTLS],43892464,889777,1,2026-10-08 02:11:45.153000
SILVER,CRM_SEND_MEMBER,RELATNSP_KEY,NUMBER,결연KEY [원천: BRONZE_CRM.TD_MS_PSTMTR_SNDNG_DTL · BRONZE_CRM.SND_MEMBER_LIST],43892464,4237920,514180,2026-10-08 02:11:45.153000
SILVER,CRM_SEND_MEMBER,MNG_NO,TEXT,관리번호 [원천: BRONZE_CRM.TD_MS_PSTMTR_SNDNG_DTL],43892464,143116,96,2026-10-08 02:11:45.153000
SILVER,CRM_SEND_MEMBER,MSG_KEY,TEXT,메세지키 [원천: BRONZE_CRM.SND_MEMBER_LIST],43892464,4798697,4761952,2026-10-08 02:11:45.153000
SILVER,CRM_SEND_MEMBER,CINFO,TEXT,알림톡구분 [원천: BRONZE_CRM.SND_MEMBER_LIST],43892464,8759550,6,2026-10-08 02:11:45.153000
SILVER,CRM_SEND_MEMBER,RESPONSED_YN,TEXT,발송확인여부 [원천: BRONZE_CRM.SND_MEMBER_LIST],43892464,11542452,2,2026-10-08 02:11:45.153000
SILVER,CRM_MEMBER_CONVERT_HIST,ONCE_MBER_NO,TEXT,일시후원회원번호 (전환 전 · PK),7236,7236,7307,2026-10-08 02:11:42.820000
SILVER,CRM_MEMBER_CONVERT_HIST,MBER_NO,TEXT,정기회원번호 (전환 후 · PK · →CRM_MEMBER),7236,7236,7338,2026-10-08 02:11:42.820000
SILVER,BIGQUERY_BASIC,USER_PSEUDO_ID,TEXT,세션 스파인 (PK),10603794,10603794,1114387,2026-10-08 02:11:33.416000
SILVER,BIGQUERY_BASIC,EVENT_TIMESTAMP,NUMBER,UTC microsec (PK),10603794,10603794,6992082,2026-10-08 02:11:33.416000
SILVER,BIGQUERY_BASIC,EVENT_NAME,TEXT,이벤트명 (PK),10603794,10603794,52,2026-10-08 02:11:33.416000
SILVER,BIGQUERY_BASIC,EVENT_SEQ,NUMBER,EVENT_SEQ.,10603794,10603794,20,2026-10-08 02:11:33.416000
SILVER,BIGQUERY_BASIC,EVENT_DATE,TEXT,원본 YYYYMMDD,10603794,10603794,34,2026-10-08 02:11:33.416000
SILVER,BIGQUERY_BASIC,USER_ID,TEXT,BIGQUERY user_id 원본(불변 보존). USER_ID 사용.,10603794,359116,38561,2026-10-08 02:11:33.416000
SILVER,BIGQUERY_BASIC,ID_SCHEME,TEXT,ID_SCHEME.,10603794,359116,4,2026-10-08 02:11:33.416000
SILVER,BIGQUERY_BASIC,BIGQUERY_SESSION_ID,NUMBER,BigQuery 세션ID(EP_GA_SESSION_ID TRY_CAST).,10603794,10601175,933299,2026-10-08 02:11:33.416000
SILVER,BIGQUERY_BASIC,BIGQUERY_SESSION_NUMBER,NUMBER,BigQuery 세션 번호(EP_GA_SESSION_NUMBER TRY_CAST).,10603794,10603794,785,2026-10-08 02:11:33.416000
SILVER,BIGQUERY_BASIC,BIGQUERY_SESSION_KEY,TEXT,"파생 세션 자연키 = user_pseudo_id ∥ "".",10603794,10601175,1229147,2026-10-08 02:11:33.416000
SILVER,BIGQUERY_BASIC,SESSION_ENGAGED,TEXT,세션 engaged 여부(EP_SESSION_ENGAGED).,10603794,10603794,2,2026-10-08 02:11:33.416000
SILVER,BIGQUERY_BASIC,ENGAGEMENT_TIME_MSEC,NUMBER,ENGAGEMENT_TIME_MSEC.,10603794,5522182,127395,2026-10-08 02:11:33.416000
SILVER,BIGQUERY_BASIC,PAGE_LOCATION,TEXT,페이지 URL(EP_PAGE_LOCATION),10603794,10603794,1015883,2026-10-08 02:11:33.416000
SILVER,BIGQUERY_BASIC,PAGE_TITLE,TEXT,페이지 제목(EP_PAGE_TITLE),10603794,10555791,2189,2026-10-08 02:11:33.416000
SILVER,BIGQUERY_BASIC,PAGE_REFERRER,TEXT,리퍼러 URL(EP_PAGE_REFERRER),10603794,7797556,351461,2026-10-08 02:11:33.416000
SILVER,BIGQUERY_BASIC,EVENT_CATEGORY,TEXT,EVENT_CATEGORY.,10603794,3892214,340,2026-10-08 02:11:33.416000
SILVER,BIGQUERY_BASIC,EVENT_ACTION,TEXT,"이벤트 액션(EP_EVENT_ACTION, 센티넬 NULLIF).",10603794,3892200,2470,2026-10-08 02:11:33.416000
SILVER,BIGQUERY_BASIC,EVENT_LABEL,TEXT,"이벤트 라벨(EP_EVENT_LABEL, 센티넬 NULLIF).",10603794,3868473,33895,2026-10-08 02:11:33.416000
SILVER,BIGQUERY_BASIC,PERCENT_SCROLLED,NUMBER,PERCENT_SCROLLED.,10603794,2249810,7,2026-10-08 02:11:33.416000
SILVER,BIGQUERY_BASIC,LINK_URL,TEXT,클릭 링크 URL(EP_LINK_URL),10603794,1261908,74170,2026-10-08 02:11:33.416000
SILVER,BIGQUERY_BASIC,LINK_TEXT,TEXT,클릭 링크 텍스트(EP_LINK_TEXT),10603794,1527730,13719,2026-10-08 02:11:33.416000
SILVER,BIGQUERY_BASIC,DEVICE_TYPE,TEXT,DEVICE_TYPE.,10603794,10603794,3,2026-10-08 02:11:33.416000
SILVER,BIGQUERY_BASIC,DEVICE_CATEGORY,TEXT,디바이스 카테고리(원본),10603794,10603794,4,2026-10-08 02:11:33.416000
SILVER,BIGQUERY_BASIC,OS,TEXT,운영체제(DEVICE_OPERATING_SYSTEM),10603794,10594915,9,2026-10-08 02:11:33.416000
SILVER,BIGQUERY_BASIC,BROWSER,TEXT,브라우저(DEVICE_WEB_INFO_BROWSER),10603794,10599826,23,2026-10-08 02:11:33.416000
SILVER,BIGQUERY_BASIC,LANGUAGE,TEXT,언어(DEVICE_LANGUAGE),10603794,10603794,175,2026-10-08 02:11:33.416000
SILVER,BIGQUERY_BASIC,PLATFORM,TEXT,플랫폼(원본),10603794,10603794,1,2026-10-08 02:11:33.416000
SILVER,BIGQUERY_BASIC,IS_ACTIVE_USER,BOOLEAN,활성 사용자 여부(원본),10603794,6043745,2,2026-10-08 02:11:33.416000
SILVER,BIGQUERY_BASIC,GEO_COUNTRY,TEXT,국가(원본),10603794,10599518,164,2026-10-08 02:11:33.416000
SILVER,BIGQUERY_BASIC,GEO_CITY,TEXT,도시(원본),10603794,10566997,2073,2026-10-08 02:11:33.416000
SILVER,BIGQUERY_BASIC,UTM_SOURCE,TEXT,UTM_SOURCE.,10603794,4619768,397,2026-10-08 02:11:33.416000
SILVER,BIGQUERY_BASIC,UTM_MEDIUM,TEXT,UTM_MEDIUM.,10603794,4647827,50,2026-10-08 02:11:33.416000
SILVER,BIGQUERY_BASIC,UTM_CAMPAIGN,TEXT,UTM_CAMPAIGN.,10603794,5301277,720,2026-10-08 02:11:33.416000
SILVER,BIGQUERY_BASIC,UTM_CONTENT,TEXT,UTM content(STSLC_MC_CONTENT),10603794,5318320,2661,2026-10-08 02:11:33.416000
SILVER,BIGQUERY_BASIC,UTM_TERM,TEXT,UTM term(STSLC_MC_TERM),10603794,5318320,2589,2026-10-08 02:11:33.416000
SILVER,BIGQUERY_BASIC,SOURCE_MEDIUM,TEXT,SOURCE_MEDIUM.,10603794,5318320,497,2026-10-08 02:11:33.416000
SILVER,BIGQUERY_BASIC,XCHAN_SOURCE,TEXT,XCHAN_SOURCE.,10603794,5269188,397,2026-10-08 02:11:33.416000
SILVER,BIGQUERY_BASIC,XCHAN_MEDIUM,TEXT,XCHAN_MEDIUM.,10603794,5299090,52,2026-10-08 02:11:33.416000
SILVER,BIGQUERY_BASIC,XCHAN_CAMPAIGN,TEXT,XCHAN_CAMPAIGN.,10603794,5318320,798,2026-10-08 02:11:33.416000
SILVER,BIGQUERY_BASIC,DEFAULT_CHANNEL_GROUP,TEXT,DEFAULT_CHANNEL_GROUP.,10603794,5318320,15,2026-10-08 02:11:33.416000
SILVER,BIGQUERY_BASIC,GAC_AD_GROUP_ID,TEXT,GAC_AD_GROUP_ID.,10603794,1401056,112,2026-10-08 02:11:33.416000
SILVER,BIGQUERY_BASIC,GAC_AD_GROUP_NAME,TEXT,GAC_AD_GROUP_NAME.,10603794,1401056,44,2026-10-08 02:11:33.416000
SILVER,BIGQUERY_BASIC,GAC_CAMPAIGN_NAME,TEXT,GAC_CAMPAIGN_NAME.,10603794,1401056,106,2026-10-08 02:11:33.416000
SILVER,BIGQUERY_BASIC,BATCH_ORDERING_ID,NUMBER,BATCH_ORDERING_ID.,10603794,9006040,20,2026-10-08 02:11:33.416000
SILVER,BIGQUERY_REFINED_DATA,BATCH_EVENT_INDEX,NUMBER,배치 내 이벤트 순번,10603794,9006040,20,2026-10-08 02:11:14.229000
SILVER,BIGQUERY_REFINED_DATA,EVENT_DATE,TEXT,이벤트 발생일,10603794,10603794,34,2026-10-08 02:11:14.229000
SILVER,BIGQUERY_REFINED_DATA,EVENT_TIMESTAMP,NUMBER,이벤트 발생 시각,10603794,10603794,6992082,2026-10-08 02:11:14.229000
SILVER,BIGQUERY_REFINED_DATA,EVENT_NAME,TEXT,이벤트명,10603794,10603794,52,2026-10-08 02:11:14.229000
SILVER,BIGQUERY_REFINED_DATA,EVENT_VALUE_IN_USD,TEXT,이벤트 금액(USD),10603794,8193,499,2026-10-08 02:11:14.229000
SILVER,BIGQUERY_REFINED_DATA,EVENT_BUNDLE_SEQUENCE_ID,NUMBER,이벤트 번들 순번,10603794,10603794,6528614,2026-10-08 02:11:14.229000
SILVER,BIGQUERY_REFINED_DATA,IS_ACTIVE_USER,BOOLEAN,활성 사용자 여부,10603794,6043745,2,2026-10-08 02:11:14.229000
SILVER,BIGQUERY_REFINED_DATA,USER_ID,TEXT,사용자 ID,10603794,359116,38561,2026-10-08 02:11:14.229000
SILVER,BIGQUERY_REFINED_DATA,USER_PSEUDO_ID,TEXT,GA 익명 사용자 ID,10603794,10603794,1114387,2026-10-08 02:11:14.229000
SILVER,BIGQUERY_REFINED_DATA,USER_FIRST_TOUCH_TIMESTAMP,NUMBER,사용자 최초 접속 시각,10603794,10020909,1097673,2026-10-08 02:11:14.229000
SILVER,BIGQUERY_REFINED_DATA,EP_CAMPAIGN,TEXT,캠페인명,10603794,3528610,1208,2026-10-08 02:11:14.229000
SILVER,BIGQUERY_REFINED_DATA,EP_CAMPAIGN_ID,TEXT,캠페인 ID,10603794,698525,3343,2026-10-08 02:11:14.229000
SILVER,BIGQUERY_REFINED_DATA,EP_CHANGE_DONATION_UP,TEXT,후원 증액 여부,10603794,3335,1,2026-10-08 02:11:14.229000
SILVER,BIGQUERY_REFINED_DATA,EP_CHANGE_DONATION_UP_AMOUNT,TEXT,후원 증액 금액,10603794,3335,62,2026-10-08 02:11:14.229000
SILVER,BIGQUERY_REFINED_DATA,EP_CONTENT,TEXT,콘텐츠,10603794,3271096,5039,2026-10-08 02:11:14.229000
SILVER,BIGQUERY_REFINED_DATA,EP_CURRENCY,TEXT,금액 통화,10603794,16393,1,2026-10-08 02:11:14.229000
SILVER,BIGQUERY_REFINED_DATA,EP_DONATION_ONCE,TEXT,일시후원 여부,10603794,2533,1,2026-10-08 02:11:14.229000
SILVER,BIGQUERY_REFINED_DATA,EP_DONATION_ONCE_AMOUNT,TEXT,일시후원 금액,10603794,2533,99,2026-10-08 02:11:14.229000
SILVER,BIGQUERY_REFINED_DATA,EP_DONATION_REGULAR,TEXT,정기후원 여부,10603794,13860,1,2026-10-08 02:11:14.229000
SILVER,BIGQUERY_REFINED_DATA,EP_DONATION_REGULAR_AMOUNT,TEXT,정기후원 금액,10603794,13860,38,2026-10-08 02:11:14.229000
SILVER,BIGQUERY_REFINED_DATA,EP_ENGAGED_SESSION_EVENT,TEXT,참여 세션 이벤트 여부,10603794,5014669,1,2026-10-08 02:11:14.229000
SILVER,BIGQUERY_REFINED_DATA,EP_ENGAGEMENT_TIME_MSEC,TEXT,참여 시간(ms),10603794,5522182,125915,2026-10-08 02:11:14.229000
SILVER,BIGQUERY_REFINED_DATA,EP_ENTRANCES,TEXT,세션 진입 여부,10603794,1212671,1,2026-10-08 02:11:14.229000
SILVER,BIGQUERY_REFINED_DATA,EP_EVENT_ACTION,TEXT,이벤트 액션,10603794,3892200,2470,2026-10-08 02:11:14.229000
SILVER,BIGQUERY_REFINED_DATA,EP_EVENT_CATEGORY,TEXT,이벤트 카테고리,10603794,3892214,340,2026-10-08 02:11:14.229000
SILVER,BIGQUERY_REFINED_DATA,EP_EVENT_LABEL,TEXT,이벤트 라벨,10603794,3868473,33895,2026-10-08 02:11:14.229000
SILVER,BIGQUERY_REFINED_DATA,EP_GA_SESSION_ID,TEXT,GA 세션 ID,10603794,10601175,919122,2026-10-08 02:11:14.229000
SILVER,BIGQUERY_REFINED_DATA,EP_GA_SESSION_NUMBER,TEXT,사용자 세션 순번,10603794,10603794,768,2026-10-08 02:11:14.229000
SILVER,BIGQUERY_REFINED_DATA,EP_GAD_CAMPAIGNID,TEXT,구글애즈 캠페인 ID,10603794,679707,135,2026-10-08 02:11:14.229000
SILVER,BIGQUERY_REFINED_DATA,EP_GAD_SOURCE,TEXT,구글애즈 유입 소스,10603794,750260,5,2026-10-08 02:11:14.229000
SILVER,BIGQUERY_REFINED_DATA,EP_GCLID,TEXT,구글 광고 클릭 ID,10603794,694801,239133,2026-10-08 02:11:14.229000
SILVER,BIGQUERY_REFINED_DATA,EP_LINK_CLASSES,TEXT,클릭 링크 클래스,10603794,1389098,2198,2026-10-08 02:11:14.229000
SILVER,BIGQUERY_REFINED_DATA,EP_LINK_DOMAIN,TEXT,클릭 링크 도메인,10603794,892646,259,2026-10-08 02:11:14.229000
SILVER,BIGQUERY_REFINED_DATA,EP_LINK_ID,TEXT,클릭 링크 ID,10603794,93871,251,2026-10-08 02:11:14.229000
SILVER,BIGQUERY_REFINED_DATA,EP_LINK_IMAGE,TEXT,클릭 이미지,10603794,352866,7869,2026-10-08 02:11:14.229000
SILVER,BIGQUERY_REFINED_DATA,EP_LINK_TEXT,TEXT,클릭 링크 문구,10603794,1527730,13719,2026-10-08 02:11:14.229000
SILVER,BIGQUERY_REFINED_DATA,EP_LINK_TITLE,TEXT,클릭 링크 제목,10603794,297,19,2026-10-08 02:11:14.229000
SILVER,BIGQUERY_REFINED_DATA,EP_LINK_URL,TEXT,클릭 링크 URL,10603794,1261908,74170,2026-10-08 02:11:14.229000
SILVER,BIGQUERY_REFINED_DATA,EP_MEDIUM,TEXT,유입 매체,10603794,3531819,61,2026-10-08 02:11:14.229000
SILVER,BIGQUERY_REFINED_DATA,EP_OUTBOUND,TEXT,외부 링크 여부,10603794,14296,1,2026-10-08 02:11:14.229000
SILVER,BIGQUERY_REFINED_DATA,EP_PAGE_LOCATION,TEXT,페이지 URL,10603794,10603794,1015883,2026-10-08 02:11:14.229000
SILVER,BIGQUERY_REFINED_DATA,EP_PAGE_REFERRER,TEXT,이전 페이지 URL,10603794,7797556,351461,2026-10-08 02:11:14.229000
SILVER,BIGQUERY_REFINED_DATA,EP_PAGE_TITLE,TEXT,페이지 제목,10603794,10555791,2189,2026-10-08 02:11:14.229000
SILVER,BIGQUERY_REFINED_DATA,EP_PAYMENT_TYPE,TEXT,결제수단,10603794,16435,3,2026-10-08 02:11:14.229000
SILVER,BIGQUERY_REFINED_DATA,EP_PERCENT_SCROLLED,TEXT,페이지 스크롤 비율,10603794,2249810,7,2026-10-08 02:11:14.229000
SILVER,BIGQUERY_REFINED_DATA,EP_PROMOTION_ID,TEXT,프로모션 ID,10603794,255703,3469,2026-10-08 02:11:14.229000
SILVER,BIGQUERY_REFINED_DATA,EP_PROMOTION_NAME,TEXT,프로모션명,10603794,255703,3469,2026-10-08 02:11:14.229000
SILVER,BIGQUERY_REFINED_DATA,EP_SEARCH_TERM,TEXT,검색어,10603794,19583,2419,2026-10-08 02:11:14.229000
SILVER,BIGQUERY_REFINED_DATA,EP_SESSION_ENGAGED,TEXT,세션 참여 여부,10603794,10603794,2,2026-10-08 02:11:14.229000
SILVER,BIGQUERY_REFINED_DATA,EP_SOURCE,TEXT,유입 소스,10603794,3525205,681,2026-10-08 02:11:14.229000
SILVER,BIGQUERY_REFINED_DATA,EP_TERM,TEXT,검색어,10603794,3243247,5522,2026-10-08 02:11:14.229000
SILVER,BIGQUERY_REFINED_DATA,EP_TRANSACTION_ID,TEXT,거래 ID,10603794,16393,8215,2026-10-08 02:11:14.229000
SILVER,BIGQUERY_REFINED_DATA,EP_VALUE,TEXT,값,10603794,22892,159,2026-10-08 02:11:14.229000
SILVER,BIGQUERY_REFINED_DATA,EP_VIDEO_CURRENT_TIME,TEXT,동영상 현재 재생 시간,10603794,138904,449,2026-10-08 02:11:14.229000
SILVER,BIGQUERY_REFINED_DATA,EP_VIDEO_DURATION,TEXT,동영상 전체 재생 시간,10603794,138904,184,2026-10-08 02:11:14.229000
SILVER,BIGQUERY_REFINED_DATA,EP_VIDEO_PERCENT,TEXT,동영상 비율,10603794,138904,99,2026-10-08 02:11:14.229000
SILVER,BIGQUERY_REFINED_DATA,EP_VIDEO_PROVIDER,TEXT,동영상 플랫폼,10603794,138904,1,2026-10-08 02:11:14.229000
SILVER,BIGQUERY_REFINED_DATA,EP_VIDEO_TITLE,TEXT,동영상 제목,10603794,138903,240,2026-10-08 02:11:14.229000
SILVER,BIGQUERY_REFINED_DATA,EP_VIDEO_URL,TEXT,동영상 URL,10603794,138903,1001,2026-10-08 02:11:14.229000
SILVER,BIGQUERY_REFINED_DATA,UP_BIZ_TYPE,TEXT,후원 사업 유형,10603794,1558061,457,2026-10-08 02:11:14.229000
SILVER,BIGQUERY_REFINED_DATA,UP_DONATION_TYPE,TEXT,후원 유형,10603794,517840,5,2026-10-08 02:11:14.229000
SILVER,BIGQUERY_REFINED_DATA,UP_DONOR_TYPE,TEXT,후원자 유형,10603794,407801,3,2026-10-08 02:11:14.229000
SILVER,BIGQUERY_REFINED_DATA,UP_LOGIN_STATUS,TEXT,로그인 상태,10603794,3350840,3,2026-10-08 02:11:14.229000
SILVER,BIGQUERY_REFINED_DATA,UP_MEMBER_ID,TEXT,회원 ID,10603794,1690934,46373,2026-10-08 02:11:14.229000
SILVER,BIGQUERY_REFINED_DATA,UP_MEMBER_TYPE,TEXT,회원 유형,10603794,9296189,10,2026-10-08 02:11:14.229000
SILVER,BIGQUERY_REFINED_DATA,UP_USER_ID,TEXT,UP사용자 ID,10603794,359116,38561,2026-10-08 02:11:14.229000
SILVER,BIGQUERY_REFINED_DATA,USER_LTV_CURRENCY,TEXT,LTV 금액 통화,10603794,1184018,1,2026-10-08 02:11:14.229000
SILVER,BIGQUERY_REFINED_DATA,USER_LTV_REVENUE,TEXT,사용자 LTV,10603794,1184018,5452,2026-10-08 02:11:14.229000
SILVER,BIGQUERY_REFINED_DATA,DEVICE_CATEGORY,TEXT,기기 유형,10603794,10603794,4,2026-10-08 02:11:14.229000
SILVER,BIGQUERY_REFINED_DATA,DEVICE_IS_LIMITED_AD_TRACKING,TEXT,기기 광고 추적 제한 여부,10603794,10603794,1,2026-10-08 02:11:14.229000
SILVER,BIGQUERY_REFINED_DATA,DEVICE_LANGUAGE,TEXT,기기 언어,10603794,10603794,175,2026-10-08 02:11:14.229000
SILVER,BIGQUERY_REFINED_DATA,DEVICE_MOBILE_BRAND_NAME,TEXT,모바일 기기 브랜드명,10603794,9296054,61,2026-10-08 02:11:14.229000
SILVER,BIGQUERY_REFINED_DATA,DEVICE_MOBILE_MARKETING_NAME,TEXT,모바일 기기 마케팅명,10603794,3948901,753,2026-10-08 02:11:14.229000
SILVER,BIGQUERY_REFINED_DATA,DEVICE_MOBILE_MODEL_NAME,TEXT,모바일 기기 모델명,10603794,7204390,1557,2026-10-08 02:11:14.229000
SILVER,BIGQUERY_REFINED_DATA,DEVICE_MOBILE_OS_HARDWARE_MODEL,TEXT,모바일 OS/하드웨어 모델,10603794,4444466,1400,2026-10-08 02:11:14.229000
SILVER,BIGQUERY_REFINED_DATA,DEVICE_OPERATING_SYSTEM,TEXT,기기 운영체제,10603794,10594915,9,2026-10-08 02:11:14.229000
SILVER,BIGQUERY_REFINED_DATA,DEVICE_OPERATING_SYSTEM_VERSION,TEXT,기기 운영체제 버전,10603794,10549581,514,2026-10-08 02:11:14.229000
SILVER,BIGQUERY_REFINED_DATA,DEVICE_WEB_INFO_BROWSER,TEXT,웹 브라우저,10603794,10599826,23,2026-10-08 02:11:14.229000
SILVER,BIGQUERY_REFINED_DATA,DEVICE_WEB_INFO_BROWSER_VERSION,TEXT,웹 브라우저 버전,10603794,9404349,3376,2026-10-08 02:11:14.229000
SILVER,BIGQUERY_REFINED_DATA,DEVICE_WEB_INFO_HOSTNAME,TEXT,웹 호스트명,10603794,10603794,65,2026-10-08 02:11:14.229000
SILVER,BIGQUERY_REFINED_DATA,GEO_CITY,TEXT,도시,10603794,10566997,2073,2026-10-08 02:11:14.229000
SILVER,BIGQUERY_REFINED_DATA,GEO_CONTINENT,TEXT,대륙,10603794,10603794,6,2026-10-08 02:11:14.229000
SILVER,BIGQUERY_REFINED_DATA,GEO_COUNTRY,TEXT,국가,10603794,10599518,164,2026-10-08 02:11:14.229000
SILVER,BIGQUERY_REFINED_DATA,GEO_METRO,TEXT,광역권,10603794,10603794,178,2026-10-08 02:11:14.229000
SILVER,BIGQUERY_REFINED_DATA,GEO_REGION,TEXT,지역,10603794,10512926,741,2026-10-08 02:11:14.229000
SILVER,BIGQUERY_REFINED_DATA,GEO_SUB_CONTINENT,TEXT,하위 대륙,10603794,10603794,23,2026-10-08 02:11:14.229000
SILVER,BIGQUERY_REFINED_DATA,CTS_MANUAL_CAMPAIGN_ID,TEXT,수동 캠페인 ID,10603794,698525,3343,2026-10-08 02:11:14.229000
SILVER,BIGQUERY_REFINED_DATA,CTS_MANUAL_CAMPAIGN_NAME,TEXT,수동 캠페인명,10603794,3528610,1208,2026-10-08 02:11:14.229000
SILVER,BIGQUERY_REFINED_DATA,CTS_MANUAL_CONTENT,TEXT,수동 광고 소재,10603794,3271096,5039,2026-10-08 02:11:14.229000
SILVER,BIGQUERY_REFINED_DATA,CTS_MANUAL_MEDIUM,TEXT,수동 유입 매체,10603794,3531819,61,2026-10-08 02:11:14.229000
SILVER,BIGQUERY_REFINED_DATA,CTS_MANUAL_SOURCE,TEXT,수동 유입 소스,10603794,3525205,681,2026-10-08 02:11:14.229000
SILVER,BIGQUERY_REFINED_DATA,CTS_MANUAL_TERM,TEXT,수동 검색어/키워드,10603794,3243247,5522,2026-10-08 02:11:14.229000
SILVER,BIGQUERY_REFINED_DATA,STSLC_CRC_CAMPAIGN_ID,TEXT,세션 최종 클릭 크로스 캠페인 ID,10603794,2124773,3082,2026-10-08 02:11:14.229000
SILVER,BIGQUERY_REFINED_DATA,STSLC_CRC_CAMPAIGN_NAME,TEXT,세션 최종 클릭 크로스 캠페인명,10603794,5318320,798,2026-10-08 02:11:14.229000
SILVER,BIGQUERY_REFINED_DATA,STSLC_CRC_DEFAULT_CHANNEL_GROUP,TEXT,세션 최종 클릭 크로스 캠페인 기본 채널,10603794,5318320,15,2026-10-08 02:11:14.229000
SILVER,BIGQUERY_REFINED_DATA,STSLC_CRC_MEDIUM,TEXT,세션 최종 클릭 크로스 캠페인 유입 매체,10603794,5318320,53,2026-10-08 02:11:14.229000
SILVER,BIGQUERY_REFINED_DATA,STSLC_CRC_PRIMARY_CHANNEL_GROUP,TEXT,세션 최종 클릭 크로스 캠페인 주요 채널,10603794,5318320,15,2026-10-08 02:11:14.229000
SILVER,BIGQUERY_REFINED_DATA,STSLC_CRC_SOURCE,TEXT,세션 최종 클릭 크로스 캄패인 유입 소스,10603794,5318320,397,2026-10-08 02:11:14.229000
SILVER,BIGQUERY_REFINED_DATA,STSLC_CRC_SOURCE_PLATFORM,TEXT,세션 최종 클릭 크로스 캠페인 소스 플랫폼,10603794,5312790,5,2026-10-08 02:11:14.229000
SILVER,BIGQUERY_REFINED_DATA,STSLC_GAC_AD_GROUP_ID,TEXT,세션 최종 클릭 구글애즈 광고그룹 ID,10603794,1401056,112,2026-10-08 02:11:14.229000
SILVER,BIGQUERY_REFINED_DATA,STSLC_GAC_AD_GROUP_NAME,TEXT,세션 최종 클릭 구글애즈 광고그룹명,10603794,1401056,44,2026-10-08 02:11:14.229000
SILVER,BIGQUERY_REFINED_DATA,STSLC_GAC_CAMPAIGN_NAME,TEXT,세션 최종 클릭 구글애즈 캠페인명,10603794,1401056,106,2026-10-08 02:11:14.229000
SILVER,BIGQUERY_REFINED_DATA,STSLC_MC_CAMPAIGN_NAME,TEXT,세션 최종 클릭 수동 캠페인명,10603794,5301277,720,2026-10-08 02:11:14.229000
SILVER,BIGQUERY_REFINED_DATA,STSLC_MC_CONTENT,TEXT,세션 최종 클릭 수동 광고 소재,10603794,5318320,2661,2026-10-08 02:11:14.229000
SILVER,BIGQUERY_REFINED_DATA,STSLC_MC_MEDIUM,TEXT,세션 최종 클릭 수동 유입 매체,10603794,5308635,51,2026-10-08 02:11:14.229000
SILVER,BIGQUERY_REFINED_DATA,STSLC_MC_SOURCE,TEXT,세션 최종 클릭 수동 유입 소스,10603794,5280576,397,2026-10-08 02:11:14.229000
SILVER,BIGQUERY_REFINED_DATA,STSLC_MC_SOURCE_PLATFORM,TEXT,세션 최종 클릭 수동 소스 플랫폼,10603794,660808,1,2026-10-08 02:11:14.229000
SILVER,BIGQUERY_REFINED_DATA,STSLC_MC_TERM,TEXT,세션 최종 클릭 수동 검색어/키워드,10603794,5318320,2589,2026-10-08 02:11:14.229000
SILVER,BIGQUERY_REFINED_DATA,TS_MEDIUM,TEXT,TS유입 매체,10603794,7253101,63,2026-10-08 02:11:14.229000
SILVER,BIGQUERY_REFINED_DATA,TS_NAME,TEXT,TS유입 객체명,10603794,7246286,1172,2026-10-08 02:11:14.229000
SILVER,BIGQUERY_REFINED_DATA,TS_SOURCE,TEXT,TS유입 소스,10603794,7226559,485,2026-10-08 02:11:14.229000
SILVER,BIGQUERY_REFINED_DATA,STREAM_ID,TEXT,스트림 ID,10603794,10603794,4,2026-10-08 02:11:14.229000
SILVER,BIGQUERY_REFINED_DATA,PLATFORM,TEXT,플랫폼,10603794,10603794,1,2026-10-08 02:11:14.229000
SILVER,BIGQUERY_REFINED_DATA,ECOMMERCE_PURCHASE_REVENUE,TEXT,이커머스 후원 금액,10603794,8193,113,2026-10-08 02:11:14.229000
SILVER,BIGQUERY_REFINED_DATA,ECOMMERCE_TOTAL_ITEM_QUANTITY,TEXT,이커머스 전체 상품 수량,10603794,502079,11,2026-10-08 02:11:14.229000
SILVER,BIGQUERY_REFINED_DATA,ECOMMERCE_TRANSACTION_ID,TEXT,이커머스 거래 ID,10603794,362257,8176,2026-10-08 02:11:14.229000
SILVER,BIGQUERY_REFINED_DATA,ECOMMERCE_UNIQUE_ITEMS,TEXT,이커머스 고유 상품,10603794,502079,11,2026-10-08 02:11:14.229000
SILVER,CRM_MEMBER_RESPONSOR,MBER_NO,TEXT,회원번호 (PK),119814,119814,101100,2026-10-08 02:11:12.640000
SILVER,CRM_MEMBER_RESPONSOR,SER_NO,NUMBER,일련번호 (PK),119814,119814,118627,2026-10-08 02:11:12.640000
SILVER,CRM_MEMBER_RESPONSOR,RE_SPNSR_DE,TEXT,재후원일자 YYYYMMDD (PK),119814,119814,6653,2026-10-08 02:11:12.640000
SILVER,CRM_MEMBER_RESPONSOR,REGIST_DEPT_CD,TEXT,등록부서코드 (→CRM_ORG),119814,89848,314,2026-10-08 02:11:12.640000
SILVER,CRM_SPONSORSHIP,SPNSR_BSNS_ID,TEXT,후원사업ID (PK),50,50,50,2026-10-08 02:11:09.028000
SILVER,CRM_SPONSORSHIP,SPNSR_BSNS_NM,TEXT,후원사업명,50,50,50,2026-10-08 02:11:09.028000
SILVER,CRM_SPONSORSHIP,SPNSR_BSNS_ABRV_CD,TEXT,후원사업 약칭코드,50,50,6,2026-10-08 02:11:09.028000
SILVER,CRM_SPONSORSHIP,SPNSR_DIV_CD,TEXT,후원구분코드,50,50,2,2026-10-08 02:11:09.028000
SILVER,CRM_SPONSORSHIP,DNTN_TY_CD,TEXT,기부유형코드,50,50,2,2026-10-08 02:11:09.028000
SILVER,CRM_SPONSORSHIP,CPR_DIV_CD,TEXT,법인구분코드,50,50,2,2026-10-08 02:11:09.028000
SILVER,CRM_SPONSORSHIP,SORT_ORDR,NUMBER,정렬순서 [원천: BRONZE_CRM.TM_CM_SPNSR_BSNS_INFO],50,50,33,2026-10-08 02:11:09.028000
SILVER,CRM_SPONSORSHIP,USE_YN,TEXT,사용여부 [원천: BRONZE_CRM.TM_CM_SPNSR_BSNS_INFO],50,50,2,2026-10-08 02:11:09.028000
SILVER,AGENCY_AD_BROADCAST,AD_PERF_DK,TEXT,코어 1:1 조인키(staging 발급값 승계),50226,50226,51179,2026-10-08 02:11:06.628000
SILVER,AGENCY_AD_BROADCAST,TIME_BAND,TEXT,시간대,50226,38875,82,2026-10-08 02:11:06.628000
SILVER,AGENCY_AD_BROADCAST,CM_POSITION,TEXT,CM위치 [VIDEO 전용],50226,34437,16,2026-10-08 02:11:06.628000
SILVER,AGENCY_AD_BROADCAST,RT_TYPE,TEXT,RT(재방송)유형 [REBRDC 전용],50226,2111,2,2026-10-08 02:11:06.628000
SILVER,AGENCY_AD_BROADCAST,AD_START_TIME,TEXT,광고시작시간 [VIDEO 전용],50226,35440,23645,2026-10-08 02:11:06.628000
SILVER,AGENCY_AD_BROADCAST,AD_END_TIME,TEXT,광고종료시간 [VIDEO 전용],50226,17712,13136,2026-10-08 02:11:06.628000
SILVER,AGENCY_AD_BROADCAST,PROGRAM_NM,TEXT,프로그램/편성명,50226,37735,1851,2026-10-08 02:11:06.628000
SILVER,AGENCY_AD_BROADCAST,CHANNEL_COMPANY,TEXT,채널사,50226,50226,61,2026-10-08 02:11:06.628000
SILVER,AGENCY_AD_BROADCAST,CHANNEL_COMPANY_TYPE,TEXT,채널사유형 [VIDEO 전용],50226,44707,9,2026-10-08 02:11:06.628000
SILVER,AGENCY_AD_BROADCAST,SPOT_TYPE,TEXT,SPOT유형 [VIDEO 전용],50226,16709,4,2026-10-08 02:11:06.628000
SILVER,AGENCY_AD_BROADCAST,DURATION_SEC,NUMBER,광고 초수. [사유:규칙 미확정],50226,35660,4,2026-10-08 02:11:06.628000
SILVER,AGENCY_AD_BROADCAST,DAY_DIV,TEXT,요일구분 평일/주말 [VIDEO 전용],50226,36764,3,2026-10-08 02:11:06.628000
SILVER,AGENCY_AD_BROADCAST,PRG_START_TIME,TEXT,프로그램 시작시간 [VIDEO 전용],50226,34621,1602,2026-10-08 02:11:06.628000
SILVER,AGENCY_AD_BROADCAST,CTV_DIV,TEXT,CTV구분 [VIDEO 전용],50226,48115,4,2026-10-08 02:11:06.628000
SILVER,AGENCY_AD_BROADCAST,BRDC_DIV,TEXT,방송구분 [REBRDC 전용],50226,2111,6,2026-10-08 02:11:06.628000
SILVER,BIGQUERY_EVENT_DIM,EVENT_NAME,TEXT,이벤트명 (그레인 핵심키),48312,48312,52,2026-10-08 02:11:04.538000
SILVER,BIGQUERY_EVENT_DIM,EVENT_CATEGORY,TEXT,이벤트 카테고리,48312,48297,340,2026-10-08 02:11:04.538000
SILVER,BIGQUERY_EVENT_DIM,EVENT_LABEL,TEXT,이벤트 라벨 (혼합타입),48312,48269,33895,2026-10-08 02:11:04.538000
SILVER,BIGQUERY_EVENT_DIM,EVENT_ACTION,TEXT,이벤트 액션,48312,48295,2470,2026-10-08 02:11:04.538000
SILVER,AGENCY_AD_CREATIVE,CREATIVE_DK,TEXT,불변 비즈니스 식별자,9616,9616,9711,2026-10-08 02:11:02.024000
SILVER,AGENCY_AD_CREATIVE,SOURCE_SYSTEM,TEXT,소스 시스템 (DIGITAL/REBROADCAST/VIDEO).,9616,9616,3,2026-10-08 02:11:02.024000
SILVER,AGENCY_AD_CREATIVE,MEDIA_CHANNEL_NM,TEXT,매체/채널명,9616,9600,92,2026-10-08 02:11:02.024000
SILVER,AGENCY_AD_CREATIVE,CREATIVE_NM,TEXT,소재명,9616,9607,6909,2026-10-08 02:11:02.024000
SILVER,AGENCY_AD_CREATIVE,CREATIVE_TYPE_NM,TEXT,소재유형/RT유형/캠페인유형,9616,6344,14,2026-10-08 02:11:02.024000
SILVER,AGENCY_AD_CREATIVE,CM_AREA_NM,TEXT,CM위치 (VIDEO),9616,1309,16,2026-10-08 02:11:02.024000
SILVER,AGENCY_AD_CREATIVE,AD_SEC_NM,TEXT,초수 (VIDEO),9616,1325,7,2026-10-08 02:11:02.024000
SILVER,CRM_SPONSOR_RELATION,RELATNSP_KEY,NUMBER,결연키 (PK),871953,871953,865355,2026-10-08 02:10:59.518000
SILVER,CRM_SPONSOR_RELATION,SPNSR_NO,TEXT,후원번호,871953,871953,642835,2026-10-08 02:10:59.518000
SILVER,CRM_SPONSOR_RELATION,SPNSR_BSNS_NO,NUMBER,후원사업번호,871953,871953,673894,2026-10-08 02:10:59.518000
SILVER,CRM_SPONSOR_RELATION,SPNSR_BSNS_ID,TEXT,후원사업ID (Q15 크로스워크 파생),871953,871953,3,2026-10-08 02:10:59.518000
SILVER,CRM_SPONSOR_RELATION,CHILD_CD,NUMBER,결연아동코드,871953,871953,472634,2026-10-08 02:10:59.518000
SILVER,CRM_SPONSOR_RELATION,MBER_NO,TEXT,회원번호,871953,871953,552059,2026-10-08 02:10:59.518000
SILVER,CRM_SPONSOR_RELATION,RELATNSP_DSCNTC_YN,TEXT,결연 중단여부.,871953,871953,2,2026-10-08 02:10:59.518000
SILVER,CRM_SPONSOR_RELATION,RELATNSP_DSCNTC_RSN_CD,TEXT,RELATNSP_DSCNTC_RSN_CD. 코드id:MM002.,871953,676399,30,2026-10-08 02:10:59.518000
SILVER,IDENTITY_MEMBER_XREF,USER_PSEUDO_ID,TEXT,BigQuery 세션 스파인 (PK),46814,46814,46023,2026-10-08 02:10:57.311000
SILVER,IDENTITY_MEMBER_XREF,BIGQUERY_MEMBER_ID,TEXT,BigQuery측 회원 식별자(원문 보존).,46814,46814,38125,2026-10-08 02:10:57.311000
SILVER,IDENTITY_MEMBER_XREF,ID_SCHEME,TEXT,BigQuery측 ID 체계. 매칭 분모 판정의 정본.,46814,46814,4,2026-10-08 02:10:57.311000
SILVER,IDENTITY_MEMBER_XREF,MEMBER_TYPE,TEXT,회원구분 ONCE/FDRM. 비회원 ID 체계는 NULL.,46814,46798,2,2026-10-08 02:10:57.311000
SILVER,IDENTITY_MEMBER_XREF,MEMBER_DK,TEXT,매칭된 CRM 불변회원키(미매칭 NULL),46814,46733,38026,2026-10-08 02:10:57.311000
SILVER,IDENTITY_MEMBER_XREF,HOMEPAGE_ID,TEXT,매칭 CRM 회원의 HMPG_ID(미매칭 NULL),46814,44208,34599,2026-10-08 02:10:57.311000
SILVER,IDENTITY_MEMBER_XREF,ID_RESOLUTION,TEXT,GA측 신뢰도: DIRECT/SESSION_FILL,46814,46814,1,2026-10-08 02:10:57.311000
SILVER,IDENTITY_MEMBER_XREF,MATCH_METHOD,TEXT,MATCH_METHOD.,46814,46814,3,2026-10-08 02:10:57.311000
SILVER,IDENTITY_MEMBER_XREF,MATCH_CONFIDENCE,TEXT,매칭신뢰도 HIGH/MEDIUM/NONE,46814,46814,2,2026-10-08 02:10:57.311000
GOLD,DIM_MEMBER_ACQUISITION,MEMBER_DK,TEXT,불변 비즈니스 식별자,1619321,1619321,1607342,2026-10-08 02:10:52.234000
GOLD,DIM_MEMBER_ACQUISITION,ACQ_CAMPAIGN_SK,NUMBER,대리키 (PK),1619321,1619321,13327,2026-10-08 02:10:52.234000
GOLD,DIM_MEMBER_ACQUISITION,ACQ_ORG_SK,NUMBER,대리키 (PK),1619321,1619321,342,2026-10-08 02:10:52.234000
GOLD,DIM_MEMBER_ACQUISITION,ACQ_SPONSORSHIP_SK,NUMBER,대리키 (PK),1619321,1619321,27,2026-10-08 02:10:52.234000
GOLD,DIM_MEMBER_ACQUISITION,ACQ_DATE_SK,NUMBER,대리키 (PK),1619321,1619321,10174,2026-10-08 02:10:52.234000
GOLD,DIM_MEMBER_ACQUISITION,ACQ_BASIS,TEXT,ACQ_BASIS. 코드id:MM015.,1619321,1619321,2,2026-10-08 02:10:52.234000
GOLD,DIM_MEMBER_ACQUISITION,ACQ_DVLP_DIV_CD,TEXT,ACQ_DVLP_DIV_CD. 코드id:MM015.,1619321,1619321,5,2026-10-08 02:10:52.234000
GOLD,DIM_MEMBER_ACQUISITION,ACQ_AGE_CD,NUMBER,ACQ_AGE_CD. 코드id:CM014.,1619321,1619321,12,2026-10-08 02:10:52.234000
GOLD,DIM_MEMBER_ACQUISITION,ACQ_AGE_BAND,TEXT,"획득 시점 연령대명(CM014 라벨, 사전 조인. 코드id:CM014. [사유:부서차원 산출불가]",1619321,1619321,12,2026-10-08 02:10:52.234000
GOLD,DIM_MEMBER_ACQUISITION,ACQ_AREA_CD,TEXT,ACQ_AREA_CD. 코드id:CM018.,1619321,1619319,19,2026-10-08 02:10:52.234000
GOLD,DIM_MEMBER_ACQUISITION,ACQ_REGION,TEXT,ACQ_REGION (#131). 코드id:CM018.,1619321,1607908,18,2026-10-08 02:10:52.234000
GOLD,DIM_MEMBER_ACQUISITION,ACQ_SEX_CD,TEXT,ACQ_SEX_CD. 코드id:CM013.,1619321,1619321,9,2026-10-08 02:10:52.234000
GOLD,DIM_MEMBER_ACQUISITION,ACQ_GENDER,TEXT,ACQ_GENDER. 코드id:CM013.,1619321,1619318,8,2026-10-08 02:10:52.234000
GOLD,DIM_MEMBER_ACQUISITION,ACQ_SPNSR_AMT,NUMBER,ACQ_SPNSR_AMT (#38).,1619321,1619321,452,2026-10-08 02:10:52.234000
GOLD,DIM_MEMBER_ACQUISITION,ACQ_BRAND,TEXT,획득 캠페인의 브랜드.,1619321,1619317,68,2026-10-08 02:10:52.234000
GOLD,DIM_MEMBER_ACQUISITION,ACQ_CAMPAIGN_NAME,TEXT,현재 최신 캠페인명 (Master 실시간 조인 · MSTR 대조용).,1619321,1619321,11409,2026-10-08 02:10:52.234000
GOLD,DIM_MEMBER_ACQUISITION,ACQ_PARENT_CAMPAIGN_NAME,TEXT,획득 캠페인의 **상위캠페인**명. 코드id:MM294.,1619321,1619317,1047,2026-10-08 02:10:52.234000
GOLD,DIM_MEMBER_ACQUISITION,ACQ_PROMO_METHOD_NAME,TEXT,획득 캠페인의 홍보방법명. 코드그룹 **CM008(홍보방법)**. 코드id:CM008.,1619321,1619317,91,2026-10-08 02:10:52.234000
GOLD,DIM_MEMBER_ACQUISITION,ACQ_MARKETING_CAMPAIGN,TEXT,획득 캠페인의 마케팅캠페인.,1619321,1618594,534,2026-10-08 02:10:52.234000
GOLD,DIM_MEMBER_ACQUISITION,ACQ_DEPARTMENT,TEXT,현재 최신 부서명 (Master 실시간 조인 · MSTR 대조용).,1619321,1619321,281,2026-10-08 02:10:52.234000
GOLD,DIM_MEMBER_ACQUISITION,ACQ_SPONSORSHIP_NAME,TEXT,ACQ_SPONSORSHIP_NAME (#123).,1619321,1619321,29,2026-10-08 02:10:52.234000
GOLD,DIM_MEMBER_ACQUISITION,ACQ_INFLOW_PATH,TEXT,획득 캠페인의 모집 채널명(MM293 라벨). 코드id:MM293.,1619321,1618594,12,2026-10-08 02:10:52.234000
GOLD,DIM_MEMBER_ACQUISITION,ACQ_CAMPAIGN_TYPE,TEXT,획득 캠페인의 카테고리 라벨(MM294). 코드id:MM294.,1619321,1618594,57,2026-10-08 02:10:52.234000
GOLD,DIM_MEMBER_ACQUISITION,ACQ_DOMESTIC_OVERSEAS,TEXT,ACQ_DOMESTIC_OVERSEAS. 코드id:MM295.,1619321,1618594,4,2026-10-08 02:10:52.234000
GOLD,DIM_MEMBER_ACQUISITION,ACQ_BIZ_CASE_TYPE,TEXT,ACQ_BIZ_CASE_TYPE. 코드id:MM296.,1619321,1618594,4,2026-10-08 02:10:52.234000
GOLD,DIM_MEMBER_ACQUISITION,ACQ_CMMN_BRND_NM,TEXT,획득 캠페인의 공통브랜드명(MM297 라벨). 코드id:MM297.,1619321,1618594,16,2026-10-08 02:10:52.234000
GOLD,DIM_MEMBER_ACQUISITION,ACQ_MKTG_UTM_NM,TEXT,ACQ_MKTG_UTM_NM.,1619321,384172,245,2026-10-08 02:10:52.234000
GOLD,DIM_MEMBER_ACQUISITION,ACQ_SPNSR_DIV_NM,TEXT,획득 캠페인의 후원구분명(CM035 라벨: 정기후원/일시후원). 코드id:CM035.,1619321,1619317,2,2026-10-08 02:10:52.234000
GOLD,DIM_MEMBER_ACQUISITION,ACQ_CPR_DIV_NM,TEXT,획득 캠페인의 법인구분명(CM019 라벨: 통합/사단/사복). 코드id:CM019.,1619321,1619317,3,2026-10-08 02:10:52.234000
GOLD,DIM_MEMBER_ACQUISITION,FIRST_STOP_DATE_SK,NUMBER,대리키 (PK),1619321,929931,6492,2026-10-08 02:10:52.234000
GOLD,DIM_MEMBER_ACQUISITION,FIRST_STOP_REASON_NM,TEXT,FIRST_STOP_REASON_NM. 코드id:MM005.,1619321,929931,20,2026-10-08 02:10:52.234000
GOLD,DIM_MEMBER_ACQUISITION,TENURE_DAYS,NUMBER,유지기간(일) = 최초 중단일 − 획득일.,1619321,929931,8965,2026-10-08 02:10:52.234000
GOLD,DIM_MEMBER_ACQUISITION,IS_12M_OBSERVABLE,BOOLEAN,IS_12M_OBSERVABLE.,1619321,1619321,2,2026-10-08 02:10:52.234000
GOLD,FACT_MEMBER_FEE,MONTH_KEY,NUMBER,월 conform 키 YYYYMM.,43125047,43125047,253,2026-10-08 02:10:47.226000
GOLD,FACT_MEMBER_FEE,MEMBER_DK,TEXT,불변 비즈니스 식별자,43125047,43125047,1339874,2026-10-08 02:10:47.226000
GOLD,FACT_MEMBER_FEE,SPONSORSHIP_SK,NUMBER,대리키 (PK),43125047,43125047,34,2026-10-08 02:10:47.226000
GOLD,FACT_MEMBER_FEE,PAYMENT_SK,NUMBER,대리키 (PK),43125047,43125047,6,2026-10-08 02:10:47.226000
GOLD,FACT_MEMBER_FEE,FEE_DIV_CD,TEXT,회비구분 코드(PM010). 코드id:PM010.,43125047,42475071,4,2026-10-08 02:10:47.226000
GOLD,FACT_MEMBER_FEE,FEE_DIV_NAME,TEXT,회비구분명: 정기·선물금·일시·긴급구호 (PM010 라벨). 코드id:PM010.,43125047,42475071,3,2026-10-08 02:10:47.226000
GOLD,FACT_MEMBER_FEE,PAYMENT_TYPE,TEXT,납입유형 = 회비/기부금.,43125047,43125047,2,2026-10-08 02:10:47.226000
GOLD,FACT_MEMBER_FEE,SETLE_CD,TEXT,SETLE_CD.,43125047,43105627,11,2026-10-08 02:10:47.226000
GOLD,FACT_MEMBER_FEE,LAST_PAY_DATE_SK,NUMBER,대리키,43125047,43125047,6057,2026-10-08 02:10:47.226000
GOLD,FACT_MEMBER_FEE,LAST_BILL_DATE_SK,NUMBER,해당 조합의 최종 청구일 (FK→DIM_DATE),43125047,43125047,3761,2026-10-08 02:10:47.226000
GOLD,FACT_MEMBER_FEE,BILLED_AMT,NUMBER,BILLED_AMT.,43125047,42475071,3859,2026-10-08 02:10:47.226000
GOLD,FACT_MEMBER_FEE,PAID_FEE,NUMBER,납입 총액(원) = 회비 + 기부금.,43125047,42479434,31413,2026-10-08 02:10:47.226000
GOLD,FACT_MEMBER_FEE,PAID_FEE_BILLABLE,NUMBER,회비 납입액(원).,43125047,41829458,3685,2026-10-08 02:10:47.226000
GOLD,FACT_MEMBER_FEE,UNPAID_BILLED_AMT,NUMBER,미납 청구액(원).,43125047,4201153,496,2026-10-08 02:10:47.226000
GOLD,FACT_MEMBER_FEE,BILLING_ROWS,NUMBER,집계된 원천 회비행 수.,43125047,43125047,124,2026-10-08 02:10:47.226000
GOLD,FACT_MEMBER_FEE,UNPAID_FLAG,BOOLEAN,해당 조합에 미납 청구행이 하나라도 있는가(BOOLOR_AGG).,43125047,43125047,2,2026-10-08 02:10:47.226000
GOLD,WIDE_MBRFEE_PRDT_ACTL,MONTH_KEY,NUMBER,기준월 YYYYMM ← STDR_MT,924,924,12,2026-10-08 02:10:45.478000
GOLD,WIDE_MBRFEE_PRDT_ACTL,CAL_YEAR,NUMBER,연도 ← STDR_MT 앞 4자리,924,924,1,2026-10-08 02:10:45.478000
GOLD,WIDE_MBRFEE_PRDT_ACTL,CAL_MONTH,NUMBER,월(1~12) ← STDR_MT 뒤 2자리,924,924,12,2026-10-08 02:10:45.478000
GOLD,WIDE_MBRFEE_PRDT_ACTL,DATA_TYPE_NM,TEXT,예측 실측 구분 명(예측/실측),924,924,2,2026-10-08 02:10:45.478000
GOLD,WIDE_MBRFEE_PRDT_ACTL,IS_FORECAST,BOOLEAN,예측행 여부 ← DATA_TYPE_NM='예측',924,924,2,2026-10-08 02:10:45.478000
GOLD,WIDE_MBRFEE_PRDT_ACTL,SPNSR_BSNS_GRP_NM,TEXT,후원 사업 그룹 명,924,924,11,2026-10-08 02:10:45.478000
GOLD,WIDE_MBRFEE_PRDT_ACTL,NEW_EXST_DIV_NM,TEXT,신규기존구분명,924,924,2,2026-10-08 02:10:45.478000
GOLD,WIDE_MBRFEE_PRDT_ACTL,HDQ_BRNCH_GRP_NM,TEXT,본부 지부 그룹 명,924,924,5,2026-10-08 02:10:45.478000
GOLD,WIDE_MBRFEE_PRDT_ACTL,DVLP_CNT,NUMBER,개발건수,924,921,698,2026-10-08 02:10:45.478000
GOLD,WIDE_MBRFEE_PRDT_ACTL,CMLT_DVLP_CNT,NUMBER,누적개발건수,924,921,764,2026-10-08 02:10:45.478000
GOLD,WIDE_MBRFEE_PRDT_ACTL,ADJ_DSCNTC_RT,NUMBER,[비가산] 조정 중단율,924,924,323,2026-10-08 02:10:45.478000
GOLD,WIDE_MBRFEE_PRDT_ACTL,ADJ_DSCNTC_CNT,NUMBER,조정 중단건수,924,921,560,2026-10-08 02:10:45.478000
GOLD,WIDE_MBRFEE_PRDT_ACTL,ADJ_RDCAMT_RT,NUMBER,[비가산] 조정 감액율,924,924,309,2026-10-08 02:10:45.478000
GOLD,WIDE_MBRFEE_PRDT_ACTL,ADJ_RDCAMT_CNT,NUMBER,조정 감액건수,924,921,495,2026-10-08 02:10:45.478000
GOLD,WIDE_MBRFEE_PRDT_ACTL,ADJ_RECALC_DSCNTC_RT,NUMBER,[비가산] 조정 재산출 중단율,924,924,641,2026-10-08 02:10:45.478000
GOLD,WIDE_MBRFEE_PRDT_ACTL,ADJ_DSCNTC_CNT2,NUMBER,조정 중단건수2,924,921,688,2026-10-08 02:10:45.478000
GOLD,WIDE_MBRFEE_PRDT_ACTL,ADJ_CMLT_DSCNTC_CNT,NUMBER,조정 누계 중단건수,924,921,698,2026-10-08 02:10:45.478000
GOLD,WIDE_MBRFEE_PRDT_ACTL,DSCNTC_RT,NUMBER,[비가산] 중단율,924,924,713,2026-10-08 02:10:45.478000
GOLD,WIDE_MBRFEE_PRDT_ACTL,DSCNTC_CNT,NUMBER,중단건수,924,921,677,2026-10-08 02:10:45.478000
GOLD,WIDE_MBRFEE_PRDT_ACTL,RDCAMT_RT,NUMBER,[비가산] 감액율,924,924,707,2026-10-08 02:10:45.478000
GOLD,WIDE_MBRFEE_PRDT_ACTL,SPNSR_BSNS_CHN_DEC_CNT,NUMBER,후원사업변경감소건수,924,921,201,2026-10-08 02:10:45.478000
GOLD,WIDE_MBRFEE_PRDT_ACTL,RDCAMT_CNT,NUMBER,감액 건수2,924,921,591,2026-10-08 02:10:45.478000
GOLD,WIDE_MBRFEE_PRDT_ACTL,CMLT_EOM_ACT_MBER_CNT,NUMBER,누적 월말활동회원건수,924,921,820,2026-10-08 02:10:45.478000
GOLD,WIDE_MBRFEE_PRDT_ACTL,CMLT_ACT_MBER_CNT,NUMBER,누적 활동회원건수,924,921,820,2026-10-08 02:10:45.478000
GOLD,WIDE_MBRFEE_PRDT_ACTL,ACT_RT,NUMBER,[비가산] 활동율,924,924,745,2026-10-08 02:10:45.478000
GOLD,WIDE_MBRFEE_PRDT_ACTL,ADJ_MT_PAY_RT,NUMBER,[비가산] 조정 월납입율,924,924,789,2026-10-08 02:10:45.478000
GOLD,WIDE_MBRFEE_PRDT_ACTL,ADJ_MBRFEE_AMT,NUMBER,조정 회비,924,921,785,2026-10-08 02:10:45.478000
GOLD,WIDE_MBRFEE_PRDT_ACTL,ADJ_CMLT_PAY_RT,NUMBER,[비가산] 조정 누계납입율,924,924,814,2026-10-08 02:10:45.478000
GOLD,WIDE_MBRFEE_PRDT_ACTL,ADJ_CMLT_MBRFEE_AMT,NUMBER,조정 누계회비,924,921,809,2026-10-08 02:10:45.478000
GOLD,WIDE_MBRFEE_PRDT_ACTL,CMLT_PAY_RT,NUMBER,[비가산] 누계납입율,924,924,814,2026-10-08 02:10:45.478000
GOLD,WIDE_MBRFEE_PRDT_ACTL,CMLT_MBRFEE_AMT,NUMBER,누적 회비,924,921,820,2026-10-08 02:10:45.478000
GOLD,WIDE_MBRFEE_PRDT_ACTL,MBRFEE_DIFF_AMT,NUMBER,회비 차액,924,921,661,2026-10-08 02:10:45.478000
GOLD,DIM_CODE_GROUP,CD_ID,TEXT,코드ID [원천: SILVER.CRM_CODE_GROUP],339,339,333,2026-10-08 02:10:44.037000
GOLD,DIM_CODE_GROUP,CD_NM,TEXT,코드명 [원천: SILVER.CRM_CODE_GROUP],339,339,331,2026-10-08 02:10:44.037000
GOLD,DIM_CODE_GROUP,CD_DC,TEXT,코드설명 [원천: SILVER.CRM_CODE_GROUP],339,312,310,2026-10-08 02:10:44.037000
GOLD,DIM_CODE_GROUP,SORT_ORDR,NUMBER,정렬순서 [원천: SILVER.CRM_CODE_GROUP],339,339,193,2026-10-08 02:10:44.037000
GOLD,DIM_CODE_GROUP,RM,TEXT,비고 [원천: SILVER.CRM_CODE_GROUP],339,64,52,2026-10-08 02:10:44.037000
GOLD,DIM_CODE_GROUP,USE_YN,TEXT,사용여부 [원천: SILVER.CRM_CODE_GROUP],339,339,2,2026-10-08 02:10:44.037000
GOLD,DIM_CODE_GROUP,DTL_CODE_CNT,NUMBER,세부코드 수 — 이 코드그룹(CD_ID)에 속한 상세코드 행 수(CRM_CODE) · 없으면 0 · 모델 파생,339,339,56,2026-10-08 02:10:44.037000
GOLD,DIM_CHILD,CHILD_SK,NUMBER,대리키 = hash(아동코드) · PK(정보성),508051,508051,510589,2026-10-08 02:10:39.641000
GOLD,DIM_CHILD,CHILD_CD,NUMBER,아동코드 [원천: SILVER.CRM_CHILD],508051,508051,511313,2026-10-08 02:10:39.641000
GOLD,DIM_CHILD,CHILD_NO,TEXT,아동번호 [원천: SILVER.CRM_CHILD],508051,508051,499597,2026-10-08 02:10:39.641000
GOLD,DIM_CHILD,CMS_CHILD_NO,TEXT,CMS아동번호 [원천: SILVER.CRM_CHILD],508051,504230,504787,2026-10-08 02:10:39.641000
GOLD,DIM_CHILD,BIZ_PLACE_SK,NUMBER,사업장 대리키 → DIM_BIZ_PLACE.BIZ_PLACE_SK(FK 정보성 · 미해소 0 실측) · 0=미매핑,508051,508051,223,2026-10-08 02:10:39.641000
GOLD,DIM_CHILD,BPLC_CD,TEXT,사업장코드 [원천: SILVER.CRM_CHILD],508051,508051,261,2026-10-08 02:10:39.641000
GOLD,DIM_CHILD,MNYRS_NATION_CD,TEXT,모금국가코드 [원천: SILVER.CRM_CHILD],508051,508051,6,2026-10-08 02:10:39.641000
GOLD,DIM_CHILD,SEX,TEXT,성별 [원천: SILVER.CRM_CHILD],508051,508050,4,2026-10-08 02:10:39.641000
GOLD,DIM_CHILD,RELATNSP_STAT_CD,TEXT,결연상태코드 [원천: SILVER.CRM_CHILD],508051,508051,3,2026-10-08 02:10:39.641000
GOLD,DIM_CHILD,CHILD_STAT_CD,TEXT,아동상태코드 [원천: SILVER.CRM_CHILD],508051,508051,7,2026-10-08 02:10:39.641000
GOLD,DIM_CHILD,CHILD_DTL_STAT_CD,TEXT,아동상세상태코드 [원천: SILVER.CRM_CHILD],508051,508051,14,2026-10-08 02:10:39.641000
GOLD,DIM_CHILD,REGIST_DIV_CD,TEXT,등록구분코드 [원천: SILVER.CRM_CHILD],508051,413038,3,2026-10-08 02:10:39.641000
GOLD,DIM_REASON,REASON_SK,NUMBER,"사유 대리키 (ETL 일련번호, PK)",5885,5885,5906,2026-10-08 02:10:38.336000
GOLD,DIM_REASON,REASON_CODE,TEXT,"사유코드(BK, 업무키)",5885,5885,2696,2026-10-08 02:10:38.336000
GOLD,DIM_REASON,REASON_NAME,TEXT,중단사유(#162)·미납사유(#82),5885,5885,4346,2026-10-08 02:10:38.336000
GOLD,DIM_REASON,REASON_TYPE,TEXT,사유 코드그룹 ID. 코드id:PM019.,5885,5884,331,2026-10-08 02:10:38.336000
GOLD,DIM_MEMBER,MEMBER_SK,NUMBER,대리키 (PK),1798516,1798516,1757447,2026-10-08 02:10:35.519000
GOLD,DIM_MEMBER,MEMBER_DK,TEXT,불변 비즈니스 식별자,1798516,1798516,1783880,2026-10-08 02:10:35.519000
GOLD,DIM_MEMBER,MEMBER_TYPE,TEXT,회원 **등록계통** 구분. 코드id:MM010.,1798516,1798516,2,2026-10-08 02:10:35.519000
GOLD,DIM_MEMBER,SEX,TEXT,성별 원천코드 raw. 코드id:CM013,1798516,1797967,8,2026-10-08 02:10:35.519000
GOLD,DIM_MEMBER,SEX_NM,TEXT,성별 원천 라벨. 코드id:CM013,1798516,1797967,8,2026-10-08 02:10:35.519000
GOLD,DIM_MEMBER,GENDER_NAME,TEXT,"성별 (#130). 고유값:남자,여자,기타,단체,기업",1798516,1797967,5,2026-10-08 02:10:35.519000
GOLD,DIM_MEMBER,MBER_STAT_CD,TEXT,회원상태 원천코드 raw (#132). 코드id:MM010,1798516,1620741,12,2026-10-08 02:10:35.519000
GOLD,DIM_MEMBER,MEMBER_STATUS_NAME,TEXT,회원상태명 (라벨). 코드id:MM010,1798516,1798515,13,2026-10-08 02:10:35.519000
GOLD,DIM_MEMBER,MEMBER_STATUS_GROUP,TEXT,MEMBER_STATUS_GROUP. 코드id:MM010.,1798516,1798515,4,2026-10-08 02:10:35.519000
GOLD,DIM_MEMBER,MBER_DIV_CD,TEXT,회원구분 원천코드 raw. 코드id:MM018,1798516,1798516,3,2026-10-08 02:10:35.519000
GOLD,DIM_MEMBER,MEMBER_TYPE_NAME,TEXT,"회원구분명 (라벨). 고유값:개인,기업,단체",1798516,1798516,3,2026-10-08 02:10:35.519000
GOLD,DIM_MEMBER,JOIN_PATH_CD,TEXT,가입경로코드. 코드id:MM014,1798516,1620738,6,2026-10-08 02:10:35.519000
GOLD,DIM_MEMBER,ENROLL_PATH_NAME,TEXT,ENROLL_PATH_NAME. 코드id:MM014. [사유:원천 부재],1798516,1798512,7,2026-10-08 02:10:35.519000
GOLD,DIM_MEMBER,FIRST_CAMPAIGN,TEXT,최초캠페인(정본 공#29) (#29).,1798516,1619348,13670,2026-10-08 02:10:35.519000
GOLD,DIM_MEMBER,REGION,TEXT,지역 (#131). 코드id:CM018,1798516,1599921,18,2026-10-08 02:10:35.519000
GOLD,DIM_MEMBER,AGE_BAND,TEXT,연령대. 코드id:CM014,1798516,1609365,12,2026-10-08 02:10:35.519000
GOLD,DIM_MEMBER,FIRST_SPONSORSHIP,TEXT,FIRST_SPONSORSHIP.,1798516,1619301,28,2026-10-08 02:10:35.519000
GOLD,DIM_MEMBER,JOIN_CMMN_BRND,NUMBER,가입 공통브랜드 코드. 코드id:MM297,1798516,1618622,16,2026-10-08 02:10:35.519000
GOLD,DIM_MEMBER,JOIN_CMMN_BRND_NM,TEXT,가입 공통브랜드명. 코드id:MM297,1798516,1618622,16,2026-10-08 02:10:35.519000
GOLD,DIM_MEMBER,CHRCTR_RECPTN_YN,TEXT,문자수신여부 [SILVER.CRM_MEMBER 승계 · 원천 BRONZE_CRM.TM_MM_FDRM_MBER_INFO · BRONZE_CRM.TM_MM_ONCE_MBER_INFO],1798516,1736197,2,2026-10-08 02:10:35.519000
GOLD,DIM_MEMBER,SPECL_MNG_CD1,TEXT,특별관리코드1 [SILVER.CRM_MEMBER 승계 · 원천 BRONZE_CRM.TM_MM_FDRM_MBER_INFO · BRONZE_CRM.TM_MM_ONCE_MBER_INFO],1798516,1379259,20,2026-10-08 02:10:35.519000
GOLD,DIM_MEMBER,FDRM_MBER_TRNSFER_FG,BOOLEAN,정기회원이관유무 [SILVER.CRM_MEMBER 승계 · 원천 BRONZE_CRM.TM_MM_ONCE_MBER_INFO],1798516,4583,1,2026-10-08 02:10:35.519000
GOLD,FACT_MESSAGE_DISPATCH,DATE_SK,NUMBER,발송일,43892464,43892464,1018,2026-10-08 02:10:24.020000
GOLD,FACT_MESSAGE_DISPATCH,MEMBER_DK,TEXT,발송 대상 회원 (불변키),43892464,43892464,1047764,2026-10-08 02:10:24.020000
GOLD,FACT_MESSAGE_DISPATCH,SERVICE_SK,NUMBER,발송 서비스 유형 (FK→DIM_SERVICE),43892464,43892464,11,2026-10-08 02:10:24.020000
GOLD,FACT_MESSAGE_DISPATCH,CAMPAIGN_SK,NUMBER,캠페인 (FK→DIM_CAMPAIGN),43892464,43892464,1,2026-10-08 02:10:24.020000
GOLD,FACT_MESSAGE_DISPATCH,SEND_MEMBERS,NUMBER,「명」이 아니다 (#85).,43892464,43892464,1,2026-10-08 02:10:24.020000
GOLD,FACT_MESSAGE_DISPATCH,SUCCESS_MEMBERS,NUMBER,성공수(명) (#86). 코드id:MS282. [사유:산출보류],43892464,43892464,2,2026-10-08 02:10:24.020000
GOLD,FACT_MESSAGE_DISPATCH,FAIL_MEMBERS,NUMBER,실패수(명) (#87). [사유:산출보류],43892464,43892464,2,2026-10-08 02:10:24.020000
GOLD,FACT_MESSAGE_DISPATCH,OPEN_MEMBERS,NUMBER,오픈(명) (overview · SND_MEMBER_OPEN_LOG 축약).,43892464,11509971,2,2026-10-08 02:10:24.020000
GOLD,FACT_MESSAGE_DISPATCH,LETTER_PART_MEMBERS,NUMBER,서신참여(명) (#88),43892464,43892464,1,2026-10-08 02:10:24.020000
GOLD,FACT_MESSAGE_DISPATCH,LETTER_PART_CNT,NUMBER,서신참여(건) (#89),43892464,43892464,1,2026-10-08 02:10:24.020000
GOLD,FACT_MESSAGE_DISPATCH,GIFT_PART_MEMBERS,NUMBER,선물금참여(명) (#90),43892464,43892464,1,2026-10-08 02:10:24.020000
GOLD,FACT_MESSAGE_DISPATCH,GIFT_PART_AMT,NUMBER,선물금참여(원) (#91),43892464,43892464,1,2026-10-08 02:10:24.020000
GOLD,FACT_MESSAGE_DISPATCH,D5_LETTER_PART_MEMBERS,NUMBER,+5일차 서신참여(명) (#139),43892464,43892464,2,2026-10-08 02:10:24.020000
GOLD,FACT_MESSAGE_DISPATCH,D5_LETTER_PART_CNT,NUMBER,+5일차 서신참여(건) (#140),43892464,43892464,79,2026-10-08 02:10:24.020000
GOLD,FACT_MESSAGE_DISPATCH,D5_GIFT_PART_MEMBERS,NUMBER,+5일차 선물금참여(명) (#141),43892464,43892464,2,2026-10-08 02:10:24.020000
GOLD,FACT_MESSAGE_DISPATCH,D5_GIFT_PART_CNT,NUMBER,+5일차 선물금참여(건) (#142),43892464,43892464,97,2026-10-08 02:10:24.020000
GOLD,FACT_MESSAGE_DISPATCH,D5_INCREASE_PART_MEMBERS,NUMBER,+5일차 증액참여(명) (#143),43892464,43892464,2,2026-10-08 02:10:24.020000
GOLD,FACT_MESSAGE_DISPATCH,D5_INCREASE_PART_CNT,NUMBER,+5일차 증액참여(건) (#144),43892464,43892464,198,2026-10-08 02:10:24.020000
GOLD,FACT_MESSAGE_DISPATCH,D5_STOP_MEMBERS,NUMBER,+5일차 중단(명) (#145),43892464,43892464,2,2026-10-08 02:10:24.020000
GOLD,FACT_MESSAGE_DISPATCH,D5_STOP_CNT,NUMBER,+5일차 중단(건) (#146),43892464,43892464,85,2026-10-08 02:10:24.020000
GOLD,FACT_MESSAGE_DISPATCH,SERVICE_MEMBERS,NUMBER,서비스(명) (#160),43892464,43892464,2,2026-10-08 02:10:24.020000
GOLD,FACT_MESSAGE_DISPATCH,SERVICE_CNT,NUMBER,서비스(건) (#161),43892464,43892464,308,2026-10-08 02:10:24.020000
GOLD,FACT_MESSAGE_DISPATCH,SEND_TITLE,TEXT,제목(#136),43892464,41818439,34173,2026-10-08 02:10:24.020000
GOLD,FACT_MESSAGE_DISPATCH,SEND_STATUS,TEXT,발송상태(#138),43892464,40922691,7,2026-10-08 02:10:24.020000
GOLD,FACT_MESSAGE_DISPATCH,SEND_TYPE,TEXT,발송유형.,43892464,43892464,4,2026-10-08 02:10:24.020000
GOLD,FACT_MESSAGE_DISPATCH,MAIL_RECEIVE_FLAG,BOOLEAN,메일수신여부. [사유:원천 미보유],43892464,0,0,2026-10-08 02:10:24.020000
GOLD,FACT_MESSAGE_DISPATCH,MEMBER_STOP_FLAG,BOOLEAN,결연회원 중단여부. [사유:원천 미보유],43892464,0,0,2026-10-08 02:10:24.020000
GOLD,FACT_MESSAGE_DISPATCH,SEND_TYPE_SK,NUMBER,대리키,43892464,43892464,72,2026-10-08 02:10:24.020000
GOLD,FACT_MESSAGE_DISPATCH,SEND_STATUS_GROUP,TEXT,SEND_STATUS_GROUP. 코드id:MS282.,43892464,22184263,1,2026-10-08 02:10:24.020000
GOLD,FACT_MESSAGE_DISPATCH,SEND_STATUS_NAME,TEXT,축A 라벨 (CRM_CODE 조인).,43892464,22184263,3,2026-10-08 02:10:24.020000
GOLD,FACT_MESSAGE_DISPATCH,SEND_RESULT_CD,TEXT,축B(통신사 결과) 코드 raw.,43892464,31145667,49,2026-10-08 02:10:24.020000
GOLD,FACT_MESSAGE_DISPATCH,SEND_RESULT_GROUP,TEXT,축B 코드군 ID. 코드id:MS283.,43892464,29420378,4,2026-10-08 02:10:24.020000
GOLD,FACT_MESSAGE_DISPATCH,SEND_RESULT_NAME,TEXT,SEND_RESULT_NAME.,43892464,29420378,32,2026-10-08 02:10:24.020000
GOLD,FACT_MESSAGE_DISPATCH,FRST_BRND_CD,TEXT,발송 시점 최초 브랜드 코드 ← SILVER.CRM_SEND_MEMBER,43892464,4518035,65,2026-10-08 02:10:24.020000
GOLD,FACT_MESSAGE_DISPATCH,FRST_BRND_NM,TEXT,발송 시점 최초 브랜드명 ← SILVER.CRM_SEND_MEMBER,43892464,4587504,66,2026-10-08 02:10:24.020000
GOLD,FACT_MESSAGE_DISPATCH,LST_BRND_CD,TEXT,발송 시점 최종 브랜드 코드 ← SILVER.CRM_SEND_MEMBER,43892464,4518035,66,2026-10-08 02:10:24.020000
GOLD,FACT_MESSAGE_DISPATCH,LST_BRND_NM,TEXT,발송 시점 최종 브랜드명 ← SILVER.CRM_SEND_MEMBER,43892464,5056180,66,2026-10-08 02:10:24.020000
GOLD,FACT_MESSAGE_DISPATCH,CURRENT_BRND,TEXT,현재 브랜드 ← SILVER.CRM_SEND_MEMBER,43892464,4986705,126,2026-10-08 02:10:24.020000
GOLD,FACT_MESSAGE_DISPATCH,ALTRTV_MSG_SNDNG_YN,TEXT,대체문자 발송 여부 [SILVER.CRM_SEND_MEMBER 승계 · 원천 BRONZE_CRM.TD_MS_MSG_AT_SNDNG_DTLS],43892464,889777,1,2026-10-08 02:10:24.020000
GOLD,FACT_MESSAGE_DISPATCH,RELATNSP_KEY,NUMBER,결연KEY [SILVER.CRM_SEND_MEMBER 승계 · 원천 BRONZE_CRM.TD_MS_PSTMTR_SNDNG_DTL · BRONZE_CRM.SND_MEMBER_LIST],43892464,4237920,514180,2026-10-08 02:10:24.020000
GOLD,FACT_MESSAGE_DISPATCH,MNG_NO,TEXT,관리번호 [SILVER.CRM_SEND_MEMBER 승계 · 원천 BRONZE_CRM.TD_MS_PSTMTR_SNDNG_DTL],43892464,143116,96,2026-10-08 02:10:24.020000
GOLD,FACT_MESSAGE_DISPATCH,MSG_KEY,TEXT,메세지키 [SILVER.CRM_SEND_MEMBER 승계 · 원천 BRONZE_CRM.SND_MEMBER_LIST],43892464,4798697,4761952,2026-10-08 02:10:24.020000
GOLD,FACT_MESSAGE_DISPATCH,CINFO,TEXT,알림톡구분 [SILVER.CRM_SEND_MEMBER 승계 · 원천 BRONZE_CRM.SND_MEMBER_LIST],43892464,8759550,6,2026-10-08 02:10:24.020000
GOLD,FACT_MESSAGE_DISPATCH,RESPONSED_YN,TEXT,발송확인여부 [SILVER.CRM_SEND_MEMBER 승계 · 원천 BRONZE_CRM.SND_MEMBER_LIST],43892464,11542452,2,2026-10-08 02:10:24.020000
GOLD,FACT_MESSAGE_DISPATCH,SEND_REQUEST_SK,NUMBER,발송 요청 (FK→DIM_SEND_REQUEST) · 0=요청 미매칭 [O196-D DEC-58],43892464,43892464,1726930,2026-10-08 02:10:24.020000
GOLD,DIM_DATE,DATE_SK,NUMBER,YYYYMMDD,73415,73415,72835,2026-10-08 02:10:22.710000
GOLD,DIM_DATE,YEAR,NUMBER,년,73415,73415,198,2026-10-08 02:10:22.710000
GOLD,DIM_DATE,MONTH,NUMBER,월,73415,73415,13,2026-10-08 02:10:22.710000
GOLD,DIM_DATE,MONTH_KEY,NUMBER,YYYYMM (월팩트 conform),73415,73415,2443,2026-10-08 02:10:22.710000
GOLD,DIM_DATE,DAY,NUMBER,일,73415,73415,32,2026-10-08 02:10:22.710000
GOLD,DIM_DATE,DAY_OF_WEEK,TEXT,요일,73415,73415,7,2026-10-08 02:10:22.710000
GOLD,DIM_DATE,WEEK_OF_YEAR,NUMBER,주차,73415,73415,54,2026-10-08 02:10:22.710000
GOLD,DIM_DATE,QUARTER,NUMBER,분기,73415,73415,5,2026-10-08 02:10:22.710000
GOLD,DIM_DATE,IS_HOLIDAY,BOOLEAN,휴일여부,73415,73415,2,2026-10-08 02:10:22.710000
GOLD,FACT_BUDGET,MONTH_KEY,NUMBER,월 conform 키 YYYYMM.,1488,1488,34,2026-10-08 02:10:19.703000
GOLD,FACT_BUDGET,ORG_SK,NUMBER,조직 (FK→DIM_ORG),1488,1488,1,2026-10-08 02:10:19.703000
GOLD,FACT_BUDGET,BUDGET_ITEM_SK,NUMBER,예산 세세목 (FK→DIM_BUDGET_ITEM),1488,1488,112,2026-10-08 02:10:19.703000
GOLD,FACT_BUDGET,BUDGET_PROCEDURE,TEXT,예산 편성 차수 (연사업 / 추가경정 · DEC.,1488,1488,2,2026-10-08 02:10:19.703000
GOLD,FACT_BUDGET,CAMPAIGN_SK,NUMBER,캠페인 (FK→DIM_CAMPAIGN),1488,1488,1,2026-10-08 02:10:19.703000
GOLD,FACT_BUDGET,SPONSORSHIP_SK,NUMBER,후원사업 (선택 FK→DIM_SPONSORSHIP),1488,0,0,2026-10-08 02:10:19.703000
GOLD,FACT_BUDGET,PLAN_BUDGET_MONTH,NUMBER,편성예산(월 · 원). 🔴🔴 [2026-08-29 O114-B] 12개월 합산해도 FACT_BUDGET_YEARLY.PLAN_BUDGET_YEAR 와 일치하지 않는다 — 원천 원장의 월 배분이 부분적이어서 연 총액의 상당 부분이 월 컬럼에 배분되지 않는다(원천 특성 · 모델 결함 아님 · 실측 규모는 이슈원장·이력 소관 R2-6). ⇒ 🔴 「편성예산」을 답할 때 월·연 중 어느 축인지 밝혀라 — 밝히지 않으면 두 답이 갈린다. 🟢 대비: 집행은 연=월 정합이다(EXEC_BUDGET_ERP 월합 = FACT_BUDGET_YEARLY.EXEC_BUDGET_YEAR). 🔴 예산 편성 차수(「연사업」 / 「추가경정」)를 GROUP BY 에 넣지 않으면 본예산과 추경이 합산된다 — 다만 이 테이블은 BUDGET_PROCEDURE 컬럼을 보유하므로 차수별 분해가 가능하다(2026-09-22 O176 실측 · 규모는 이슈원장 소관 R2-6). ⚠️ WIDE_BUDGET 은 이 컬럼을 노출하지 않으므로 거기서는 분해가 불가능하다 — 「차수별 분해 불가」는 뷰 축의 사실이며 이 테이블에는 적용되지 않는다.,1488,1488,216,2026-10-08 02:10:19.703000
GOLD,FACT_BUDGET,EXEC_BUDGET_ERP,NUMBER,집행예산(ERP · 월 · 원). 🟢 연=월 정합이다 — 월합 = FACT_BUDGET_YEARLY.EXEC_BUDGET_YEAR(편성과 달리 월 배분 누락이 없다). 🔴 다만 예산 편성 차수(「연사업」/「추가경정」) 취급은 편성과 같다 — BUDGET_PROCEDURE 를 GROUP BY 에 넣지 않으면 본예산과 추경이 합쳐진다(합쳐질 뿐이며 분해는 가능하다).,1488,1488,378,2026-10-08 02:10:19.703000
GOLD,FACT_BUDGET,EXEC_BUDGET_EST,NUMBER,집행예산(추정 · 원) 🔴🔴 [O51-F 실측] 전건 NULL — 원천 자체가 비어 있다(ERP 집행 추정 원천). 결측이 아니라 대행사가 항목을 보고하지 않는다: 0 이나 「해당없음」 으로 대체 해석하지 말 것(P21). 필터 조건으로 쓰면 전건이 탈락한다. 🔴 외부 원천 미입고(E-1 소관 · ⚠️ 종전 문안의 E-4 병기는 O175 가 철회했다 — 광고비는 원천 부재가 아니다). 실측 규모는 이슈원장 §O51-F.,1488,0,0,2026-10-08 02:10:19.703000
GOLD,FACT_BUDGET,FUNDRAISING_COST,NUMBER,모금성비용(원) 🔴🔴 [O51-F 실측] 전건 NULL — 원천 자체가 비어 있다(ERP 모금성비용 원천). 결측이 아니라 대행사가 항목을 보고하지 않는다: 0 이나 「해당없음」 으로 대체 해석하지 말 것(P21). 필터 조건으로 쓰면 전건이 탈락한다. 🔴 외부 원천 미입고(E-1 하드블로커) — 모금성비용은 원천 확정 대기다. 실측 규모는 이슈원장 §O51-F.,1488,0,0,2026-10-08 02:10:19.703000
GOLD,FACT_BUDGET,AD_COST,NUMBER,"광고비(원) 🔴🔴 폐기 슬롯이다 — 의도적 영구 NULL(외부 입고 대기가 아니다 · 2026-09-21 O175 판정). 예산 원장에는 광고비 예산항목이 없고, 대행사 원천의 광고비는 이미 GOLD.FACT_AD_PERFORMANCE.AD_COST 로 일 grain 배선돼 있다. 🔴 광고비를 이 컬럼으로 묻지 말 것 — 정본은 SERVING.SV_AD.TOTAL_AD_COST(base GOLD.WIDE_AD_COMBINED)다. 🔴 예산과 같은 표에 합산하지 말 것(원천·grain 이 다르고 광고 팩트와 이중계상이 된다 · 순서9-K 표 분리 근거). ⚠️ 종전 문안의 「원천 자체가 비어 있다 · 대행사가 항목을 보고하지 않는다」는 거짓이었다(경위·규모는 이슈원장 §O175).",1488,0,0,2026-10-08 02:10:19.703000
GOLD,FACT_BUDGET,EXEC_DIRECT_MNYRS_1,NUMBER,직접모금비1(원천 DIRECT_MNYRS_YN_1=Y) 원장행의 집행액(원) — 🔴 모금성비용 **후보 A**(판정 중립). YN_1/YN_2 중 무엇이 모금성비용인지 현업 회신 전이다(문서20 -009) ⇒ FUNDRAISING_COST 로 부르지 말고 두 후보를 병기한다. 부분집합이며 EXEC_BUDGET_ERP 이하,1488,1488,272,2026-10-08 02:10:19.703000
GOLD,FACT_BUDGET,EXEC_DIRECT_MNYRS_2,NUMBER,직접모금비2(원천 DIRECT_MNYRS_YN_2=Y) 원장행의 집행액(원) — 🔴 모금성비용 **후보 B**(판정 중립 · YN_1 을 포함하는 더 넓은 범위로 보인다). 현업 회신 전이다(문서20 -009),1488,1488,378,2026-10-08 02:10:19.703000
GOLD,FACT_BUDGET,DVLP_INBOUND_PATH,TEXT,개발 유입경로(ERP 원천 DVLP_INBOUND_PATH 그대로 · 퇴화 차원 · 2026-10-02 O198 DEC-60). 실측 값 7종(디지털·방송·재송출·영상광고·뉴미디어·모금시스템·콜개발). 🔴 NULL = ERP 원장행에 유입경로가 기재되지 않은 예산(개발 비용이 아닌 과목이 대부분 · 집행액 0) — 창작 라벨로 채우지 않는다(R2-7). 🔴 grain 키의 일부다 — 같은 월·세세목에 경로가 2~3종 있다,1488,852,7,2026-10-08 02:10:19.703000
GOLD,DIM_DEVICE,DEVICE_SK,NUMBER,대리키 (PK),4,4,4,2026-10-08 02:10:18.474000
GOLD,DIM_DEVICE,DEVICE_TYPE,TEXT,DEVICE_TYPE.,4,4,4,2026-10-08 02:10:18.474000
GOLD,DIM_DEVICE,DEVICE_SCOPE_DESC,TEXT,멤버 의미 자기설명(DEC.,4,4,4,2026-10-08 02:10:18.474000
GOLD,FACT_AD_PERFORMANCE,AD_PERF_DK,TEXT,불변 비즈니스 식별자,271357,271357,271055,2026-10-08 02:10:17.025000
GOLD,FACT_AD_PERFORMANCE,PERF_DATE_SK,NUMBER,"실적일 (분석축, FK→DIM_DATE)",271357,271357,1388,2026-10-08 02:10:17.025000
GOLD,FACT_AD_PERFORMANCE,CAMPAIGN_SK,NUMBER,대리키,271357,271357,1,2026-10-08 02:10:17.025000
GOLD,FACT_AD_PERFORMANCE,AD_CREATIVE_SK,NUMBER,대리키,271357,271357,1,2026-10-08 02:10:17.025000
GOLD,FACT_AD_PERFORMANCE,DEVICE_SK,NUMBER,대리키,271357,271357,3,2026-10-08 02:10:17.025000
GOLD,FACT_AD_PERFORMANCE,AD_COST,NUMBER,광고비(원) . 원천별 컬럼 상이 (#6).,271357,261544,108244,2026-10-08 02:10:17.025000
GOLD,FACT_AD_PERFORMANCE,IMPRESSIONS,NUMBER,노출수 . DIGITAL 전용 (#23). [사유:원천 부재],271357,224024,63515,2026-10-08 02:10:17.025000
GOLD,FACT_AD_PERFORMANCE,CLICKS,NUMBER,CLICKS (#24).,271357,223964,3892,2026-10-08 02:10:17.025000
GOLD,FACT_AD_PERFORMANCE,INBOUND_CALL,NUMBER,INBOUND_CALL (#25).,271357,22704,225,2026-10-08 02:10:17.025000
GOLD,FACT_AD_PERFORMANCE,AGENCY_CONV_MEMBERS,NUMBER,대행사 전환수(명).,271357,221022,53,2026-10-08 02:10:17.025000
GOLD,FACT_AD_PERFORMANCE,AGENCY_CONV_CNT,NUMBER,대행사 전환수(건/VU).,271357,221089,200,2026-10-08 02:10:17.025000
GOLD,FACT_AD_PERFORMANCE,DAY_OF_WEEK,TEXT,"요일 (degen, AD_DATE 파생)",271357,271357,7,2026-10-08 02:10:17.025000
GOLD,FACT_AD_PERFORMANCE,WEEK_OF_YEAR,NUMBER,"주차 (degen, AD_DATE 파생)",271357,271357,52,2026-10-08 02:10:17.025000
GOLD,FACT_AD_PERFORMANCE,AD_SOURCE_TYPE,TEXT,AD_SOURCE_TYPE.,271357,271357,3,2026-10-08 02:10:17.025000
GOLD,FACT_AD_PERFORMANCE,MKTG_CAMPAIGN_SK,NUMBER,대리키 (PK),271357,271357,77,2026-10-08 02:10:17.025000
GOLD,FACT_AD_PERFORMANCE,CONTENTS_PUR_COST,NUMBER,콘텐츠구입비(원) (REBROADCAST 전용 · 그 외 원천 개념 부재 NULL),271357,1547,21,2026-10-08 02:10:17.025000
GOLD,FACT_AD_PERFORMANCE,CALL_CTR_OPER_COST,NUMBER,콜센터운영비(원) (REBROADCAST 전용 · 그 외 원천 개념 부재 NULL),271357,2111,341,2026-10-08 02:10:17.025000
GOLD,FACT_AD_PERFORMANCE,TOT_COST,NUMBER,총비용(원) = 편성비(AD_COST)+콘텐츠구입비+콜센터운영비 (REBROADCAST 전용 · 그 외 NULL),271357,2111,473,2026-10-08 02:10:17.025000
GOLD,FACT_PAYMENT_METHOD_CHANGE,DATE_SK,NUMBER,일자 YYYYMMDD → DIM_DATE.DATE_SK(FK 정보성) · 0=일자 무효,1100916,1100916,6440,2026-10-08 02:10:14.234000
GOLD,FACT_PAYMENT_METHOD_CHANGE,MEMBER_DK,TEXT,회원번호(원천 MBER_NO · degenerate),1100916,1100916,468591,2026-10-08 02:10:14.234000
GOLD,FACT_PAYMENT_METHOD_CHANGE,SETLE_KEY,NUMBER,결제KEY [원천: SILVER.CRM_PAYMENT_METHOD_HIST],1100916,1100916,1100555,2026-10-08 02:10:14.234000
GOLD,FACT_PAYMENT_METHOD_CHANGE,CPR_DIV_CD,TEXT,법인구분코드 [원천: SILVER.CRM_PAYMENT_METHOD_HIST],1100916,1100916,2,2026-10-08 02:10:14.234000
GOLD,FACT_PAYMENT_METHOD_CHANGE,SETLE_CD,TEXT,결제코드 [원천: SILVER.CRM_PAYMENT_METHOD_HIST],1100916,1100916,6,2026-10-08 02:10:14.234000
GOLD,FACT_PAYMENT_METHOD_CHANGE,WTDRW_ASMT_SQNC,NUMBER,출금지정차수 [원천: SILVER.CRM_PAYMENT_METHOD_HIST],1100916,1100914,2,2026-10-08 02:10:14.234000
GOLD,FACT_PAYMENT_METHOD_CHANGE,FNLT_DIV_CD,TEXT,금융기관구분코드 [원천: SILVER.CRM_PAYMENT_METHOD_HIST],1100916,1039068,3,2026-10-08 02:10:14.234000
GOLD,FACT_PAYMENT_METHOD_CHANGE,FNLT_CD,TEXT,금융기관코드 [원천: SILVER.CRM_PAYMENT_METHOD_HIST],1100916,333817,106,2026-10-08 02:10:14.234000
GOLD,FACT_PAYMENT_METHOD_CHANGE,SETLE_ENTRPS_CD,TEXT,결제업체코드 [원천: SILVER.CRM_PAYMENT_METHOD_HIST],1100916,1037916,56,2026-10-08 02:10:14.234000
GOLD,FACT_PAYMENT_METHOD_CHANGE,ACNUT_SER_NO,NUMBER,계좌일련번호 [원천: SILVER.CRM_PAYMENT_METHOD_HIST],1100916,21755,13,2026-10-08 02:10:14.234000
GOLD,FACT_PAYMENT_METHOD_CHANGE,CARD_DIV_CD,TEXT,카드구분코드 [원천: SILVER.CRM_PAYMENT_METHOD_HIST],1100916,467130,3,2026-10-08 02:10:14.234000
GOLD,FACT_PAYMENT_METHOD_CHANGE,ETC_CTTPC_REL_CD,TEXT,기타연락처관계코드 [원천: SILVER.CRM_PAYMENT_METHOD_HIST],1100916,74594,14,2026-10-08 02:10:14.234000
GOLD,FACT_PAYMENT_METHOD_CHANGE,PAYER_MBER_REL_CD,TEXT,결제자회원관계코드 [원천: SILVER.CRM_PAYMENT_METHOD_HIST],1100916,984985,14,2026-10-08 02:10:14.234000
GOLD,FACT_PAYMENT_METHOD_CHANGE,CRTFC_MTH_CD,TEXT,인증방법코드 [원천: SILVER.CRM_PAYMENT_METHOD_HIST],1100916,712540,5,2026-10-08 02:10:14.234000
GOLD,FACT_PAYMENT_METHOD_CHANGE,FILE_SIZE,NUMBER,파일크기 [원천: SILVER.CRM_PAYMENT_METHOD_HIST],1100916,346349,40639,2026-10-08 02:10:14.234000
GOLD,FACT_PAYMENT_METHOD_CHANGE,SETLE_STAT_CD,TEXT,결제상태코드 [원천: SILVER.CRM_PAYMENT_METHOD_HIST],1100916,1100914,8,2026-10-08 02:10:14.234000
GOLD,FACT_PAYMENT_METHOD_CHANGE,BF_SETLE_STAT_CD,TEXT,이전결제상태코드 [원천: SILVER.CRM_PAYMENT_METHOD_HIST],1100916,875662,9,2026-10-08 02:10:14.234000
GOLD,FACT_PAYMENT_METHOD_CHANGE,RQST_DIV_CD,TEXT,신청구분코드 [원천: SILVER.CRM_PAYMENT_METHOD_HIST],1100916,567599,6,2026-10-08 02:10:14.234000
GOLD,FACT_PAYMENT_METHOD_CHANGE,RCEPT_DIV_CD,TEXT,접수구분코드 [원천: SILVER.CRM_PAYMENT_METHOD_HIST],1100916,567589,6,2026-10-08 02:10:14.234000
GOLD,FACT_PAYMENT_METHOD_CHANGE,APRV_YN,TEXT,승인여부 [원천: SILVER.CRM_PAYMENT_METHOD_HIST],1100916,1093862,2,2026-10-08 02:10:14.234000
GOLD,FACT_PAYMENT_METHOD_CHANGE,APRV_REQUST_KEY,NUMBER,승인요청KEY [원천: SILVER.CRM_PAYMENT_METHOD_HIST],1100916,331994,288241,2026-10-08 02:10:14.234000
GOLD,FACT_PAYMENT_METHOD_CHANGE,APRV_RST_KEY,NUMBER,승인결과KEY [원천: SILVER.CRM_PAYMENT_METHOD_HIST],1100916,468276,405000,2026-10-08 02:10:14.234000
GOLD,FACT_PAYMENT_METHOD_CHANGE,RQEST_EXCL_YN,TEXT,청구제외여부 [원천: SILVER.CRM_PAYMENT_METHOD_HIST],1100916,1100914,2,2026-10-08 02:10:14.234000
GOLD,FACT_PAYMENT_METHOD_CHANGE,APPLCNT_ETC_CTTPC_REL_CD,TEXT,신청자기타연락처관계코드 [원천: SILVER.CRM_PAYMENT_METHOD_HIST],1100916,80181,14,2026-10-08 02:10:14.234000
GOLD,FACT_PAYMENT_METHOD_CHANGE,APPLCNT_MBER_REL_CD,TEXT,신청자회원관계코드 [원천: SILVER.CRM_PAYMENT_METHOD_HIST],1100916,1060771,14,2026-10-08 02:10:14.234000
GOLD,FACT_PAYMENT_METHOD_CHANGE,BF_SETLE_KEY,NUMBER,이전결제KEY [원천: SILVER.CRM_PAYMENT_METHOD_HIST],1100916,375807,374093,2026-10-08 02:10:14.234000
GOLD,FACT_PAYMENT_METHOD_CHANGE,OPERT_DIV_CD,TEXT,작업구분코드 [원천: SILVER.CRM_PAYMENT_METHOD_HIST],1100916,240095,6,2026-10-08 02:10:14.234000
GOLD,FACT_PAYMENT_METHOD_CHANGE,CRTFC_TY_CD,TEXT,인증유형코드 [원천: SILVER.CRM_PAYMENT_METHOD_HIST],1100916,570030,6,2026-10-08 02:10:14.234000
GOLD,FACT_PAYMENT_METHOD_CHANGE,USE_YN,TEXT,사용여부 [원천: SILVER.CRM_PAYMENT_METHOD_HIST],1100916,1100914,2,2026-10-08 02:10:14.234000
GOLD,DIM_MONTH,MONTH_KEY,NUMBER,월 conform 키 YYYYMM.,2413,2413,2443,2026-10-08 02:10:12.706000
GOLD,DIM_MONTH,YEAR,NUMBER,연도.,2413,2413,198,2026-10-08 02:10:12.706000
GOLD,DIM_MONTH,MONTH,NUMBER,월 (1~12).,2413,2413,13,2026-10-08 02:10:12.706000
GOLD,DIM_MONTH,QUARTER,NUMBER,분기 (1~4).,2413,2413,5,2026-10-08 02:10:12.706000
GOLD,WIDE_MEMBER_MONTHLY,MONTH_KEY,NUMBER,YYYYMM,42736516,42736516,469,2026-10-08 02:09:42.972000
GOLD,WIDE_MEMBER_MONTHLY,CAL_YEAR,NUMBER,FLOOR(MONTH_KEY/100) — 연도,42736516,42736516,40,2026-10-08 02:09:42.972000
GOLD,WIDE_MEMBER_MONTHLY,CAL_MONTH,NUMBER,"MOD(MONTH_KEY,100) — 월",42736516,42736516,13,2026-10-08 02:09:42.972000
GOLD,WIDE_MEMBER_MONTHLY,MEMBER_DK,TEXT,불변 회원키(조인용),42736516,42736516,1780291,2026-10-08 02:09:42.972000
GOLD,WIDE_MEMBER_MONTHLY,DEV_CNT,NUMBER,"개발(건) (#4·5·149) = **MSTR 정의**(O202 · 사용자 결정): 회원×월 MSTR 인정금액 ÷ 10,000 합. 인정금액 = 신규·재후원은 미중단 후원사업·월합>0 행의 금액, 증액은 감액과 상계한 순증액(원본 FN_MM_SPNSR_DVLP B1·B2). 소수가 나온다. 🔴 GN_DW.MSTR 지표와 같은 표에서 합산 금지(정의가 같아도 출처가 다르다).",42736516,42736516,655,2026-10-08 02:09:42.972000
GOLD,WIDE_MEMBER_MONTHLY,DEV_MEMBERS,NUMBER,개발(명) (#148) = 그 달 MSTR 개발 인정 행 보유 1/0 — 다월 SUM 은 회원-월 수이며 기간 distinct 회원수는 COUNT(DISTINCT MEMBER_DK).,42736516,42736516,2,2026-10-08 02:09:42.972000
GOLD,WIDE_MEMBER_MONTHLY,STOP_CNT,NUMBER,"중단(건) (#35, FME 롤업)",42736516,42736516,52,2026-10-08 02:09:42.972000
GOLD,WIDE_MEMBER_MONTHLY,UNPAID_CNT,NUMBER,미납(건) (#36),42736516,40439910,449,2026-10-08 02:09:42.972000
GOLD,WIDE_MEMBER_MONTHLY,ACTIVE_CNT,NUMBER,활동(건) (#37·157),42736516,42057762,1060,2026-10-08 02:09:42.972000
GOLD,WIDE_MEMBER_MONTHLY,ACTIVE_MEMBERS,NUMBER,활동(명) (#156),42736516,42736516,2,2026-10-08 02:09:42.972000
GOLD,WIDE_MEMBER_MONTHLY,ACTIVE_CUM_CNT,NUMBER,활동누계(건) (#159),42736516,42057762,5360,2026-10-08 02:09:42.972000
GOLD,WIDE_MEMBER_MONTHLY,ACTIVE_CUM_MEMBERS,NUMBER,활동누계(명) (#158),42736516,42057762,13,2026-10-08 02:09:42.972000
GOLD,WIDE_MEMBER_MONTHLY,INCREASE_CNT,NUMBER,증액(건) (#151),42736516,42057762,632,2026-10-08 02:09:42.972000
GOLD,WIDE_MEMBER_MONTHLY,INCREASE_MEMBERS,NUMBER,증액(명) (#150),42736516,42057762,2,2026-10-08 02:09:42.972000
GOLD,WIDE_MEMBER_MONTHLY,DECREASE_CNT,NUMBER,감액(건) SUM(감액금액)/10000 (#38),42736516,42736516,379,2026-10-08 02:09:42.972000
GOLD,WIDE_MEMBER_MONTHLY,CHURN_CNT,NUMBER,이탈(건) SUM(취소+감액)/10000 (신규#20),42736516,42736516,1032,2026-10-08 02:09:42.972000
GOLD,WIDE_MEMBER_MONTHLY,YEAR_START_ACTIVE_CNT,NUMBER,연도초 활동회원(건) (#49),42736516,42057762,734,2026-10-08 02:09:42.972000
GOLD,WIDE_MEMBER_MONTHLY,YEAR_END_ACTIVE_CNT,NUMBER,연도말 활동회원(건) (#50),42736516,42057762,941,2026-10-08 02:09:42.972000
GOLD,WIDE_MEMBER_MONTHLY,MONTH_END_ACTIVE_CNT,NUMBER,월말활동회원(건) (#52),42736516,42057762,1060,2026-10-08 02:09:42.972000
GOLD,WIDE_MEMBER_MONTHLY,PREV_MONTH_END_ACTIVE_CNT,NUMBER,전월말 활동회원(건) (#53),42736516,42057762,1057,2026-10-08 02:09:42.972000
GOLD,WIDE_MEMBER_MONTHLY,CAMPAIGN_UNPAID_CNT,NUMBER,캠페인별 미납(건) (#83),42736516,42736516,1,2026-10-08 02:09:42.972000
GOLD,WIDE_MEMBER_MONTHLY,STATUS_UNPAID_CNT,NUMBER,회원상태별 미납(건) (#84),42736516,3960958,666,2026-10-08 02:09:42.972000
GOLD,WIDE_MEMBER_MONTHLY,REGULAR_FEE,NUMBER,정기회비(원) (#66),42736516,39184387,682,2026-10-08 02:09:42.972000
GOLD,WIDE_MEMBER_MONTHLY,REGULAR_ONETIME_FEE,NUMBER,정기회원 일시회비(원) (#67),42736516,29886,3367,2026-10-08 02:09:42.972000
GOLD,WIDE_MEMBER_MONTHLY,ONETIME_ONETIME_FEE,NUMBER,일시회원 일시회비(원) (#68),42736516,646755,31008,2026-10-08 02:09:42.972000
GOLD,WIDE_MEMBER_MONTHLY,PAID_FEE,NUMBER,납입회비(원) (#69·70 단일화),42736516,39846290,32744,2026-10-08 02:09:42.972000
GOLD,WIDE_MEMBER_MONTHLY,BILLED_AMT,NUMBER,청구(원) (#71),42736516,39793047,4611,2026-10-08 02:09:42.972000
GOLD,WIDE_MEMBER_MONTHLY,INBOUND_CALL_CNT,NUMBER,인바운드콜수 (overview),42736516,42736516,1,2026-10-08 02:09:42.972000
GOLD,WIDE_MEMBER_MONTHLY,TS_CALL_CNT,NUMBER,TS콜수 (overview),42736516,42736516,1,2026-10-08 02:09:42.972000
GOLD,WIDE_MEMBER_MONTHLY,DEV_TYPE,TEXT,개발구분 (#121) 🔴🔴[O51-D 실측] **전건 NULL** — **팩트 컬럼 자체가 비어 있다**(`FACT_MEMBER_MONTHLY.DEV_TYPE`). 결측이 아니라 **미적재**다: 0·FALSE·'해당없음' 으로 대체 해석하지 말 것(P21). 필터 조건으로 쓰면 전건이 탈락한다. 실측 규모는 이슈원장 §O51-D-C.,42736516,2041138,3,2026-10-08 02:09:42.972000
GOLD,WIDE_MEMBER_MONTHLY,NEW_FLAG,BOOLEAN,신규여부 (#32) 🔴🔴[O51-D 실측] **전건 NULL** — **팩트 컬럼 자체가 비어 있다**(`FACT_MEMBER_MONTHLY.NEW_FLAG`). 결측이 아니라 **미적재**다: 0·FALSE·'해당없음' 으로 대체 해석하지 말 것(P21). 필터 조건으로 쓰면 전건이 탈락한다. 실측 규모는 이슈원장 §O51-D-C.,42736516,42736374,2,2026-10-08 02:09:42.972000
GOLD,WIDE_MEMBER_MONTHLY,INCREASE_FLAG,BOOLEAN,증액여부 (#33) 🔴🔴[O51-D 실측] **전건 NULL** — **팩트 컬럼 자체가 비어 있다**(`FACT_MEMBER_MONTHLY.INCREASE_FLAG`). 결측이 아니라 **미적재**다: 0·FALSE·'해당없음' 으로 대체 해석하지 말 것(P21). 필터 조건으로 쓰면 전건이 탈락한다. 실측 규모는 이슈원장 §O51-D-C.,42736516,42736516,2,2026-10-08 02:09:42.972000
GOLD,WIDE_MEMBER_MONTHLY,REDONATE_FLAG,BOOLEAN,재후원여부 (#34) 🔴🔴[O51-D 실측] **전건 NULL** — **팩트 컬럼 자체가 비어 있다**(`FACT_MEMBER_MONTHLY.REDONATE_FLAG`). 결측이 아니라 **미적재**다: 0·FALSE·'해당없음' 으로 대체 해석하지 말 것(P21). 필터 조건으로 쓰면 전건이 탈락한다. 실측 규모는 이슈원장 §O51-D-C.,42736516,42736516,2,2026-10-08 02:09:42.972000
GOLD,WIDE_MEMBER_MONTHLY,AMOUNT_BAND1,TEXT,후원금액대1 5만 (#72) 🔴🔴[O51-D 실측] **전건 NULL** — **팩트 컬럼 자체가 비어 있다**(`FACT_MEMBER_MONTHLY.AMOUNT_BAND1`). 결측이 아니라 **미적재**다: 0·FALSE·'해당없음' 으로 대체 해석하지 말 것(P21). 필터 조건으로 쓰면 전건이 탈락한다. 실측 규모는 이슈원장 §O51-D-C.,42736516,41069443,88,2026-10-08 02:09:42.972000
GOLD,WIDE_MEMBER_MONTHLY,AMOUNT_BAND2,TEXT,후원금액대2 1만 (#73) 🔴🔴[O51-D 실측] **전건 NULL** — **팩트 컬럼 자체가 비어 있다**(`FACT_MEMBER_MONTHLY.AMOUNT_BAND2`). 결측이 아니라 **미적재**다: 0·FALSE·'해당없음' 으로 대체 해석하지 말 것(P21). 필터 조건으로 쓰면 전건이 탈락한다. 실측 규모는 이슈원장 §O51-D-C.,42736516,41069443,296,2026-10-08 02:09:42.972000
GOLD,WIDE_MEMBER_MONTHLY,PERIOD_BAND1,TEXT,후원기간대1 5년 (#74) 🔴🔴[O51-D 실측] **전건 NULL** — **팩트 컬럼 자체가 비어 있다**(`FACT_MEMBER_MONTHLY.PERIOD_BAND1`). 결측이 아니라 **미적재**다: 0·FALSE·'해당없음' 으로 대체 해석하지 말 것(P21). 필터 조건으로 쓰면 전건이 탈락한다. 실측 규모는 이슈원장 §O51-D-C.,42736516,42736374,8,2026-10-08 02:09:42.972000
GOLD,WIDE_MEMBER_MONTHLY,PERIOD_BAND2,TEXT,후원기간대2 1년 (#75) 🔴🔴[O51-D 실측] **전건 NULL** — **팩트 컬럼 자체가 비어 있다**(`FACT_MEMBER_MONTHLY.PERIOD_BAND2`). 결측이 아니라 **미적재**다: 0·FALSE·'해당없음' 으로 대체 해석하지 말 것(P21). 필터 조건으로 쓰면 전건이 탈락한다. 실측 규모는 이슈원장 §O51-D-C.,42736516,42736374,36,2026-10-08 02:09:42.972000
GOLD,WIDE_MEMBER_MONTHLY,SPONSOR_MONTHS,NUMBER,후원기간(개월) (#127),42736516,42736374,425,2026-10-08 02:09:42.972000
GOLD,WIDE_MEMBER_MONTHLY,SPONSOR_YEARS,NUMBER,후원기간(년) (#128),42736516,42736374,36,2026-10-08 02:09:42.972000
GOLD,WIDE_MEMBER_MONTHLY,PAID_MONTHS,NUMBER,납입개월수 (#129),42736516,42736374,216,2026-10-08 02:09:42.972000
GOLD,WIDE_MEMBER_MONTHLY,NEW_EXISTING_FLAG,TEXT,"신규/기존(시점귀속, #113) 🔴🔴[O51-D 실측] **전건 NULL** — **팩트 컬럼 자체가 비어 있다**(`FACT_MEMBER_MONTHLY.NEW_EXISTING_FLAG`). 결측이 아니라 **미적재**다: 0·FALSE·'해당없음' 으로 대체 해석하지 말 것(P21). 필터 조건으로 쓰면 전건이 탈락한다. 실측 규모는 이슈원장 §O51-D-C.",42736516,42736374,2,2026-10-08 02:09:42.972000
GOLD,WIDE_MEMBER_MONTHLY,UNPAID_FLAG_BOM,BOOLEAN,"월초 미납회원 여부(=전월말 상태, #80)",42736516,39320727,2,2026-10-08 02:09:42.972000
GOLD,WIDE_MEMBER_MONTHLY,UNPAID_FLAG_EOM,BOOLEAN,월말 미납회원 여부 (#80),42736516,40439983,2,2026-10-08 02:09:42.972000
GOLD,WIDE_MEMBER_MONTHLY,SEX,TEXT,DIM_MEMBER.SEX — 성별 원천코드 raw. 코드그룹 **CM013(성별)**. 코드사전(BRONZE `TC_CMMN_DTL_CD`) = 1국내(남자)·2국내(여자)·3외국인(남자)·4외국인(여자)·5외국인(기타)·6단체·7기업·8기타 · 실적재(TM_MM_FDRM_MBER_INFO)에 **사전 전종이 등장**하며 폐지코드는 없다. ⚠️개발약정 원천(TM_MM_FDRM_MBER_DVLP_AMT.SEX)에는 사전에 없는 **사전에 없는 센티넬 '0'** 이 더 있다. 🔴정본 비고가 '성별만으로는 사용하지 않음'을 명시한다 — 성별 단일축 분석은 MEMBER_GENDER_NAME 을 쓴다. 라벨 = SEX_NM(원천 라벨)·MEMBER_GENDER_NAME(분석 라벨). 🔴 회원 **현재버전**(DIM_MEMBER IS_CURRENT 1건) 스냅샷이며 사건 시점 값이 아니다 — SCD2 다버전을 순진하게 조인하면 조용히 팬아웃한다(회원당 버전 수는 이슈원장 참조),42736516,42735738,8,2026-10-08 02:09:42.972000
GOLD,WIDE_MEMBER_MONTHLY,SEX_NM,TEXT,DIM_MEMBER.SEX_NM — CM013 **원천 라벨 그대로**(국내(남자)/국내(여자)/외국인(남자)/외국인(여자)/외국인(기타)/단체/기업/기타). 코드 = SEX. 🔴이 컬럼만이 **국내·외국인 축**을 보존한다 — MEMBER_GENDER_NAME(CM017)은 그 축을 지운다. CM013 은 코드와 라벨이 1:1 이다. 🔴 회원 **현재버전**(DIM_MEMBER IS_CURRENT 1건) 스냅샷이며 사건 시점 값이 아니다 — SCD2 다버전을 순진하게 조인하면 조용히 팬아웃한다(회원당 버전 수는 이슈원장 참조),42736516,42735738,8,2026-10-08 02:09:42.972000
GOLD,WIDE_MEMBER_MONTHLY,MEMBER_GENDER_NAME,TEXT,DIM_MEMBER.GENDER_NAME — 성별 분석 라벨(정본 공#130). 코드그룹 **CM017(회원특성(성별))**. CM017 은 CM013 과 **코드 도메인이 동일(1~8)한 재라벨 그룹**이며 국내/외국인 구분을 지운다 — 1남자·2여자·3남자·4여자·5기타·6단체·7기업·8기타 ⇒ **서로 다른 코드가 같은 라벨로 합쳐진다**(남자/여자/기타/단체/기업). 정본 공#130 값정의와 일치. ⚠️CM017 은 정본 컬럼정의서가 어떤 컬럼에도 지정하지 않은 그룹이다(현업 확인 대상). ⚠️종전 하드코딩 '여성/남성/미상'은 라벨을 축약하고 법인·단체를 '미상'으로 오라벨했다(O26 교정). 🔴 회원 **현재버전**(DIM_MEMBER IS_CURRENT 1건) 스냅샷이며 사건 시점 값이 아니다 — SCD2 다버전을 순진하게 조인하면 조용히 팬아웃한다(회원당 버전 수는 이슈원장 참조),42736516,42735738,5,2026-10-08 02:09:42.972000
GOLD,WIDE_MEMBER_MONTHLY,MEMBER_AREA_CD,TEXT,DIM_MEMBER.AREA_CD — 지역 원천코드 raw. 코드그룹 **CM018**. 코드사전 = (1서울·2경기·3인천·4강원·5대전·6충남·7충북·8광주·9전북·10전남·11대구·12경북·13경남·14울산·15부산·16제주·17기타·18세종) · 실적재(TM_MM_FDRM_MBER_DVLP_AMT.AREA_CD)에 **사전 전종 + 라벨 없는 센티넬 '0'** 이 나타난다. ⚠️CM018 의 그룹명은 '신규시도구분'이지만 상세코드 값은 전부 시·도다(정본 공#131 지역정의가 약칭이라 정식명 그룹 CM011 이 아니다). 🔴**현재 거주지가 아니다** — 이 값은 그 버전 시점까지 최근 개발약정의 스냅샷이며 BRONZE 전체에 현주소 축이 없다(O34). 라벨 = MEMBER_REGION. 사건 시점 정확값은 WIDE_MEMBER_EVENT.AREA_CD_AT_EVENT. 🔴 회원 **현재버전**(DIM_MEMBER IS_CURRENT 1건) 스냅샷이며 사건 시점 값이 아니다 — SCD2 다버전을 순진하게 조인하면 조용히 팬아웃한다(회원당 버전 수는 이슈원장 참조),42736516,41526428,19,2026-10-08 02:09:42.972000
GOLD,WIDE_MEMBER_MONTHLY,MEMBER_REGION,TEXT,DIM_MEMBER.REGION — 지역명(정본 공#131) · **CM018** 약칭 라벨. 코드 = MEMBER_AREA_CD. 🔴빈 값이 세 갈래다 — ①일시회원(MEMBER_TYPE='ONCE')은 개발약정 **행 자체가 없어** NULL 이다(지역 개념은 존재하므로 '(해당없음)' 이 아니다) ②정기회원(FDRM) 중 개발약정이 없는 행도 NULL ③센티넬 코드 '0' 은 사전에 라벨이 없어 NULL. 🟢미매핑(코드는 있는데 사전에 없음)은 없다. '미상' 으로 창작하지 않는다(R2-7-1). 🔴**현재 거주지가 아니다** — 개발약정 시점 스냅샷이며 BRONZE 에 현주소 축이 없다(O34). ⚠️지역 분포는 MEMBER_TYPE='FDRM' 으로 스코프할 것 — ONCE 를 분모에 넣으면 채움률이 조용히 낮아진다(P128).,42736516,41195265,18,2026-10-08 02:09:42.972000
GOLD,WIDE_MEMBER_MONTHLY,MEMBER_AGE_CD,NUMBER,DIM_MEMBER.AGE — 연령대 원천코드 raw. 코드그룹 **CM014(나이)**. 코드사전 = 1'10대 미만'·2'10대'·3'20대'·4'30대'·5'40대'·6'50대'·7'60대'·8'70대'·9'70대 이상'·10단체·11기업·12기타 · 실적재(TM_MM_FDRM_MBER_DVLP_AMT.AGE)에 **사전 전종이 등장**한다. 🔴**연속형 나이가 아니다** — 평균·구간 재계산 금지. 구간은 우리가 만든 것이 아니라 원천이 이미 구간화해 제공한다(DEC-28). ⚠️사전 자체에 8'70대'와 9'70대 이상'이 **의미 중복**으로 공존한다 — 70대 이상 집계 시 두 코드를 함께 취할 것. ⚠️BRONZE 원천 컬럼 COMMENT '연령'(NUMBER)은 오류다. 라벨 = MEMBER_AGE_BAND. 🔴 회원 **현재버전**(DIM_MEMBER IS_CURRENT 1건) 스냅샷이며 사건 시점 값이 아니다 — SCD2 다버전을 순진하게 조인하면 조용히 팬아웃한다(회원당 버전 수는 이슈원장 참조),42736516,41526431,12,2026-10-08 02:09:42.972000
GOLD,WIDE_MEMBER_MONTHLY,MEMBER_AGE_BAND,TEXT,"DIM_MEMBER.AGE_BAND — 연령대명 · **CM014** 라벨. 코드 = MEMBER_AGE_CD. 🔴빈 값은 두 갈래이며 **둘 다 개발약정 원천 행이 없는 경우**다 — 일시회원('ONCE')은 전건, 정기회원(FDRM)은 일부. 연령 개념은 존재하므로 '(해당없음)' 이 아니라 NULL 이고 미매핑도 없다. '미상' 으로 창작하지 않는다(R2-7-1). 🔴**연속형 나이가 아니다** — 평균·재구간화 금지(원천이 이미 구간화해 제공한다 · DEC-28). 🔴**현재 나이가 아니다** — 개발약정 시점 스냅샷이고 BRONZE 에 생년월일 축이 없어 시점정확 연령은 산출 불가다(O34). ⚠️연령 분포는 MEMBER_TYPE='FDRM' 으로 스코프할 것(P128).",42736516,41526431,12,2026-10-08 02:09:42.972000
GOLD,WIDE_MEMBER_MONTHLY,MBER_STAT_CD,TEXT,"DIM_MEMBER.MBER_STAT_CD — 회원상태 원천코드 raw(정본 공#132 '회원상태코드'). 코드그룹 **MM010(회원상태)**. 코드사전 = 1활동회원·2~6신규미납1~5·7~11장기미납1~5·12후원중단 · `TH_MM_FDRM_MBER_STNG_DTLS.CHN_STAT_CD` 와 `TM_MM_FDRM_MBER_INFO.MBER_STAT_CD` **양쪽 모두 사전 전종이 등장**한다. SCD2 버전행은 CHN_STAT_CD(변경상태코드), 무이력행은 MBER_STAT_CD 에서 온다(둘 다 MM010). 🔴MM010 은 개발구분 MM015 가 아니다 — 두 그룹 모두 '후원중단'을 포함해 혼동되기 쉽다. 🔴일시회원(MEMBER_TYPE='ONCE')은 회원상태 개념이 원천에 없어 NULL 이다. 라벨 = MEMBER_STATUS_NAME. 🔴 회원 **현재버전**(DIM_MEMBER IS_CURRENT 1건) 스냅샷이며 사건 시점 값이 아니다 — SCD2 다버전을 순진하게 조인하면 조용히 팬아웃한다(회원당 버전 수는 이슈원장 참조)",42736516,42089580,12,2026-10-08 02:09:42.972000
GOLD,WIDE_MEMBER_MONTHLY,MEMBER_STATUS_NAME,TEXT,"DIM_MEMBER.MEMBER_STATUS_NAME — 회원상태명(MM010 라벨, 정본 공#132). 코드 = MBER_STAT_CD. MM010 은 **폐지코드가 없고 실적재가 사전과 일치**한다 ⇒ 사전 조인만으로 전건 라벨화된다(하드코딩 금지 P31). 값 = 활동회원 / 신규미납1~5 / 장기미납1~5 / 후원중단. 🔴빈 값이 두 가지 뜻으로 갈린다 — 일시회원(DIM_MEMBER.MEMBER_TYPE='ONCE')은 회원상태 개념이 **원천에 없어** 센티넬 '(해당없음)' 이고, 정기회원(FDRM) 중 원천 상태코드 자체가 결손인 행만 **NULL** 이다. 두 사건을 '미상' 같은 한 값으로 뭉개지 않는다(R2-7-1). ⚠️미납 단계(1~5)는 **경과 차수**이며 금액 규모가 아니다. 🔴 회원 **현재버전**(DIM_MEMBER IS_CURRENT 1건) 스냅샷이며 사건 시점 값이 아니다 — SCD2 다버전을 순진하게 조인하면 조용히 팬아웃한다(회원당 버전 수는 이슈원장 참조)",42736516,42736335,13,2026-10-08 02:09:42.972000
GOLD,WIDE_MEMBER_MONTHLY,PREV_MBER_STAT_CD,TEXT,DIM_MEMBER.PREV_MBER_STAT_CD — 상태전이의 **이전상태** 코드 raw(MM010). 현재상태 MBER_STAT_CD 와 짝지어 전이를 표현한다. 원천 `TH_MM_FDRM_MBER_STNG_DTLS.BF_STAT_CD` 에 **사전 전종이 등장**한다. ⚠️이력 미보유행(FDRM 무이력·ONCE 전체)은 NULL — '이전상태가 없다'가 아니라 '이력이 없다'. ⚠️동일자 다중전이는 최종 전이로 축약된다(중간 단계 소실). 라벨 = PREV_MEMBER_STATUS_NAME. 🔴 회원 **현재버전**(DIM_MEMBER IS_CURRENT 1건) 스냅샷이며 사건 시점 값이 아니다 — SCD2 다버전을 순진하게 조인하면 조용히 팬아웃한다(회원당 버전 수는 이슈원장 참조),42736516,28396904,12,2026-10-08 02:09:42.972000
GOLD,WIDE_MEMBER_MONTHLY,PREV_MEMBER_STATUS_NAME,TEXT,DIM_MEMBER.PREV_MEMBER_STATUS_NAME — 이전상태명(MM010 라벨). 코드 = PREV_MBER_STAT_CD. 사전과 실적재가 일치한다. 이력 미보유행은 NULL. 🔷(PREV_MEMBER_STATUS_NAME → MEMBER_STATUS_NAME) 쌍이 전이 매트릭스의 두 축이다 — 이 버전행 자체가 전이 사건이므로 fan-out 0. 🔴 회원 **현재버전**(DIM_MEMBER IS_CURRENT 1건) 스냅샷이며 사건 시점 값이 아니다 — SCD2 다버전을 순진하게 조인하면 조용히 팬아웃한다(회원당 버전 수는 이슈원장 참조),42736516,28396904,12,2026-10-08 02:09:42.972000
GOLD,WIDE_MEMBER_MONTHLY,MBER_DIV_CD,TEXT,DIM_MEMBER.MBER_DIV_CD — 회원구분 원천코드 raw. 코드그룹 **MM018(회원구분)**. 코드사전 = 1개인·2기업·3단체 · 실적재에 **사전 전종이 등장**한다. 🟢독립 교차검증: `MBER_DIV_CD`='2'(기업)·'3'(단체) 의 행수가 `SEX`='7'(기업)·'6'(단체) 와 **완전히 일치**한다 — 두 축이 같은 사실을 다르게 표현한다. 🔴DIM_MEMBER.MEMBER_TYPE(FDRM/ONCE 등록계통)과 **완전히 다른 축**이다. 라벨 = MEMBER_TYPE_NAME. 🔴 회원 **현재버전**(DIM_MEMBER IS_CURRENT 1건) 스냅샷이며 사건 시점 값이 아니다 — SCD2 다버전을 순진하게 조인하면 조용히 팬아웃한다(회원당 버전 수는 이슈원장 참조),42736516,42736335,3,2026-10-08 02:09:42.972000
GOLD,WIDE_MEMBER_MONTHLY,MEMBER_TYPE_NAME,TEXT,DIM_MEMBER.MEMBER_TYPE_NAME — 회원구분명(MM018 라벨): 개인·기업·단체. 코드 = MBER_DIV_CD. MM018 은 폐지코드가 없고 실적재가 사전과 일치한다. 🟢빈 값이 없는 축이다 — 센티넬 '(해당없음)'·NULL 모두 없고 전건 라벨화된다. 앞으로 사전에 없는 코드가 인입되면 **NULL 로 드러나며** '미상' 같은 값으로 덮지 않는다(R2-7-1). 🔴이름이 비슷한 DIM_MEMBER.MEMBER_TYPE(=FDRM 정기회원 / ONCE 일시회원)의 라벨이 **아니다** — 다른 축이다. 🔴 회원 **현재버전**(DIM_MEMBER IS_CURRENT 1건) 스냅샷이며 사건 시점 값이 아니다 — SCD2 다버전을 순진하게 조인하면 조용히 팬아웃한다(회원당 버전 수는 이슈원장 참조),42736516,42736335,3,2026-10-08 02:09:42.972000
GOLD,WIDE_MEMBER_MONTHLY,MEMBER_FIRST_CAMPAIGN,TEXT,DIM_MEMBER.FIRST_CAMPAIGN — 최초캠페인 (#29),42736516,42088185,13670,2026-10-08 02:09:42.972000
GOLD,WIDE_MEMBER_MONTHLY,JOIN_PATH_CD,TEXT,DIM_MEMBER.JOIN_PATH_CD — 가입경로 원천코드 raw. 코드그룹 **MM014(가입경로)**. 코드사전 = 1홈페이지·2CRM·3모바일웹·4희망TV·5외주콜센터·6모바일앱·7REG·8EDU 이나 실적재에는 **1·2·3·5·6·7 만 나타난다** — 🔴**4(희망TV)·8(EDU)는 실적재에 없다.** ⇒ 가입경로 분포에서 이 두 값을 기대하지 말 것. 🔴일시회원(ONCE)은 가입경로 개념이 원천에 없어 NULL. 라벨 = MEMBER_ENROLL_PATH_NAME. 🔴 회원 **현재버전**(DIM_MEMBER IS_CURRENT 1건) 스냅샷이며 사건 시점 값이 아니다 — SCD2 다버전을 순진하게 조인하면 조용히 팬아웃한다(회원당 버전 수는 이슈원장 참조),42736516,42089580,6,2026-10-08 02:09:42.972000
GOLD,WIDE_MEMBER_MONTHLY,MEMBER_ENROLL_PATH_NAME,TEXT,"DIM_MEMBER.ENROLL_PATH_NAME — 가입경로명(MM014 라벨). 코드 = JOIN_PATH_CD. 실제로 나타나는 라벨은 **홈페이지·CRM·모바일웹·외주콜센터·모바일앱·REG** 다 — 사전에는 희망TV·EDU 도 있으나 **실적재에 없으므로** 그 둘을 포함해 열거하면 거짓이다. 🔴빈 값이 두 가지 뜻으로 갈린다 — 일시회원('ONCE')은 가입경로 개념이 **원천에 없어** 센티넬 '(해당없음)' 이고, 정기회원 중 가입경로 코드만 결손인 행은 **NULL** 이다(회원상태가 NULL 인 행과 같은 행이 아니다). '미상' 으로 채우지 않는다(R2-7-1). 🔴 회원 **현재버전**(DIM_MEMBER IS_CURRENT 1건) 스냅샷이며 사건 시점 값이 아니다 — SCD2 다버전을 순진하게 조인하면 조용히 팬아웃한다(회원당 버전 수는 이슈원장 참조)",42736516,42736335,7,2026-10-08 02:09:42.972000
GOLD,WIDE_MEMBER_MONTHLY,MEMBER_FIRST_SPONSORSHIP,TEXT,DIM_MEMBER.FIRST_SPONSORSHIP — 최초후원사업,42736516,42086993,28,2026-10-08 02:09:42.972000
GOLD,WIDE_MEMBER_MONTHLY,CAMPAIGN_BK,TEXT,DIM_CAMPAIGN.CAMPAIGN_BK — 캠페인 업무키 🔴🔴[O51-D 실측] **전건 `'(미매핑)'` 센티넬** — NULL 이 아니라 **문자열**이므로 GROUP BY 하면 단일 그룹이 생겨 **집계에 성공한 것처럼 보인다.** 원인 = `FACT_MEMBER_MONTHLY.CAMPAIGN_SK` 의 실측값이 센티넬 하나뿐이다. ⇒ 이 컬럼으로 캠페인·후원사업별 분해를 시도하지 말 것. 실측 규모는 이슈원장 §O51-D-C.,42736516,42736516,1,2026-10-08 02:09:42.972000
GOLD,WIDE_MEMBER_MONTHLY,CAMPAIGN_BRAND,TEXT,DIM_CAMPAIGN.BRAND — 공통브랜드 (#117) 🔴🔴[O51-D 실측] **이 뷰에서 전건 NULL** — 원인은 차원이 아니라 **팩트 FK 가 전건 센티넬**이다: `FACT_MEMBER_MONTHLY.CAMPAIGN_SK` 는 실측값이 센티넬 하나뿐이다. ⇒ **이 축으로는 분해가 불가능하다.** 차원 자체는 채워져 있으니 다른 팩트에서는 쓸 수 있다. 실측 규모는 이슈원장 §O51-D-C.,42736516,0,0,2026-10-08 02:09:42.972000
GOLD,WIDE_MEMBER_MONTHLY,CAMPAIGN_PARENT,TEXT,DIM_CAMPAIGN.PARENT_CAMPAIGN — 공통상위캠페인 (#119) 🔴🔴[O51-D 실측] **이 뷰에서 전건 NULL** — 원인은 차원이 아니라 **팩트 FK 가 전건 센티넬**이다: `FACT_MEMBER_MONTHLY.CAMPAIGN_SK` 는 실측값이 센티넬 하나뿐이다. ⇒ **이 축으로는 분해가 불가능하다.** 차원 자체는 채워져 있으니 다른 팩트에서는 쓸 수 있다. 실측 규모는 이슈원장 §O51-D-C.,42736516,0,0,2026-10-08 02:09:42.972000
GOLD,WIDE_MEMBER_MONTHLY,CAMPAIGN_NAME,TEXT,DIM_CAMPAIGN.CAMPAIGN_NAME — 캠페인명 (#120) 🔴🔴[O51-D 실측] **전건 `'(미매핑)'` 센티넬** — NULL 이 아니라 **문자열**이므로 GROUP BY 하면 단일 그룹이 생겨 **집계에 성공한 것처럼 보인다.** 원인 = `FACT_MEMBER_MONTHLY.CAMPAIGN_SK` 의 실측값이 센티넬 하나뿐이다. ⇒ 이 컬럼으로 캠페인·후원사업별 분해를 시도하지 말 것. 실측 규모는 이슈원장 §O51-D-C.,42736516,42736516,1,2026-10-08 02:09:42.972000
GOLD,WIDE_MEMBER_MONTHLY,CAMPAIGN_PROMO_METHOD,TEXT,DIM_CAMPAIGN.PROMO_METHOD — 홍보방법 (#118) 🔴🔴[O51-D 실측] **이 뷰에서 전건 NULL** — 원인은 차원이 아니라 **팩트 FK 가 전건 센티넬**이다: `FACT_MEMBER_MONTHLY.CAMPAIGN_SK` 는 실측값이 센티넬 하나뿐이다. ⇒ **이 축으로는 분해가 불가능하다.** 차원 자체는 채워져 있으니 다른 팩트에서는 쓸 수 있다. 실측 규모는 이슈원장 §O51-D-C.,42736516,0,0,2026-10-08 02:09:42.972000
GOLD,WIDE_MEMBER_MONTHLY,CAMPAIGN_TYPE,TEXT,DIM_CAMPAIGN.CAMPAIGN_TYPE — 캠페인 유형 (#17) 🔴🔴[O51-D 실측] **이 뷰에서 전건 NULL** — 원인은 차원이 아니라 **팩트 FK 가 전건 센티넬**이다: `FACT_MEMBER_MONTHLY.CAMPAIGN_SK` 는 실측값이 센티넬 하나뿐이다. ⇒ **이 축으로는 분해가 불가능하다.** 차원 자체는 채워져 있으니 다른 팩트에서는 쓸 수 있다. 실측 규모는 이슈원장 §O51-D-C.,42736516,0,0,2026-10-08 02:09:42.972000
GOLD,WIDE_MEMBER_MONTHLY,SPONSORSHIP_BK,TEXT,DIM_SPONSORSHIP.SPONSORSHIP_BK — 후원사업 업무키 🔴🔴[O51-D 실측] **전건 `'(미매핑)'` 센티넬** — NULL 이 아니라 **문자열**이므로 GROUP BY 하면 단일 그룹이 생겨 **집계에 성공한 것처럼 보인다.** 원인 = `FACT_MEMBER_MONTHLY.SPONSORSHIP_SK` 의 실측값이 센티넬 하나뿐이다. ⇒ 이 컬럼으로 캠페인·후원사업별 분해를 시도하지 말 것. 실측 규모는 이슈원장 §O51-D-C.,42736516,42736516,34,2026-10-08 02:09:42.972000
GOLD,WIDE_MEMBER_MONTHLY,SPONSORSHIP_NAME,TEXT,DIM_SPONSORSHIP.SPONSORSHIP_NAME — 후원사업 전체 (#123) 🔴🔴[O51-D 실측] **전건 `'(미매핑)'` 센티넬** — NULL 이 아니라 **문자열**이므로 GROUP BY 하면 단일 그룹이 생겨 **집계에 성공한 것처럼 보인다.** 원인 = `FACT_MEMBER_MONTHLY.SPONSORSHIP_SK` 의 실측값이 센티넬 하나뿐이다. ⇒ 이 컬럼으로 캠페인·후원사업별 분해를 시도하지 말 것. 실측 규모는 이슈원장 §O51-D-C.,42736516,42736516,34,2026-10-08 02:09:42.972000
GOLD,WIDE_MEMBER_MONTHLY,SPONSORSHIP_ABBR,TEXT,DIM_SPONSORSHIP.SPONSORSHIP_ABBR — 약칭 (#124) 🔴🔴[O51-D 실측] **이 뷰에서 전건 NULL** — 원인은 차원이 아니라 **팩트 FK 가 전건 센티넬**이다: `FACT_MEMBER_MONTHLY.SPONSORSHIP_SK` 는 실측값이 센티넬 하나뿐이다. ⇒ **이 축으로는 분해가 불가능하다.** 차원 자체는 채워져 있으니 다른 팩트에서는 쓸 수 있다. 실측 규모는 이슈원장 §O51-D-C. 🟢[2026-08-19 O89] 이 컬럼은 **코드(1~6)** 이고 라벨은 SPONSORSHIP_GROUP_NAME 이다 — 코드사전 CM003(후원약칭)으로 특정됐다(SPB-G 종결).,42736516,38256412,6,2026-10-08 02:09:42.972000
GOLD,WIDE_MEMBER_MONTHLY,SPONSORSHIP_DIV_NAME,TEXT,[2026-08-19 O89] 후원사업 분류 **최상위** — 정기일시후원구분 라벨(코드사전 CM035): 정기후원 · 일시후원. 3계층 = DIV_NAME → GROUP_NAME → SPONSORSHIP_NAME. 🔴🔴 이 뷰에서는 `FACT_MEMBER_MONTHLY.SPONSORSHIP_SK` 가 **전건 센티넬(0)** 이라 이 라벨도 `'(미매핑)'` 이다 — 분류별 분해는 `WIDE_MEMBER_FEE`(거의 전건 채움) 또는 `WIDE_MEMBER_EVENT`(DEV 브랜치 배선)를 쓸 것. 센티넬 원인은 O8(다중후원·다중캠페인 귀속 규칙 현업 미회신)이다.,42736516,38256412,2,2026-10-08 02:09:42.972000
GOLD,WIDE_MEMBER_MONTHLY,SPONSORSHIP_GROUP_NAME,TEXT,"[2026-08-19 O89] 후원사업 분류 **중위** — SPONSORSHIP_ABBR(코드)을 코드사전 CM003(후원약칭)으로 해소한 라벨: 국내 · 결연 · 해외구호 · 북한 · 기타 · 해외 · 선물금(미사용). 사업수 17/1/6/3/21/2 = 50. 🔴🔴**이 컬럼 단독으로 「해외」를 집계하지 말 것** — 해외구호(3)와 해외(6)가 갈라지고 6은 정기일시=일시후원에서만 나타난다 ⇒ 정확한 분류축은 **(DIV_NAME, GROUP_NAME) 쌍**이다. 🔴🔴 이 뷰에서는 팩트 FK 가 전건 센티넬이라 `'(미매핑)'` 이다(위 DIV_NAME 주석과 동일).",42736516,38256412,6,2026-10-08 02:09:42.972000
GOLD,WIDE_MEMBER_MONTHLY,PAYMENT_METHOD,TEXT,DIM_PAYMENT.PAYMENT_METHOD — 납입방식 (#125) 🔴🔴[O51-D 실측] **전건 `'(미매핑)'` 센티넬** — NULL 이 아니라 **문자열**이므로 GROUP BY 하면 단일 그룹이 생겨 **집계에 성공한 것처럼 보인다.** 원인 = `FACT_MEMBER_MONTHLY.PAYMENT_SK` 의 실측값이 센티넬 하나뿐이다. ⇒ 이 컬럼으로 캠페인·후원사업별 분해를 시도하지 말 것. 실측 규모는 이슈원장 §O51-D-C.,42736516,42736516,1,2026-10-08 02:09:42.972000
GOLD,WIDE_MEMBER_MONTHLY,PAYMENT_SETTLE_METHOD,TEXT,DIM_PAYMENT.SETTLE_METHOD — 결제방식 🔴🔴[O51-D 실측] **이 뷰에서 전건 NULL** — 원인은 차원이 아니라 **팩트 FK 가 전건 센티넬**이다: `FACT_MEMBER_MONTHLY.PAYMENT_SK` 는 실측값이 센티넬 하나뿐이다. ⇒ **이 축으로는 분해가 불가능하다.** 차원 자체는 채워져 있으니 다른 팩트에서는 쓸 수 있다. 실측 규모는 이슈원장 §O51-D-C.,42736516,0,0,2026-10-08 02:09:42.972000
GOLD,WIDE_MEMBER_MONTHLY,PAYMENT_FEE_TYPE,TEXT,DIM_PAYMENT.FEE_TYPE — 회비유형(정기/일시) 🔴🔴[O51-D 실측] **이 뷰에서 전건 NULL** — 원인은 차원이 아니라 **팩트 FK 가 전건 센티넬**이다: `FACT_MEMBER_MONTHLY.PAYMENT_SK` 는 실측값이 센티넬 하나뿐이다. ⇒ **이 축으로는 분해가 불가능하다.** 차원 자체는 채워져 있으니 다른 팩트에서는 쓸 수 있다. 실측 규모는 이슈원장 §O51-D-C. ⚠️게다가 `DIM_PAYMENT.FEE_TYPE` 자체도 전건 비어 있다(이중 결손).,42736516,0,0,2026-10-08 02:09:42.972000
GOLD,WIDE_MEMBER_MONTHLY,REASON_CODE,TEXT,DIM_REASON.REASON_CODE — 사유코드,42736516,42736516,91,2026-10-08 02:09:42.972000
GOLD,WIDE_MEMBER_MONTHLY,REASON_NAME,TEXT,DIM_REASON.REASON_NAME — 중단사유·미납사유 (#162·#82),42736516,42736516,91,2026-10-08 02:09:42.972000
GOLD,WIDE_MEMBER_MONTHLY,REASON_TYPE,TEXT,DIM_REASON.REASON_TYPE — 중단/미납 구분,42736516,3355814,5,2026-10-08 02:09:42.972000
GOLD,WIDE_AD_DIGITAL,AD_PERF_DK,TEXT,광고성과 행 식별자(grain) — 코어 WIDE_AD_PERFORMANCE 조인키,221131,221131,222213,2026-10-08 02:09:40.805000
GOLD,WIDE_AD_DIGITAL,AD_SOURCE_TYPE,TEXT,"광고 원천유형. 🔴본 뷰는 **DIGITAL 단일값**이다(위성이 원천유형으로 수직분할되어 있다) — GROUP BY 대상이 아니며, 유형 간 비교는 코어 `WIDE_AD_PERFORMANCE` 에서 한다.",221131,221131,1,2026-10-08 02:09:40.805000
GOLD,WIDE_AD_DIGITAL,PERF_DATE_SK,NUMBER,광고 실적일 YYYYMMDD,221131,221131,1038,2026-10-08 02:09:40.805000
GOLD,WIDE_AD_DIGITAL,AD_COST,NUMBER,[코어] 광고비(원),221131,221126,106619,2026-10-08 02:09:40.805000
GOLD,WIDE_AD_DIGITAL,IMPRESSIONS,NUMBER,[코어] 노출수 — CTR 분모,221131,221128,62715,2026-10-08 02:09:40.805000
GOLD,WIDE_AD_DIGITAL,CLICKS,NUMBER,[코어] 클릭수 — CTR 분자,221131,221123,3855,2026-10-08 02:09:40.805000
GOLD,WIDE_AD_DIGITAL,AGENCY_CONV_MEMBERS,NUMBER,[코어] 대행사 전환수(명) — CVR 분자(O16 교정 후 디지털 전용),221131,221022,53,2026-10-08 02:09:40.805000
GOLD,WIDE_AD_DIGITAL,AGENCY_CONV_CNT,NUMBER,[코어] 대행사 전환수(건/VU) — CPA 분모(O16 교정 후 디지털 전용) 🔴[O51-F 실측] 채움이 **부분**다. 커버리지를 모르고 비중·순위를 내면 결론이 뒤집힌다. 🔴비율 metric 의 분모로 쓸 때는 분자 커버리지를 먼저 맞출 것 — 분모만 부분이면 조용히 과대계상된다(P18). 실측 규모는 이슈원장 §O51-F.,221131,221089,200,2026-10-08 02:09:40.805000
GOLD,WIDE_AD_DIGITAL,PAGE_TYPE,TEXT,페이지유형 🔴[O51-F 실측] 채움이 **극히 일부**다. 커버리지를 모르고 비중·순위를 내면 결론이 뒤집힌다. 실측 규모는 이슈원장 §O51-F.,221131,1043,3,2026-10-08 02:09:40.805000
GOLD,WIDE_AD_DIGITAL,AD_GROUP_NM,TEXT,광고그룹명 🔴[O51-F 실측] 채움이 **극히 일부**다. 커버리지를 모르고 비중·순위를 내면 결론이 뒤집힌다. 실측 규모는 이슈원장 §O51-F.,221131,3308,31,2026-10-08 02:09:40.805000
GOLD,WIDE_AD_DIGITAL,GROUP_DIV,TEXT,그룹구분 🔴[O51-F 실측] 채움이 **극히 일부**다. 커버리지를 모르고 비중·순위를 내면 결론이 뒤집힌다. 실측 규모는 이슈원장 §O51-F.,221131,0,0,2026-10-08 02:09:40.805000
GOLD,WIDE_AD_DIGITAL,CREATIVE_TYPE,TEXT,소재유형(원천 표기) 🔴[O51-F 실측] 채움이 **부분**다. 커버리지를 모르고 비중·순위를 내면 결론이 뒤집힌다. 실측 규모는 이슈원장 §O51-F.,221131,105436,5,2026-10-08 02:09:40.805000
GOLD,WIDE_AD_DIGITAL,AD_TYPE_NM,TEXT,광고유형명(대행사 표기). [O51-F BRONZE 실측] 실적재 값 = **하단DA·DA·CPT·BSA·SA·CPM**. 🔴`AD_SOURCE_TYPE`(VIDEO/REBROADCAST/DIGITAL)과 **다른 개념**이다 — 이름이 비슷해 혼용되기 쉽다.,221131,221131,7,2026-10-08 02:09:40.805000
GOLD,WIDE_AD_DIGITAL,READ_CNT,NUMBER,읽음수 🔴[O51-F 실측] 채움이 **소수**다. 커버리지를 모르고 비중·순위를 내면 결론이 뒤집힌다. 실측 규모는 이슈원장 §O51-F.,221131,9125,3252,2026-10-08 02:09:40.805000
GOLD,WIDE_AD_DIGITAL,MEDIA_POTENTIAL_CUST_CNT,NUMBER,매체 잠재고객수 🔴🔴[O51-F 실측] **전건 NULL — 원천 자체가 비어 있다**(`BRONZE_AGENCY.DGT_AD_CMPGN_DTLS.MEDIA_PTNT_CUST_CNT`). 결측이 아니라 **대행사가 항목을 보고하지 않는다**: 0 이나 '해당없음' 으로 대체 해석하지 말 것(P21). 필터 조건으로 쓰면 전건이 탈락한다. 실측 규모는 이슈원장 §O51-F.,221131,0,0,2026-10-08 02:09:40.805000
GOLD,WIDE_AD_DIGITAL,CRM_DEV_CNT,NUMBER,CRM 개발건수,221131,0,0,2026-10-08 02:09:40.805000
GOLD,WIDE_AD_DIGITAL,CTR_SRC,NUMBER,CTR(대행사 산정) — 비가산 N. DW 재계산=SUM(CLICKS)/SUM(IMPRESSIONS) 🔴[O51-F 실측] 채움이 **소수**다. 커버리지를 모르고 비중·순위를 내면 결론이 뒤집힌다. 🟢DW 재계산은 전건 가능하다 — 집계에는 base 를 쓸 것. 실측 규모는 이슈원장 §O51-F.,221131,19264,9113,2026-10-08 02:09:40.805000
GOLD,WIDE_AD_DIGITAL,CVR_SRC,NUMBER,CVR(대행사 산정) — 비가산 N. DW 재계산=SUM(AGENCY_CONV_MEMBERS)/SUM(CLICKS) 🔴[O51-F 실측] 채움이 **소수**다. 커버리지를 모르고 비중·순위를 내면 결론이 뒤집힌다. 🟢DW 재계산은 전건 가능하다 — 집계에는 base 를 쓸 것. 실측 규모는 이슈원장 §O51-F.,221131,19264,1877,2026-10-08 02:09:40.805000
GOLD,WIDE_AD_DIGITAL,CPC_CLICK_SRC,NUMBER,디지털 **클릭당** 단가(대행사 산정 · O174 개명) — 비가산 N. DW 재계산=SUM(AD_COST)/SUM(CLICKS) 🔴[O51-F 실측] 채움이 **소수**다. 커버리지를 모르고 비중·순위를 내면 결론이 뒤집힌다. 🟢DW 재계산은 전건 가능하다 — 집계에는 base 를 쓸 것. 실측 규모는 이슈원장 §O51-F.,221131,191984,141440,2026-10-08 02:09:40.805000
GOLD,WIDE_AD_DIGITAL,CPM_SRC,NUMBER,CPM(대행사 산정) — 비가산 N. DW 재계산=SUM(AD_COST)/SUM(IMPRESSIONS)*1000 🔴[O51-F 실측] 채움이 **소수**다. 커버리지를 모르고 비중·순위를 내면 결론이 뒤집힌다. 🟢DW 재계산은 전건 가능하다 — 집계에는 base 를 쓸 것. 실측 규모는 이슈원장 §O51-F.,221131,215286,183669,2026-10-08 02:09:40.805000
GOLD,WIDE_AD_DIGITAL,CPA_SRC,NUMBER,CPA(대행사 산정) — 비가산 N. DW 재계산=SUM(AD_COST)/SUM(AGENCY_CONV_CNT) 🔴[O51-F 실측] 채움이 **소수**다. 커버리지를 모르고 비중·순위를 내면 결론이 뒤집힌다. 🟢DW 재계산은 전건 가능하다 — 집계에는 base 를 쓸 것. 실측 규모는 이슈원장 §O51-F.,221131,72694,42699,2026-10-08 02:09:40.805000
GOLD,WIDE_AD_DIGITAL,DEV_UNIT_PRICE_SRC,NUMBER,개발단가(대행사 산정) — 비가산 N 🔴[O51-F 실측] 채움이 **소수**다. 커버리지를 모르고 비중·순위를 내면 결론이 뒤집힌다. ⚠️원천 포맷 변경으로 개발건수와 **상호배타**다(AD-3) — 개발단가는 두 컬럼이 기간을 보완하는 관계이며 교차검증 관계가 아니다. 실측 규모는 이슈원장 §O51-F.,221131,72693,44044,2026-10-08 02:09:40.805000
GOLD,WIDE_AD_DIGITAL,VTR_SRC,NUMBER,"VTR(대행사 산정) — 비가산 N, base 부재로 재계산 불가 🔴[O51-F 실측] 채움이 **소수**다. 커버리지를 모르고 비중·순위를 내면 결론이 뒤집힌다. base 가 원천에 없어 DW 재계산도 불가하다. 실측 규모는 이슈원장 §O51-F.",221131,9125,6378,2026-10-08 02:09:40.805000
GOLD,WIDE_AD_DIGITAL,PERF_YEAR,NUMBER,DIM_DATE.YEAR — 실적일 년,221131,221131,3,2026-10-08 02:09:40.805000
GOLD,WIDE_AD_DIGITAL,PERF_MONTH,NUMBER,DIM_DATE.MONTH — 실적일 월,221131,221131,12,2026-10-08 02:09:40.805000
GOLD,WIDE_AD_DIGITAL,PERF_QUARTER,NUMBER,DIM_DATE.QUARTER — 실적일 분기,221131,221131,4,2026-10-08 02:09:40.805000
GOLD,WIDE_AD_DIGITAL,PERF_IS_HOLIDAY,BOOLEAN,"DIM_DATE.IS_HOLIDAY — 실적일 휴일여부 🔴🔴[O51-F 실측] **휴일축이 미주입이다 — 전건 `FALSE`.** `DIM_DATE.IS_HOLIDAY` 에 TRUE 가 하나도 없다. NULL 이 아니라 FALSE 라서 **집계가 성공한 것처럼 보이고**, 「휴일 대비 평일 성과」 질의가 **전건 평일**로 응답된다. ⇒ 이 컬럼으로 휴일 분석을 하지 말 것(기지 **HOL-1** — 공휴일 원천이 전 스키마에 없어 외부 입고 대기). 실측 규모는 이슈원장 §O51-F.",221131,221131,2,2026-10-08 02:09:40.805000
GOLD,WIDE_AD_DIGITAL,CAMPAIGN_NAME,TEXT,DIM_CAMPAIGN.CAMPAIGN_NAME — 캠페인명 🔴🔴[O51-F 실측] **전건 `'(미매핑)'` 센티넬** — NULL 이 아니라 **문자열**이라 GROUP BY 하면 단일 그룹이 생겨 **집계에 성공한 것처럼 보인다.** 원인 = `FACT_AD_PERFORMANCE.CAMPAIGN_SK` 의 실측값이 센티넬 하나뿐이다. ⇒ 이 컬럼으로 분해를 시도하지 말 것 — 「캠페인별」·「부서별」 요구에 **조용히 총계 1행**이 돌아온다. 🟢대안 = 마케팅캠페인 축(`MKTG_CAMPAIGN_SK`)은 살아 있다(O45) — 광고↔개발 결합은 그 grain 에서 한다. 실측 규모는 이슈원장 §O51-F.,221131,221131,1,2026-10-08 02:09:40.805000
GOLD,WIDE_AD_DIGITAL,AD_MEDIA_NAME,TEXT,"DIM_AD_CREATIVE.MEDIA_NAME — 매체명 🔴🔴[O51-F 실측] **이 뷰에서 전건 NULL** — 원인은 차원이 아니라 **팩트 FK 가 전건 센티넬**이다: `FACT_AD_PERFORMANCE.AD_CREATIVE_SK` 의 실측값이 센티넬 하나뿐이다. ⇒ **이 축으로는 분해가 불가능하다.** 차원 자체는 채워져 있다. 🔴🔴 원천에는 있는 축이다 — SILVER `AGENCY_AD_PERFORMANCE.MEDIA_CHANNEL_NM`·`CREATIVE_NM` 과 BRONZE 매체명은 **전건 채워져 있다.** GOLD 에서만 소실됐다 — 팩트 FK 가 0 하드코딩이다(기지 **P52·O38-C**, 연결키는 **Q10** 소관). 실측 규모는 이슈원장 §O51-F.",221131,0,0,2026-10-08 02:09:40.805000
GOLD,WIDE_AD_DIGITAL,AD_CREATIVE,TEXT,"DIM_AD_CREATIVE.CREATIVE — 소재 🔴🔴[O51-F 실측] **이 뷰에서 전건 NULL** — 원인은 차원이 아니라 **팩트 FK 가 전건 센티넬**이다: `FACT_AD_PERFORMANCE.AD_CREATIVE_SK` 의 실측값이 센티넬 하나뿐이다. ⇒ **이 축으로는 분해가 불가능하다.** 차원 자체는 채워져 있다. 🔴🔴 원천에는 있는 축이다 — SILVER `AGENCY_AD_PERFORMANCE.MEDIA_CHANNEL_NM`·`CREATIVE_NM` 과 BRONZE 매체명은 **전건 채워져 있다.** GOLD 에서만 소실됐다 — 팩트 FK 가 0 하드코딩이다(기지 **P52·O38-C**, 연결키는 **Q10** 소관). 실측 규모는 이슈원장 §O51-F.",221131,0,0,2026-10-08 02:09:40.805000
GOLD,WIDE_AD_DIGITAL,DEVICE_TYPE,TEXT,DIM_DEVICE.DEVICE_TYPE — M / PC (디지털은 기기 실존),221131,221131,2,2026-10-08 02:09:40.805000
GOLD,WIDE_MEMBER_MONTHLY_KPI,MONTH_KEY,NUMBER,,850,850,468,2026-10-08 02:09:36.960000
GOLD,WIDE_MEMBER_MONTHLY_KPI,CAL_YEAR,NUMBER,,850,850,39,2026-10-08 02:09:36.960000
GOLD,WIDE_MEMBER_MONTHLY_KPI,NEW_EXISTING_FLAG,TEXT,,850,846,2,2026-10-08 02:09:36.960000
GOLD,WIDE_MEMBER_MONTHLY_KPI,DEV_CNT,NUMBER,,850,850,689,2026-10-08 02:09:36.960000
GOLD,WIDE_MEMBER_MONTHLY_KPI,ACTIVE_CNT,NUMBER,,850,819,722,2026-10-08 02:09:36.960000
GOLD,WIDE_MEMBER_MONTHLY_KPI,MONTH_END_ACTIVE_CNT,NUMBER,,850,819,722,2026-10-08 02:09:36.960000
GOLD,WIDE_MEMBER_MONTHLY_KPI,YEAR_START_ACTIVE_CNT,NUMBER,,850,819,561,2026-10-08 02:09:36.960000
GOLD,WIDE_MEMBER_MONTHLY_KPI,PREV_MONTH_END_ACTIVE_CNT,NUMBER,,850,819,581,2026-10-08 02:09:36.960000
GOLD,WIDE_MEMBER_MONTHLY_KPI,STOP_CNT,NUMBER,,850,850,413,2026-10-08 02:09:36.960000
GOLD,WIDE_MEMBER_MONTHLY_KPI,DEV_AMT_CNT,NUMBER,,850,850,689,2026-10-08 02:09:36.960000
GOLD,WIDE_MEMBER_MONTHLY_KPI,DEV_CUM_CNT,NUMBER,,850,850,746,2026-10-08 02:09:36.960000
GOLD,WIDE_MEMBER_MONTHLY_KPI,DEV_CUM_AMT_CNT,NUMBER,,850,850,746,2026-10-08 02:09:36.960000
GOLD,DIM_MARKETING_CAMPAIGN,MKTG_CAMPAIGN_SK,NUMBER,대리키 (PK),591,591,592,2026-10-08 02:09:35.702000
GOLD,DIM_MARKETING_CAMPAIGN,MKTG_CAMPAIGN_BK,TEXT,MKTG_CAMPAIGN_BK.,591,591,577,2026-10-08 02:09:35.702000
GOLD,DIM_MARKETING_CAMPAIGN,MKTG_CAMPAIGN_NAME,TEXT,마케팅캠페인명.,591,591,583,2026-10-08 02:09:35.702000
GOLD,DIM_MARKETING_CAMPAIGN,USE_YN,TEXT,"사용여부 Y/N. 고유값:Y,N",591,590,1,2026-10-08 02:09:35.702000
GOLD,DIM_MARKETING_CAMPAIGN,DEV_CAMPAIGN_CNT,NUMBER,DEV_CAMPAIGN_CNT.,591,591,137,2026-10-08 02:09:35.702000
GOLD,DIM_AD_CREATIVE,AD_CREATIVE_SK,NUMBER,"광고소재 대리키 (ETL 일련번호, PK)",9617,9617,9553,2026-10-08 02:09:34.508000
GOLD,DIM_AD_CREATIVE,AD_CREATIVE_BK,TEXT,"광고소재 업무키(BK, 자연키)",9617,9617,9711,2026-10-08 02:09:34.508000
GOLD,DIM_AD_CREATIVE,MEDIA_NAME,TEXT,매체명/공동브랜드(#11),9617,9600,92,2026-10-08 02:09:34.508000
GOLD,DIM_AD_CREATIVE,PLATFORM,TEXT,플랫폼(#12),9617,9616,3,2026-10-08 02:09:34.508000
GOLD,DIM_AD_CREATIVE,PLATFORM_TYPE,TEXT,플랫폼/매체유형 (#13). [사유:원천 부재],9617,0,0,2026-10-08 02:09:34.508000
GOLD,DIM_AD_CREATIVE,CREATIVE,TEXT,소재(#20),9617,9607,6909,2026-10-08 02:09:34.508000
GOLD,DIM_AD_CREATIVE,CM_POSITION,TEXT,CM위치(#21),9617,1309,16,2026-10-08 02:09:34.508000
GOLD,DIM_AD_CREATIVE,AD_TYPE,TEXT,소재 광고유형.,9617,6344,14,2026-10-08 02:09:34.508000
GOLD,DIM_AD_CREATIVE,TARGET_GROUP,TEXT,TARGET_GROUP.,9617,0,0,2026-10-08 02:09:34.508000
GOLD,DIM_MSG_TEMPLATE,TEMPLATE_SK,NUMBER,대리키 = hash(템플릿키) · PK(정보성),7085,7085,6989,2026-10-08 02:09:32.790000
GOLD,DIM_MSG_TEMPLATE,SEND_CHANNEL,TEXT,발송채널 — MSG_AT=알림톡 템플릿(TM_MS_AT_TMPLAT_MNG) · EMAIL=이메일 템플릿(TM_MS_EMAIL_TMPLAT_MNG) · 모델 파생(UNION 분기),7085,7085,2,2026-10-08 02:09:32.790000
GOLD,DIM_MSG_TEMPLATE,TEMPLATE_KEY,TEXT,템플릿 키 — 알림톡=템플릿ID(TMPLAT_ID) · 이메일=템플릿KEY(TMPLAT_KEY 문자열화) · SEND_CHANNEL 과 함께 유일,7085,7085,7030,2026-10-08 02:09:32.790000
GOLD,DIM_MSG_TEMPLATE,CPR_DIV_CD,TEXT,법인구분코드 [원천: SILVER.CRM_MSG_TEMPLATE],7085,7084,3,2026-10-08 02:09:32.790000
GOLD,DIM_MSG_TEMPLATE,SNDNG_CD_ID,TEXT,발신코드ID [원천: SILVER.CRM_MSG_TEMPLATE],7085,7084,12,2026-10-08 02:09:32.790000
GOLD,DIM_MSG_TEMPLATE,SNDNG_DTL_CD_ID,TEXT,발신상세코드ID [원천: SILVER.CRM_MSG_TEMPLATE],7085,7084,244,2026-10-08 02:09:32.790000
GOLD,DIM_MSG_TEMPLATE,ATMC_YN,TEXT,자동여부 [원천: SILVER.CRM_MSG_TEMPLATE],7085,7083,2,2026-10-08 02:09:32.790000
GOLD,DIM_MSG_TEMPLATE,TIT,TEXT,제목 [원천: SILVER.CRM_MSG_TEMPLATE],7085,7083,7101,2026-10-08 02:09:32.790000
GOLD,DIM_MSG_TEMPLATE,TEMPLATE_CTNT,TEXT,템플릿 본문 — 알림톡=템플릿내용(TMPLAT_CTNT) · 이메일=이메일내용(EMAIL_CTNT),7085,7084,5920,2026-10-08 02:09:32.790000
GOLD,DIM_MSG_TEMPLATE,WRITNG_DEPT_ID,TEXT,작성부서ID [원천: SILVER.CRM_MSG_TEMPLATE],7085,7070,14,2026-10-08 02:09:32.790000
GOLD,DIM_MSG_TEMPLATE,WRITNG_DEPT_NM,TEXT,작성부서명 [원천: SILVER.CRM_MSG_TEMPLATE],7085,7070,22,2026-10-08 02:09:32.790000
GOLD,DIM_MSG_TEMPLATE,CHRG_DEPT_ID,TEXT,담당부서ID [원천: SILVER.CRM_MSG_TEMPLATE],7085,7083,16,2026-10-08 02:09:32.790000
GOLD,DIM_MSG_TEMPLATE,APRV_STAT_CD,TEXT,승인상태코드 [원천: SILVER.CRM_MSG_TEMPLATE],7085,6627,4,2026-10-08 02:09:32.790000
GOLD,DIM_MSG_TEMPLATE,APRV_FAILR_CTNT,TEXT,승인실패내용 [원천: SILVER.CRM_MSG_TEMPLATE],7085,861,244,2026-10-08 02:09:32.790000
GOLD,DIM_MSG_TEMPLATE,TEMPLATE_RM,TEXT,템플릿비고(TMPLAT_RM) — 알림톡 전용 · 이메일 행은 원천 개념 부재로 NULL,7085,39,25,2026-10-08 02:09:32.790000
GOLD,DIM_MSG_TEMPLATE,ALTRTV_MSG_SNDNG_YN,TEXT,대체메시지발신여부 [원천: SILVER.CRM_MSG_TEMPLATE],7085,6229,1,2026-10-08 02:09:32.790000
GOLD,DIM_MSG_TEMPLATE,ALTRTV_MSG_TMPLAT_KEY,NUMBER,대체메시지템플릿KEY [원천: SILVER.CRM_MSG_TEMPLATE],7085,960,61,2026-10-08 02:09:32.790000
GOLD,DIM_MSG_TEMPLATE,ALTRTV_MSG_CTNT,TEXT,대체메시지내용 [원천: SILVER.CRM_MSG_TEMPLATE],7085,6622,5568,2026-10-08 02:09:32.790000
GOLD,DIM_MSG_TEMPLATE,ALTRTV_MSG_ATCHFL_ID,TEXT,대체메시지첨부파일ID [원천: SILVER.CRM_MSG_TEMPLATE],7085,0,0,2026-10-08 02:09:32.790000
GOLD,DIM_MSG_TEMPLATE,WRITNG_GUIDE_ATCHFL_ID,TEXT,작성가이드첨부파일ID [원천: SILVER.CRM_MSG_TEMPLATE],7085,2762,2772,2026-10-08 02:09:32.790000
GOLD,DIM_MSG_TEMPLATE,USE_YN,TEXT,사용여부 [원천: SILVER.CRM_MSG_TEMPLATE],7085,6627,2,2026-10-08 02:09:32.790000
GOLD,DIM_MSG_TEMPLATE,BUTTON_CNT,NUMBER,버튼 수 — 알림톡 템플릿의 버튼 행 수(CRM_MSG_TEMPLATE_BUTTON) · 버튼 없으면 0 · 이메일은 개념 부재로 NULL · 모델 파생,7085,6627,5,2026-10-08 02:09:32.790000
GOLD,FACT_TARGET_PROJECT,MONTH_KEY,NUMBER,월 conform 키 YYYYMM.,2966,2966,12,2026-10-08 02:09:31.527000
GOLD,FACT_TARGET_PROJECT,ORG_SK,NUMBER,조직 (FK→DIM_ORG),2966,2966,6,2026-10-08 02:09:31.527000
GOLD,FACT_TARGET_PROJECT,SPONSORSHIP_SK,NUMBER,후원사업 (FK→DIM_SPONSORSHIP),2966,2966,10,2026-10-08 02:09:31.527000
GOLD,FACT_TARGET_PROJECT,CAMPAIGN_SK,NUMBER,캠페인 (FK→DIM_CAMPAIGN),2966,2966,1,2026-10-08 02:09:31.527000
GOLD,FACT_TARGET_PROJECT,ANNUAL_GOAL_CNT,NUMBER,당초 목표값(#152). 🔴 단위는 GOAL_TYPE_NM 에 따른다(건·명·원·비율) — 유형 필터 없이 합산 금지,2966,2966,2250,2026-10-08 02:09:31.527000
GOLD,FACT_TARGET_PROJECT,SUPP_GOAL_CNT,NUMBER,추경목표(건) (#153),2966,0,0,2026-10-08 02:09:31.527000
GOLD,FACT_TARGET_PROJECT,ANNUAL_CUM_GOAL_CNT,NUMBER,연사업누계목표(건) (#154),2966,0,0,2026-10-08 02:09:31.527000
GOLD,FACT_TARGET_PROJECT,SUPP_CUM_GOAL_CNT,NUMBER,추경누계목표(건) (#155),2966,0,0,2026-10-08 02:09:31.527000
GOLD,FACT_TARGET_PROJECT,GOAL_TYPE_NM,TEXT,목표 지표 유형 원천 표기 그대로(O190 · 9종): 건 = 후원사업·회원개발 / 명 = 월말활동회원 / 원 = 정기회비 / 비율 = 후원사업활동율·신규기존활동율·후원사업납입율·신규기존납입율·신규기존누계납입율. 🔴 유형마다 단위가 달라 섞어 합산하지 말 것 · 후원사업과 회원개발은 같은 개발 목표의 다른 분해(문서20 N-24),2966,2966,9,2026-10-08 02:09:31.527000
GOLD,FACT_TARGET_PROJECT,CPR_DIV_NM,TEXT,법인구분 (사단/사복),2966,2966,1,2026-10-08 02:09:31.527000
GOLD,FACT_TARGET_PROJECT,SRC_TEAM_NM,TEXT,원천 목표표의 팀명 (CRM_BIZ_TARGET.ORG_NM 그대로),2966,1260,8,2026-10-08 02:09:31.527000
GOLD,FACT_TARGET_PROJECT,SRC_SPONSOR_BIZ_NM,TEXT,원천 후원사업 표기 그대로 — 후원사업 유형 = 사업명 · 회원개발 유형 = 4그룹(국내/결연/해외프로젝트/기타),2966,2786,15,2026-10-08 02:09:31.527000
GOLD,FACT_TARGET_PROJECT,NEW_OLD_DIV_NM,TEXT,신규/기존 구분 원천 표기. 🔴 비율 유형에는 소계 행(합계·신규합계)이 있다 — 신규/기존과 함께 합산하면 이중계상. 회원개발 유형은 NULL,2966,2526,4,2026-10-08 02:09:31.527000
GOLD,FACT_TARGET_PROJECT,ORG_DIV_NM,TEXT,조직 구분명 (원천 그대로),2966,1804,3,2026-10-08 02:09:31.527000
GOLD,FACT_TARGET_PROJECT,DTL_DIV_NM,TEXT,세부구분 원천 표기(채널 등 · 회원개발 유형만 · 그 외 NULL),2966,440,10,2026-10-08 02:09:31.527000
GOLD,FACT_TARGET_MEMBER_DEV,MONTH_KEY,NUMBER,월 conform 키 YYYYMM.,10677,10677,179,2026-10-08 02:09:30.421000
GOLD,FACT_TARGET_MEMBER_DEV,ORG_SK,NUMBER,대리키,10677,10677,231,2026-10-08 02:09:30.421000
GOLD,FACT_TARGET_MEMBER_DEV,DEV_TYPE,TEXT,개발구분(#121 conform) (#121).,10677,10677,3,2026-10-08 02:09:30.421000
GOLD,FACT_TARGET_MEMBER_DEV,GOAL_CNT,NUMBER,GOAL_CNT (#3).,10677,10677,1318,2026-10-08 02:09:30.421000
GOLD,DIM_MSG_TEMPLATE_BUTTON,TEMPLATE_BUTTON_SK,NUMBER,대리키 · PK(정보성),5694,5694,5786,2026-10-08 02:09:28.408000
GOLD,DIM_MSG_TEMPLATE_BUTTON,TEMPLATE_SK,NUMBER,템플릿 대리키 → DIM_MSG_TEMPLATE.TEMPLATE_SK(FK 정보성 · 🟠 미해소 21행 = 버튼만 있고 템플릿 마스터에 없는 행),5694,5694,5132,2026-10-08 02:09:28.408000
GOLD,DIM_MSG_TEMPLATE_BUTTON,TMPLAT_ID,TEXT,템플릿ID [원천: SILVER.CRM_MSG_TEMPLATE_BUTTON],5694,5694,5242,2026-10-08 02:09:28.408000
GOLD,DIM_MSG_TEMPLATE_BUTTON,BTN_SEQ,NUMBER,버튼순번 [원천: SILVER.CRM_MSG_TEMPLATE_BUTTON],5694,5694,5595,2026-10-08 02:09:28.408000
GOLD,DIM_MSG_TEMPLATE_BUTTON,BTN_TY_CD,TEXT,버튼유형코드 [원천: SILVER.CRM_MSG_TEMPLATE_BUTTON],5694,5694,2,2026-10-08 02:09:28.408000
GOLD,DIM_MSG_TEMPLATE_BUTTON,BTN_NM,TEXT,버튼명 [원천: SILVER.CRM_MSG_TEMPLATE_BUTTON],5694,5694,708,2026-10-08 02:09:28.408000
GOLD,DIM_MSG_TEMPLATE_BUTTON,ANDROID_URL,TEXT,안드로이드URL [원천: SILVER.CRM_MSG_TEMPLATE_BUTTON],5694,59,23,2026-10-08 02:09:28.408000
GOLD,DIM_MSG_TEMPLATE_BUTTON,IOS_URL,TEXT,IOSURL [원천: SILVER.CRM_MSG_TEMPLATE_BUTTON],5694,60,24,2026-10-08 02:09:28.408000
GOLD,DIM_MSG_TEMPLATE_BUTTON,MOBILE_URL,TEXT,모바일URL [원천: SILVER.CRM_MSG_TEMPLATE_BUTTON],5694,5646,2811,2026-10-08 02:09:28.408000
GOLD,DIM_MSG_TEMPLATE_BUTTON,PC_URL,TEXT,PCURL [원천: SILVER.CRM_MSG_TEMPLATE_BUTTON],5694,4036,1862,2026-10-08 02:09:28.408000
GOLD,FACT_RELATION_DEV,DATE_SK,NUMBER,일자 YYYYMMDD → DIM_DATE.DATE_SK(FK 정보성) · 0=일자 무효,1151356,1151356,8087,2026-10-08 02:09:26.691000
GOLD,FACT_RELATION_DEV,MEMBER_DK,TEXT,회원번호(원천 MBER_NO · degenerate),1151356,1151356,550501,2026-10-08 02:09:26.691000
GOLD,FACT_RELATION_DEV,OCCRRNC_DE,TEXT,발생일자 [원천: SILVER.CRM_RELATION_DEV],1151356,1151356,7841,2026-10-08 02:09:26.691000
GOLD,FACT_RELATION_DEV,SER_NO,NUMBER,일련번호 [원천: SILVER.CRM_RELATION_DEV],1151356,1151356,1175107,2026-10-08 02:09:26.691000
GOLD,FACT_RELATION_DEV,SPNSR_NO,NUMBER,후원번호 [원천: SILVER.CRM_RELATION_DEV],1151356,1151356,644854,2026-10-08 02:09:26.691000
GOLD,FACT_RELATION_DEV,SPNSR_BSNS_NO,NUMBER,후원사업번호 [원천: SILVER.CRM_RELATION_DEV],1151356,1151356,672381,2026-10-08 02:09:26.691000
GOLD,FACT_RELATION_DEV,SPNSR_AMT,NUMBER,후원금액 [원천: SILVER.CRM_RELATION_DEV],1151356,1151356,79,2026-10-08 02:09:26.691000
GOLD,FACT_RELATION_DEV,BF_STAT_CD,TEXT,이전상태코드 [원천: SILVER.CRM_RELATION_DEV],1151356,1151356,7,2026-10-08 02:09:26.691000
GOLD,FACT_RELATION_DEV,AF_STAT_CD,TEXT,이후상태코드 [원천: SILVER.CRM_RELATION_DEV],1151356,1151356,5,2026-10-08 02:09:26.691000
GOLD,FACT_RELATION_DEV,RELATNSP_DVLP_DIV_CD,TEXT,관계개발구분코드 [원천: SILVER.CRM_RELATION_DEV],1151356,1151356,5,2026-10-08 02:09:26.691000
GOLD,FACT_RELATION_DEV,ACCNUT_STATS_CD,TEXT,회계상태코드 [원천: SILVER.CRM_RELATION_DEV],1151356,1151356,9,2026-10-08 02:09:26.691000
GOLD,FACT_RELATION_DEV,CHILD_STATS_CD,TEXT,아동상태코드 [원천: SILVER.CRM_RELATION_DEV],1151356,1151356,8,2026-10-08 02:09:26.691000
GOLD,WIDE_MEMBER_EVENT,DATE_SK,NUMBER,사건일 YYYYMMDD,4762248,4762248,10384,2026-10-08 02:09:18.846000
GOLD,WIDE_MEMBER_EVENT,MEMBER_DK,TEXT,상태전이 대상 회원 (불변키),4762248,4762248,1608568,2026-10-08 02:09:18.846000
GOLD,WIDE_MEMBER_EVENT,EVENT_TYPE,TEXT,상태전이 유형(개발/중단/증액/미납중단),4762248,4762248,2,2026-10-08 02:09:18.846000
GOLD,WIDE_MEMBER_EVENT,DVLP_DIV_CD,TEXT,FACT_MEMBER_EVENT.DVLP_DIV_CD — 개발구분 코드 raw. 코드그룹 **MM015(개발구분)**. 코드사전 = 1신규·2증액·3감액·4재후원·5후원중단. 실적재(TM_MM_FDRM_MBER_DVLP_AMT.DVLP_DIV_CD)에 **사전 전종이 등장**한다. 🔴MM015 는 회원상태 MM010 이 **아니다** — 두 그룹 모두 '후원중단'을 포함해 혼동되기 쉽다(회원상태는 MBER_STAT_CD). ⚠️중단원천(EVENT_TYPE='STOP') 행은 원천에 이 컬럼이 부재해 NULL 이다. 라벨 = DVLP_DIV_NM.,4762248,3688281,5,2026-10-08 02:09:18.846000
GOLD,WIDE_MEMBER_EVENT,DVLP_DIV_NM,TEXT,FACT_MEMBER_EVENT.DVLP_DIV_NM — 개발구분명(MM015 라벨): 신규·증액·감액·재후원·후원중단. 코드 = DVLP_DIV_CD. MM015 는 폐지코드가 없고 실적재가 사전과 일치한다. 🔴🔴값 '후원중단' 은 EVENT_TYPE='STOP' 과 **동일 사건이 거의 전부 중복 존재**한다(동일 회원·일자) — 두 축을 합산하면 이중계상이다(O24 · 현업확인 대기).,4762248,3688281,5,2026-10-08 02:09:18.846000
GOLD,WIDE_MEMBER_EVENT,SPNSR_AMT,NUMBER,FACT_MEMBER_EVENT.SPNSR_AMT — 후원금액(원) raw. 원천 TM_MM_FDRM_MBER_DVLP_AMT.SPNSR_AMT 무변환 전파. 🔴감액·후원중단 사건은 **음수**다 — 무조건 SUM 하면 개발금액이 상계된다. 🔴정본 공#38 감액(건)·#151 증액(건)이 **금액을 만원 단위로 나눈 값**이라는 규약이므로 원금액을 보존한다(설계 §1·CONF-2) — 이 컬럼을 그대로 '건수'로 쓰지 말 것. ⚠️중단원천 행은 NULL.,4762248,3688281,1278,2026-10-08 02:09:18.846000
GOLD,WIDE_MEMBER_EVENT,DEV_CNT,NUMBER,"개발(건) (#149) = **MSTR 정의**(O202 · 사용자 결정): 이 사건의 MSTR 인정금액 ÷ 10,000(신규·재후원 = 미중단 후원사업·후원사업×월 합>0 행 금액 · 증액 = 감액 상계 순증액 · 그 밖 0). 원본 = FN_MM_SPNSR_DVLP B1·B2 + USP_F_MM_SPNSR_DVLP_SUM. 🟢 202607 전사 14,188명·29,714.1888건 MSTR 전건 일치. 🔴 GN_DW.MSTR 지표와 같은 표에서 합산 금지.",4762248,4762248,658,2026-10-08 02:09:18.846000
GOLD,WIDE_MEMBER_EVENT,DEV_MEMBERS,NUMBER,개발(명) (#148) = MSTR 개발 인정 행이면 1. 기간 개발(명)은 COUNT(DISTINCT CASE WHEN DEV_MEMBERS=1 THEN MEMBER_DK END).,4762248,4762248,2,2026-10-08 02:09:18.846000
GOLD,WIDE_MEMBER_EVENT,STOP_CNT,NUMBER,중단(건) (#35),4762248,4762248,2,2026-10-08 02:09:18.846000
GOLD,WIDE_MEMBER_EVENT,STOP_MEMBERS,NUMBER,중단(명),4762248,4762248,2,2026-10-08 02:09:18.846000
GOLD,WIDE_MEMBER_EVENT,UNPAID_STOP_CNT,NUMBER,미납중단(건),4762248,4762248,2,2026-10-08 02:09:18.846000
GOLD,WIDE_MEMBER_EVENT,UNPAID_STOP_MEMBERS,NUMBER,미납중단(명),4762248,4762248,2,2026-10-08 02:09:18.846000
GOLD,WIDE_MEMBER_EVENT,STOP_REASON,TEXT,중단사유,4762248,1073967,20,2026-10-08 02:09:18.846000
GOLD,WIDE_MEMBER_EVENT,STOP_CHANNEL,TEXT,중단채널,4762248,1073967,3,2026-10-08 02:09:18.846000
GOLD,WIDE_MEMBER_EVENT,STOP_REASON_NM,TEXT,FACT_MEMBER_EVENT.STOP_REASON_NM — 중단사유명(정본 공#162). 코드그룹 **MM005(후원중단사유)**. 코드 = STOP_REASON. 코드사전에는 **폐지코드(USE_YN='N')가 다수 섞여** 있고 실적재는 사전의 일부만 쓴다. 최빈 코드 = 1개인(경제적)사유 · 14장기미납 · 16신규미납 · 8다른곳지원. 🔴🔴**USE_YN 필터 금지** — 실적재에 **폐지코드가 실재**한다(26은행자동납부해지 · 13반송미납 · 21~25 지라니 계열) ⇒ USE_YN='Y' 로 걸면 그 행들의 라벨이 사라진다. ⚠️개발원천 행은 개념 부재로 NULL. ⚠️사전에만 있고 실적재에 없는 코드도 다수다.,4762248,1073967,20,2026-10-08 02:09:18.846000
GOLD,WIDE_MEMBER_EVENT,STOP_CHANNEL_NM,TEXT,FACT_MEMBER_EVENT.STOP_CHANNEL_NM — 중단경로명. 코드그룹 **MM287(중단경로)**. 코드 = STOP_CHANNEL. 코드사전 = 1 SYSTEM · 2 CRM · 3 홈페이지 · 실적재에 **사전 전종이 등장**한다. ⚠️'SYSTEM' 은 배치가 자동 처리한 중단(장기미납 등)이며 회원의 능동적 해지 채널이 아니다 — 채널 분석 시 분리할 것. ⚠️개발원천 행은 개념 부재로 NULL. ⚠️215지표 밖 — 현업 수요 확인 대상(O25).,4762248,1073967,3,2026-10-08 02:09:18.846000
GOLD,WIDE_MEMBER_EVENT,NEW_EXISTING_FLAG,TEXT,신규기존 🔴🔴[O51-D 실측] **전건 NULL** — **팩트 컬럼 자체가 비어 있다**(`FACT_MEMBER_EVENT.NEW_EXISTING_FLAG`). 결측이 아니라 **미적재**다: 0·FALSE·'해당없음' 으로 대체 해석하지 말 것(P21). 필터 조건으로 쓰면 전건이 탈락한다. 실측 규모는 이슈원장 §O51-D-C.,4762248,4762248,2,2026-10-08 02:09:18.846000
GOLD,WIDE_MEMBER_EVENT,AGE_AT_EVENT,NUMBER,"FACT_MEMBER_EVENT.AGE_AT_EVENT — 연령대 코드 raw, **사건(개발약정) 시점 값**. 코드그룹 **CM014**. 원천 `TM_MM_FDRM_MBER_DVLP_AMT.AGE` 의 사건행별 값을 무변환 전파한다. 🔴**연속형 나이가 아니다** — 평균·구간 재계산 금지(1'10대 미만'~9'70대 이상'·10단체·11기업·12기타). 🔴MEMBER_AGE_CD(=현재버전 경유 '최근 약정' 스냅샷)와 **다른 축**이며 같은 회원도 사건마다 값이 다를 수 있다 — 이 컬럼이 그 사건 당시의 정확값이다. ⚠️중단원천 행은 원천 컬럼 부재로 NULL(0 아님, P21). 라벨 = AGE_BAND_AT_EVENT.",4762248,3688281,12,2026-10-08 02:09:18.846000
GOLD,WIDE_MEMBER_EVENT,AGE_BAND_AT_EVENT,TEXT,"FACT_MEMBER_EVENT.AGE_BAND_AT_EVENT — **사건 시점** 연령대명(CM014 사전 조인, 하드코딩 아님 P31). 코드 = AGE_AT_EVENT. ✅'10대 미만'이 상위인 것은 **오류가 아니다** — 편지쓰기대회 계열 캠페인(희망편지·가족그림편지·세계시민교육편지)이 학교·부모 DB 를 통해 아동 본인 명의로 약정을 맺기 때문이다. 결측·기본값 오염으로 설명하지 말 것(O34-B). ⚠️사전에 8'70대'·9'70대 이상'이 의미 중복으로 공존한다. 🔴MEMBER_AGE_BAND(현재버전 스냅샷)와 값이 다를 수 있다. 중단원천 행은 NULL.",4762248,3688281,12,2026-10-08 02:09:18.846000
GOLD,WIDE_MEMBER_EVENT,AREA_CD_AT_EVENT,TEXT,"FACT_MEMBER_EVENT.AREA_CD_AT_EVENT — 지역 코드 raw, **사건(개발약정) 시점 값**. 코드그룹 **CM018**(지표 공#131). 원천 `TM_MM_FDRM_MBER_DVLP_AMT.AREA_CD` 무변환 전파 · 실적재에 **사전 전종 + 라벨 없는 센티넬 '0'** 이 나타난다. 🔴MEMBER_AREA_CD(현재버전 경유 최근 약정 스냅샷)와 **다른 축** — 이사 등으로 사건마다 값이 다를 수 있다. ⚠️**현재 거주지가 아니다** — BRONZE 전체에 현주소 축이 없어 현재 지역은 산출 불가(O34). ⚠️중단원천 행은 원천 컬럼 부재로 NULL. 라벨 = REGION_AT_EVENT.",4762248,3688275,19,2026-10-08 02:09:18.846000
GOLD,WIDE_MEMBER_EVENT,REGION_AT_EVENT,TEXT,"FACT_MEMBER_EVENT.REGION_AT_EVENT — **사건 시점** 지역명(CM018 약칭 라벨, 지표 공#131). 코드 = AREA_CD_AT_EVENT. ⚠️센티넬 코드 '0' 은 사전에 라벨이 없어 NULL 이다 — '미상'으로 창작하지 않는다. ⚠️**현재 거주지가 아니다**(O34). 🔴MEMBER_REGION(현재버전 스냅샷)과 값이 다를 수 있다. 중단원천 행은 NULL. 🟢이 뷰 안에 캠페인 축이 함께 있어 지역 × 캠페인 교차가 성립한다.",4762248,3667578,18,2026-10-08 02:09:18.846000
GOLD,WIDE_MEMBER_EVENT,YEAR,NUMBER,DIM_DATE.YEAR — 년,4762248,4762248,37,2026-10-08 02:09:18.846000
GOLD,WIDE_MEMBER_EVENT,MONTH,NUMBER,DIM_DATE.MONTH — 월,4762248,4762248,13,2026-10-08 02:09:18.846000
GOLD,WIDE_MEMBER_EVENT,DAY_OF_WEEK,TEXT,DIM_DATE.DAY_OF_WEEK — 요일,4762248,4762248,7,2026-10-08 02:09:18.846000
GOLD,WIDE_MEMBER_EVENT,WEEK_OF_YEAR,NUMBER,DIM_DATE.WEEK_OF_YEAR — 주차,4762248,4762248,54,2026-10-08 02:09:18.846000
GOLD,WIDE_MEMBER_EVENT,QUARTER,NUMBER,DIM_DATE.QUARTER — 분기,4762248,4762248,5,2026-10-08 02:09:18.846000
GOLD,WIDE_MEMBER_EVENT,IS_HOLIDAY,BOOLEAN,DIM_DATE.IS_HOLIDAY — 휴일여부,4762248,4762248,2,2026-10-08 02:09:18.846000
GOLD,WIDE_MEMBER_EVENT,SEX,TEXT,DIM_MEMBER.SEX — 성별 원천코드 raw. 코드그룹 **CM013(성별)**. 코드사전(BRONZE `TC_CMMN_DTL_CD`) = 1국내(남자)·2국내(여자)·3외국인(남자)·4외국인(여자)·5외국인(기타)·6단체·7기업·8기타 · 실적재(TM_MM_FDRM_MBER_INFO)에 **사전 전종이 등장**하며 폐지코드는 없다. ⚠️개발약정 원천(TM_MM_FDRM_MBER_DVLP_AMT.SEX)에는 사전에 없는 **사전에 없는 센티넬 '0'** 이 더 있다. 🔴정본 비고가 '성별만으로는 사용하지 않음'을 명시한다 — 성별 단일축 분석은 MEMBER_GENDER_NAME 을 쓴다. 라벨 = SEX_NM(원천 라벨)·MEMBER_GENDER_NAME(분석 라벨). 🔴 회원 **현재버전**(DIM_MEMBER IS_CURRENT 1건) 스냅샷이며 사건 시점 값이 아니다 — SCD2 다버전을 순진하게 조인하면 조용히 팬아웃한다(회원당 버전 수는 이슈원장 참조),4762248,4762248,8,2026-10-08 02:09:18.846000
GOLD,WIDE_MEMBER_EVENT,SEX_NM,TEXT,DIM_MEMBER.SEX_NM — CM013 **원천 라벨 그대로**(국내(남자)/국내(여자)/외국인(남자)/외국인(여자)/외국인(기타)/단체/기업/기타). 코드 = SEX. 🔴이 컬럼만이 **국내·외국인 축**을 보존한다 — MEMBER_GENDER_NAME(CM017)은 그 축을 지운다. CM013 은 코드와 라벨이 1:1 이다. 🔴 회원 **현재버전**(DIM_MEMBER IS_CURRENT 1건) 스냅샷이며 사건 시점 값이 아니다 — SCD2 다버전을 순진하게 조인하면 조용히 팬아웃한다(회원당 버전 수는 이슈원장 참조),4762248,4762248,8,2026-10-08 02:09:18.846000
GOLD,WIDE_MEMBER_EVENT,MEMBER_GENDER_NAME,TEXT,DIM_MEMBER.GENDER_NAME — 성별 분석 라벨(정본 공#130). 코드그룹 **CM017(회원특성(성별))**. CM017 은 CM013 과 **코드 도메인이 동일(1~8)한 재라벨 그룹**이며 국내/외국인 구분을 지운다 — 1남자·2여자·3남자·4여자·5기타·6단체·7기업·8기타 ⇒ **서로 다른 코드가 같은 라벨로 합쳐진다**(남자/여자/기타/단체/기업). 정본 공#130 값정의와 일치. ⚠️CM017 은 정본 컬럼정의서가 어떤 컬럼에도 지정하지 않은 그룹이다(현업 확인 대상). ⚠️종전 하드코딩 '여성/남성/미상'은 라벨을 축약하고 법인·단체를 '미상'으로 오라벨했다(O26 교정). 🔴 회원 **현재버전**(DIM_MEMBER IS_CURRENT 1건) 스냅샷이며 사건 시점 값이 아니다 — SCD2 다버전을 순진하게 조인하면 조용히 팬아웃한다(회원당 버전 수는 이슈원장 참조),4762248,4762248,5,2026-10-08 02:09:18.846000
GOLD,WIDE_MEMBER_EVENT,MEMBER_AREA_CD,TEXT,DIM_MEMBER.AREA_CD — 지역 원천코드 raw. 코드그룹 **CM018**. 코드사전 = (1서울·2경기·3인천·4강원·5대전·6충남·7충북·8광주·9전북·10전남·11대구·12경북·13경남·14울산·15부산·16제주·17기타·18세종) · 실적재(TM_MM_FDRM_MBER_DVLP_AMT.AREA_CD)에 **사전 전종 + 라벨 없는 센티넬 '0'** 이 나타난다. ⚠️CM018 의 그룹명은 '신규시도구분'이지만 상세코드 값은 전부 시·도다(정본 공#131 지역정의가 약칭이라 정식명 그룹 CM011 이 아니다). 🔴**현재 거주지가 아니다** — 이 값은 그 버전 시점까지 최근 개발약정의 스냅샷이며 BRONZE 전체에 현주소 축이 없다(O34). 라벨 = MEMBER_REGION. 사건 시점 정확값은 WIDE_MEMBER_EVENT.AREA_CD_AT_EVENT. 🔴 회원 **현재버전**(DIM_MEMBER IS_CURRENT 1건) 스냅샷이며 사건 시점 값이 아니다 — SCD2 다버전을 순진하게 조인하면 조용히 팬아웃한다(회원당 버전 수는 이슈원장 참조),4762248,4728358,19,2026-10-08 02:09:18.846000
GOLD,WIDE_MEMBER_EVENT,MEMBER_REGION,TEXT,DIM_MEMBER.REGION — 지역명(정본 공#131) · **CM018** 약칭 라벨. 코드 = MEMBER_AREA_CD. 🔴빈 값이 세 갈래다 — ①일시회원(MEMBER_TYPE='ONCE')은 개발약정 **행 자체가 없어** NULL 이다(지역 개념은 존재하므로 '(해당없음)' 이 아니다) ②정기회원(FDRM) 중 개발약정이 없는 행도 NULL ③센티넬 코드 '0' 은 사전에 라벨이 없어 NULL. 🟢미매핑(코드는 있는데 사전에 없음)은 없다. '미상' 으로 창작하지 않는다(R2-7-1). 🔴**현재 거주지가 아니다** — 개발약정 시점 스냅샷이며 BRONZE 에 현주소 축이 없다(O34). ⚠️지역 분포는 MEMBER_TYPE='FDRM' 으로 스코프할 것 — ONCE 를 분모에 넣으면 채움률이 조용히 낮아진다(P128).,4762248,4706215,18,2026-10-08 02:09:18.846000
GOLD,WIDE_MEMBER_EVENT,MEMBER_AGE_CD,NUMBER,DIM_MEMBER.AGE — 연령대 원천코드 raw. 코드그룹 **CM014(나이)**. 코드사전 = 1'10대 미만'·2'10대'·3'20대'·4'30대'·5'40대'·6'50대'·7'60대'·8'70대'·9'70대 이상'·10단체·11기업·12기타 · 실적재(TM_MM_FDRM_MBER_DVLP_AMT.AGE)에 **사전 전종이 등장**한다. 🔴**연속형 나이가 아니다** — 평균·구간 재계산 금지. 구간은 우리가 만든 것이 아니라 원천이 이미 구간화해 제공한다(DEC-28). ⚠️사전 자체에 8'70대'와 9'70대 이상'이 **의미 중복**으로 공존한다 — 70대 이상 집계 시 두 코드를 함께 취할 것. ⚠️BRONZE 원천 컬럼 COMMENT '연령'(NUMBER)은 오류다. 라벨 = MEMBER_AGE_BAND. 🔴 회원 **현재버전**(DIM_MEMBER IS_CURRENT 1건) 스냅샷이며 사건 시점 값이 아니다 — SCD2 다버전을 순진하게 조인하면 조용히 팬아웃한다(회원당 버전 수는 이슈원장 참조),4762248,4728364,12,2026-10-08 02:09:18.846000
GOLD,WIDE_MEMBER_EVENT,MEMBER_AGE_BAND,TEXT,"DIM_MEMBER.AGE_BAND — 연령대명 · **CM014** 라벨. 코드 = MEMBER_AGE_CD. 🔴빈 값은 두 갈래이며 **둘 다 개발약정 원천 행이 없는 경우**다 — 일시회원('ONCE')은 전건, 정기회원(FDRM)은 일부. 연령 개념은 존재하므로 '(해당없음)' 이 아니라 NULL 이고 미매핑도 없다. '미상' 으로 창작하지 않는다(R2-7-1). 🔴**연속형 나이가 아니다** — 평균·재구간화 금지(원천이 이미 구간화해 제공한다 · DEC-28). 🔴**현재 나이가 아니다** — 개발약정 시점 스냅샷이고 BRONZE 에 생년월일 축이 없어 시점정확 연령은 산출 불가다(O34). ⚠️연령 분포는 MEMBER_TYPE='FDRM' 으로 스코프할 것(P128).",4762248,4728364,12,2026-10-08 02:09:18.846000
GOLD,WIDE_MEMBER_EVENT,MBER_STAT_CD,TEXT,"DIM_MEMBER.MBER_STAT_CD — 회원상태 원천코드 raw(정본 공#132 '회원상태코드'). 코드그룹 **MM010(회원상태)**. 코드사전 = 1활동회원·2~6신규미납1~5·7~11장기미납1~5·12후원중단 · `TH_MM_FDRM_MBER_STNG_DTLS.CHN_STAT_CD` 와 `TM_MM_FDRM_MBER_INFO.MBER_STAT_CD` **양쪽 모두 사전 전종이 등장**한다. SCD2 버전행은 CHN_STAT_CD(변경상태코드), 무이력행은 MBER_STAT_CD 에서 온다(둘 다 MM010). 🔴MM010 은 개발구분 MM015 가 아니다 — 두 그룹 모두 '후원중단'을 포함해 혼동되기 쉽다. 🔴일시회원(MEMBER_TYPE='ONCE')은 회원상태 개념이 원천에 없어 NULL 이다. 라벨 = MEMBER_STATUS_NAME. 🔴 회원 **현재버전**(DIM_MEMBER IS_CURRENT 1건) 스냅샷이며 사건 시점 값이 아니다 — SCD2 다버전을 순진하게 조인하면 조용히 팬아웃한다(회원당 버전 수는 이슈원장 참조)",4762248,4762248,12,2026-10-08 02:09:18.846000
GOLD,WIDE_MEMBER_EVENT,MEMBER_STATUS_NAME,TEXT,"DIM_MEMBER.MEMBER_STATUS_NAME — 회원상태명(MM010 라벨, 정본 공#132). 코드 = MBER_STAT_CD. MM010 은 **폐지코드가 없고 실적재가 사전과 일치**한다 ⇒ 사전 조인만으로 전건 라벨화된다(하드코딩 금지 P31). 값 = 활동회원 / 신규미납1~5 / 장기미납1~5 / 후원중단. 🔴빈 값이 두 가지 뜻으로 갈린다 — 일시회원(DIM_MEMBER.MEMBER_TYPE='ONCE')은 회원상태 개념이 **원천에 없어** 센티넬 '(해당없음)' 이고, 정기회원(FDRM) 중 원천 상태코드 자체가 결손인 행만 **NULL** 이다. 두 사건을 '미상' 같은 한 값으로 뭉개지 않는다(R2-7-1). ⚠️미납 단계(1~5)는 **경과 차수**이며 금액 규모가 아니다. 🔴 회원 **현재버전**(DIM_MEMBER IS_CURRENT 1건) 스냅샷이며 사건 시점 값이 아니다 — SCD2 다버전을 순진하게 조인하면 조용히 팬아웃한다(회원당 버전 수는 이슈원장 참조)",4762248,4762248,12,2026-10-08 02:09:18.846000
GOLD,WIDE_MEMBER_EVENT,PREV_MBER_STAT_CD,TEXT,DIM_MEMBER.PREV_MBER_STAT_CD — 상태전이의 **이전상태** 코드 raw(MM010). 현재상태 MBER_STAT_CD 와 짝지어 전이를 표현한다. 원천 `TH_MM_FDRM_MBER_STNG_DTLS.BF_STAT_CD` 에 **사전 전종이 등장**한다. ⚠️이력 미보유행(FDRM 무이력·ONCE 전체)은 NULL — '이전상태가 없다'가 아니라 '이력이 없다'. ⚠️동일자 다중전이는 최종 전이로 축약된다(중간 단계 소실). 라벨 = PREV_MEMBER_STATUS_NAME. 🔴 회원 **현재버전**(DIM_MEMBER IS_CURRENT 1건) 스냅샷이며 사건 시점 값이 아니다 — SCD2 다버전을 순진하게 조인하면 조용히 팬아웃한다(회원당 버전 수는 이슈원장 참조),4762248,4253331,12,2026-10-08 02:09:18.846000
GOLD,WIDE_MEMBER_EVENT,PREV_MEMBER_STATUS_NAME,TEXT,DIM_MEMBER.PREV_MEMBER_STATUS_NAME — 이전상태명(MM010 라벨). 코드 = PREV_MBER_STAT_CD. 사전과 실적재가 일치한다. 이력 미보유행은 NULL. 🔷(PREV_MEMBER_STATUS_NAME → MEMBER_STATUS_NAME) 쌍이 전이 매트릭스의 두 축이다 — 이 버전행 자체가 전이 사건이므로 fan-out 0. 🔴 회원 **현재버전**(DIM_MEMBER IS_CURRENT 1건) 스냅샷이며 사건 시점 값이 아니다 — SCD2 다버전을 순진하게 조인하면 조용히 팬아웃한다(회원당 버전 수는 이슈원장 참조),4762248,4253331,12,2026-10-08 02:09:18.846000
GOLD,WIDE_MEMBER_EVENT,MBER_DIV_CD,TEXT,DIM_MEMBER.MBER_DIV_CD — 회원구분 원천코드 raw. 코드그룹 **MM018(회원구분)**. 코드사전 = 1개인·2기업·3단체 · 실적재에 **사전 전종이 등장**한다. 🟢독립 교차검증: `MBER_DIV_CD`='2'(기업)·'3'(단체) 의 행수가 `SEX`='7'(기업)·'6'(단체) 와 **완전히 일치**한다 — 두 축이 같은 사실을 다르게 표현한다. 🔴DIM_MEMBER.MEMBER_TYPE(FDRM/ONCE 등록계통)과 **완전히 다른 축**이다. 라벨 = MEMBER_TYPE_NAME. 🔴 회원 **현재버전**(DIM_MEMBER IS_CURRENT 1건) 스냅샷이며 사건 시점 값이 아니다 — SCD2 다버전을 순진하게 조인하면 조용히 팬아웃한다(회원당 버전 수는 이슈원장 참조),4762248,4762248,3,2026-10-08 02:09:18.846000
GOLD,WIDE_MEMBER_EVENT,MEMBER_TYPE_NAME,TEXT,DIM_MEMBER.MEMBER_TYPE_NAME — 회원구분명(MM018 라벨): 개인·기업·단체. 코드 = MBER_DIV_CD. MM018 은 폐지코드가 없고 실적재가 사전과 일치한다. 🟢빈 값이 없는 축이다 — 센티넬 '(해당없음)'·NULL 모두 없고 전건 라벨화된다. 앞으로 사전에 없는 코드가 인입되면 **NULL 로 드러나며** '미상' 같은 값으로 덮지 않는다(R2-7-1). 🔴이름이 비슷한 DIM_MEMBER.MEMBER_TYPE(=FDRM 정기회원 / ONCE 일시회원)의 라벨이 **아니다** — 다른 축이다. 🔴 회원 **현재버전**(DIM_MEMBER IS_CURRENT 1건) 스냅샷이며 사건 시점 값이 아니다 — SCD2 다버전을 순진하게 조인하면 조용히 팬아웃한다(회원당 버전 수는 이슈원장 참조),4762248,4762248,3,2026-10-08 02:09:18.846000
GOLD,WIDE_MEMBER_EVENT,JOIN_PATH_CD,TEXT,DIM_MEMBER.JOIN_PATH_CD — 가입경로 원천코드 raw. 코드그룹 **MM014(가입경로)**. 코드사전 = 1홈페이지·2CRM·3모바일웹·4희망TV·5외주콜센터·6모바일앱·7REG·8EDU 이나 실적재에는 **1·2·3·5·6·7 만 나타난다** — 🔴**4(희망TV)·8(EDU)는 실적재에 없다.** ⇒ 가입경로 분포에서 이 두 값을 기대하지 말 것. 🔴일시회원(ONCE)은 가입경로 개념이 원천에 없어 NULL. 라벨 = MEMBER_ENROLL_PATH_NAME. 🔴 회원 **현재버전**(DIM_MEMBER IS_CURRENT 1건) 스냅샷이며 사건 시점 값이 아니다 — SCD2 다버전을 순진하게 조인하면 조용히 팬아웃한다(회원당 버전 수는 이슈원장 참조),4762248,4762248,6,2026-10-08 02:09:18.846000
GOLD,WIDE_MEMBER_EVENT,MEMBER_ENROLL_PATH_NAME,TEXT,"DIM_MEMBER.ENROLL_PATH_NAME — 가입경로명(MM014 라벨). 코드 = JOIN_PATH_CD. 실제로 나타나는 라벨은 **홈페이지·CRM·모바일웹·외주콜센터·모바일앱·REG** 다 — 사전에는 희망TV·EDU 도 있으나 **실적재에 없으므로** 그 둘을 포함해 열거하면 거짓이다. 🔴빈 값이 두 가지 뜻으로 갈린다 — 일시회원('ONCE')은 가입경로 개념이 **원천에 없어** 센티넬 '(해당없음)' 이고, 정기회원 중 가입경로 코드만 결손인 행은 **NULL** 이다(회원상태가 NULL 인 행과 같은 행이 아니다). '미상' 으로 채우지 않는다(R2-7-1). 🔴 회원 **현재버전**(DIM_MEMBER IS_CURRENT 1건) 스냅샷이며 사건 시점 값이 아니다 — SCD2 다버전을 순진하게 조인하면 조용히 팬아웃한다(회원당 버전 수는 이슈원장 참조)",4762248,4762248,6,2026-10-08 02:09:18.846000
GOLD,WIDE_MEMBER_EVENT,CAMPAIGN_BK,TEXT,DIM_CAMPAIGN.CAMPAIGN_BK — 캠페인 업무키,4762248,4762248,17068,2026-10-08 02:09:18.846000
GOLD,WIDE_MEMBER_EVENT,CAMPAIGN_BRAND,TEXT,DIM_CAMPAIGN.BRAND — 공통브랜드 (#117),4762248,3688263,69,2026-10-08 02:09:18.846000
GOLD,WIDE_MEMBER_EVENT,CAMPAIGN_PARENT,TEXT,DIM_CAMPAIGN.PARENT_CAMPAIGN — 공통상위캠페인 (#119),4762248,3688263,1107,2026-10-08 02:09:18.846000
GOLD,WIDE_MEMBER_EVENT,CAMPAIGN_NAME,TEXT,DIM_CAMPAIGN.CAMPAIGN_NAME — 캠페인명 (#120),4762248,4762248,14339,2026-10-08 02:09:18.846000
GOLD,WIDE_MEMBER_EVENT,CAMPAIGN_PROMO_METHOD,TEXT,DIM_CAMPAIGN.PROMO_METHOD — 홍보방법 (#118),4762248,3688263,93,2026-10-08 02:09:18.846000
GOLD,WIDE_MEMBER_EVENT,CAMPAIGN_CATEGORY,TEXT,"캠페인 **카테고리** 라벨(정본 공#17). 코드그룹 **MM294(캠페인 카테고리)**. ⚠️ 원천 `TM_CM_CMPGN_MNG.CMPGN_CTGR_CD` 에 코드사전 미등재 코드가 실재해 그 행은 라벨이 비고, 미채움 행도 있다(규모는 이슈원장 참조). ⚠️ **사전 자체에 동일 라벨 중복**이 있어 라벨로 GROUP BY 하면 두 코드가 합쳐진다. ⚠️ 업무용어는 '카테고리'이고 상위캠페인은 CAMPAIGN_PARENT 다. 🔴🔴 [2026-08-28 O105] **소스 = FACT_MEMBER_EVENT.CMPGN_CTGR_NM_AT_EVENT (적재 시점 동결값)** — 종전 DIM_CAMPAIGN 실시간 조인에서 전환했다. 캠페인 마스터가 이후 정정·개칭돼도 **과거 개발이력 사건의 값은 바뀌지 않는다**(SV_MEMBER_EVENT 와 같은 축 · DEC-43 계열). 전환 시점 두 소스 값은 전건 동일했다(규모·근거 = 이슈원장 §O105). ⚠️ 중단(STOP) 행은 개발원천에 이 컬럼이 없어 **NULL** 이다 — 이는 구조적 부재이며 0·'미상' 으로 대체 해석하지 않는다(`R2-7-1`). 🟢 **전환으로 NULL 의 의미가 바뀌지 않았다**(전환 前 라이브 실측 = STOP 행에서 이 축은 이미 전건 NULL · `'(미매핑)'` 0건 — `DIM_CAMPAIGN` SK=0 시드가 이름 컬럼만 채우기 때문 · `R2-7-3`).",4762248,3687236,57,2026-10-08 02:09:18.846000
GOLD,WIDE_MEMBER_EVENT,CAMPAIGN_INFLOW_PATH,TEXT,개발인입경로 라벨 = **모집 채널**. 코드그룹 **MM293(개발인입경로)**. 🔴 이 축을 「현업 주요캠페인 분류축」이라고 적었던 기술은 **거짓이므로 회수됐다**(O37) — 모집 채널이다. 캠페인 카테고리 = CAMPAIGN_CATEGORY(MM294) · 상위캠페인 = CAMPAIGN_PARENT. 🔴🔴 [2026-08-28 O105] **소스 = FACT_MEMBER_EVENT.MBER_INFLOW_PATH_NM_AT_EVENT (적재 시점 동결값)** — 종전 DIM_CAMPAIGN 실시간 조인에서 전환했다. 캠페인 마스터가 이후 정정·개칭돼도 **과거 개발이력 사건의 값은 바뀌지 않는다**(SV_MEMBER_EVENT 와 같은 축 · DEC-43 계열). 전환 시점 두 소스 값은 전건 동일했다(규모·근거 = 이슈원장 §O105). ⚠️ 중단(STOP) 행은 개발원천에 이 컬럼이 없어 **NULL** 이다 — 이는 구조적 부재이며 0·'미상' 으로 대체 해석하지 않는다(`R2-7-1`). 🟢 **전환으로 NULL 의 의미가 바뀌지 않았다**(전환 前 라이브 실측 = STOP 행에서 이 축은 이미 전건 NULL · `'(미매핑)'` 0건 — `DIM_CAMPAIGN` SK=0 시드가 이름 컬럼만 채우기 때문 · `R2-7-3`).,4762248,3687236,12,2026-10-08 02:09:18.846000
GOLD,WIDE_MEMBER_EVENT,CAMPAIGN_DOMESTIC_OVERSEAS,TEXT,캠페인 국내/통합/해외 라벨. 코드그룹 **MM295**. 🔴🔴 [2026-08-28 O105] **소스 = FACT_MEMBER_EVENT.CMPGN_TYPE1_NM_AT_EVENT (적재 시점 동결값)** — 종전 DIM_CAMPAIGN 실시간 조인에서 전환했다. 캠페인 마스터가 이후 정정·개칭돼도 **과거 개발이력 사건의 값은 바뀌지 않는다**(SV_MEMBER_EVENT 와 같은 축 · DEC-43 계열). 전환 시점 두 소스 값은 전건 동일했다(규모·근거 = 이슈원장 §O105). ⚠️ 중단(STOP) 행은 개발원천에 이 컬럼이 없어 **NULL** 이다 — 이는 구조적 부재이며 0·'미상' 으로 대체 해석하지 않는다(`R2-7-1`). 🟢 **전환으로 NULL 의 의미가 바뀌지 않았다**(전환 前 라이브 실측 = STOP 행에서 이 축은 이미 전건 NULL · `'(미매핑)'` 0건 — `DIM_CAMPAIGN` SK=0 시드가 이름 컬럼만 채우기 때문 · `R2-7-3`).,4762248,3687236,4,2026-10-08 02:09:18.846000
GOLD,WIDE_MEMBER_EVENT,CAMPAIGN_BIZ_CASE_TYPE,TEXT,캠페인 굿즈/기타/사례/사업 구분 라벨. 코드그룹 **MM296**. ⚠️ CAMPAIGN_DOMESTIC_OVERSEAS(유형1=국내/해외 축)와 다른 축이다 — 혼동 금지. 🔴🔴 [2026-08-28 O105] **소스 = FACT_MEMBER_EVENT.CMPGN_TYPE2_NM_AT_EVENT (적재 시점 동결값)** — 종전 DIM_CAMPAIGN 실시간 조인에서 전환했다. 캠페인 마스터가 이후 정정·개칭돼도 **과거 개발이력 사건의 값은 바뀌지 않는다**(SV_MEMBER_EVENT 와 같은 축 · DEC-43 계열). 전환 시점 두 소스 값은 전건 동일했다(규모·근거 = 이슈원장 §O105). ⚠️ 중단(STOP) 행은 개발원천에 이 컬럼이 없어 **NULL** 이다 — 이는 구조적 부재이며 0·'미상' 으로 대체 해석하지 않는다(`R2-7-1`). 🟢 **전환으로 NULL 의 의미가 바뀌지 않았다**(전환 前 라이브 실측 = STOP 행에서 이 축은 이미 전건 NULL · `'(미매핑)'` 0건 — `DIM_CAMPAIGN` SK=0 시드가 이름 컬럼만 채우기 때문 · `R2-7-3`).,4762248,3687236,4,2026-10-08 02:09:18.846000
GOLD,WIDE_MEMBER_EVENT,CAMPAIGN_MARKETING_CAMPAIGN,TEXT,마케팅캠페인명 라벨(Q16 해소). 🔴 광고비 결합은 이 라벨이 아니라 MKTG_CAMPAIGN_SK(FK)를 쓴다 — 라벨로 결합하면 안 된다(O44/O45). 🔴🔴 [2026-08-28 O105] **소스 = FACT_MEMBER_EVENT.MKTG_CMPGN_NM_AT_EVENT (적재 시점 동결값)** — 종전 DIM_CAMPAIGN 실시간 조인에서 전환했다. 캠페인 마스터가 이후 정정·개칭돼도 **과거 개발이력 사건의 값은 바뀌지 않는다**(SV_MEMBER_EVENT 와 같은 축 · DEC-43 계열). 전환 시점 두 소스 값은 전건 동일했다(규모·근거 = 이슈원장 §O105). ⚠️ 중단(STOP) 행은 개발원천에 이 컬럼이 없어 **NULL** 이다 — 이는 구조적 부재이며 0·'미상' 으로 대체 해석하지 않는다(`R2-7-1`). 🟢 **전환으로 NULL 의 의미가 바뀌지 않았다**(전환 前 라이브 실측 = STOP 행에서 이 축은 이미 전건 NULL · `'(미매핑)'` 0건 — `DIM_CAMPAIGN` SK=0 시드가 이름 컬럼만 채우기 때문 · `R2-7-3`).,4762248,3687236,552,2026-10-08 02:09:18.846000
GOLD,WIDE_MEMBER_EVENT,CAMPAIGN_CMMN_BRND,TEXT,공통브랜드 라벨. 코드그룹 **MM297**. ⚠️ 라벨이 MM293(개발인입경로)과 상당 중복되나 현업 확인상 별도 축으로 유지한다. 🔴🔴 [2026-08-28 O105] **소스 = FACT_MEMBER_EVENT.CMMN_BRND_NM_AT_EVENT (적재 시점 동결값)** — 종전 DIM_CAMPAIGN 실시간 조인에서 전환했다. 캠페인 마스터가 이후 정정·개칭돼도 **과거 개발이력 사건의 값은 바뀌지 않는다**(SV_MEMBER_EVENT 와 같은 축 · DEC-43 계열). 전환 시점 두 소스 값은 전건 동일했다(규모·근거 = 이슈원장 §O105). ⚠️ 중단(STOP) 행은 개발원천에 이 컬럼이 없어 **NULL** 이다 — 이는 구조적 부재이며 0·'미상' 으로 대체 해석하지 않는다(`R2-7-1`). 🟢 **전환으로 NULL 의 의미가 바뀌지 않았다**(전환 前 라이브 실측 = STOP 행에서 이 축은 이미 전건 NULL · `'(미매핑)'` 0건 — `DIM_CAMPAIGN` SK=0 시드가 이름 컬럼만 채우기 때문 · `R2-7-3`).,4762248,3687236,16,2026-10-08 02:09:18.846000
GOLD,WIDE_MEMBER_EVENT,CAMPAIGN_MKTG_UTM,TEXT,UTM 라벨. 코드사전이 아니라 원천 TM_CM_MKTNG_UTM(MK_UTM/MK_UTM_NM)과 연동된 값. ⚠️ 원천 미등재 코드가 많아 라벨 채움이 낮다 — **결측이 아니라 미등재**다. 🔴 채움 비율은 규칙7 상 여기 적지 않는다(재적재마다 stale 이 된다) ⇒ 조회로 확인하고 UTM별 분해가 부분집합임을 밝힐 것. 🔴🔴 [2026-08-28 O105] **소스 = FACT_MEMBER_EVENT.MKTG_UTM_NM_AT_EVENT (적재 시점 동결값)** — 종전 DIM_CAMPAIGN 실시간 조인에서 전환했다. 캠페인 마스터가 이후 정정·개칭돼도 **과거 개발이력 사건의 값은 바뀌지 않는다**(SV_MEMBER_EVENT 와 같은 축 · DEC-43 계열). 전환 시점 두 소스 값은 전건 동일했다(규모·근거 = 이슈원장 §O105). ⚠️ 중단(STOP) 행은 개발원천에 이 컬럼이 없어 **NULL** 이다 — 이는 구조적 부재이며 0·'미상' 으로 대체 해석하지 않는다(`R2-7-1`). 🟢 **전환으로 NULL 의 의미가 바뀌지 않았다**(전환 前 라이브 실측 = STOP 행에서 이 축은 이미 전건 NULL · `'(미매핑)'` 0건 — `DIM_CAMPAIGN` SK=0 시드가 이름 컬럼만 채우기 때문 · `R2-7-3`).,4762248,887716,247,2026-10-08 02:09:18.846000
GOLD,WIDE_MEMBER_EVENT,CAMPAIGN_SPNSR_DIV_CD,TEXT,세부캠페인 후원구분 원천코드. 코드그룹 **CM035**: 1=정기후원 · 2=일시후원. 🔴 라벨이 아니다 — 사람이 읽는 이름은 CAMPAIGN_SPNSR_DIV_NM. 🔴🔴 [2026-08-28 O105] **소스 = FACT_MEMBER_EVENT.SPNSR_DIV_CD_AT_EVENT (적재 시점 동결값)** — 종전 DIM_CAMPAIGN 실시간 조인에서 전환했다. 캠페인 마스터가 이후 정정·개칭돼도 **과거 개발이력 사건의 값은 바뀌지 않는다**(SV_MEMBER_EVENT 와 같은 축 · DEC-43 계열). 전환 시점 두 소스 값은 전건 동일했다(규모·근거 = 이슈원장 §O105). ⚠️ 중단(STOP) 행은 개발원천에 이 컬럼이 없어 **NULL** 이다 — 이는 구조적 부재이며 0·'미상' 으로 대체 해석하지 않는다(`R2-7-1`). 🟢 **전환으로 NULL 의 의미가 바뀌지 않았다**(전환 前 라이브 실측 = STOP 행에서 이 축은 이미 전건 NULL · `'(미매핑)'` 0건 — `DIM_CAMPAIGN` SK=0 시드가 이름 컬럼만 채우기 때문 · `R2-7-3`).,4762248,3688263,2,2026-10-08 02:09:18.846000
GOLD,WIDE_MEMBER_EVENT,CAMPAIGN_SPNSR_DIV_NM,TEXT,CAMPAIGN_SPNSR_DIV_CD 를 CM035 로 해소한 라벨(정기후원/일시후원). ⚠️ DIM_SPONSORSHIP.SPONSORSHIP_DIV_NAME(후원사업 축 CM035)과 코드사전은 같지만 **적용 대상이 다르다** — 이 컬럼은 세부캠페인 단위 구분이다. 🔴🔴 [2026-08-28 O105] **소스 = FACT_MEMBER_EVENT.SPNSR_DIV_NM_AT_EVENT (적재 시점 동결값)** — 종전 DIM_CAMPAIGN 실시간 조인에서 전환했다. 캠페인 마스터가 이후 정정·개칭돼도 **과거 개발이력 사건의 값은 바뀌지 않는다**(SV_MEMBER_EVENT 와 같은 축 · DEC-43 계열). 전환 시점 두 소스 값은 전건 동일했다(규모·근거 = 이슈원장 §O105). ⚠️ 중단(STOP) 행은 개발원천에 이 컬럼이 없어 **NULL** 이다 — 이는 구조적 부재이며 0·'미상' 으로 대체 해석하지 않는다(`R2-7-1`). 🟢 **전환으로 NULL 의 의미가 바뀌지 않았다**(전환 前 라이브 실측 = STOP 행에서 이 축은 이미 전건 NULL · `'(미매핑)'` 0건 — `DIM_CAMPAIGN` SK=0 시드가 이름 컬럼만 채우기 때문 · `R2-7-3`).,4762248,3688263,2,2026-10-08 02:09:18.846000
GOLD,WIDE_MEMBER_EVENT,CAMPAIGN_CPR_DIV_CD,TEXT,세부캠페인 법인구분 원천코드. 코드그룹 **CM019**: A=통합 · I=사단 · S=사복. 🔴 라벨이 아니다 — 사람이 읽는 이름은 CAMPAIGN_CPR_DIV_NM. 🔴 조직 계층의 법인(ORG_CORP)과 **다른 축**이다 — ORG_CORP 는 전건 비어 있고 이 축은 채워진다. 🔴🔴 [2026-08-28 O105] **소스 = FACT_MEMBER_EVENT.CPR_DIV_CD_AT_EVENT (적재 시점 동결값)** — 종전 DIM_CAMPAIGN 실시간 조인에서 전환했다. 캠페인 마스터가 이후 정정·개칭돼도 **과거 개발이력 사건의 값은 바뀌지 않는다**(SV_MEMBER_EVENT 와 같은 축 · DEC-43 계열). 전환 시점 두 소스 값은 전건 동일했다(규모·근거 = 이슈원장 §O105). ⚠️ 중단(STOP) 행은 개발원천에 이 컬럼이 없어 **NULL** 이다 — 이는 구조적 부재이며 0·'미상' 으로 대체 해석하지 않는다(`R2-7-1`). 🟢 **전환으로 NULL 의 의미가 바뀌지 않았다**(전환 前 라이브 실측 = STOP 행에서 이 축은 이미 전건 NULL · `'(미매핑)'` 0건 — `DIM_CAMPAIGN` SK=0 시드가 이름 컬럼만 채우기 때문 · `R2-7-3`).,4762248,3688263,3,2026-10-08 02:09:18.846000
GOLD,WIDE_MEMBER_EVENT,CAMPAIGN_CPR_DIV_NM,TEXT,CAMPAIGN_CPR_DIV_CD 를 CM019 로 해소한 라벨(통합/사단/사복). 🔴 조직 계층의 법인(ORG_CORP)과 **다른 축**이다 — 「법인별」 질문은 어느 축인지 먼저 가린다. 🔴🔴 [2026-08-28 O105] **소스 = FACT_MEMBER_EVENT.CPR_DIV_NM_AT_EVENT (적재 시점 동결값)** — 종전 DIM_CAMPAIGN 실시간 조인에서 전환했다. 캠페인 마스터가 이후 정정·개칭돼도 **과거 개발이력 사건의 값은 바뀌지 않는다**(SV_MEMBER_EVENT 와 같은 축 · DEC-43 계열). 전환 시점 두 소스 값은 전건 동일했다(규모·근거 = 이슈원장 §O105). ⚠️ 중단(STOP) 행은 개발원천에 이 컬럼이 없어 **NULL** 이다 — 이는 구조적 부재이며 0·'미상' 으로 대체 해석하지 않는다(`R2-7-1`). 🟢 **전환으로 NULL 의 의미가 바뀌지 않았다**(전환 前 라이브 실측 = STOP 행에서 이 축은 이미 전건 NULL · `'(미매핑)'` 0건 — `DIM_CAMPAIGN` SK=0 시드가 이름 컬럼만 채우기 때문 · `R2-7-3`).,4762248,3688263,3,2026-10-08 02:09:18.846000
GOLD,WIDE_MEMBER_EVENT,SPONSORSHIP_BK,TEXT,DIM_SPONSORSHIP.SPONSORSHIP_BK — 후원사업 업무키,4762248,4762248,30,2026-10-08 02:09:18.846000
GOLD,WIDE_MEMBER_EVENT,SPONSORSHIP_NAME,TEXT,DIM_SPONSORSHIP.SPONSORSHIP_NAME — 후원사업 전체 (#123),4762248,4762248,30,2026-10-08 02:09:18.846000
GOLD,WIDE_MEMBER_EVENT,SPONSORSHIP_DIV_NAME,TEXT,[2026-08-19 O89] 후원사업 분류 **최상위** — 정기일시후원구분 라벨(코드사전 CM035): 정기후원 · 일시후원. 3계층 = DIV_NAME → GROUP_NAME → SPONSORSHIP_NAME. 🟢DEV 브랜치는 O45 로 배선돼 **분류별 개발실적 집계가 된다.** ⚠️STOP 브랜치는 `SPONSORSHIP_SK` 센티넬 0 이라 `'(미매핑)'` 이다 — 중단 분해는 개발원천 코드5 경로를 쓸 것(DEC-32 철회·O47). 🔴DEV·STOP 을 합산하면 이중계상이다(O24).,4762248,4759519,2,2026-10-08 02:09:18.846000
GOLD,WIDE_MEMBER_EVENT,SPONSORSHIP_GROUP_NAME,TEXT,"[2026-08-19 O89] 후원사업 분류 **중위** — SPONSORSHIP_ABBR(코드)을 코드사전 CM003(후원약칭)으로 해소한 라벨: 국내 · 결연 · 해외구호 · 북한 · 기타 · 해외 · 선물금(미사용). 사업수 17/1/6/3/21/2 = 50. 🔴🔴**이 컬럼 단독으로 「해외」를 집계하지 말 것** — 해외구호(3)와 해외(6)가 갈라지고 6은 정기일시=일시후원에서만 나타난다 ⇒ 정확한 분류축은 **(DIV_NAME, GROUP_NAME) 쌍**이다. ⚠️STOP 브랜치 센티넬은 위 DIV_NAME 주석과 동일.",4762248,4759519,5,2026-10-08 02:09:18.846000
GOLD,WIDE_MEMBER_EVENT,SPONSORSHIP_CPR_DIV_CD,TEXT,[2026-10-06 O202 · 사용자 결정] **후원사업 법인구분** 원천코드(코드그룹 CM019: A=통합 · I=사단 · S=사복). MSTR 법인 축과 같은 원천(TM_CM_SPNSR_BSNS_INFO.CPR_DIV_CD)이다. 🔴 「법인·사단·사복」 질의의 **기본 축** — CAMPAIGN_CPR_DIV_*(세부캠페인 법인)·ORG_CORP(조직 법인)와 다른 축이다. ⚠️ STOP 행은 후원사업 미배선분이 SK=0 이라 NULL 이다.,4762248,4759519,2,2026-10-08 02:09:18.846000
GOLD,WIDE_MEMBER_EVENT,SPONSORSHIP_CPR_DIV_NM,TEXT,SPONSORSHIP_CPR_DIV_CD 를 CM019 로 해소한 라벨(통합/사단/사복). 「사단법인」=사단 · 「사회복지법인」=사복. 🔴 법인 질의 기본 축(O202) — 세부캠페인 법인(CAMPAIGN_CPR_DIV_NM)으로 답하지 마라.,4762248,4759519,2,2026-10-08 02:09:18.846000
GOLD,WIDE_MEMBER_EVENT,ORG_CORP,TEXT,DIM_ORG.CORP — 법인 (#114). 🔴DIM_ORG 는 **SCD1**(DEC-2)이라 as-was 가 아니다 — 조직 개편 시 과거 사건에도 **현재 조직명**이 붙는다(조직 변경이력 원천·as-was 요구가 없어 SCD1 로 확정). 🔴🔴[O51-D 실측] **전건 NULL** — 원인은 팩트가 아니라 **차원 컬럼 자체가 비어 있다**: `DIM_ORG.CORP`. `DIM_ORG` 는 **DEPARTMENT 만 채워져 있고 CORP·DIVISION·TEAM 은 전건 비어 있다.** 부서 코드에서 상위 계층을 유도하는 규칙이 미확정이다(CONF-4) ⇒ **조직 계층 분석은 현재 불가**하고 부서 단위까지만 된다. 실측 규모는 이슈원장 §O51-D-C.,4762248,0,0,2026-10-08 02:09:18.846000
GOLD,WIDE_MEMBER_EVENT,ORG_DIVISION,TEXT,DIM_ORG.DIVISION — 본부/지부 (#115). 🔴SCD1(DEC-2) — current-value 이며 as-was 가 아니다. 🔴🔴[O51-D 실측] **전건 NULL** — 원인은 팩트가 아니라 **차원 컬럼 자체가 비어 있다**: `DIM_ORG.DIVISION`. `DIM_ORG` 는 **DEPARTMENT 만 채워져 있고 CORP·DIVISION·TEAM 은 전건 비어 있다.** 부서 코드에서 상위 계층을 유도하는 규칙이 미확정이다(CONF-4) ⇒ **조직 계층 분석은 현재 불가**하고 부서 단위까지만 된다. 실측 규모는 이슈원장 §O51-D-C.,4762248,0,0,2026-10-08 02:09:18.846000
GOLD,WIDE_MEMBER_EVENT,ORG_DEPARTMENT,TEXT,DIM_ORG.DEPARTMENT — 부서 (#116). 🔴SCD1(DEC-2) — current-value 이며 as-was 가 아니다. 🔴🔴「부서」는 축이 둘이다 — 이 컬럼은 **사건 부서**이고 획득 부서는 DIM_MEMBER_ACQUISITION.ACQ_DEPARTMENT 다(O34). 🔴[O51-D 실측] `'(미매핑)'` 이 **다수**다 — 중단원천 행은 부서가 없다. 부서별 집계 시 이 그룹이 상위권 규모로 나타나며 **실재 부서가 아니다.** 실측 규모는 이슈원장 §O51-D-C.,4762248,4762248,285,2026-10-08 02:09:18.846000
GOLD,WIDE_MEMBER_EVENT,ORG_TEAM,TEXT,DIM_ORG.TEAM — 팀. 🔴SCD1(DEC-2) — current-value 이며 as-was 가 아니다. 🔴🔴[O51-D 실측] **전건 NULL** — 원인은 팩트가 아니라 **차원 컬럼 자체가 비어 있다**: `DIM_ORG.TEAM`. `DIM_ORG` 는 **DEPARTMENT 만 채워져 있고 CORP·DIVISION·TEAM 은 전건 비어 있다.** 부서 코드에서 상위 계층을 유도하는 규칙이 미확정이다(CONF-4) ⇒ **조직 계층 분석은 현재 불가**하고 부서 단위까지만 된다. 실측 규모는 이슈원장 §O51-D-C.,4762248,0,0,2026-10-08 02:09:18.846000
GOLD,WIDE_MEMBER_EVENT,REASON_CODE,TEXT,DIM_REASON.REASON_CODE — 사유코드,4762248,4762248,21,2026-10-08 02:09:18.846000
GOLD,WIDE_MEMBER_EVENT,REASON_NAME,TEXT,DIM_REASON.REASON_NAME — 중단/미납사유,4762248,4762248,21,2026-10-08 02:09:18.846000
GOLD,WIDE_MEMBER_EVENT,REASON_TYPE,TEXT,DIM_REASON.REASON_TYPE — 중단/미납 구분,4762248,1073967,1,2026-10-08 02:09:18.846000
GOLD,DIM_SPONSORSHIP,SPONSORSHIP_SK,NUMBER,"후원사업 대리키 (ETL 일련번호, PK)",51,51,49,2026-10-08 02:09:17.527000
GOLD,DIM_SPONSORSHIP,SPONSORSHIP_BK,TEXT,"후원사업 업무키(BK, 자연키)",51,51,51,2026-10-08 02:09:17.527000
GOLD,DIM_SPONSORSHIP,SPONSORSHIP_NAME,TEXT,후원사업 전체(#123),51,51,51,2026-10-08 02:09:17.527000
GOLD,DIM_SPONSORSHIP,SPONSORSHIP_ABBR,TEXT,약칭 (#124). 코드id:CM003.,51,50,6,2026-10-08 02:09:17.527000
GOLD,DIM_SPONSORSHIP,SPONSORSHIP_DIV_CD,TEXT,SPONSORSHIP_DIV_CD. 코드id:CM035.,51,50,2,2026-10-08 02:09:17.527000
GOLD,DIM_SPONSORSHIP,SPONSORSHIP_DIV_NAME,TEXT,정기일시후원구분명. 코드id:CM035.,51,50,2,2026-10-08 02:09:17.527000
GOLD,DIM_SPONSORSHIP,SPONSORSHIP_GROUP_NAME,TEXT,후원약칭명. 코드id:CM003.,51,50,6,2026-10-08 02:09:17.527000
GOLD,DIM_SPONSORSHIP,SPONSORSHIP_GROUP4_NAME,TEXT,후원사업 4그룹(ML 요건 · 국내/결연/해외프로젝트/기타) — CM003 라벨 접기: 해외구호·해외→해외프로젝트 · 북한→기타(사용자 결정 §4 #2 · 문서20 F-2). 규칙 밖 라벨은 NULL,51,50,4,2026-10-08 02:09:17.527000
GOLD,DIM_SPONSORSHIP,SORT_ORDR,NUMBER,정렬순서 [SILVER.CRM_SPONSORSHIP 승계 · 원천 BRONZE_CRM.TM_CM_SPNSR_BSNS_INFO],51,50,33,2026-10-08 02:09:17.527000
GOLD,DIM_SPONSORSHIP,USE_YN,TEXT,사용여부 [SILVER.CRM_SPONSORSHIP 승계 · 원천 BRONZE_CRM.TM_CM_SPNSR_BSNS_INFO],51,50,2,2026-10-08 02:09:17.527000
GOLD,DIM_SPONSORSHIP,CPR_DIV_CD,TEXT,[O202] 후원사업 법인구분 코드(CM019: A 통합 · I 사단 · S 사복) — MSTR 법인 축. 코드id:CM019. [SILVER.CRM_SPONSORSHIP 승계],51,50,2,2026-10-08 02:09:17.527000
GOLD,DIM_SPONSORSHIP,CPR_DIV_NM,TEXT,[O202] 후원사업 법인구분명(통합/사단/사복). 코드id:CM019. 🔴 세부캠페인 법인(FACT_MEMBER_EVENT.CPR_DIV_*_AT_EVENT)과 다른 축.,51,50,2,2026-10-08 02:09:17.527000
GOLD,DIM_BIGQUERY_EVENT,BIGQUERY_EVENT_SK,NUMBER,"BigQuery 이벤트 대리키 (ETL 일련번호, PK)",43758,43758,43858,2026-10-08 02:09:15.722000
GOLD,DIM_BIGQUERY_EVENT,EVENT_CATEGORY,TEXT,이벤트 카테고리(#99),43758,43757,341,2026-10-08 02:09:15.722000
GOLD,DIM_BIGQUERY_EVENT,EVENT_LABEL,TEXT,이벤트 라벨(#100),43758,43740,33895,2026-10-08 02:09:15.722000
GOLD,DIM_BIGQUERY_EVENT,EVENT_ACTION,TEXT,이벤트 액션(#101),43758,43756,2472,2026-10-08 02:09:15.722000
GOLD,DIM_SERVICE,SERVICE_SK,NUMBER,"서비스 대리키 (ETL 일련번호, PK)",11,11,11,2026-10-08 02:09:14.537000
GOLD,DIM_SERVICE,SUBTYPE,TEXT,발송/참여 subtype,11,9,5,2026-10-08 02:09:14.537000
GOLD,DIM_SERVICE,CHANNEL,TEXT,CHANNEL.,11,11,5,2026-10-08 02:09:14.537000
GOLD,WIDE_AD_COMBINED,AD_PERF_DK,TEXT,행 식별자(GRAIN·PK) MD5(AD_SOURCE_TYPE|ROW_HASH|DUP_SEQ). 위성 3종 조인키. 발급지점=SILVER.AGENCY_AD_ROW_* (DEC-11),271357,271357,271055,2026-10-08 02:09:11.725000
GOLD,WIDE_AD_COMBINED,PERF_DATE_SK,NUMBER,"실적일 (분석축, FK→DIM_DATE)",271357,271357,1388,2026-10-08 02:09:11.725000
GOLD,WIDE_AD_COMBINED,CAMPAIGN_SK,NUMBER,"캠페인 (분석축, FK→DIM_CAMPAIGN). ⚠️현재 0 스캐폴드 — Q10 이름매칭 대기",271357,271357,1,2026-10-08 02:09:11.725000
GOLD,WIDE_AD_COMBINED,MKTG_CAMPAIGN_SK,NUMBER,[O45] 마케팅캠페인 대리키 (FK→DIM_MARKETING_CAMPAIGN). 광고↔CRM 결합축. 🔴미도달 행은 0(미매핑) 버킷이며 이 버킷을 「미집행」으로 읽지 말 것 — 도달률 실측은 이슈원장 §O45. 🔴개발캠페인(CAMPAIGN_SK) grain 결합 금지 — 광고비가 대규모로 팬아웃한다(배수 실측 = 이슈원장 §O45).,271357,271357,77,2026-10-08 02:09:11.725000
GOLD,WIDE_AD_COMBINED,AD_CREATIVE_SK,NUMBER,"광고소재/매체 (분석축, FK→DIM_AD_CREATIVE). ⚠️현재 0 스캐폴드 — 부분키 매칭 설계 대기",271357,271357,1,2026-10-08 02:09:11.725000
GOLD,WIDE_AD_COMBINED,DEVICE_SK,NUMBER,"디바이스 (분석축, FK→DIM_DEVICE). DEC-10 실배선: 실기기 해시SK / 방송=(해당없음) / 미매핑=0",271357,271357,3,2026-10-08 02:09:11.725000
GOLD,WIDE_AD_COMBINED,AD_COST,NUMBER,광고비(원) (#6). 원천별 컬럼 상이 — COST_TYPE 은 SILVER 보유,271357,261544,108244,2026-10-08 02:09:11.725000
GOLD,WIDE_AD_COMBINED,IMPRESSIONS,NUMBER,노출수 (#23). DIGITAL 전용(방송 원천 부재),271357,224024,63515,2026-10-08 02:09:11.725000
GOLD,WIDE_AD_COMBINED,CLICKS,NUMBER,"클릭수(행동 횟수, ≠회원명) (#24). DIGITAL 전용. CTR 분자 공#9",271357,223964,3892,2026-10-08 02:09:11.725000
GOLD,WIDE_AD_COMBINED,INBOUND_CALL,NUMBER,"인입콜 (#25). REBRDC(TEXT→TRY_TO_NUMBER)·VIDEO 보유, DGT 부재",271357,22704,225,2026-10-08 02:09:11.725000
GOLD,WIDE_AD_COMBINED,AGENCY_CONV_MEMBERS,NUMBER,대행사 전환수(명) — **DIGITAL 전용**. ⚠️O16 교정(2026-07-28): 종전에 REBRDC 개발회원수가 혼입돼 있었다 — 재방송 개발실적은 FACT_AD_BROADCAST.DVLP_MEMBER_CNT 로 이관했다. 혼입 규모 = 이슈원장 §O16.,271357,221022,53,2026-10-08 02:09:11.725000
GOLD,WIDE_AD_COMBINED,AGENCY_CONV_CNT,NUMBER,대행사 전환수(건/VU) — **DIGITAL 전용**. ⚠️O16 교정(2026-07-28): 종전에 REBRDC 개발건수가 혼입돼 있었고 그 비중이 과반이었다 → FACT_AD_BROADCAST.DVLP_CNT 로 이관. 혼입 규모 = 이슈원장 §O16. ⚠️합계가 소수로 나오므로 건수가 아니다 — 어의 현업확인 잔여(O5).,271357,221089,200,2026-10-08 02:09:11.725000
GOLD,WIDE_AD_COMBINED,DAY_OF_WEEK,TEXT,"요일 (degen, AD_DATE 파생)",271357,271357,7,2026-10-08 02:09:11.725000
GOLD,WIDE_AD_COMBINED,WEEK_OF_YEAR,NUMBER,"주차 (degen, AD_DATE 파생)",271357,271357,52,2026-10-08 02:09:11.725000
GOLD,WIDE_AD_COMBINED,AD_SOURCE_TYPE,TEXT,광고유형 DIGITAL/VIDEO/REBROADCAST (degen). 출처 명시축(DEC-8·§3-A-4) — DW_SOURCE_SYSTEM(시스템 출처)과 2단 추적. DEVICE_TYPE=(해당없음) 행의 방송 여부 판별 수단,271357,271357,3,2026-10-08 02:09:11.725000
GOLD,WIDE_AD_COMBINED,PAGE_TYPE,TEXT,페이지유형 ← DGT.PAGE_TYPE_NM ⚠️[WIDE_AD_COMBINED] 디지털 원천 전용 컬럼이다 — 방송행(AD_SOURCE_TYPE 이 디지털이 아닌 행)은 **NULL 이며 그것은 결측이 아니라 원천 부재**다(위성 완전분할). 혼합 집계 전에 AD_SOURCE_TYPE 으로 스코프할 것.,271357,1043,3,2026-10-08 02:09:11.725000
GOLD,WIDE_AD_COMBINED,AD_GROUP_NM,TEXT,광고그룹명 ← DGT.AD_GRP_NM ⚠️[WIDE_AD_COMBINED] 디지털 원천 전용 컬럼이다 — 방송행(AD_SOURCE_TYPE 이 디지털이 아닌 행)은 **NULL 이며 그것은 결측이 아니라 원천 부재**다(위성 완전분할). 혼합 집계 전에 AD_SOURCE_TYPE 으로 스코프할 것.,271357,3308,31,2026-10-08 02:09:11.725000
GOLD,WIDE_AD_COMBINED,GROUP_DIV,TEXT,그룹구분 ← DGT.GRP_DIV_NM ⚠️[WIDE_AD_COMBINED] 디지털 원천 전용 컬럼이다 — 방송행(AD_SOURCE_TYPE 이 디지털이 아닌 행)은 **NULL 이며 그것은 결측이 아니라 원천 부재**다(위성 완전분할). 혼합 집계 전에 AD_SOURCE_TYPE 으로 스코프할 것.,271357,0,0,2026-10-08 02:09:11.725000
GOLD,WIDE_AD_COMBINED,CREATIVE_TYPE,TEXT,소재유형 ← DGT.MATR_TY_NM ⚠️[WIDE_AD_COMBINED] 디지털 원천 전용 컬럼이다 — 방송행(AD_SOURCE_TYPE 이 디지털이 아닌 행)은 **NULL 이며 그것은 결측이 아니라 원천 부재**다(위성 완전분할). 혼합 집계 전에 AD_SOURCE_TYPE 으로 스코프할 것.,271357,105436,5,2026-10-08 02:09:11.725000
GOLD,WIDE_AD_COMBINED,AD_TYPE_NM,TEXT,광고유형명(대행사 표기) ← DGT.AD_TY_NM. ⚠️코어 AD_SOURCE_TYPE(원천 출처축 DIGITAL/VIDEO/REBROADCAST)과 다른 개념 ⚠️[WIDE_AD_COMBINED] 디지털 원천 전용 컬럼이다 — 방송행(AD_SOURCE_TYPE 이 디지털이 아닌 행)은 **NULL 이며 그것은 결측이 아니라 원천 부재**다(위성 완전분할). 혼합 집계 전에 AD_SOURCE_TYPE 으로 스코프할 것.,271357,221131,7,2026-10-08 02:09:11.725000
GOLD,WIDE_AD_COMBINED,READ_CNT,NUMBER,읽음수 ← DGT.READ_CNT (가산) ⚠️[WIDE_AD_COMBINED] 디지털 원천 전용 컬럼이다 — 방송행(AD_SOURCE_TYPE 이 디지털이 아닌 행)은 **NULL 이며 그것은 결측이 아니라 원천 부재**다(위성 완전분할). 혼합 집계 전에 AD_SOURCE_TYPE 으로 스코프할 것.,271357,9125,3252,2026-10-08 02:09:11.725000
GOLD,WIDE_AD_COMBINED,MEDIA_POTENTIAL_CUST_CNT,NUMBER,매체 잠재고객수 ← DGT.MEDIA_PTNT_CUST_CNT (가산) ⚠️[WIDE_AD_COMBINED] 디지털 원천 전용 컬럼이다 — 방송행(AD_SOURCE_TYPE 이 디지털이 아닌 행)은 **NULL 이며 그것은 결측이 아니라 원천 부재**다(위성 완전분할). 혼합 집계 전에 AD_SOURCE_TYPE 으로 스코프할 것. 🆕🔴🔴[2026-09-01 O129 보강] **디지털행도 전건 NULL 이다** — 원천 `BRONZE_AGENCY.DGT_AD_CMPGN_DTLS.MEDIA_PTNT_CUST_CNT` 는 컬럼은 실재하고 **값이 전건 공백**(대행사 미보고)이다. ⇒ 🔴 스코프를 디지털로 좁혀도 값은 나오지 않는다 — 이 컬럼은 현재 **어떤 스코프에서도 집계 불가**다(0/'해당없음' 대체 해석 금지 · P21). 정본 = 문서30 §7-C.,271357,0,0,2026-10-08 02:09:11.725000
GOLD,WIDE_AD_COMBINED,CRM_DEV_CNT,NUMBER,CRM 개발건수 ← DGT.CRM_DVLP_CNT (가산) ⚠️[WIDE_AD_COMBINED] 디지털 원천 전용 컬럼이다 — 방송행(AD_SOURCE_TYPE 이 디지털이 아닌 행)은 **NULL 이며 그것은 결측이 아니라 원천 부재**다(위성 완전분할). 혼합 집계 전에 AD_SOURCE_TYPE 으로 스코프할 것.,271357,0,0,2026-10-08 02:09:11.725000
GOLD,WIDE_AD_COMBINED,CTR_SRC,NUMBER,[비가산 N] 대행사 산정 CTR ← DGT.CTR. DW 재계산=CLICKS/IMPRESSIONS ⚠️[WIDE_AD_COMBINED] 디지털 원천 전용 컬럼이다 — 방송행(AD_SOURCE_TYPE 이 디지털이 아닌 행)은 **NULL 이며 그것은 결측이 아니라 원천 부재**다(위성 완전분할). 혼합 집계 전에 AD_SOURCE_TYPE 으로 스코프할 것.,271357,19264,9113,2026-10-08 02:09:11.725000
GOLD,WIDE_AD_COMBINED,CVR_SRC,NUMBER,[비가산 N] 대행사 산정 CVR ← DGT.CVR. DW 재계산=AGENCY_CONV_MEMBERS/CLICKS (O5 확정) ⚠️[WIDE_AD_COMBINED] 디지털 원천 전용 컬럼이다 — 방송행(AD_SOURCE_TYPE 이 디지털이 아닌 행)은 **NULL 이며 그것은 결측이 아니라 원천 부재**다(위성 완전분할). 혼합 집계 전에 AD_SOURCE_TYPE 으로 스코프할 것.,271357,19264,1877,2026-10-08 02:09:11.725000
GOLD,WIDE_AD_COMBINED,CPC_CLICK_SRC,NUMBER,[비가산 N] 대행사 산정 **클릭당** 단가 ← DGT.CPC(O174 개명 · 방송 CPC_CALL_SRC 와 분모가 다르다 ⇒ 합산 금지). DW 재계산=AD_COST/CLICKS ⚠️[WIDE_AD_COMBINED] 디지털 원천 전용 컬럼이다 — 방송행(AD_SOURCE_TYPE 이 디지털이 아닌 행)은 **NULL 이며 그것은 결측이 아니라 원천 부재**다(위성 완전분할). 혼합 집계 전에 AD_SOURCE_TYPE 으로 스코프할 것.,271357,191984,141440,2026-10-08 02:09:11.725000
GOLD,WIDE_AD_COMBINED,CPM_SRC,NUMBER,[비가산 N] 대행사 산정 CPM ← DGT.CPM. DW 재계산=AD_COST/IMPRESSIONS×1000 ⚠️[WIDE_AD_COMBINED] 디지털 원천 전용 컬럼이다 — 방송행(AD_SOURCE_TYPE 이 디지털이 아닌 행)은 **NULL 이며 그것은 결측이 아니라 원천 부재**다(위성 완전분할). 혼합 집계 전에 AD_SOURCE_TYPE 으로 스코프할 것.,271357,215286,183669,2026-10-08 02:09:11.725000
GOLD,WIDE_AD_COMBINED,CPA_SRC,NUMBER,[비가산 N] 대행사 산정 CPA ← DGT.CPA. DW 재계산=AD_COST/AGENCY_CONV_CNT ⚠️[WIDE_AD_COMBINED] 디지털 원천 전용 컬럼이다 — 방송행(AD_SOURCE_TYPE 이 디지털이 아닌 행)은 **NULL 이며 그것은 결측이 아니라 원천 부재**다(위성 완전분할). 혼합 집계 전에 AD_SOURCE_TYPE 으로 스코프할 것.,271357,72694,42699,2026-10-08 02:09:11.725000
GOLD,WIDE_AD_COMBINED,DEV_UNIT_PRICE_SRC,NUMBER,[비가산 N] 대행사 산정 개발단가 ← DGT.DEV_UNIT_PRICE. DW 재계산=AD_COST/개발건수 ⚠️[WIDE_AD_COMBINED] 디지털 원천 전용 컬럼이다 — 방송행(AD_SOURCE_TYPE 이 디지털이 아닌 행)은 **NULL 이며 그것은 결측이 아니라 원천 부재**다(위성 완전분할). 혼합 집계 전에 AD_SOURCE_TYPE 으로 스코프할 것.,271357,72693,44044,2026-10-08 02:09:11.725000
GOLD,WIDE_AD_COMBINED,VTR_SRC,NUMBER,[비가산 N] 대행사 산정 VTR ← DGT.VTR. base 부재로 재계산 불가(대조 대상 아닌 유일값) ⚠️[WIDE_AD_COMBINED] 디지털 원천 전용 컬럼이다 — 방송행(AD_SOURCE_TYPE 이 디지털이 아닌 행)은 **NULL 이며 그것은 결측이 아니라 원천 부재**다(위성 완전분할). 혼합 집계 전에 AD_SOURCE_TYPE 으로 스코프할 것.,271357,9125,6378,2026-10-08 02:09:11.725000
GOLD,WIDE_AD_COMBINED,TIME_BAND,TEXT,시간대 ← VIDEO.TIME_RNG / REBRDC.TIME_RNG_DIV_NM(1순위)·BRDC_TIME(대체). 코어에서 이관(종전 CAST(NULL) 하드코딩) ⚠️[WIDE_AD_COMBINED] 방송 원천 전용 컬럼이다 — 디지털행은 **NULL 이며 결측이 아니라 원천 부재**다. 혼합 집계 전에 AD_SOURCE_TYPE 으로 스코프할 것.,271357,38875,82,2026-10-08 02:09:11.725000
GOLD,WIDE_AD_COMBINED,CM_POSITION,TEXT,CM위치 ← VIDEO.CM_AREA [VIDEO 전용]. 코어에서 이관 ⚠️[WIDE_AD_COMBINED] 방송 원천 전용 컬럼이다 — 디지털행은 **NULL 이며 결측이 아니라 원천 부재**다. 혼합 집계 전에 AD_SOURCE_TYPE 으로 스코프할 것.,271357,34437,16,2026-10-08 02:09:11.725000
GOLD,WIDE_AD_COMBINED,RT_TYPE,TEXT,RT(재방송)유형 ← REBRDC.DIV_NM(재송출/방송 · O182 재편 전 RE_BRDC_TY_NM) [REBRDC 전용]. 코어에서 이관 ⚠️[WIDE_AD_COMBINED] 방송 원천 전용 컬럼이다 — 디지털행은 **NULL 이며 결측이 아니라 원천 부재**다. 혼합 집계 전에 AD_SOURCE_TYPE 으로 스코프할 것.,271357,2111,2,2026-10-08 02:09:11.725000
GOLD,WIDE_AD_COMBINED,AD_START_TIME,TEXT,"광고시작시간 ← VIDEO.AD_STRT_TIME [VIDEO 전용]. 코어에서 이관 🔴🔴[WIDE_AD_COMBINED] **VIDEO(본방송) 전용이다** — 재방송(REBRDC) 원천에는 이 컬럼이 **아예 없다**(BRONZE `REBRDC_AD_CMPGN_DTLS` 에 시각 컬럼 부재 · 보유 항목은 방송시간·방송월뿐). 따라서 재방송행의 NULL 은 적재 지연이 아니라 **해당 없음**이다(P20 3분류). 시각 기반 분석은 VIDEO 로 스코프하고, 재방송을 포함한 시간대 분석은 TIME_BAND 를 쓸 것. 전용축 판정 근거 = 이슈원장 §429.",271357,35440,23645,2026-10-08 02:09:11.725000
GOLD,WIDE_AD_COMBINED,AD_END_TIME,TEXT,"광고종료시간 ← VIDEO.AD_END_TIME [VIDEO 전용]. 신규 노출 🔴🔴[WIDE_AD_COMBINED] **VIDEO(본방송) 전용이다** — 재방송(REBRDC) 원천에는 이 컬럼이 **아예 없다**(BRONZE `REBRDC_AD_CMPGN_DTLS` 에 시각 컬럼 부재 · 보유 항목은 방송시간·방송월뿐). 따라서 재방송행의 NULL 은 적재 지연이 아니라 **해당 없음**이다(P20 3분류). 시각 기반 분석은 VIDEO 로 스코프하고, 재방송을 포함한 시간대 분석은 TIME_BAND 를 쓸 것. 전용축 판정 근거 = 이슈원장 §429.",271357,17712,13136,2026-10-08 02:09:11.725000
GOLD,WIDE_AD_COMBINED,PROGRAM_NM,TEXT,프로그램/편성명 ← VIDEO.SCHDL_NM / REBRDC.BRDC_NM ⚠️[WIDE_AD_COMBINED] 방송 원천 전용 컬럼이다 — 디지털행은 **NULL 이며 결측이 아니라 원천 부재**다. 혼합 집계 전에 AD_SOURCE_TYPE 으로 스코프할 것.,271357,37735,1851,2026-10-08 02:09:11.725000
GOLD,WIDE_AD_COMBINED,CHANNEL_COMPANY,TEXT,채널사 ← VIDEO.CHNNL_NM / REBRDC.CHNNL_CMPNY ⚠️[WIDE_AD_COMBINED] 방송 원천 전용 컬럼이다 — 디지털행은 **NULL 이며 결측이 아니라 원천 부재**다. 혼합 집계 전에 AD_SOURCE_TYPE 으로 스코프할 것.,271357,50226,61,2026-10-08 02:09:11.725000
GOLD,WIDE_AD_COMBINED,CHANNEL_COMPANY_TYPE,TEXT,채널사유형 ← VIDEO.CHNNL_CMPNY_TY_NM [VIDEO 전용] ⚠️[WIDE_AD_COMBINED] 방송 원천 전용 컬럼이다 — 디지털행은 **NULL 이며 결측이 아니라 원천 부재**다. 혼합 집계 전에 AD_SOURCE_TYPE 으로 스코프할 것.,271357,44707,9,2026-10-08 02:09:11.725000
GOLD,WIDE_AD_COMBINED,SPOT_TYPE,TEXT,SPOT유형 ← VIDEO.SPOT_TY [VIDEO 전용] ⚠️[WIDE_AD_COMBINED] 방송 원천 전용 컬럼이다 — 디지털행은 **NULL 이며 결측이 아니라 원천 부재**다. 혼합 집계 전에 AD_SOURCE_TYPE 으로 스코프할 것.,271357,16709,4,2026-10-08 02:09:11.725000
GOLD,WIDE_AD_COMBINED,DURATION_SEC,NUMBER,🔴 광고 초수 ← VIDEO.AD_SEC(TEXT→TRY_TO_NUMBER) [VIDEO 전용] — **현재 값 신뢰 금지(O29)**. 적재값의 스케일이 「초」로 읽으면 맞지 않는다(µs 해석 유력하나 미확정·현업 확인 대기). 원천 HH:MM:SS 형식 행이 캐스팅에서 무성 소실돼 유효 커버리지가 매우 낮다(파싱하면 대부분 회복) — 규모 실측은 이슈원장 §O29. REBRDC NULL 은 결손이 아니라 원천 부재. ⚠️[WIDE_AD_COMBINED] 방송 원천 전용 컬럼이다 — 디지털행은 **NULL 이며 결측이 아니라 원천 부재**다. 혼합 집계 전에 AD_SOURCE_TYPE 으로 스코프할 것.,271357,35660,4,2026-10-08 02:09:11.725000
GOLD,WIDE_AD_COMBINED,DAY_DIV,TEXT,요일구분 평일/주말 ← VIDEO.DAY_DIV_NM [VIDEO 전용] ⚠️[WIDE_AD_COMBINED] 방송 원천 전용 컬럼이다 — 디지털행은 **NULL 이며 결측이 아니라 원천 부재**다. 혼합 집계 전에 AD_SOURCE_TYPE 으로 스코프할 것.,271357,36764,3,2026-10-08 02:09:11.725000
GOLD,WIDE_AD_COMBINED,PRG_START_TIME,TEXT,"프로그램 시작시간 ← VIDEO.PRG_STRT_TIME [VIDEO 전용] 🔴🔴[WIDE_AD_COMBINED] **VIDEO(본방송) 전용이다** — 재방송(REBRDC) 원천에는 이 컬럼이 **아예 없다**(BRONZE `REBRDC_AD_CMPGN_DTLS` 에 시각 컬럼 부재 · 보유 항목은 방송시간·방송월뿐). 따라서 재방송행의 NULL 은 적재 지연이 아니라 **해당 없음**이다(P20 3분류). 시각 기반 분석은 VIDEO 로 스코프하고, 재방송을 포함한 시간대 분석은 TIME_BAND 를 쓸 것. 전용축 판정 근거 = 이슈원장 §429.",271357,34621,1602,2026-10-08 02:09:11.725000
GOLD,WIDE_AD_COMBINED,CTV_DIV,TEXT,CTV구분 ← VIDEO.CTV_DIV_NM [VIDEO 전용] ⚠️[WIDE_AD_COMBINED] 방송 원천 전용 컬럼이다 — 디지털행은 **NULL 이며 결측이 아니라 원천 부재**다. 혼합 집계 전에 AD_SOURCE_TYPE 으로 스코프할 것.,271357,48115,4,2026-10-08 02:09:11.725000
GOLD,WIDE_AD_COMBINED,BRDC_DIV,TEXT,방송구분 ← REBRDC.BRDC_DIV_NM [REBRDC 전용] ⚠️[WIDE_AD_COMBINED] 방송 원천 전용 컬럼이다 — 디지털행은 **NULL 이며 결측이 아니라 원천 부재**다. 혼합 집계 전에 AD_SOURCE_TYPE 으로 스코프할 것.,271357,2111,6,2026-10-08 02:09:11.725000
GOLD,WIDE_AD_COMBINED,AD_CNT,NUMBER,광고횟수 ← VIDEO·REBRDC.AD_CNT (가산) ⚠️[WIDE_AD_COMBINED] 방송 원천 전용 컬럼이다 — 디지털행은 **NULL 이며 결측이 아니라 원천 부재**다. 혼합 집계 전에 AD_SOURCE_TYPE 으로 스코프할 것.,271357,37669,1,2026-10-08 02:09:11.725000
GOLD,WIDE_AD_COMBINED,CONV_CALL_CNT,NUMBER,전환콜 ← VIDEO.CONV_CALL_CNT [VIDEO 전용]. 코어 INBOUND_CALL(인입콜)과 별개 measure ⚠️[WIDE_AD_COMBINED] 방송 원천 전용 컬럼이다 — 디지털행은 **NULL 이며 결측이 아니라 원천 부재**다. 혼합 집계 전에 AD_SOURCE_TYPE 으로 스코프할 것. 🆕🔴🔴[2026-09-01 O129 보강] **VIDEO 행도 전건 NULL 이다** — 원천 `BRONZE_AGENCY.VIDEO_AD_CMPGN_DTLS.CONV_CALL_CNT` 는 컬럼은 실재하고 **값이 전건 공백**(대행사 미보고)이다(REBROADCAST 원천에는 컬럼 자체가 없다). ⇒ 🔴 스코프를 VIDEO 로 좁혀도 값은 나오지 않는다 — **어떤 스코프에서도 집계 불가**다. ⚠️ 인입콜(`REBRDC.INBOUND_CALL_CNT`)은 채워져 있으니 **두 축을 혼동하지 말 것**. 정본 = 문서30 §7-C.,271357,0,0,2026-10-08 02:09:11.725000
GOLD,WIDE_AD_COMBINED,DVLP_MEMBER_CNT,NUMBER,개발회원수 ← REBRDC.DVLP_MBER_CNT [VIDEO·REBRDC · O184 정정: VIDEO 도 O182 원천 재편 후 일부 행 보고 · 출처별 집계]. ⚠️O16 이관: 종전에 코어 AGENCY_CONV_MEMBERS 로 혼입돼 있었다(대행사 전환이 아니라 재방송 개발실적). ⚠️소수 척도를 유지하는 이유 = 원천에 0.5 단위 값이 실존해 정수 타입으로 내리면 반올림이 총합을 왜곡한다 — 해당 행·왜곡 규모는 이슈원장 §O16. 원천값 보존 우선. ⚠️[WIDE_AD_COMBINED] 방송 원천 전용 컬럼이다 — 디지털행은 **NULL 이며 결측이 아니라 원천 부재**다. 혼합 집계 전에 AD_SOURCE_TYPE 으로 스코프할 것.,271357,10845,132,2026-10-08 02:09:11.725000
GOLD,WIDE_AD_COMBINED,DVLP_CNT,NUMBER,개발건수 ← REBRDC.DVLP_CNT [VIDEO·REBRDC · O184 정정: VIDEO 도 O182 원천 재편 후 일부 행 보고 · 출처별 집계]. ⚠️O16 이관: 종전 코어 AGENCY_CONV_CNT 로 혼입(대행사 전환 아님) ⚠️[WIDE_AD_COMBINED] 방송 원천 전용 컬럼이다 — 디지털행은 **NULL 이며 결측이 아니라 원천 부재**다. 혼합 집계 전에 AD_SOURCE_TYPE 으로 스코프할 것.,271357,10846,357,2026-10-08 02:09:11.725000
GOLD,WIDE_AD_COMBINED,BRDC_AD_VIEW_RT_SRC,NUMBER,[비가산 N] 대행사 산정 광고시청률 ← VIDEO.AD_VIEW_RT [VIDEO 전용]. base 부재로 DW 재계산 불가 ⚠️[WIDE_AD_COMBINED] 방송 원천 전용 컬럼이다 — 디지털행은 **NULL 이며 결측이 아니라 원천 부재**다. 혼합 집계 전에 AD_SOURCE_TYPE 으로 스코프할 것. ⚠️[WIDE_AD_COMBINED] 디지털 위성에 동명 컬럼이 있어 **BRDC_ 접두**를 붙였다 — 이 컬럼은 방송 원천값이다. 디지털 쪽 동명 컬럼과 같은 표에서 비교하지 말 것.,271357,34437,771,2026-10-08 02:09:11.725000
GOLD,WIDE_AD_COMBINED,CPC_CALL_SRC,NUMBER,[비가산 N] 대행사 산정 **콜당** 단가 ← VIDEO.CPC(TEXT) [VIDEO 전용] — 🔴 [O174] 종전 이름 BRDC_CPC_SRC 는 접두로만 구분해 **같은 지표의 다른 출처**로 읽혔다(실제로는 분모가 클릭 ↔ 콜로 다르다). DW 재계산=AD_COST/CLICKS (DEC-9 대조용) ⚠️[WIDE_AD_COMBINED] 방송 원천 전용 컬럼이다 — 디지털행은 **NULL 이며 결측이 아니라 원천 부재**다. 혼합 집계 전에 AD_SOURCE_TYPE 으로 스코프할 것. ⚠️[WIDE_AD_COMBINED] 디지털 위성에 동명 컬럼이 있어 **BRDC_ 접두**를 붙였다 — 이 컬럼은 방송 원천값이다. 디지털 쪽 동명 컬럼과 같은 표에서 비교하지 말 것.,271357,35260,1541,2026-10-08 02:09:11.725000
GOLD,DIM_BUDGET_ITEM,BUDGET_ITEM_SK,NUMBER,"예산 세세목 대리키 (ETL 일련번호, PK)",180,180,181,2026-10-08 02:09:10.612000
GOLD,DIM_BUDGET_ITEM,BUDGET_ITEM_NAME,TEXT,세세목명,180,180,49,2026-10-08 02:09:10.612000
GOLD,DIM_BUDGET_ITEM,BUDGET_CATEGORY,TEXT,예산구분,180,179,1,2026-10-08 02:09:10.612000
GOLD,DIM_BUDGET_ITEM,BDGT_UNIT_NM,TEXT,예산단위명(ERP 원천 BDGT_UNIT_NM 그대로 · 조직명 표기 · 코드 없음). 세세목에 1:1 종속(2026-10-02 O198 실측 179/179). 🔴 DIM_ORG(CRM 조직)와 다른 체계다 — 같은 이름의 팀이라도 ORG_SK 로 조인하지 말 것. 실측 값 6종(ERP 표기 그대로),180,179,6,2026-10-08 02:09:10.612000
GOLD,DIM_PAYMENT_ACCOUNT,PAYMENT_ACCOUNT_SK,NUMBER,대리키 · PK(정보성),289,289,294,2026-10-08 02:09:09.208000
GOLD,DIM_PAYMENT_ACCOUNT,ACCOUNT_KIND,TEXT,계정 종류 — INSTT=기관 계좌(TM_PM_INSTT_ACNUT) · SETLE_CMPNY=결제사 계정(TM_PM_SETLE_CMPNY_ACNT) · 모델 파생(UNION 분기),289,289,2,2026-10-08 02:09:09.208000
GOLD,DIM_PAYMENT_ACCOUNT,ACCOUNT_KEY,TEXT,계정 키 — INSTT=계좌일련번호(ACNUT_SER_NO) · SETLE_CMPNY=결제사계좌번호(SETLE_CMPNY_ACNT_NO) 문자열화 · ACCOUNT_KIND 와 함께 유일,289,289,256,2026-10-08 02:09:09.208000
GOLD,DIM_PAYMENT_ACCOUNT,CPR_DIV_CD,TEXT,법인구분코드 [원천: SILVER.CRM_INSTT_ACCOUNT],289,289,2,2026-10-08 02:09:09.208000
GOLD,DIM_PAYMENT_ACCOUNT,ACCOUNT_DIV_CD,TEXT,계좌구분코드 — INSTT=계좌구분코드(ACNUT_DIV_CD · 실제값 1·2) · SETLE_CMPNY=결제사계좌구분코드(SETLE_CMPNY_ACNT_DIV_CD · 실제값 1·2·3·4 + NULL) · 🔴 두 원천의 코드 도메인이 달라 같은 체계로 보장되지 않는다 — 반드시 ACCOUNT_KIND 와 함께 본다,289,285,4,2026-10-08 02:09:09.208000
GOLD,DIM_PAYMENT_ACCOUNT,BANK_CD,TEXT,은행코드 [원천: SILVER.CRM_INSTT_ACCOUNT],289,238,10,2026-10-08 02:09:09.208000
GOLD,DIM_PAYMENT_ACCOUNT,ACCOUNT_PURPOSE,TEXT,계좌용도(ACNUT_PRP · ACNT_PRP),289,286,173,2026-10-08 02:09:09.208000
GOLD,DIM_PAYMENT_ACCOUNT,ACCOUNT_ABBR,TEXT,계좌약칭(ACNUT_ABRV) — 기관 계좌 전용 · 결제사 행 NULL,289,238,232,2026-10-08 02:09:09.208000
GOLD,DIM_PAYMENT_ACCOUNT,CHRG_DEPT_CD,TEXT,담당부서코드 [원천: SILVER.CRM_INSTT_ACCOUNT],289,238,49,2026-10-08 02:09:09.208000
GOLD,DIM_PAYMENT_ACCOUNT,REGIST_USE_YN,TEXT,등록사용여부 [원천: SILVER.CRM_INSTT_ACCOUNT],289,238,2,2026-10-08 02:09:09.208000
GOLD,DIM_PAYMENT_ACCOUNT,USE_YN,TEXT,사용여부 [원천: SILVER.CRM_INSTT_ACCOUNT],289,289,2,2026-10-08 02:09:09.208000
GOLD,DIM_PAYMENT_ACCOUNT,SETLE_CMPNY_ACNT_ID,TEXT,결제사계좌ID [원천: SILVER.CRM_INSTT_ACCOUNT],289,51,51,2026-10-08 02:09:09.208000
GOLD,DIM_PAYMENT_ACCOUNT,INSTT_ACNUT_SER_NO,NUMBER,기관계좌 일련번호(ACNUT_SER_NO · 참조 TM_PM_INSTT_ACNUT) — 결제사 계정이 연결된 기관 계좌 · INSTT 행은 자기 자신,289,285,240,2026-10-08 02:09:09.208000
GOLD,DIM_PAYMENT_ACCOUNT,RM,TEXT,비고 [원천: SILVER.CRM_INSTT_ACCOUNT],289,47,40,2026-10-08 02:09:09.208000
GOLD,DIM_BIGQUERY_SOURCE,BIGQUERY_SOURCE_SK,NUMBER,"BigQuery 트래픽소스 대리키 (ETL 일련번호, PK)",487,487,489,2026-10-08 02:09:08.044000
GOLD,DIM_BIGQUERY_SOURCE,UTM_SOURCE,TEXT,source,487,474,398,2026-10-08 02:09:08.044000
GOLD,DIM_BIGQUERY_SOURCE,UTM_MEDIUM,TEXT,medium,487,477,51,2026-10-08 02:09:08.044000
GOLD,DIM_BIGQUERY_SOURCE,UTM_CONTENT,TEXT,세션 수동 광고 콘텐츠(#103),487,486,135,2026-10-08 02:09:08.044000
GOLD,DIM_BIGQUERY_SOURCE,UTM_TERM,TEXT,세션 수동 검색어(#104),487,486,108,2026-10-08 02:09:08.044000
GOLD,DIM_BIGQUERY_SOURCE,SOURCE_MEDIUM,TEXT,세션 소스/매체(#109),487,486,491,2026-10-08 02:09:08.044000
GOLD,DIM_BIGQUERY_SOURCE,DEFAULT_CHANNEL_GROUP,TEXT,[DEC.,487,486,14,2026-10-08 02:09:08.044000
GOLD,WIDE_TARGET_BIZ,MONTH_KEY,NUMBER,목표월 YYYYMM,2966,2966,12,2026-10-08 02:09:05.756000
GOLD,WIDE_TARGET_BIZ,CAL_YEAR,NUMBER,FLOOR(MONTH_KEY/100) — 연도,2966,2966,1,2026-10-08 02:09:05.756000
GOLD,WIDE_TARGET_BIZ,CAL_MONTH,NUMBER,"MOD(MONTH_KEY,100) — 월",2966,2966,12,2026-10-08 02:09:05.756000
GOLD,WIDE_TARGET_BIZ,ANNUAL_GOAL_CNT,NUMBER,당초 목표값(#152). 🔴 단위는 GOAL_TYPE_NM 에 따른다(건·명·원·비율) — 유형 필터 없이 합산 금지 · O190,2966,2966,2250,2026-10-08 02:09:05.756000
GOLD,WIDE_TARGET_BIZ,SUPP_GOAL_CNT,NUMBER,추경목표(건) (#153),2966,0,0,2026-10-08 02:09:05.756000
GOLD,WIDE_TARGET_BIZ,ANNUAL_CUM_GOAL_CNT,NUMBER,연사업누계목표(건) (#154),2966,0,0,2026-10-08 02:09:05.756000
GOLD,WIDE_TARGET_BIZ,SUPP_CUM_GOAL_CNT,NUMBER,추경누계목표(건) (#155),2966,0,0,2026-10-08 02:09:05.756000
GOLD,WIDE_TARGET_BIZ,ORG_CORP,TEXT,DIM_ORG.CORP — 법인 (#114). 🔴DIM_ORG 는 **SCD1**(DEC-2)이라 as-was 가 아니다 — 조직 개편 시 과거 사건에도 **현재 조직명**이 붙는다(조직 변경이력 원천·as-was 요구가 없어 SCD1 로 확정).,2966,0,0,2026-10-08 02:09:05.756000
GOLD,WIDE_TARGET_BIZ,ORG_DIVISION,TEXT,DIM_ORG.DIVISION — 본부/지부 (#115). 🔴SCD1(DEC-2) — current-value 이며 as-was 가 아니다.,2966,0,0,2026-10-08 02:09:05.756000
GOLD,WIDE_TARGET_BIZ,ORG_DEPARTMENT,TEXT,DIM_ORG.DEPARTMENT — 부서 (#116). 🔴SCD1(DEC-2) — current-value 이며 as-was 가 아니다. 🔴🔴「부서」는 축이 둘이다 — 이 컬럼은 **사건 부서**이고 획득 부서는 DIM_MEMBER_ACQUISITION.ACQ_DEPARTMENT 다(O34).,2966,2966,6,2026-10-08 02:09:05.756000
GOLD,WIDE_TARGET_BIZ,ORG_TEAM,TEXT,DIM_ORG.TEAM — 팀. 🔴SCD1(DEC-2) — current-value 이며 as-was 가 아니다.,2966,0,0,2026-10-08 02:09:05.756000
GOLD,WIDE_TARGET_BIZ,SPONSORSHIP_BK,TEXT,DIM_SPONSORSHIP.SPONSORSHIP_BK — 후원사업 업무키,2966,2966,10,2026-10-08 02:09:05.756000
GOLD,WIDE_TARGET_BIZ,SPONSORSHIP_NAME,TEXT,DIM_SPONSORSHIP.SPONSORSHIP_NAME — 후원사업 전체 (#123),2966,2966,10,2026-10-08 02:09:05.756000
GOLD,WIDE_TARGET_BIZ,CAMPAIGN_BK,TEXT,DIM_CAMPAIGN.CAMPAIGN_BK — 캠페인 업무키,2966,2966,1,2026-10-08 02:09:05.756000
GOLD,WIDE_TARGET_BIZ,CAMPAIGN_BRAND,TEXT,DIM_CAMPAIGN.BRAND — 공통브랜드 (#117),2966,0,0,2026-10-08 02:09:05.756000
GOLD,WIDE_TARGET_BIZ,CAMPAIGN_NAME,TEXT,DIM_CAMPAIGN.CAMPAIGN_NAME — 캠페인명 (#120),2966,2966,1,2026-10-08 02:09:05.756000
GOLD,WIDE_TARGET_BIZ,GOAL_TYPE_NM,TEXT,목표 지표 유형 원천 표기 그대로(O190 · 9종): 건 = 후원사업·회원개발 / 명 = 월말활동회원 / 원 = 정기회비 / 비율 = 후원사업활동율·신규기존활동율·후원사업납입율·신규기존납입율·신규기존누계납입율. 🔴 유형마다 단위가 달라 섞어 합산하지 말 것 · 후원사업과 회원개발은 같은 개발 목표의 다른 분해(문서20 N-24).,2966,2966,9,2026-10-08 02:09:05.756000
GOLD,WIDE_TARGET_BIZ,CPR_DIV_NM,TEXT,법인구분 (사단/사복) (O188).,2966,2966,1,2026-10-08 02:09:05.756000
GOLD,WIDE_TARGET_BIZ,ORG_PATH,TEXT,O188-E 조직표 부서 경로(DIM_ORG.ORG_PATH · 활성 조직 트리 · 매칭 실패 행은 NULL).,2966,952,5,2026-10-08 02:09:05.756000
GOLD,WIDE_TARGET_BIZ,SRC_TEAM_NM,TEXT,O188-E 원천 팀명(TEAM_NM) 그대로 — 조직 차원 매칭 실패(동명·비조직명) 행도 이 값으로 구분된다.,2966,1260,8,2026-10-08 02:09:05.756000
GOLD,WIDE_TARGET_BIZ,SRC_SPONSOR_BIZ_NM,TEXT,원천 후원사업 표기 그대로 — 후원사업 유형 = 사업명 · 회원개발 유형 = 4그룹(국내/결연/해외프로젝트/기타) · O190.,2966,2786,15,2026-10-08 02:09:05.756000
GOLD,WIDE_TARGET_BIZ,NEW_OLD_DIV_NM,TEXT,신규/기존 구분 원천 표기. 🔴 비율 유형에는 소계 행(합계·신규합계)이 있다 — 신규/기존과 함께 합산하면 이중계상. 회원개발 유형은 NULL · O190.,2966,2526,4,2026-10-08 02:09:05.756000
GOLD,WIDE_TARGET_BIZ,ORG_DIV_NM,TEXT,O188-E 조직구분(본부/지부/대면) — 원천 표기.,2966,1804,3,2026-10-08 02:09:05.756000
GOLD,WIDE_TARGET_BIZ,DTL_DIV_NM,TEXT,세부구분 원천 표기(채널 등 · 회원개발 유형만 · 그 외 NULL) · O190.,2966,440,10,2026-10-08 02:09:05.756000
GOLD,FACT_MEMBER_DEV_ACHIEVEMENT,MONTH_KEY,NUMBER,월 conform 키 YYYYMM.,29556,29556,432,2026-10-08 02:09:04.195000
GOLD,FACT_MEMBER_DEV_ACHIEVEMENT,CAL_YEAR,NUMBER,FLOOR(MONTH_KEY/100) — 연도,29556,29556,37,2026-10-08 02:09:04.195000
GOLD,FACT_MEMBER_DEV_ACHIEVEMENT,CAL_MONTH,NUMBER,"MOD(MONTH_KEY,100) — 월",29556,29556,12,2026-10-08 02:09:04.195000
GOLD,FACT_MEMBER_DEV_ACHIEVEMENT,ORG_SK,NUMBER,대리키 (PK),29556,29556,346,2026-10-08 02:09:04.195000
GOLD,FACT_MEMBER_DEV_ACHIEVEMENT,ORG_DEPARTMENT,TEXT,부서명 (정본 #116) (#116).,29556,29556,285,2026-10-08 02:09:04.195000
GOLD,FACT_MEMBER_DEV_ACHIEVEMENT,ORG_DIVISION,TEXT,DIM_ORG.DIVISION. [사유:규칙 미확정],29556,0,0,2026-10-08 02:09:04.195000
GOLD,FACT_MEMBER_DEV_ACHIEVEMENT,ORG_TEAM,TEXT,DIM_ORG.TEAM. [사유:산출보류],29556,0,0,2026-10-08 02:09:04.195000
GOLD,FACT_MEMBER_DEV_ACHIEVEMENT,ORG_CORP,TEXT,DIM_ORG.CORP. [사유:부서차원 산출불가],29556,0,0,2026-10-08 02:09:04.195000
GOLD,FACT_MEMBER_DEV_ACHIEVEMENT,DEV_TYPE,TEXT,DEV_TYPE (#121). 코드id:MM015.,29556,29556,3,2026-10-08 02:09:04.195000
GOLD,FACT_MEMBER_DEV_ACHIEVEMENT,DEV_TYPE_NAME,TEXT,개발구분명 (MM015 라벨). 코드는 DEV_TYPE,29556,29556,3,2026-10-08 02:09:04.195000
GOLD,FACT_MEMBER_DEV_ACHIEVEMENT,GOAL_CNT,NUMBER,월 회원개발목표(건).,29556,29556,1318,2026-10-08 02:09:04.195000
GOLD,FACT_MEMBER_DEV_ACHIEVEMENT,ACTUAL_CNT,NUMBER,월 개발실적(건).,29556,29556,3845,2026-10-08 02:09:04.195000
GOLD,FACT_MEMBER_DEV_ACHIEVEMENT,GOAL_CNT_YTD,NUMBER,(누계)월 목표(건).,29556,29556,2766,2026-10-08 02:09:04.195000
GOLD,FACT_MEMBER_DEV_ACHIEVEMENT,ACTUAL_CNT_YTD,NUMBER,(누계)월 실적(건).,29556,29556,7404,2026-10-08 02:09:04.195000
GOLD,FACT_MEMBER_DEV_ACHIEVEMENT,GOAL_CNT_YEAR,NUMBER,연 목표(건) (#3).,29556,29556,319,2026-10-08 02:09:04.195000
GOLD,FACT_MEMBER_DEV_ACHIEVEMENT,ACTUAL_CNT_YEAR,NUMBER,연 실적(건).,29556,29556,1486,2026-10-08 02:09:04.195000
GOLD,FACT_MEMBER_DEV_ACHIEVEMENT,HAS_GOAL_ROW,BOOLEAN,목표 **행**의 존재 여부.,29556,29556,2,2026-10-08 02:09:04.195000
GOLD,FACT_MEMBER_DEV_ACHIEVEMENT,HAS_POSITIVE_GOAL,BOOLEAN,**목표가 실제로 편성됐는지**(GOAL_CNT>0).,29556,29556,2,2026-10-08 02:09:04.195000
GOLD,FACT_MEMBER_DEV_ACHIEVEMENT,HAS_ACTUAL,BOOLEAN,HAS_ACTUAL.,29556,29556,2,2026-10-08 02:09:04.195000
GOLD,FACT_MEMBER_EVENT,DATE_SK,NUMBER,사건일,4762248,4762248,10384,2026-10-08 02:09:00.620000
GOLD,FACT_MEMBER_EVENT,MEMBER_DK,TEXT,상태전이 대상 회원 (불변키),4762248,4762248,1608568,2026-10-08 02:09:00.620000
GOLD,FACT_MEMBER_EVENT,EVENT_TYPE,TEXT,EVENT_TYPE.,4762248,4762248,2,2026-10-08 02:09:00.620000
GOLD,FACT_MEMBER_EVENT,CAMPAIGN_SK,NUMBER,캠페인 (FK→DIM_CAMPAIGN),4762248,4762248,16733,2026-10-08 02:09:00.620000
GOLD,FACT_MEMBER_EVENT,SPONSORSHIP_SK,NUMBER,후원사업 (FK→DIM_SPONSORSHIP),4762248,4762248,28,2026-10-08 02:09:00.620000
GOLD,FACT_MEMBER_EVENT,ORG_SK,NUMBER,대리키,4762248,4762248,346,2026-10-08 02:09:00.620000
GOLD,FACT_MEMBER_EVENT,REASON_SK,NUMBER,중단/미납 사유 (FK→DIM_REASON),4762248,4762248,21,2026-10-08 02:09:00.620000
GOLD,FACT_MEMBER_EVENT,DVLP_DIV_CD,TEXT,개발구분코드. 코드id:MM015.,4762248,3688281,5,2026-10-08 02:09:00.620000
GOLD,FACT_MEMBER_EVENT,DVLP_DIV_NM,TEXT,개발구분명. 코드id:MM015.,4762248,3688281,5,2026-10-08 02:09:00.620000
GOLD,FACT_MEMBER_EVENT,SPNSR_AMT,NUMBER,후원금액(원) (#38).,4762248,3688281,1278,2026-10-08 02:09:00.620000
GOLD,FACT_MEMBER_EVENT,DEV_CNT,NUMBER,"개발(건) (#149) = [O202 사용자 결정] MSTR 정의: 사건의 MSTR 인정금액 ÷ 10,000(신규·재후원 = 미중단 후원사업·월합>0 · 증액 = 감액 상계 순증액). 원본 FN_MM_SPNSR_DVLP B1·B2.",4762248,4762248,658,2026-10-08 02:09:00.620000
GOLD,FACT_MEMBER_EVENT,DEV_MEMBERS,NUMBER,「명」이 아니다 (#148) — [O202] MSTR 개발 인정 행이면 1 · 기간 개발(명) = COUNT DISTINCT 회원.,4762248,4762248,2,2026-10-08 02:09:00.620000
GOLD,FACT_MEMBER_EVENT,STOP_CNT,NUMBER,중단(건) (#35),4762248,4762248,2,2026-10-08 02:09:00.620000
GOLD,FACT_MEMBER_EVENT,STOP_MEMBERS,NUMBER,「명」이 아니다.,4762248,4762248,2,2026-10-08 02:09:00.620000
GOLD,FACT_MEMBER_EVENT,UNPAID_STOP_CNT,NUMBER,미납중단(건),4762248,4762248,2,2026-10-08 02:09:00.620000
GOLD,FACT_MEMBER_EVENT,UNPAID_STOP_MEMBERS,NUMBER,미납중단(명).,4762248,4762248,2,2026-10-08 02:09:00.620000
GOLD,FACT_MEMBER_EVENT,STOP_REASON,TEXT,중단사유,4762248,1073967,20,2026-10-08 02:09:00.620000
GOLD,FACT_MEMBER_EVENT,STOP_CHANNEL,TEXT,중단채널,4762248,1073967,3,2026-10-08 02:09:00.620000
GOLD,FACT_MEMBER_EVENT,STOP_REASON_NM,TEXT,중단사유명 (#162). 코드id:MM005.,4762248,1073967,20,2026-10-08 02:09:00.620000
GOLD,FACT_MEMBER_EVENT,STOP_CHANNEL_NM,TEXT,중단경로명. 코드id:MM287.,4762248,1073967,3,2026-10-08 02:09:00.620000
GOLD,FACT_MEMBER_EVENT,NEW_EXISTING_FLAG,TEXT,신규기존 (#113). 사건연도 = 최초가입연도 신규. 기준일 없음 NULL.,4762248,4762248,2,2026-10-08 02:09:00.620000
GOLD,FACT_MEMBER_EVENT,AGE_AT_EVENT,NUMBER,연령대 코드 raw. 코드id:CM014.,4762248,3688281,12,2026-10-08 02:09:00.620000
GOLD,FACT_MEMBER_EVENT,AGE_BAND_AT_EVENT,TEXT,연령대명. 코드id:CM014.,4762248,3688281,12,2026-10-08 02:09:00.620000
GOLD,FACT_MEMBER_EVENT,AREA_CD_AT_EVENT,TEXT,지역 코드 raw (#131). 코드id:CM018. [사유:부서차원 산출불가],4762248,3688275,19,2026-10-08 02:09:00.620000
GOLD,FACT_MEMBER_EVENT,REGION_AT_EVENT,TEXT,지역명 (#131). 코드id:CM018.,4762248,3667578,18,2026-10-08 02:09:00.620000
GOLD,FACT_MEMBER_EVENT,SEX_AT_EVENT,TEXT,성별 코드 raw. 코드id:CM013.,4762248,3688281,9,2026-10-08 02:09:00.620000
GOLD,FACT_MEMBER_EVENT,GENDER_AT_EVENT,TEXT,성별명. 코드id:CM013.,4762248,3688272,8,2026-10-08 02:09:00.620000
GOLD,FACT_MEMBER_EVENT,CAMPAIGN_STOP_CNT,NUMBER,캠페인 귀속 중단(건). 코드id:MM015.,4762248,4762248,2,2026-10-08 02:09:00.620000
GOLD,FACT_MEMBER_EVENT,MBER_INFLOW_PATH_CD_AT_EVENT,NUMBER,개발인입경로코드(MM293). 코드id:MM293.,4762248,3687236,12,2026-10-08 02:09:00.620000
GOLD,FACT_MEMBER_EVENT,MBER_INFLOW_PATH_NM_AT_EVENT,TEXT,개발인입경로명(MM293 라벨). 코드id:MM293.,4762248,3687236,12,2026-10-08 02:09:00.620000
GOLD,FACT_MEMBER_EVENT,CMPGN_CTGR_CD_AT_EVENT,NUMBER,캠페인 카테고리코드(MM294). 코드id:MM294.,4762248,3687236,57,2026-10-08 02:09:00.620000
GOLD,FACT_MEMBER_EVENT,CMPGN_CTGR_NM_AT_EVENT,TEXT,"캠페인 카테고리명(MM294 라벨, 현업 '주요캠페인' 축). 코드id:MM294.",4762248,3687236,57,2026-10-08 02:09:00.620000
GOLD,FACT_MEMBER_EVENT,CMPGN_TYPE1_BSN_AT_EVENT,NUMBER,"캠페인 유형1 코드(MM295, 국내/통합/해외). 코드id:MM295.",4762248,3687236,4,2026-10-08 02:09:00.620000
GOLD,FACT_MEMBER_EVENT,CMPGN_TYPE1_NM_AT_EVENT,TEXT,캠페인 유형1명(MM295 라벨: 국내/통합/해외). 코드id:MM295.,4762248,3687236,4,2026-10-08 02:09:00.620000
GOLD,FACT_MEMBER_EVENT,CMPGN_TYPE2_BSN_AT_EVENT,NUMBER,"캠페인 유형2 코드(MM296, 굿즈/기타/사례/사업). 코드id:MM296.",4762248,3687236,4,2026-10-08 02:09:00.620000
GOLD,FACT_MEMBER_EVENT,CMPGN_TYPE2_NM_AT_EVENT,TEXT,캠페인 유형2명(MM296 라벨: 굿즈/기타/사례/사업). 코드id:MM296.,4762248,3687236,4,2026-10-08 02:09:00.620000
GOLD,FACT_MEMBER_EVENT,MKTG_CMPGN_CD_AT_EVENT,NUMBER,MKTG_CMPGN_CD_AT_EVENT.,4762248,3687236,562,2026-10-08 02:09:00.620000
GOLD,FACT_MEMBER_EVENT,MKTG_CMPGN_NM_AT_EVENT,TEXT,마케팅 캠페인명(Q16 라벨).,4762248,3687236,552,2026-10-08 02:09:00.620000
GOLD,FACT_MEMBER_EVENT,CMMN_BRND_AT_EVENT,NUMBER,MM297 공통브랜드 코드. 코드id:MM297.,4762248,3687236,16,2026-10-08 02:09:00.620000
GOLD,FACT_MEMBER_EVENT,CMMN_BRND_NM_AT_EVENT,TEXT,MM297 공통브랜드명. 코드id:MM297.,4762248,3687236,16,2026-10-08 02:09:00.620000
GOLD,FACT_MEMBER_EVENT,MKTG_UTM_AT_EVENT,NUMBER,UTM 코드(TC_MKTNG_DTL_CD U001).,4762248,887716,254,2026-10-08 02:09:00.620000
GOLD,FACT_MEMBER_EVENT,MKTG_UTM_NM_AT_EVENT,TEXT,UTM 라벨(TC_MKTNG_DTL_CD U001).,4762248,887716,247,2026-10-08 02:09:00.620000
GOLD,FACT_MEMBER_EVENT,MKTG_CHANNEL_AT_EVENT,NUMBER,마케팅 채널 코드 — 사건 시점 동결값.,4762248,3687236,124,2026-10-08 02:09:00.620000
GOLD,FACT_MEMBER_EVENT,MKTG_CHANNEL_NM_AT_EVENT,TEXT,마케팅 채널명 — 사건 시점 동결값.,4762248,3687236,124,2026-10-08 02:09:00.620000
GOLD,FACT_MEMBER_EVENT,SPNSR_DIV_CD_AT_EVENT,TEXT,후원구분 코드(CM035: 1=정기후원·2=일시후원). 코드id:CM035.,4762248,3688263,2,2026-10-08 02:09:00.620000
GOLD,FACT_MEMBER_EVENT,SPNSR_DIV_NM_AT_EVENT,TEXT,후원구분명(CM035 라벨). 코드id:CM035.,4762248,3688263,2,2026-10-08 02:09:00.620000
GOLD,FACT_MEMBER_EVENT,CPR_DIV_CD_AT_EVENT,TEXT,법인구분 코드(CM019: A=통합·I=사단·S=사복). 코드id:CM019.,4762248,3688263,3,2026-10-08 02:09:00.620000
GOLD,FACT_MEMBER_EVENT,CPR_DIV_NM_AT_EVENT,TEXT,법인구분명(CM019 라벨). 코드id:CM019.,4762248,3688263,3,2026-10-08 02:09:00.620000
GOLD,FACT_MEMBER_EVENT,BRAND_AT_EVENT,TEXT,브랜드명 — 사건 시점 동결값. 중단원천 행은 NULL,4762248,3688263,69,2026-10-08 02:09:00.620000
GOLD,FACT_MEMBER_EVENT,PARENT_CAMPAIGN_NAME_AT_EVENT,TEXT,상위캠페인명(UPPER_CMPGN_CD 자기조인 라벨).,4762248,3688263,1111,2026-10-08 02:09:00.620000
GOLD,FACT_MEMBER_EVENT,PROMO_METHOD_NAME_AT_EVENT,TEXT,홍보방법명(CM008 라벨). 코드id:CM008.,4762248,3688263,91,2026-10-08 02:09:00.620000
GOLD,WIDE_MEMBER_FEE,MONTH_KEY,NUMBER,"회비월 YYYYMM (무효/NULL 이면 납입월 폴백, 둘 다 무효면 0=Unknown월 — FMM 과 동일 규칙)",43125047,43125047,253,2026-10-08 02:08:32.170000
GOLD,WIDE_MEMBER_FEE,CAL_YEAR,NUMBER,FLOOR(MONTH_KEY/100) — 연도,43125047,43125047,22,2026-10-08 02:08:32.170000
GOLD,WIDE_MEMBER_FEE,CAL_MONTH,NUMBER,"MOD(MONTH_KEY,100) — 월",43125047,43125047,13,2026-10-08 02:08:32.170000
GOLD,WIDE_MEMBER_FEE,MEMBER_DK,TEXT,"회원 자연키(= 팩트 조인키, FK→DIM_MEMBER.MEMBER_DK). 🔴VARCHAR(10) 규약(O12/AC-1) — 원천 MBER_NO 최대길이 9 실측. 🔴기부금 지류(BRONZE_CRM.TM_PM_DNTN_DTLS)에는 MBER_NO 컬럼이 **아예 없다**(회원키가 ONCE_MBER_NO) — 기부금 행의 회원 축은 구조적으로 부재하다. ⚠️FMM 규약과 일치시키기 위해 MBER_NO IS NOT NULL 을 적용한다(O45-C).",43125047,43125047,1339874,2026-10-08 02:08:32.170000
GOLD,WIDE_MEMBER_FEE,SPONSORSHIP_SK,NUMBER,🔴**납입 대상** 후원사업 대리키(FK→DIM_SPONSORSHIP) ← 원천 SPNSR_BSNS_ID. 0=미매핑. [O51-D 실측] **거의 전건 채움**이며 후원사업 종류는 수십 개다. 🔴획득 후원사업 ACQ_SPONSORSHIP_SK 와 **의미가 다르다** — 같은 라벨로 두 축이 존재한다. 이 축이 grain 에 들어간 것이 이 팩트를 FMM 과 분리한 이유다 — [O51-D 실측] 이 축을 붙이면 **회원-월 조합 수가 늘어 grain 이 깨진다**(증가율은 이슈원장 §O45·§O51-D). ⚠️인용 시 스코프를 함께 적을 것 — 종전 수치는 **BRONZE 회비 지류만**(MBER_NO not null) 스코프여서 분모가 다르다.,43125047,43125047,34,2026-10-08 02:08:32.170000
GOLD,WIDE_MEMBER_FEE,SPONSORSHIP_NAME,TEXT,🔴**납입 대상** 후원사업 — 회비 행에 붙은 값이다(원천 SPNSR_BSNS_ID · 거의 전건 채움). 획득 후원사업(ACQ_SPONSORSHIP_NAME)과 다르다: 한 회원이 여러 후원사업에 낸다. 🔴이 축을 grain 에 넣으면 회원-월 조합 수가 늘어난다 — 그것이 이 팩트를 FMM 과 분리한 이유다(증가율 실측은 이슈원장 §O45·§O51-D).,43125047,43125047,36,2026-10-08 02:08:32.170000
GOLD,WIDE_MEMBER_FEE,SPONSORSHIP_DIV_NAME,TEXT,[2026-08-19 O89] 납입 대상 후원사업 분류의 **최상위** — 정기일시후원구분 라벨(코드사전 CM035): 정기후원 · 일시후원. 3계층 = DIV_NAME → GROUP_NAME → SPONSORSHIP_NAME. 🟢**이 뷰가 분류 집계의 정본 경로다** — `SPONSORSHIP_SK` 가 거의 전건 채움이라 FMM(전건 센티넬)과 달리 실제 분해가 된다. ⚠️획득 후원사업 축(ACQ_*)과 다른 축이다 — 같은 표에서 섞지 말 것.,43125047,43046459,2,2026-10-08 02:08:32.170000
GOLD,WIDE_MEMBER_FEE,SPONSORSHIP_GROUP_NAME,TEXT,"[2026-08-19 O89] 납입 대상 후원사업 분류의 **중위** — SPONSORSHIP_ABBR(코드)을 코드사전 CM003(후원약칭)으로 해소한 라벨: 국내 · 결연 · 해외구호 · 북한 · 기타 · 해외 · 선물금(미사용). 사업수 17/1/6/3/21/2 = 50. 🔴🔴**이 컬럼 단독으로 「해외」를 집계하지 말 것** — 해외구호(3)와 해외(6)가 갈라지고 6은 정기일시=일시후원에서만 나타난다 ⇒ 정확한 분류축은 **(DIV_NAME, GROUP_NAME) 쌍**이다. ⚠️인용 시 스코프 병기 — 기부금 지류는 회비구분이 구조적으로 부재하다(O40).",43125047,43046459,6,2026-10-08 02:08:32.170000
GOLD,WIDE_MEMBER_FEE,FEE_DIV_CD,TEXT,회비구분 코드 raw. 코드그룹 **PM010(회비구분)**. [O51-D BRONZE 실측] 사전 4종이며 **숫자가 아니라 알파벳 코드**다 — E정기·I일시·U긴급구호·G선물금. 실적재에 **사전 전종이 등장**하며 **E(정기)가 압도적**이다. 🔴기부금 행은 원천에 이 컬럼이 없어 NULL 이다 — **결측이 아니라 해당없음**(P21). 라벨 = FEE_DIV_NAME.,43125047,42475071,4,2026-10-08 02:08:32.170000
GOLD,WIDE_MEMBER_FEE,FEE_DIV_NAME,TEXT,회비구분(PM010 실측 확정): 정기·선물금·일시·긴급구호. 🔴기부금 행은 원천이 NULL 이다 — 결측이 아니라 해당없음(P21),43125047,42475071,3,2026-10-08 02:08:32.170000
GOLD,WIDE_MEMBER_FEE,PAYMENT_TYPE,TEXT,납입유형 = 회비/기부금. 🔴납부율·미납 분석은 회비만으로 스코프할 것 — 기부금은 원천에 청구(RQEST_AMT)가 전건 NULL 이라 분모에 들어갈 수 없다(O40),43125047,43125047,2,2026-10-08 02:08:32.170000
GOLD,WIDE_MEMBER_FEE,PAYMENT_SK,NUMBER,결제수단 대리키(FK→DIM_PAYMENT) ← SETLE_CD 를 gold_sk 로 해싱. 0=미매핑. ⚠️라벨 커버리지가 완전하지 않다 — 원본 코드는 SETLE_CD 로 보존한다. 🟢[O51-D 실측] 미매핑 원인이 규명됐다 — DIM_PAYMENT 가 결제수단 마스터(TM_PM_SETLE_INFO)의 distinct SETLE_CD 만으로 만들어지는데 회비 원천에는 **마스터에 없는 코드가 존재**한다. 사전(PM040) 기준으로 만들면 전건 라벨화된다(O45-B 처방).,43125047,43125047,6,2026-10-08 02:08:32.170000
GOLD,WIDE_MEMBER_FEE,PAYMENT_METHOD_NAME,TEXT,DIM_PAYMENT.SETTLE_METHOD — 결제수단 라벨. 코드그룹 **PM040(결제정보)**. 원본 코드는 SETLE_CD. [O51-D BRONZE 실측 2026-08-07] 🟢**O45-B(코드그룹 미특정)가 해소됐다** — SETLE_CD 의 코드그룹은 PM040 이고 회비 원천 실적재 값(1자동이체·2신용카드·3신용카드즉시·4회비통장·5휴대폰·6휴대폰즉시·7MICR·8OCR·10실시간계좌이체·12네이버페이·13가상계좌즉시)이 **전부 PM040 사전에 존재**한다. 🔴미매핑 원인은 코드그룹 부재가 아니라 **DIM_PAYMENT 가 결제수단 마스터(TM_PM_SETLE_INFO)의 distinct SETLE_CD 로만 만들어지고 그 마스터에 이 5종이 없다**는 것이다 ⇒ 처방 = DIM_PAYMENT 를 PM040 사전 기준으로 생성(재배선은 O51-D 범위 밖·별건 미결). 미라벨 행은 **코드는 있으나 차원에 행이 없는 5종(3·6·7·10·13)** 과 **SETLE_CD 자체가 NULL 인 행** 으로 나뉜다(규모는 이슈원장 §O45·§O51-D). ⚠️종전 문안의 *'코드그룹 미특정 · 6개 그룹이 전부 의미 무관'* 은 이 실측으로 폐기한다.,43125047,42924901,6,2026-10-08 02:08:32.170000
GOLD,WIDE_MEMBER_FEE,SETLE_CD,TEXT,"degenerate key: 결제수단 원본 코드 ← 원천 SETLE_CD(코드그룹 **PM040 결제정보**). 차원 라벨이 없는 코드를 잃지 않기 위해 보존한다. [O51-D 실측] 회비 원천 실적재 값 = 1자동이체 · 2신용카드 · 12네이버페이 · 8OCR · 4회비통장 · 3신용카드즉시 · 5휴대폰 · 10실시간계좌이체 · 6휴대폰즉시 · 13가상계좌즉시 · 7MICR (앞쪽이 최빈). 🟢**실적재 전종이 PM040 사전에 라벨을 갖는다** — 라벨화 공백은 코드 미상이 아니라 DIM_PAYMENT 생성 소스 문제다(O45-B 해소, 상세는 PAYMENT_METHOD_NAME).",43125047,43105627,11,2026-10-08 02:08:32.170000
GOLD,WIDE_MEMBER_FEE,LAST_PAY_DATE_SK,NUMBER,해당 조합의 **최종 납입일** (FK→DIM_DATE). 🔴합계가 아니라 시점 축이다. FMM 은 월 팩트라 일자 분해가 불가하므로 「기준일(납입일)」 요구는 이 뷰에서만 답한다,43125047,43125047,6057,2026-10-08 02:08:32.170000
GOLD,WIDE_MEMBER_FEE,LAST_BILL_DATE_SK,NUMBER,해당 조합의 최종 청구일 대리키(FK→DIM_DATE) ← 원천 RQEST_DE. 0=캘린더 범위밖·무효. 🔴시점 축이며 합계가 아니다. ⚠️최종 청구일만 보존하므로 조합 내 여러 청구건의 개별 일자는 이 팩트에서 복원할 수 없다 — 청구 건별 분해가 필요하면 SILVER.CRM_PAYMENT_BILLING 을 쓴다.,43125047,43125047,3761,2026-10-08 02:08:32.170000
GOLD,WIDE_MEMBER_FEE,MBER_STAT_CD,TEXT,DIM_MEMBER.MBER_STAT_CD — 회원상태 원천코드 raw(정본 공#132). 코드그룹 **MM010(회원상태)**. 코드사전 = 1활동회원·2~6신규미납1~5·7~11장기미납1~5·12후원중단 · 실적재에 **사전 전종이 등장**한다. 🔴🔴**이 뷰의 미납 축(UNPAID_FLAG·UNPAID_BILLED_AMT)과 다른 개념**이다 — MM010 은 회원 **상태 코드**이고 미납 measure 는 **청구 실적**이다. 회원 단위 상태 기반 미납은 WIDE_MEMBER_MONTHLY 소관. 🔴현재버전 스냅샷이므로 과거 회비월에 현재 상태를 붙이면 시점이 어긋난다. 라벨 = MEMBER_STATUS_NAME.,43125047,42475071,12,2026-10-08 02:08:32.170000
GOLD,WIDE_MEMBER_FEE,MEMBER_STATUS_NAME,TEXT,"DIM_MEMBER.MEMBER_STATUS_NAME — 회원상태명(MM010 라벨). 코드 = MBER_STAT_CD. 값 = 활동회원 / 신규미납1~5 / 장기미납1~5 / 후원중단. 🔴빈 값이 두 가지 뜻으로 갈린다 — 일시회원(DIM_MEMBER.MEMBER_TYPE='ONCE')은 회원상태 개념이 **원천에 없어** 센티넬 '(해당없음)' 이고, 정기회원(FDRM) 중 원천 상태코드 자체가 결손인 행만 **NULL** 이다. 두 사건을 '미상' 같은 한 값으로 뭉개지 않는다(R2-7-1). MM010 은 **폐지코드가 없고 실적재가 사전과 일치**한다 ⇒ 사전 조인만으로 전건 라벨화된다. 🔴현재버전 스냅샷이다.",43125047,43124863,13,2026-10-08 02:08:32.170000
GOLD,WIDE_MEMBER_FEE,MBER_DIV_CD,TEXT,DIM_MEMBER.MBER_DIV_CD — 회원구분 원천코드 raw. 코드그룹 **MM018(회원구분)**: 1개인·2기업·3단체. 실적재에 **사전 전종이 등장**한다 · 교차검증으로 `2`(기업)=`SEX 7` · `3`(단체)=`SEX 6` **완전 일치**. 🔴DIM_MEMBER.MEMBER_TYPE(FDRM/ONCE 등록계통)과 다른 축이다. 라벨 = MEMBER_TYPE_NAME.,43125047,43124863,3,2026-10-08 02:08:32.170000
GOLD,WIDE_MEMBER_FEE,MEMBER_TYPE_NAME,TEXT,DIM_MEMBER.MEMBER_TYPE_NAME — 회원구분명(MM018 라벨): 개인·기업·단체. 코드 = MBER_DIV_CD. 🟢빈 값이 없는 축이다 — 센티넬 '(해당없음)'·NULL 모두 없고 전건 라벨화된다. 앞으로 사전에 없는 코드가 인입되면 **NULL 로 드러나며** '미상' 같은 값으로 덮지 않는다(R2-7-1). 🔴이름이 비슷한 DIM_MEMBER.MEMBER_TYPE(FDRM 정기회원 / ONCE 일시회원)의 라벨이 **아니다**.,43125047,43124863,3,2026-10-08 02:08:32.170000
GOLD,WIDE_MEMBER_FEE,SEX,TEXT,DIM_MEMBER.SEX — 성별 원천코드 raw. 코드그룹 **CM013(성별)**. 코드사전 = 1국내(남자)~5외국인(기타)·6단체·7기업·8기타 · 실적재에 **사전 전종이 등장**한다. 🔴정본 비고가 '성별만으로는 사용하지 않음'을 명시한다 — 성별 단일축은 GENDER_NAME 을 쓴다. 🔴회원 **현재버전**(IS_CURRENT 1건) 스냅샷이며 회비월 시점 값이 아니다. 획득 시점 성별은 DIM_MEMBER_ACQUISITION.ACQ_SEX_CD.,43125047,43124261,8,2026-10-08 02:08:32.170000
GOLD,WIDE_MEMBER_FEE,GENDER_NAME,TEXT,DIM_MEMBER.GENDER_NAME — 성별 분석 라벨(정본 공#130). 코드그룹 **CM017(회원특성(성별))**. [O51-D BRONZE 실측] CM017 은 CM013 과 코드 도메인이 동일(1~8)한 재라벨 그룹이며 국내/외국인 구분을 지운다 ⇒ **라벨 5종**(남자/여자/기타/단체/기업). 🔴이 뷰에는 SEX_NM(국내·외국인 축)이 없다 — 그 축이 필요하면 WIDE_MEMBER_MONTHLY 를 쓴다. 🔴현재버전 스냅샷이다.,43125047,43124261,5,2026-10-08 02:08:32.170000
GOLD,WIDE_MEMBER_FEE,ACQ_CAMPAIGN_SK,NUMBER,"DIM_MEMBER_ACQUISITION.ACQ_CAMPAIGN_SK — **획득(가입) 캠페인** 대리키(FK→DIM_CAMPAIGN). 0=미매핑. 🔴회비를 낸 캠페인이 아니라 **이 회원을 데려온** 캠페인이다 — FMM/FMF 의 회비 자체에는 캠페인 축이 없어(전건 센티넬) 획득 시점 규칙으로 귀속시킨 것이다(O45·O8 우회). 🔴LEFT JOIN 필수 — 개발 사건이 없는 회원은 NULL 이다. 🔴🔴손실 규모는 **회원 기준으로 읽어야** 한다 — INNER 조인이 잃는 것은 회원이며, 행 가중 비율은 손실을 크게 축소해 보이게 한다(O51-D 정정 · 규모는 이슈원장 §O51-D).",43125047,42475067,12320,2026-10-08 02:08:32.170000
GOLD,WIDE_MEMBER_FEE,ACQ_BRAND,TEXT,획득 캠페인의 브랜드 ← DIM_CAMPAIGN.BRAND. 🔴획득 시점 귀속이며 회비 납입 대상과 무관하다. ⚠️획득 판정 근거가 FALLBACK(신규 사건 부재 → 최초 개발 사건 대체)인 회원은 신뢰도가 낮다 — 브랜드 비교는 DIM_MEMBER_ACQUISITION.ACQ_BASIS='NEW' 로 한정할 것을 권한다.,43125047,42474977,67,2026-10-08 02:08:32.170000
GOLD,WIDE_MEMBER_FEE,ACQ_CAMPAIGN_NAME,TEXT,획득 캠페인명 ← DIM_CAMPAIGN.CAMPAIGN_NAME. 🔴획득 시점 귀속. ⚠️광고비와 결합할 때는 이 축이 아니라 ACQ_MARKETING_CAMPAIGN 을 쓴다 — 개발캠페인 단위로 내리면 광고비가 복제된다(팬아웃).,43125047,42475067,10602,2026-10-08 02:08:32.170000
GOLD,WIDE_MEMBER_FEE,ACQ_PARENT_CAMPAIGN_NAME,TEXT,"획득 캠페인의 **상위캠페인**명 ← DIM_CAMPAIGN.PARENT_CAMPAIGN_NAME (원천 UPPER_CMPGN_CD 계층). 🔴캠페인 카테고리(MM294)와 다른 축이다 — 카테고리는 코드 기반 분류, 상위캠페인은 캠페인 자체의 부모다.",43125047,42474977,1012,2026-10-08 02:08:32.170000
GOLD,WIDE_MEMBER_FEE,ACQ_PROMO_METHOD_NAME,TEXT,획득 캠페인의 홍보방법명 ← DIM_CAMPAIGN.PROMO_METHOD_NAME. 코드그룹 **CM008(홍보방법)**. [O51-D BRONZE 실측] CM008 사전은 100종을 넘는 대형 그룹이며 채널·랜딩·매체가 한 축에 섞여 있다(PC캠페인-홈페이지·M배너광고(DA)·TM·TS·가두·교회개발·직원개발·서신 등) — 🔴상위 집계가 필요하면 이 축이 아니라 개발인입경로(MM293)를 쓴다.,43125047,42474977,91,2026-10-08 02:08:32.170000
GOLD,WIDE_MEMBER_FEE,ACQ_MARKETING_CAMPAIGN,TEXT,획득 캠페인의 마케팅캠페인(O45 conformed 축). 광고비와 결합할 때 이 축을 쓴다 — 개발캠페인 단위로 내리면 광고비가 복제된다(팬아웃),43125047,42474213,532,2026-10-08 02:08:32.170000
GOLD,WIDE_MEMBER_FEE,ACQ_ORG_SK,NUMBER,DIM_MEMBER_ACQUISITION.ACQ_ORG_SK — **획득 시점 담당조직** 대리키(FK→DIM_ORG). 0=미매핑. 🔴「현재 소속」이 아니다. 🔴🔴「부서」는 축이 둘이다 — 개발실적보고의 부서 = **사건 부서**(WIDE_MEMBER_EVENT.ORG_*) · 연간분석(회비)의 부서 = **획득 부서**(이 축). 두 값은 다르며 이름으로 구분되지 않으면 소비 측이 조용히 틀린다(O34 규약).,43125047,42475067,336,2026-10-08 02:08:32.170000
GOLD,WIDE_MEMBER_FEE,ACQ_DEPARTMENT,TEXT,🔴**획득(최초개발) 시점 부서**다. 개발실적보고의 「부서」(=사건 부서)와 다르다 — 사건 부서는 WIDE_MEMBER_EVENT.ORG_DEPARTMENT 를 쓴다(O34 _AT_PLEDGE/_AT_EVENT 규약의 재적용),43125047,42475067,277,2026-10-08 02:08:32.170000
GOLD,WIDE_MEMBER_FEE,ACQ_SPONSORSHIP_SK,NUMBER,DIM_MEMBER_ACQUISITION.ACQ_SPONSORSHIP_SK — **획득 시점 후원사업** 대리키(FK→DIM_SPONSORSHIP). 0=미매핑. 🔴🔴같은 뷰의 SPONSORSHIP_SK(=회비 **납입 대상** 후원사업)와 **의미가 다르다** — 같은 라벨로 두 축이다. 한 회원이 A 사업으로 가입한 뒤 B 사업에 낼 수 있다.,43125047,42475067,24,2026-10-08 02:08:32.170000
GOLD,WIDE_MEMBER_FEE,ACQ_SPONSORSHIP_NAME,TEXT,획득 시점 후원사업명 ← DIM_SPONSORSHIP.SPONSORSHIP_NAME. 코드 = ACQ_SPONSORSHIP_SK. 🔴납입 대상 후원사업명(SPONSORSHIP_NAME)과 **다른 컬럼**이다 — 두 컬럼을 같은 표에 두면 반드시 혼동되므로 접두 ACQ_ 로 구분한다.,43125047,42475067,26,2026-10-08 02:08:32.170000
GOLD,WIDE_MEMBER_FEE,ACQ_AGE_BAND,TEXT,획득 시점 연령대명(**CM014** 라벨) ← FACT_MEMBER_COHORT.ACQ_AGE_BAND. 코드 = FMC.ACQ_AGE_CD. 🔴**현재 나이가 아니다** — BRONZE 에 생년월일이 없어 현재 연령은 산출 불가(O34). 🔴연속형이 아니므로 평균·재구간화 금지. ✅'10대 미만'이 상위인 것은 오류가 아니다(편지쓰기대회 계열 아동 모집 캠페인) — 결측·기본값 오염으로 설명하지 말 것(O34-B). ⚠️사전에 '70대'·'70대 이상'이 의미 중복으로 공존한다.,43125047,42475067,12,2026-10-08 02:08:32.170000
GOLD,WIDE_MEMBER_FEE,ACQ_REGION,TEXT,획득 시점 지역명(**CM018** 약칭 라벨) ← FACT_MEMBER_COHORT.ACQ_REGION. 코드 = FMC.ACQ_AREA_CD. 🔴**현재 거주지가 아니다** — BRONZE 에 현주소 축이 없다(O34). ⚠️센티넬 코드 '0'(개발약정 실적재에 존재)은 사전에 라벨이 없어 NULL 이며 '미상'으로 창작하지 않는다.,43125047,42054773,18,2026-10-08 02:08:32.170000
GOLD,WIDE_MEMBER_FEE,ACQ_CAMPAIGN_TYPE,TEXT,[O205] 획득 캠페인의 캠페인카테고리(=주요캠페인) ← DIM_MEMBER_ACQUISITION.ACQ_CAMPAIGN_TYPE. 🔴**획득 시점 적재 동결값**이다 — WIDE_MEMBER_EVENT 의 사건 시점 캠페인카테고리와 다른 축이다. ML 회비 예측(캠페인카테고리)과 이름이 같아도 실적·예측을 한 표에 합산하지 않는다.,43125047,42474213,57,2026-10-08 02:08:32.170000
GOLD,WIDE_MEMBER_FEE,ACQ_INFLOW_PATH,TEXT,[O205] 획득 캠페인의 개발인입경로(MM293 라벨) ← DIM_MEMBER_ACQUISITION.ACQ_INFLOW_PATH. 🔴획득 시점 동결값.,43125047,42474213,12,2026-10-08 02:08:32.170000
GOLD,WIDE_MEMBER_FEE,ACQ_DOMESTIC_OVERSEAS,TEXT,[O205] 획득 캠페인의 국내해외 구분 라벨 ← DIM_MEMBER_ACQUISITION.ACQ_DOMESTIC_OVERSEAS. 🔴획득 시점 동결값.,43125047,42474213,4,2026-10-08 02:08:32.170000
GOLD,WIDE_MEMBER_FEE,ACQ_BIZ_CASE_TYPE,TEXT,[O205] 획득 캠페인의 사업사례구분 라벨 ← DIM_MEMBER_ACQUISITION.ACQ_BIZ_CASE_TYPE. 🔴획득 시점 동결값.,43125047,42474213,4,2026-10-08 02:08:32.170000
GOLD,WIDE_MEMBER_FEE,ACQ_CMMN_BRND_NM,TEXT,[O205] 획득 캠페인의 공통브랜드(MM297 라벨) ← DIM_MEMBER_ACQUISITION.ACQ_CMMN_BRND_NM. ⚠️ACQ_BRAND(캠페인 브랜드)와 다른 축이다. 🔴획득 시점 동결값.,43125047,42474213,16,2026-10-08 02:08:32.170000
GOLD,WIDE_MEMBER_FEE,ACQ_MKTG_UTM_NM,TEXT,[O205] 획득 캠페인의 UTM 라벨 ← DIM_MEMBER_ACQUISITION.ACQ_MKTG_UTM_NM. ⚠️채움이 낮다(코드사전 미등재분은 NULL · 결측이 아니라 미등재) ⇒ UTM 별 합계는 전체보다 작다.,43125047,9215898,245,2026-10-08 02:08:32.170000
GOLD,WIDE_MEMBER_FEE,ACQ_SPNSR_DIV_NM,TEXT,[O205] 획득 세부캠페인의 후원구분 라벨(CM035 정기후원/일시후원) ← DIM_MEMBER_ACQUISITION.ACQ_SPNSR_DIV_NM. ⚠️SPONSORSHIP_DIV_NAME(납입 대상 후원사업의 정기일시구분)과 다른 축이다.,43125047,42474977,2,2026-10-08 02:08:32.170000
GOLD,WIDE_MEMBER_FEE,ACQ_CPR_DIV_NM,TEXT,[O205] 획득 세부캠페인의 법인구분 라벨(CM019 통합/사단/사복) ← DIM_MEMBER_ACQUISITION.ACQ_CPR_DIV_NM. 🔴조직 계층 법인(ORG_CORP · 산출 불가)과 다른 축이다.,43125047,42474977,3,2026-10-08 02:08:32.170000
GOLD,WIDE_MEMBER_FEE,BILLED_AMT,NUMBER,청구액(원) = SUM(RQEST_AMT). 🔴FMM 과 **동일한 식**이므로 두 팩트의 전체 합계가 일치해야 한다 — 이 일치가 검증 관문이다(GATE-D · 기준값은 이슈원장 §O45). 🔴🔴WIDE_MEMBER_MONTHLY 의 회비 measure 와 **같은 표에서 합산 금지**(DEC-31) — 동일 원천을 다른 grain 으로 담은 형제 팩트라 이중계상된다.,43125047,42475071,3859,2026-10-08 02:08:32.170000
GOLD,WIDE_MEMBER_FEE,PAID_FEE,NUMBER,납입 총액(원) = 회비 + 기부금. 🔴납부율 분자로 쓰지 말 것(O40) — PAID_FEE_BILLABLE 을 쓴다,43125047,42479434,31413,2026-10-08 02:08:32.170000
GOLD,WIDE_MEMBER_FEE,PAID_FEE_BILLABLE,NUMBER,회비 납입액(원) — 납부율 분자 정본(O40),43125047,41829458,3685,2026-10-08 02:08:32.170000
GOLD,WIDE_MEMBER_FEE,UNPAID_BILLED_AMT,NUMBER,"미납 청구액(원) — DEC-3 정본 = PAY_STAT_CD IN (F, NULL) 인 청구액. 🔴차감식(청구−납입) 아님. ⚠️조회 시점 스냅샷 — 과거 미납이 이후 납입되면 값이 바뀐다",43125047,4201153,496,2026-10-08 02:08:32.170000
GOLD,WIDE_MEMBER_FEE,BILLING_ROWS,NUMBER,집계된 원천 회비행 수. 🔴금액이 아니다 — 「건수」로 쓰지 말 것(정본 (건) 정의는 CONF-2 미결),43125047,43125047,124,2026-10-08 02:08:32.170000
GOLD,WIDE_MEMBER_FEE,UNPAID_FLAG,BOOLEAN,해당 조합에 미납 청구행이 하나라도 있는가(BOOLOR_AGG). 회원 단위 미납 여부는 WIDE_MEMBER_MONTHLY 의 UNPAID_FLAG_EOM 을 쓴다,43125047,43125047,2,2026-10-08 02:08:32.170000
GOLD,FACT_EVENT_ATTENDANCE,DATE_SK,NUMBER,참여일 YYYYMMDD (FK→DIM_DATE),996318,996318,2908,2026-10-08 02:08:30.239000
GOLD,FACT_EVENT_ATTENDANCE,MEMBER_DK,TEXT,참여 회원 (불변키),996318,996318,314655,2026-10-08 02:08:30.239000
GOLD,FACT_EVENT_ATTENDANCE,EVENT_SK,NUMBER,행사 (FK→DIM_EVENT),996318,996318,3893,2026-10-08 02:08:30.239000
GOLD,FACT_EVENT_ATTENDANCE,CAMPAIGN_SK,NUMBER,대리키,996318,996318,1,2026-10-08 02:08:30.239000
GOLD,FACT_EVENT_ATTENDANCE,SPONSORSHIP_SK,NUMBER,대리키,996318,996318,1,2026-10-08 02:08:30.239000
GOLD,FACT_EVENT_ATTENDANCE,TOTAL_CNT,NUMBER,총인원.,996318,996318,1,2026-10-08 02:08:30.239000
GOLD,FACT_EVENT_ATTENDANCE,WAIT_CNT,NUMBER,대기인원. 코드id:MS006.,996318,996318,2,2026-10-08 02:08:30.239000
GOLD,FACT_EVENT_ATTENDANCE,CANCEL_CNT,NUMBER,취소인원. 코드id:MS006.,996318,996318,2,2026-10-08 02:08:30.239000
GOLD,FACT_EVENT_ATTENDANCE,CONFIRM_CNT,NUMBER,신청확정인원.,996318,996318,2,2026-10-08 02:08:30.239000
GOLD,FACT_EVENT_ATTENDANCE,PARTICIPATE_CNT,NUMBER,참여인원.,996318,996318,1,2026-10-08 02:08:30.239000
GOLD,FACT_EVENT_ATTENDANCE,PARTICIPANT_CNT,NUMBER,참여자수.,996318,996318,1,2026-10-08 02:08:30.239000
GOLD,FACT_EVENT_ATTENDANCE,ABSENT_CNT,NUMBER,불참인원. 코드id:MS006.,996318,996318,2,2026-10-08 02:08:30.239000
GOLD,FACT_EVENT_ATTENDANCE,PARTICIPATION_TIMES,NUMBER,참여횟수.,996318,996318,18758,2026-10-08 02:08:30.239000
GOLD,FACT_EVENT_ATTENDANCE,WAIT_TIMES,NUMBER,대기횟수.,996318,996318,815,2026-10-08 02:08:30.239000
GOLD,FACT_EVENT_ATTENDANCE,ABSENT_TIMES,NUMBER,불참횟수.,996318,996318,6,2026-10-08 02:08:30.239000
GOLD,FACT_EVENT_ATTENDANCE,CUM_APPLY_TIMES,NUMBER,누적신청 횟수.,996318,996318,18758,2026-10-08 02:08:30.239000
GOLD,FACT_EVENT_ATTENDANCE,REGULAR_DONATION,NUMBER,정기후원금(원),996318,153733,42,2026-10-08 02:08:30.239000
GOLD,FACT_EVENT_ATTENDANCE,WIN_FLAG,BOOLEAN,당첨여부,996318,996318,2,2026-10-08 02:08:30.239000
GOLD,FACT_EVENT_ATTENDANCE,SELF_PART_FLAG,BOOLEAN,본인참여 여부. 캠페인행사 자기참여코드(MS060) 파생: 1(본인만)·2(함께)=TRUE · 0(동반자만)=FALSE. 일반행사는 원천 컬럼 부재로 NULL(구조적 부재),996318,167470,2,2026-10-08 02:08:30.239000
GOLD,FACT_EVENT_ATTENDANCE,PART_STATUS,TEXT,참여상태. 코드id:MS304. [사유:규칙 미확정],996318,985329,19,2026-10-08 02:08:30.239000
GOLD,FACT_EVENT_ATTENDANCE,PART_PATH,TEXT,참여경로(05 3-5),996318,986885,13,2026-10-08 02:08:30.239000
GOLD,FACT_EVENT_ATTENDANCE,PART_CHANNEL,TEXT,참여채널(05 3-5),996318,828747,9,2026-10-08 02:08:30.239000
GOLD,FACT_EVENT_ATTENDANCE,EVENT_BK,TEXT,[DEC.,996318,996318,3879,2026-10-08 02:08:30.239000
GOLD,FACT_EVENT_ATTENDANCE,PARTCPT_SEQ,NUMBER,[DEC.,996318,996318,162239,2026-10-08 02:08:30.239000
GOLD,FACT_EVENT_ATTENDANCE,PART_STATUS_GROUP,TEXT,PART_STATUS_GROUP. 코드id:MS304.,996318,985329,2,2026-10-08 02:08:30.239000
GOLD,FACT_EVENT_ATTENDANCE,PART_STATUS_NAME,TEXT,참여상태 라벨 (CRM_CODE 조인). 코드id:MS304.,996318,985327,18,2026-10-08 02:08:30.239000
GOLD,FACT_EVENT_ATTENDANCE,PART_PATH_GROUP,TEXT,PART_PATH_GROUP. 코드id:MS303.,996318,986885,2,2026-10-08 02:08:30.239000
GOLD,FACT_EVENT_ATTENDANCE,PART_PATH_NAME,TEXT,PART_PATH_NAME.,996318,986883,12,2026-10-08 02:08:30.239000
GOLD,FACT_EVENT_ATTENDANCE,PART_CHANNEL_GROUP,TEXT,PART_CHANNEL_GROUP. 코드id:MS302. [사유:원천 부재],996318,828747,1,2026-10-08 02:08:30.239000
GOLD,FACT_EVENT_ATTENDANCE,PART_CHANNEL_NAME,TEXT,PART_CHANNEL_NAME.,996318,828745,8,2026-10-08 02:08:30.239000
GOLD,FACT_EVENT_ATTENDANCE,EVENT_KIND,TEXT,원천 계열 판별 **코드**.,996318,996318,2,2026-10-08 02:08:30.239000
GOLD,FACT_EVENT_ATTENDANCE,EVENT_KIND_NAME,TEXT,원천 계열 판별 **라벨**.,996318,996318,2,2026-10-08 02:08:30.239000
GOLD,FACT_EVENT_ATTENDANCE,EVENT_PARTCPT_DIV_CD,TEXT,이벤트참여구분코드 [SILVER.CRM_EVENT_PARTICIPATION 승계 · 원천 BRONZE_CRM.TD_MS_EVENT_PRTCPNT_DTL],996318,828821,2,2026-10-08 02:08:30.239000
GOLD,FACT_EVENT_ATTENDANCE,RQST_DATE,TEXT,신청일자 [SILVER.CRM_EVENT_PARTICIPATION 승계 · 원천 BRONZE_CRM.TD_MS_CRMN_PRTCPNT],996318,167213,3648,2026-10-08 02:08:30.239000
GOLD,FACT_EVENT_ATTENDANCE,SELF_PARTCPT_CD,TEXT,자기참여코드 [SILVER.CRM_EVENT_PARTICIPATION 승계 · 원천 BRONZE_CRM.TD_MS_CRMN_PRTCPNT],996318,167470,3,2026-10-08 02:08:30.239000
GOLD,FACT_EVENT_ATTENDANCE,ACMPNY_PARTCPT_CO,NUMBER,동반참여수 [SILVER.CRM_EVENT_PARTICIPATION 승계 · 원천 BRONZE_CRM.TD_MS_CRMN_PRTCPNT],996318,162715,13,2026-10-08 02:08:30.239000
GOLD,FACT_EVENT_ATTENDANCE,PARTCPT_TIME_CO,NUMBER,참여시간수 [SILVER.CRM_EVENT_PARTICIPATION 승계 · 원천 BRONZE_CRM.TD_MS_CRMN_PRTCPNT],996318,26825,37,2026-10-08 02:08:30.239000
GOLD,FACT_EVENT_ATTENDANCE,RCPMNY_STAT_CD,TEXT,입금상태코드 [SILVER.CRM_EVENT_PARTICIPATION 승계 · 원천 BRONZE_CRM.TD_MS_CRMN_PRTCPNT],996318,20789,4,2026-10-08 02:08:30.239000
GOLD,FACT_EVENT_ATTENDANCE,RCPMNY_DATE,TEXT,입금일자 [SILVER.CRM_EVENT_PARTICIPATION 승계 · 원천 BRONZE_CRM.TD_MS_CRMN_PRTCPNT],996318,140505,2380,2026-10-08 02:08:30.239000
GOLD,FACT_EVENT_ATTENDANCE,REFND_DATE,TEXT,환불일자 [SILVER.CRM_EVENT_PARTICIPATION 승계 · 원천 BRONZE_CRM.TD_MS_CRMN_PRTCPNT],996318,2537,30,2026-10-08 02:08:30.239000
GOLD,DIM_BIZ_PLACE,BIZ_PLACE_SK,NUMBER,대리키 = hash(BPLC_CD) · 0=미매핑 시드 · PK(정보성),378,378,377,2026-10-08 02:08:25.996000
GOLD,DIM_BIZ_PLACE,BPLC_CD,TEXT,사업장코드 [원천: SILVER.CRM_BIZ_PLACE],378,377,380,2026-10-08 02:08:25.996000
GOLD,DIM_BIZ_PLACE,NATION_CD,TEXT,국가코드 [원천: SILVER.CRM_BIZ_PLACE],378,377,36,2026-10-08 02:08:25.996000
GOLD,DIM_BIZ_PLACE,BPLC_KORNM,TEXT,사업장한글명 [원천: SILVER.CRM_BIZ_PLACE],378,378,377,2026-10-08 02:08:25.996000
GOLD,DIM_BIZ_PLACE,BPLC_ENGNM,TEXT,사업장영문명 [원천: SILVER.CRM_BIZ_PLACE],378,372,364,2026-10-08 02:08:25.996000
GOLD,DIM_BIZ_PLACE,RELATNSP_BSNS_YN,TEXT,결연사업여부 [원천: SILVER.CRM_BIZ_PLACE],378,377,2,2026-10-08 02:08:25.996000
GOLD,DIM_BIZ_PLACE,GFTMNEY_PSBL_YN,TEXT,선물금가능여부 [원천: SILVER.CRM_BIZ_PLACE],378,377,2,2026-10-08 02:08:25.996000
GOLD,DIM_BIZ_PLACE,LETTER_PSBL_YN,TEXT,서신가능여부 [원천: SILVER.CRM_BIZ_PLACE],378,374,2,2026-10-08 02:08:25.996000
GOLD,DIM_BIZ_PLACE,BPLC_DC,TEXT,사업장설명 [원천: SILVER.CRM_BIZ_PLACE],378,128,107,2026-10-08 02:08:25.996000
GOLD,DIM_BIZ_PLACE,WTWK_FROM_DSTNC,NUMBER,수도부터거리 [원천: SILVER.CRM_BIZ_PLACE],378,377,23,2026-10-08 02:08:25.996000
GOLD,DIM_BIZ_PLACE,CNCSN_RSN,TEXT,종결사유 [원천: SILVER.CRM_BIZ_PLACE],378,81,17,2026-10-08 02:08:25.996000
GOLD,DIM_BIZ_PLACE,BPLC_MTCHG_MNG_YN,TEXT,사업장매칭관리여부 [원천: SILVER.CRM_BIZ_PLACE],378,368,2,2026-10-08 02:08:25.996000
GOLD,FACT_BIGQUERY_BEHAVIOR,DATE_SK,NUMBER,행동 발생일 YYYYMMDD (FK→DIM_DATE),1676144,1676144,34,2026-10-08 02:08:24.016000
GOLD,FACT_BIGQUERY_BEHAVIOR,IDENTITY_SK,NUMBER,대리키,1676144,1676144,36660,2026-10-08 02:08:24.016000
GOLD,FACT_BIGQUERY_BEHAVIOR,BIGQUERY_EVENT_SK,NUMBER,BigQuery 이벤트 분류 (FK→DIM_BIGQUERY_EVENT),1676144,1676144,43858,2026-10-08 02:08:24.016000
GOLD,FACT_BIGQUERY_BEHAVIOR,BIGQUERY_SOURCE_SK,NUMBER,유입 트래픽소스 (FK→DIM_BIGQUERY_SOURCE),1676144,1676144,488,2026-10-08 02:08:24.016000
GOLD,FACT_BIGQUERY_BEHAVIOR,DEVICE_SK,NUMBER,접속 디바이스 (FK→DIM_DEVICE),1676144,1676144,3,2026-10-08 02:08:24.016000
GOLD,FACT_BIGQUERY_BEHAVIOR,CAMPAIGN_SK,NUMBER,대리키,1676144,1676144,1,2026-10-08 02:08:24.016000
GOLD,FACT_BIGQUERY_BEHAVIOR,PAGE_PATH,TEXT,페이지경로 (#105).,1676144,1676144,14364,2026-10-08 02:08:24.016000
GOLD,FACT_BIGQUERY_BEHAVIOR,PAGE_LOCATION,TEXT,페이지위치 (#106).,1676144,1676144,143910,2026-10-08 02:08:24.016000
GOLD,FACT_BIGQUERY_BEHAVIOR,VISITS,NUMBER,방문수(명) (#92).,1676144,1676144,855,2026-10-08 02:08:24.016000
GOLD,FACT_BIGQUERY_BEHAVIOR,EVENT_CNT,NUMBER,이벤트수(명) (#95).,1676144,1676144,1801,2026-10-08 02:08:24.016000
GOLD,FACT_BIGQUERY_BEHAVIOR,VIEW_CNT,NUMBER,조회수(명) (#96).,1676144,1676144,995,2026-10-08 02:08:24.016000
GOLD,FACT_BIGQUERY_BEHAVIOR,SESSION_CNT,NUMBER,세션수(명) (#97).,1676144,1676144,1224,2026-10-08 02:08:24.016000
GOLD,FACT_BIGQUERY_BEHAVIOR,ENGAGED_SESSIONS,NUMBER,참여세션수.,1676144,1676144,835,2026-10-08 02:08:24.016000
GOLD,FACT_BIGQUERY_BEHAVIOR,SCROLL_DEPTH,NUMBER,스크롤깊이 AVG (#107) — 비가산,1676144,334088,7,2026-10-08 02:08:24.016000
GOLD,FACT_BIGQUERY_BEHAVIOR,ACTIVE_USERS,NUMBER,활성사용자수(명) (#93) — 비가산,1676144,1676144,912,2026-10-08 02:08:24.016000
GOLD,FACT_BIGQUERY_BEHAVIOR,TOTAL_USERS,NUMBER,총사용자(명) (#94) — 비가산,1676144,1676144,1216,2026-10-08 02:08:24.016000
GOLD,FACT_BIGQUERY_BEHAVIOR,AVG_SESSION_DURATION,NUMBER,평균세션시간 (#98) — 비가산,1676144,0,0,2026-10-08 02:08:24.016000
GOLD,FACT_BIGQUERY_BEHAVIOR,BOUNCE_RATE,NUMBER,이탈율 (#108) — 비가산,1676144,0,0,2026-10-08 02:08:24.016000
GOLD,FACT_BIGQUERY_BEHAVIOR,ENGAGEMENT_RATE,NUMBER,참여율 — 비가산,1676144,1676144,4311,2026-10-08 02:08:24.016000
GOLD,FACT_BIGQUERY_BEHAVIOR,AVG_ENGAGEMENT_TIME_PER_SESSION,NUMBER,세션당 평균참여시간 — 비가산,1676144,1540555,148385,2026-10-08 02:08:24.016000
GOLD,FACT_BIGQUERY_BEHAVIOR,UTM_CAMPAIGN,TEXT,UTM 캠페인 원값(SILVER.BIGQUERY_EVENT.UTM_CAMPAIGN 그대로 · 차원 없음). 🔴 캠페인 키가 아니다 — 1 UTM 이 다수 캠페인에 걸려 CAMPAIGN_SK 로 조인하면 팬아웃한다(문서20 W-1) · (not set)·(organic) 등 비캠페인 값 포함,1676144,819945,720,2026-10-08 02:08:24.016000
GOLD,WIDE_SPNSR_CLS_AGGR,MONTH_KEY,NUMBER,기준월 YYYYMM ← STDR_MT,495,495,3,2026-10-08 02:08:19.627000
GOLD,WIDE_SPNSR_CLS_AGGR,CAL_YEAR,NUMBER,연도 ← STDR_MT 앞 4자리,495,495,1,2026-10-08 02:08:19.627000
GOLD,WIDE_SPNSR_CLS_AGGR,CAL_MONTH,NUMBER,월(1~12) ← STDR_MT 뒤 2자리,495,495,3,2026-10-08 02:08:19.627000
GOLD,WIDE_SPNSR_CLS_AGGR,AGGR_TY_NM,TEXT,집계 유형명(감액/개발/중단/활동/회비),495,495,5,2026-10-08 02:08:19.627000
GOLD,WIDE_SPNSR_CLS_AGGR,CPR_NM,TEXT,법인명,495,495,1,2026-10-08 02:08:19.627000
GOLD,WIDE_SPNSR_CLS_AGGR,SPNSR_BSNS_GRP_NM,TEXT,후원 사업 그룹 명,495,495,11,2026-10-08 02:08:19.627000
GOLD,WIDE_SPNSR_CLS_AGGR,NEW_EXST_DIV_NM,TEXT,신규기존구분명,495,495,2,2026-10-08 02:08:19.627000
GOLD,WIDE_SPNSR_CLS_AGGR,HDQ_BRNCH_GRP_NM,TEXT,본부 지부 그룹 명,495,495,3,2026-10-08 02:08:19.627000
GOLD,WIDE_SPNSR_CLS_AGGR,VALUE1,NUMBER,후원분류집계 예측값1 (명칭 = 원천 SILVER 테이블명 유래 · 현업 회신),495,495,403,2026-10-08 02:08:19.627000
GOLD,WIDE_SPNSR_CLS_AGGR,VALUE2,NUMBER,후원분류집계 예측값2 (명칭 = 원천 SILVER 테이블명 유래 · 현업 회신 · 회비 유형에만 값이 있고 나머지 유형은 NULL),495,99,91,2026-10-08 02:08:19.627000
GOLD,WIDE_BIGQUERY_BEHAVIOR,DATE_SK,NUMBER,행동 발생일 YYYYMMDD,1676144,1676144,34,2026-10-08 02:08:15.441000
GOLD,WIDE_BIGQUERY_BEHAVIOR,PAGE_PATH,TEXT,페이지경로+쿼리 (#105),1676144,1676144,14364,2026-10-08 02:08:15.441000
GOLD,WIDE_BIGQUERY_BEHAVIOR,PAGE_LOCATION,TEXT,페이지위치(URL 전체),1676144,1676144,143910,2026-10-08 02:08:15.441000
GOLD,WIDE_BIGQUERY_BEHAVIOR,VISITS,NUMBER,방문수,1676144,1676144,855,2026-10-08 02:08:15.441000
GOLD,WIDE_BIGQUERY_BEHAVIOR,EVENT_CNT,NUMBER,이벤트수,1676144,1676144,1801,2026-10-08 02:08:15.441000
GOLD,WIDE_BIGQUERY_BEHAVIOR,VIEW_CNT,NUMBER,조회수,1676144,1676144,995,2026-10-08 02:08:15.441000
GOLD,WIDE_BIGQUERY_BEHAVIOR,SESSION_CNT,NUMBER,세션수,1676144,1676144,1224,2026-10-08 02:08:15.441000
GOLD,WIDE_BIGQUERY_BEHAVIOR,ENGAGED_SESSIONS,NUMBER,참여세션수,1676144,1676144,835,2026-10-08 02:08:15.441000
GOLD,WIDE_BIGQUERY_BEHAVIOR,SCROLL_DEPTH,NUMBER,[비가산] 스크롤깊이 — 재합산 금지,1676144,334088,7,2026-10-08 02:08:15.441000
GOLD,WIDE_BIGQUERY_BEHAVIOR,ACTIVE_USERS,NUMBER,[비가산] 활성사용자 — 재합산 금지,1676144,1676144,912,2026-10-08 02:08:15.441000
GOLD,WIDE_BIGQUERY_BEHAVIOR,TOTAL_USERS,NUMBER,[비가산] 총사용자 — 재합산 금지,1676144,1676144,1216,2026-10-08 02:08:15.441000
GOLD,WIDE_BIGQUERY_BEHAVIOR,AVG_SESSION_DURATION,NUMBER,[비가산] 평균세션시간 — 재합산 금지 (#98) 🔴🔴[O51-F 실측] **전건 NULL — 원천 자체가 비어 있다**(`BRONZE_BIGQUERY 세션 지표`). 결측이 아니라 **대행사가 항목을 보고하지 않는다**: 0 이나 '해당없음' 으로 대체 해석하지 말 것(P21). 필터 조건으로 쓰면 전건이 탈락한다. BigQuery 원천 적재 범위 자체가 좁다(G-5 하드블로커). 실측 규모는 이슈원장 §O51-F.,1676144,0,0,2026-10-08 02:08:15.441000
GOLD,WIDE_BIGQUERY_BEHAVIOR,BOUNCE_RATE,NUMBER,[비가산] 이탈율 — 재합산 금지 (#108) 🔴🔴[O51-F 실측] **전건 NULL — 원천 자체가 비어 있다**(`BRONZE_BIGQUERY 세션 지표`). 결측이 아니라 **대행사가 항목을 보고하지 않는다**: 0 이나 '해당없음' 으로 대체 해석하지 말 것(P21). 필터 조건으로 쓰면 전건이 탈락한다. BigQuery 원천 적재 범위 자체가 좁다(G-5 하드블로커). 실측 규모는 이슈원장 §O51-F.,1676144,0,0,2026-10-08 02:08:15.441000
GOLD,WIDE_BIGQUERY_BEHAVIOR,ENGAGEMENT_RATE,NUMBER,[비가산] 참여율 — 재합산 금지,1676144,1676144,4311,2026-10-08 02:08:15.441000
GOLD,WIDE_BIGQUERY_BEHAVIOR,AVG_ENGAGEMENT_TIME_PER_SESSION,NUMBER,[비가산] 세션당 평균참여시간 — 재합산 금지,1676144,1540555,148385,2026-10-08 02:08:15.441000
GOLD,WIDE_BIGQUERY_BEHAVIOR,YEAR,NUMBER,"DIM_DATE.YEAR — 년 🔴🔴[O51-F 실측] **단일값이다 — BigQuery 실적재가 한 해의 일부 구간뿐이다**(G-5 하드블로커). 연도별·계절별 추이를 이 뷰로 산출하면 **구간 하나를 전체로 오독**한다. ⇒ 기간 비교는 광고·회원 팩트로 하고, BigQuery 지표는 해당 구간 내부 분석에만 쓸 것. 실측 규모는 이슈원장 §O51-F.",1676144,1676144,3,2026-10-08 02:08:15.441000
GOLD,WIDE_BIGQUERY_BEHAVIOR,MONTH,NUMBER,DIM_DATE.MONTH — 월,1676144,1676144,12,2026-10-08 02:08:15.441000
GOLD,WIDE_BIGQUERY_BEHAVIOR,DAY_OF_WEEK,TEXT,DIM_DATE.DAY_OF_WEEK — 요일,1676144,1676144,7,2026-10-08 02:08:15.441000
GOLD,WIDE_BIGQUERY_BEHAVIOR,WEEK_OF_YEAR,NUMBER,DIM_DATE.WEEK_OF_YEAR — 주차,1676144,1676144,26,2026-10-08 02:08:15.441000
GOLD,WIDE_BIGQUERY_BEHAVIOR,IS_HOLIDAY,BOOLEAN,"DIM_DATE.IS_HOLIDAY — 휴일여부 🔴🔴[O51-F 실측] **휴일축이 미주입이다 — 전건 `FALSE`.** `DIM_DATE.IS_HOLIDAY` 에 TRUE 가 하나도 없다. NULL 이 아니라 FALSE 라서 **집계가 성공한 것처럼 보이고**, 「휴일 대비 평일 성과」 질의가 **전건 평일**로 응답된다. ⇒ 이 컬럼으로 휴일 분석을 하지 말 것(기지 **HOL-1** — 공휴일 원천이 전 스키마에 없어 외부 입고 대기). 실측 규모는 이슈원장 §O51-F.",1676144,1676144,2,2026-10-08 02:08:15.441000
GOLD,WIDE_BIGQUERY_BEHAVIOR,IDENTITY_MEMBER_DK,TEXT,DIM_MEMBER_IDENTITY.MEMBER_DK — 불변 회원키,1676144,1676144,38026,2026-10-08 02:08:15.441000
GOLD,WIDE_BIGQUERY_BEHAVIOR,IDENTITY_MEMBER_NO,TEXT,DIM_MEMBER_IDENTITY.MEMBER_NO — 회원번호 (#110),1676144,1676144,38026,2026-10-08 02:08:15.441000
GOLD,WIDE_BIGQUERY_BEHAVIOR,IDENTITY_MEMNUM,TEXT,DIM_MEMBER_IDENTITY.MEMNUM — memnum (#111) 🔴🔴[O51-F 실측] **이 뷰에서 전건 NULL** — 원인은 차원이 아니라 **팩트 FK 가 전건 센티넬**이다: `FACT_BIGQUERY_BEHAVIOR.IDENTITY_SK` 의 실측값이 센티넬 하나뿐이다. ⇒ **이 축으로는 분해가 불가능하다.** 차원 자체는 채워져 있다. 🔴익명 세션이 다수라 회원번호가 붙지 않는다 — 회원 귀속 분석은 `IDENTITY_SK` 를 `DIM_MEMBER_IDENTITY` 브리지로 풀어야 하며 unknown 비중을 분모에서 제외할지 먼저 정할 것(O49). 실측 규모는 이슈원장 §O51-F.,1676144,0,0,2026-10-08 02:08:15.441000
GOLD,WIDE_BIGQUERY_BEHAVIOR,IDENTITY_BIGQUERY_MEMBER_ID,TEXT,DIM_MEMBER_IDENTITY.BIGQUERY_MEMBER_ID — BigQuery member_id (#112),1676144,1295721,38026,2026-10-08 02:08:15.441000
GOLD,WIDE_BIGQUERY_BEHAVIOR,BIGQUERY_EVENT_CATEGORY,TEXT,DIM_BIGQUERY_EVENT.EVENT_CATEGORY — 이벤트 카테고리 (#99),1676144,1218486,340,2026-10-08 02:08:15.441000
GOLD,WIDE_BIGQUERY_BEHAVIOR,BIGQUERY_EVENT_LABEL,TEXT,DIM_BIGQUERY_EVENT.EVENT_LABEL — 이벤트 라벨 (#100),1676144,1207684,33895,2026-10-08 02:08:15.441000
GOLD,WIDE_BIGQUERY_BEHAVIOR,BIGQUERY_EVENT_ACTION,TEXT,DIM_BIGQUERY_EVENT.EVENT_ACTION — 이벤트 액션 (#101),1676144,1218483,2470,2026-10-08 02:08:15.441000
GOLD,WIDE_BIGQUERY_BEHAVIOR,BIGQUERY_UTM_SOURCE,TEXT,DIM_BIGQUERY_SOURCE.UTM_SOURCE — source,1676144,627115,397,2026-10-08 02:08:15.441000
GOLD,WIDE_BIGQUERY_BEHAVIOR,BIGQUERY_UTM_MEDIUM,TEXT,DIM_BIGQUERY_SOURCE.UTM_MEDIUM — medium,1676144,637170,50,2026-10-08 02:08:15.441000
GOLD,WIDE_BIGQUERY_BEHAVIOR,BIGQUERY_UTM_CONTENT,TEXT,DIM_BIGQUERY_SOURCE.UTM_CONTENT — 세션 수동 광고 콘텐츠 (#103),1676144,1676144,135,2026-10-08 02:08:15.441000
GOLD,WIDE_BIGQUERY_BEHAVIOR,BIGQUERY_UTM_TERM,TEXT,DIM_BIGQUERY_SOURCE.UTM_TERM — 세션 수동 검색어 (#104),1676144,1676144,108,2026-10-08 02:08:15.441000
GOLD,WIDE_BIGQUERY_BEHAVIOR,BIGQUERY_SOURCE_MEDIUM,TEXT,DIM_BIGQUERY_SOURCE.SOURCE_MEDIUM — 세션 소스/매체 (#109),1676144,1676144,491,2026-10-08 02:08:15.441000
GOLD,WIDE_BIGQUERY_BEHAVIOR,DEVICE_TYPE,TEXT,DIM_DEVICE.DEVICE_TYPE — PC / M / APP,1676144,1676144,3,2026-10-08 02:08:15.441000
GOLD,WIDE_BIGQUERY_BEHAVIOR,CAMPAIGN_BK,TEXT,DIM_CAMPAIGN.CAMPAIGN_BK — 캠페인 업무키 🔴🔴[O51-F 실측] **전건 `'(미매핑)'` 센티넬** — NULL 이 아니라 **문자열**이라 GROUP BY 하면 단일 그룹이 생겨 **집계에 성공한 것처럼 보인다.** 원인 = `FACT_BIGQUERY_BEHAVIOR.CAMPAIGN_SK` 의 실측값이 센티넬 하나뿐이다. ⇒ 이 컬럼으로 분해를 시도하지 말 것 — 「캠페인별」·「부서별」 요구에 **조용히 총계 1행**이 돌아온다. 실측 규모는 이슈원장 §O51-F.,1676144,1676144,1,2026-10-08 02:08:15.441000
GOLD,WIDE_BIGQUERY_BEHAVIOR,CAMPAIGN_BRAND,TEXT,DIM_CAMPAIGN.BRAND — 공통브랜드 (#117) 🔴🔴[O51-F 실측] **이 뷰에서 전건 NULL** — 원인은 차원이 아니라 **팩트 FK 가 전건 센티넬**이다: `FACT_BIGQUERY_BEHAVIOR.CAMPAIGN_SK` 의 실측값이 센티넬 하나뿐이다. ⇒ **이 축으로는 분해가 불가능하다.** 차원 자체는 채워져 있다. 실측 규모는 이슈원장 §O51-F.,1676144,0,0,2026-10-08 02:08:15.441000
GOLD,WIDE_BIGQUERY_BEHAVIOR,CAMPAIGN_NAME,TEXT,DIM_CAMPAIGN.CAMPAIGN_NAME — 캠페인명 (#120) 🔴🔴[O51-F 실측] **전건 `'(미매핑)'` 센티넬** — NULL 이 아니라 **문자열**이라 GROUP BY 하면 단일 그룹이 생겨 **집계에 성공한 것처럼 보인다.** 원인 = `FACT_BIGQUERY_BEHAVIOR.CAMPAIGN_SK` 의 실측값이 센티넬 하나뿐이다. ⇒ 이 컬럼으로 분해를 시도하지 말 것 — 「캠페인별」·「부서별」 요구에 **조용히 총계 1행**이 돌아온다. 실측 규모는 이슈원장 §O51-F.,1676144,1676144,1,2026-10-08 02:08:15.441000
GOLD,DIM_CAMPAIGN,CAMPAIGN_SK,NUMBER,"캠페인 대리키 (ETL 일련번호, PK)",37205,37205,37116,2026-10-08 02:08:13.566000
GOLD,DIM_CAMPAIGN,CAMPAIGN_BK,TEXT,"캠페인 업무키(BK, 자연키)",37205,37205,37275,2026-10-08 02:08:13.566000
GOLD,DIM_CAMPAIGN,BRAND,TEXT,공통브랜드(#117),37205,35728,84,2026-10-08 02:08:13.566000
GOLD,DIM_CAMPAIGN,PARENT_CAMPAIGN,TEXT,상위캠페인 코드 (#119).,37205,35728,1346,2026-10-08 02:08:13.566000
GOLD,DIM_CAMPAIGN,CAMPAIGN_NAME,TEXT,캠페인명(#18·120·147),37205,37205,28958,2026-10-08 02:08:13.566000
GOLD,DIM_CAMPAIGN,PROMO_METHOD,TEXT,홍보방법 원천코드 (#118). 코드id:CM008.,37205,35728,95,2026-10-08 02:08:13.566000
GOLD,DIM_CAMPAIGN,CAMPAIGN_TYPE,TEXT,CAMPAIGN_TYPE (#17). 코드id:MM294.,37205,35294,59,2026-10-08 02:08:13.566000
GOLD,DIM_CAMPAIGN,DOMESTIC_OVERSEAS,TEXT,DOMESTIC_OVERSEAS (#15). 코드id:MM295.,37205,35294,4,2026-10-08 02:08:13.566000
GOLD,DIM_CAMPAIGN,BIZ_CASE_TYPE,TEXT,BIZ_CASE_TYPE (#16). 코드id:MM296.,37205,35294,4,2026-10-08 02:08:13.566000
GOLD,DIM_CAMPAIGN,INFLOW_PATH,TEXT,INFLOW_PATH. 코드id:MM293.,37205,35294,12,2026-10-08 02:08:13.566000
GOLD,DIM_CAMPAIGN,MARKETING_CAMPAIGN,TEXT,MARKETING_CAMPAIGN.,37205,35294,583,2026-10-08 02:08:13.566000
GOLD,DIM_CAMPAIGN,ORG_SK,NUMBER,캠페인 귀속조직,37205,37205,1,2026-10-08 02:08:13.566000
GOLD,DIM_CAMPAIGN,PARENT_CAMPAIGN_NAME,TEXT,상위캠페인명. 코드id:MM294.,37205,35728,1354,2026-10-08 02:08:13.566000
GOLD,DIM_CAMPAIGN,PROMO_METHOD_NAME,TEXT,홍보방법명. 코드id:CM008.,37205,35728,93,2026-10-08 02:08:13.566000
GOLD,DIM_CAMPAIGN,MKTG_CAMPAIGN_SK,NUMBER,대리키 (PK),37205,37205,592,2026-10-08 02:08:13.566000
GOLD,DIM_CAMPAIGN,SPNSR_DIV_CD,TEXT,후원구분 원천코드(CM035): 1=정기후원 · 2=일시후원. 코드id:CM035.,37205,35728,2,2026-10-08 02:08:13.566000
GOLD,DIM_CAMPAIGN,SPNSR_DIV_NM,TEXT,후원구분명. 코드id:CM035.,37205,35728,2,2026-10-08 02:08:13.566000
GOLD,DIM_CAMPAIGN,CPR_DIV_CD,TEXT,CPR_DIV_CD. 코드id:CM019.,37205,35728,3,2026-10-08 02:08:13.566000
GOLD,DIM_CAMPAIGN,CPR_DIV_NM,TEXT,법인구분명. 코드id:CM019.,37205,35728,3,2026-10-08 02:08:13.566000
GOLD,DIM_CAMPAIGN,CMMN_BRND,TEXT,"공통브랜드 원천코드(MM297, 14종). 코드id:MM297.",37205,35294,17,2026-10-08 02:08:13.566000
GOLD,DIM_CAMPAIGN,CMMN_BRND_NM,TEXT,공통브랜드명. 코드id:MM297.,37205,35294,17,2026-10-08 02:08:13.566000
GOLD,DIM_CAMPAIGN,MKTG_UTM,NUMBER,마케팅 UTM 원천코드 (TC_MKTNG_DTL_CD U001 대응).,37205,19512,255,2026-10-08 02:08:13.566000
GOLD,DIM_CAMPAIGN,MKTG_UTM_NM,TEXT,마케팅 UTM 라벨 (TC_MKTNG_DTL_CD U001 라벨).,37205,19512,248,2026-10-08 02:08:13.566000
GOLD,DIM_CAMPAIGN,MKTG_CHANNEL,NUMBER,마케팅 채널 원천코드 (TC_MKTNG_DTL_CD C002 대응).,37205,35294,126,2026-10-08 02:08:13.566000
GOLD,DIM_CAMPAIGN,MKTG_CHANNEL_NM,TEXT,마케팅 채널명 (TC_MKTNG_DTL_CD C002 라벨).,37205,35294,126,2026-10-08 02:08:13.566000
GOLD,DIM_CAMPAIGN,USE_DEPT_CD,TEXT,사용부서코드 [SILVER.CRM_CAMPAIGN 승계 · 원천 BRONZE_CRM.TM_CM_CMPGN_MNG],37205,34368,113,2026-10-08 02:08:13.566000
GOLD,DIM_CAMPAIGN,USE_SCOPE,TEXT,사용범위 [SILVER.CRM_CAMPAIGN 승계 · 원천 BRONZE_CRM.TM_CM_CMPGN_MNG],37205,35728,3,2026-10-08 02:08:13.566000
GOLD,DIM_CAMPAIGN,USE_YN,TEXT,사용여부 [SILVER.CRM_CAMPAIGN 승계 · 원천 BRONZE_CRM.TM_CM_CMPGN_MNG],37205,37204,2,2026-10-08 02:08:13.566000
GOLD,DIM_CAMPAIGN,CMPGN_PRPT_YN,TEXT,캠페인특성여부 [SILVER.CRM_CAMPAIGN 승계 · 원천 BRONZE_CRM.TM_CM_CMPGN_MNG],37205,22525,2,2026-10-08 02:08:13.566000
GOLD,DIM_CAMPAIGN,SPNSR_ENTRPRS_ID,TEXT,후원기업ID [SILVER.CRM_CAMPAIGN 승계 · 원천 BRONZE_CRM.TM_CM_CMPGN_MNG],37205,3184,371,2026-10-08 02:08:13.566000
GOLD,DIM_CAMPAIGN,EMRGNCY_AID_BPLC_CD,NUMBER,긴급구호사업장코드 [SILVER.CRM_CAMPAIGN 승계 · 원천 BRONZE_CRM.TM_CM_CMPGN_MNG],37205,5247,13,2026-10-08 02:08:13.566000
GOLD,DIM_CAMPAIGN,BRND_USE_YN,TEXT,사용여부 [SILVER.CRM_CAMPAIGN 승계 · 원천 BRONZE_CRM.TM_CM_BRND_MNG],37205,35728,2,2026-10-08 02:08:13.566000
GOLD,DIM_ORG,ORG_SK,NUMBER,"조직 대리키 (=hash(DEPT_ID), PK)",1315,1315,1322,2026-10-08 02:08:12.172000
GOLD,DIM_ORG,ORG_DK,NUMBER,불변 비즈니스 식별자,1315,1315,1322,2026-10-08 02:08:12.172000
GOLD,DIM_ORG,CORP,TEXT,법인 (#114). [사유:부서차원 산출불가],1315,0,0,2026-10-08 02:08:12.172000
GOLD,DIM_ORG,DIVISION,TEXT,실적지부 (#430). [사유:규칙 미확정],1315,0,0,2026-10-08 02:08:12.172000
GOLD,DIM_ORG,DEPARTMENT,TEXT,부서 (#116).,1315,1315,697,2026-10-08 02:08:12.172000
GOLD,DIM_ORG,TEAM,TEXT,팀 (#152). [사유:원천 미입고],1315,0,0,2026-10-08 02:08:12.172000
GOLD,DIM_ORG,ACMSLT_UPPER_DEPT_ID,TEXT,실적상위부서ID (원천 그대로).,1315,1014,477,2026-10-08 02:08:12.172000
GOLD,DIM_ORG,ACMSLT_DEPT_YN,TEXT,실적부서 여부 Y/N (원천 그대로) — Y 455개,1315,1170,2,2026-10-08 02:08:12.172000
GOLD,DIM_ORG,USE_YN,TEXT,"사용여부 Y/N. 고유값:Y,N",1315,1314,2,2026-10-08 02:08:12.172000
GOLD,DIM_ORG,IS_ACTIVE_ORG,BOOLEAN,활성 조직 트리 소속 여부 — 자기와 모든 상위가 USE_YN=Y 이고 LAST_UPDT_DT 유효 · 행은 지우지 않는다(O16),1315,1315,2,2026-10-08 02:08:12.172000
GOLD,DIM_ORG,ORG_PATH,TEXT,조직표 부서 경로(루트 제외) · 순환 노드는 NULL,1315,1305,1202,2026-10-08 02:08:12.172000
GOLD,DIM_ORG,ORG_LEVEL,NUMBER,조직 트리 깊이 · 루트=0,1315,1314,6,2026-10-08 02:08:12.172000
GOLD,DIM_ORG,ACMSLT_DIV_GROUP_ID,TEXT,실적트리 상위 중 부서코드 접두 ZB 노드 = 본부/지부 구분 · 자기가 ZB 면 자기 · 미도달 NULL,1315,1012,8,2026-10-08 02:08:12.172000
GOLD,DIM_ORG,ACMSLT_DIV_GROUP_NM,TEXT,실적 본부/지부 구분명(ZB 노드 DEPT_NM),1315,1012,8,2026-10-08 02:08:12.172000
GOLD,DIM_ORG,ACMSLT_DIV_ID,TEXT,실적트리 상위 중 부서코드 접두 ZC 노드 = 본부/지부 단위 · 자기가 ZC 면 자기 · 미도달 NULL · DIVISION 은 현업 확인 전 NULL 유지,1315,998,71,2026-10-08 02:08:12.172000
GOLD,DIM_ORG,ACMSLT_DIV_NM,TEXT,실적 본부/지부 단위명(ZC 노드 DEPT_NM) · 같은 이름이 여러 ZB 아래 존재,1315,998,46,2026-10-08 02:08:12.172000
GOLD,WIDE_EVENT_PARTICIPATION,DATE_SK,NUMBER,참여일 YYYYMMDD,996318,996318,2908,2026-10-08 02:08:07.177000
GOLD,WIDE_EVENT_PARTICIPATION,MEMBER_DK,TEXT,참여 회원 (불변키),996318,996318,314655,2026-10-08 02:08:07.177000
GOLD,WIDE_EVENT_PARTICIPATION,TOTAL_CNT,NUMBER,총인원,996318,996318,1,2026-10-08 02:08:07.177000
GOLD,WIDE_EVENT_PARTICIPATION,WAIT_CNT,NUMBER,대기인원,996318,996318,2,2026-10-08 02:08:07.177000
GOLD,WIDE_EVENT_PARTICIPATION,CANCEL_CNT,NUMBER,취소인원,996318,996318,2,2026-10-08 02:08:07.177000
GOLD,WIDE_EVENT_PARTICIPATION,CONFIRM_CNT,NUMBER,신청확정인원,996318,996318,2,2026-10-08 02:08:07.177000
GOLD,WIDE_EVENT_PARTICIPATION,PARTICIPATE_CNT,NUMBER,참여인원,996318,996318,1,2026-10-08 02:08:07.177000
GOLD,WIDE_EVENT_PARTICIPATION,ABSENT_CNT,NUMBER,불참인원,996318,996318,2,2026-10-08 02:08:07.177000
GOLD,WIDE_EVENT_PARTICIPATION,PARTICIPANT_CNT,NUMBER,참여자수,996318,996318,1,2026-10-08 02:08:07.177000
GOLD,WIDE_EVENT_PARTICIPATION,PARTICIPATION_TIMES,NUMBER,참여횟수,996318,996318,18758,2026-10-08 02:08:07.177000
GOLD,WIDE_EVENT_PARTICIPATION,WAIT_TIMES,NUMBER,대기횟수,996318,996318,815,2026-10-08 02:08:07.177000
GOLD,WIDE_EVENT_PARTICIPATION,ABSENT_TIMES,NUMBER,불참횟수,996318,996318,6,2026-10-08 02:08:07.177000
GOLD,WIDE_EVENT_PARTICIPATION,CUM_APPLY_TIMES,NUMBER,누적신청횟수,996318,996318,18758,2026-10-08 02:08:07.177000
GOLD,WIDE_EVENT_PARTICIPATION,REGULAR_DONATION,NUMBER,정기후원금(원),996318,153733,42,2026-10-08 02:08:07.177000
GOLD,WIDE_EVENT_PARTICIPATION,WIN_FLAG,BOOLEAN,당첨여부,996318,996318,2,2026-10-08 02:08:07.177000
GOLD,WIDE_EVENT_PARTICIPATION,SELF_PART_FLAG,BOOLEAN,본인참여 여부 — 캠페인행사 자기참여코드(MS060) 파생: 1(본인만)·2(함께)=TRUE · 0(동반자만)=FALSE(`FACT_EVENT_ATTENDANCE.sql`). 🔴 일반행사 행은 원천에 자기참여 컬럼이 없어 전건 NULL 이다(구조적 부재) — NULL 을 FALSE·'본인 미참여'로 읽지 말 것. 종전 「전건 NULL·미적재」(O51-D) 판정은 2차-B 배선(O191-G)으로 해소됐다.,996318,167470,2,2026-10-08 02:08:07.177000
GOLD,WIDE_EVENT_PARTICIPATION,PART_STATUS,TEXT,참여상태,996318,985329,19,2026-10-08 02:08:07.177000
GOLD,WIDE_EVENT_PARTICIPATION,PART_PATH,TEXT,참여경로,996318,986885,13,2026-10-08 02:08:07.177000
GOLD,WIDE_EVENT_PARTICIPATION,PART_CHANNEL,TEXT,참여채널,996318,828747,9,2026-10-08 02:08:07.177000
GOLD,WIDE_EVENT_PARTICIPATION,PART_STATUS_GROUP,TEXT,참여상태 코드군 ID (조인키 · 일반행사→MS304 · 캠페인행사→MS006). 🔴O28 다체계의 **구조적 해소축**이다 — `PART_STATUS` 단독 필터·GROUP BY 는 두 체계를 섞는다(판별자 = 이 컬럼 또는 `EVENT_KIND`). 🔴두 원천의 「참여」 정의 자체가 다르므로 합산 금지,996318,985329,2,2026-10-08 02:08:07.177000
GOLD,WIDE_EVENT_PARTICIPATION,PART_STATUS_NAME,TEXT,참여상태 라벨 (CRM_CODE 조인). ⚠️일반행사(MS304) 라벨은 코드사전에 **영문**으로 등록돼 있다(Success·N_step_right 계열) — 현업 한글 표기 회신 대기(문서20 §M-1)이며 우리가 창작하지 않았다. 미등재·오염 코드는 NULL,996318,985327,18,2026-10-08 02:08:07.177000
GOLD,WIDE_EVENT_PARTICIPATION,PART_PATH_GROUP,TEXT,참여경로 코드군 ID (조인키 · 일반행사→MS303 · 캠페인행사→MS004=신청경로). 🟢운영서버 코드사전 대조로 확정(2026-08-11),996318,986885,2,2026-10-08 02:08:07.177000
GOLD,WIDE_EVENT_PARTICIPATION,PART_PATH_NAME,TEXT,참여경로 라벨 (CRM_CODE 조인 · 코드군 확정). 미등재·오염 코드는 NULL 유지,996318,986883,12,2026-10-08 02:08:07.177000
GOLD,WIDE_EVENT_PARTICIPATION,PART_CHANNEL_GROUP,TEXT,참여채널 코드군 ID (조인키 · 일반행사→MS302). 캠페인행사는 원천에 채널 축이 없어 NULL(구조적 부재 · P21),996318,828747,1,2026-10-08 02:08:07.177000
GOLD,WIDE_EVENT_PARTICIPATION,PART_CHANNEL_NAME,TEXT,참여채널 라벨 (CRM_CODE 조인). 미등재·오염 코드는 NULL 유지,996318,828745,8,2026-10-08 02:08:07.177000
GOLD,WIDE_EVENT_PARTICIPATION,PART_EVENT_BK,TEXT,"FACT_EVENT_ATTENDANCE.EVENT_BK — degenerate key: **팩트가 보유한 원천 행사키**(전건 채움). 🔴같은 뷰의 EVENT_BK(=DIM_EVENT 매칭분)와 **다르다** — 행사 마스터가 없는 **고아 행사**가 EVENT_SK=0 으로 뭉개져 서로 구별되지 않으므로 이 컬럼으로 식별을 보존한다. 차원 미매칭분의 EVENT_BK 는 '(미매핑)'이지만 **PART_EVENT_BK 는 원천값을 그대로 갖는다.** 차원 미매칭분의 EVENT_BK 는 '(미매핑)'이지만 PART_EVENT_BK 는 원천값을 그대로 갖는다. 🔷행 유일 식별 = (PART_EVENT_BK, MEMBER_DK, PARTCPT_SEQ). ⚠️접두(EVENT_/CRMN_)가 원천 코드체계 판별자(O28).",996318,996318,3879,2026-10-08 02:08:07.177000
GOLD,WIDE_EVENT_PARTICIPATION,PARTCPT_SEQ,NUMBER,"FACT_EVENT_ATTENDANCE.PARTCPT_SEQ — degenerate key: 참여 일련번호 ← `BRONZE_CRM.TD_MS_EVENT_PRTCPNT_DTL.PARTCPT_SEQ`. 🔷(PART_EVENT_BK, MEMBER_DK, PARTCPT_SEQ) 가 행을 유일 식별한다 — **(행사,회원)만으로는 중복**이다. 🔴**전역 순번이 아니다**((행사,SEQ) 조합도 유일하지 않다) · **음수·INT_MIN 값이 존재**한다 ⇒ **식별자 전용**이며 정렬·범위조건·MAX 로 '참여 횟수'를 세지 말 것.",996318,996318,162239,2026-10-08 02:08:07.177000
GOLD,WIDE_EVENT_PARTICIPATION,PART_EVENT_KIND,TEXT,FACT_EVENT_ATTENDANCE.EVENT_KIND — **팩트가 보유한 원천 계열 판별 코드**(전건 채움 · 값 EVENT/CRMN). 🔴같은 뷰의 EVENT_KIND(=DIM_EVENT 유래)와 **다르다** — 차원축은 행사 마스터 미매칭 구간이 '(미매핑)' 이라 계열을 알려주지 못한다. ⇒ **계열 분해·O28 다체계 판별은 이 컬럼**으로 한다. 라벨은 PART_EVENT_KIND_NAME.,996318,996318,2,2026-10-08 02:08:07.177000
GOLD,WIDE_EVENT_PARTICIPATION,PART_EVENT_KIND_NAME,TEXT,FACT_EVENT_ATTENDANCE.EVENT_KIND_NAME — **팩트가 보유한 원천 계열 판별 라벨**(전건 채움 · 값 일반행사/캠페인행사). 🔴차원 유래 EVENT_KIND_NAME 과 달리 **(미매핑) 사각지대가 없다.** 🔴원천 계열을 뜻하며 온·오프라인 구분이 아니다. ⚠️파생 라벨이므로 코드사전 조인 대상이 아니다.,996318,996318,2,2026-10-08 02:08:07.177000
GOLD,WIDE_EVENT_PARTICIPATION,YEAR,NUMBER,DIM_DATE.YEAR — 년,996318,996318,18,2026-10-08 02:08:07.177000
GOLD,WIDE_EVENT_PARTICIPATION,MONTH,NUMBER,DIM_DATE.MONTH — 월,996318,996318,12,2026-10-08 02:08:07.177000
GOLD,WIDE_EVENT_PARTICIPATION,DAY_OF_WEEK,TEXT,DIM_DATE.DAY_OF_WEEK — 요일,996318,996318,7,2026-10-08 02:08:07.177000
GOLD,WIDE_EVENT_PARTICIPATION,WEEK_OF_YEAR,NUMBER,DIM_DATE.WEEK_OF_YEAR — 주차,996318,996318,53,2026-10-08 02:08:07.177000
GOLD,WIDE_EVENT_PARTICIPATION,IS_HOLIDAY,BOOLEAN,DIM_DATE.IS_HOLIDAY — 휴일여부,996318,996318,2,2026-10-08 02:08:07.177000
GOLD,WIDE_EVENT_PARTICIPATION,SEX,TEXT,DIM_MEMBER.SEX — 성별 원천코드 raw. 코드그룹 **CM013(성별)**. 코드사전(BRONZE `TC_CMMN_DTL_CD`) = 1국내(남자)·2국내(여자)·3외국인(남자)·4외국인(여자)·5외국인(기타)·6단체·7기업·8기타 · 실적재(TM_MM_FDRM_MBER_INFO)에 **사전 전종이 등장**하며 폐지코드는 없다. ⚠️개발약정 원천(TM_MM_FDRM_MBER_DVLP_AMT.SEX)에는 사전에 없는 **사전에 없는 센티넬 '0'** 이 더 있다. 🔴정본 비고가 '성별만으로는 사용하지 않음'을 명시한다 — 성별 단일축 분석은 MEMBER_GENDER_NAME 을 쓴다. 라벨 = SEX_NM(원천 라벨)·MEMBER_GENDER_NAME(분석 라벨). 🔴 회원 **현재버전**(DIM_MEMBER IS_CURRENT 1건) 스냅샷이며 사건 시점 값이 아니다 — SCD2 다버전을 순진하게 조인하면 조용히 팬아웃한다(회원당 버전 수는 이슈원장 참조),996318,996269,8,2026-10-08 02:08:07.177000
GOLD,WIDE_EVENT_PARTICIPATION,SEX_NM,TEXT,DIM_MEMBER.SEX_NM — CM013 **원천 라벨 그대로**(국내(남자)/국내(여자)/외국인(남자)/외국인(여자)/외국인(기타)/단체/기업/기타). 코드 = SEX. 🔴이 컬럼만이 **국내·외국인 축**을 보존한다 — MEMBER_GENDER_NAME(CM017)은 그 축을 지운다. CM013 은 코드와 라벨이 1:1 이다. 🔴 회원 **현재버전**(DIM_MEMBER IS_CURRENT 1건) 스냅샷이며 사건 시점 값이 아니다 — SCD2 다버전을 순진하게 조인하면 조용히 팬아웃한다(회원당 버전 수는 이슈원장 참조),996318,996269,8,2026-10-08 02:08:07.177000
GOLD,WIDE_EVENT_PARTICIPATION,MEMBER_GENDER_NAME,TEXT,DIM_MEMBER.GENDER_NAME — 성별 분석 라벨(정본 공#130). 코드그룹 **CM017(회원특성(성별))**. CM017 은 CM013 과 **코드 도메인이 동일(1~8)한 재라벨 그룹**이며 국내/외국인 구분을 지운다 — 1남자·2여자·3남자·4여자·5기타·6단체·7기업·8기타 ⇒ **서로 다른 코드가 같은 라벨로 합쳐진다**(남자/여자/기타/단체/기업). 정본 공#130 값정의와 일치. ⚠️CM017 은 정본 컬럼정의서가 어떤 컬럼에도 지정하지 않은 그룹이다(현업 확인 대상). ⚠️종전 하드코딩 '여성/남성/미상'은 라벨을 축약하고 법인·단체를 '미상'으로 오라벨했다(O26 교정). 🔴 회원 **현재버전**(DIM_MEMBER IS_CURRENT 1건) 스냅샷이며 사건 시점 값이 아니다 — SCD2 다버전을 순진하게 조인하면 조용히 팬아웃한다(회원당 버전 수는 이슈원장 참조),996318,996269,5,2026-10-08 02:08:07.177000
GOLD,WIDE_EVENT_PARTICIPATION,MEMBER_AREA_CD,TEXT,DIM_MEMBER.AREA_CD — 지역 원천코드 raw. 코드그룹 **CM018**. 코드사전 = (1서울·2경기·3인천·4강원·5대전·6충남·7충북·8광주·9전북·10전남·11대구·12경북·13경남·14울산·15부산·16제주·17기타·18세종) · 실적재(TM_MM_FDRM_MBER_DVLP_AMT.AREA_CD)에 **사전 전종 + 라벨 없는 센티넬 '0'** 이 나타난다. ⚠️CM018 의 그룹명은 '신규시도구분'이지만 상세코드 값은 전부 시·도다(정본 공#131 지역정의가 약칭이라 정식명 그룹 CM011 이 아니다). 🔴**현재 거주지가 아니다** — 이 값은 그 버전 시점까지 최근 개발약정의 스냅샷이며 BRONZE 전체에 현주소 축이 없다(O34). 라벨 = MEMBER_REGION. 사건 시점 정확값은 WIDE_MEMBER_EVENT.AREA_CD_AT_EVENT. 🔴 회원 **현재버전**(DIM_MEMBER IS_CURRENT 1건) 스냅샷이며 사건 시점 값이 아니다 — SCD2 다버전을 순진하게 조인하면 조용히 팬아웃한다(회원당 버전 수는 이슈원장 참조),996318,984355,19,2026-10-08 02:08:07.177000
GOLD,WIDE_EVENT_PARTICIPATION,MEMBER_REGION,TEXT,DIM_MEMBER.REGION — 지역명(정본 공#131) · **CM018** 약칭 라벨. 코드 = MEMBER_AREA_CD. 🔴빈 값이 세 갈래다 — ①일시회원(MEMBER_TYPE='ONCE')은 개발약정 **행 자체가 없어** NULL 이다(지역 개념은 존재하므로 '(해당없음)' 이 아니다) ②정기회원(FDRM) 중 개발약정이 없는 행도 NULL ③센티넬 코드 '0' 은 사전에 라벨이 없어 NULL. 🟢미매핑(코드는 있는데 사전에 없음)은 없다. '미상' 으로 창작하지 않는다(R2-7-1). 🔴**현재 거주지가 아니다** — 개발약정 시점 스냅샷이며 BRONZE 에 현주소 축이 없다(O34). ⚠️지역 분포는 MEMBER_TYPE='FDRM' 으로 스코프할 것 — ONCE 를 분모에 넣으면 채움률이 조용히 낮아진다(P128).,996318,983152,18,2026-10-08 02:08:07.177000
GOLD,WIDE_EVENT_PARTICIPATION,MEMBER_AGE_CD,NUMBER,DIM_MEMBER.AGE — 연령대 원천코드 raw. 코드그룹 **CM014(나이)**. 코드사전 = 1'10대 미만'·2'10대'·3'20대'·4'30대'·5'40대'·6'50대'·7'60대'·8'70대'·9'70대 이상'·10단체·11기업·12기타 · 실적재(TM_MM_FDRM_MBER_DVLP_AMT.AGE)에 **사전 전종이 등장**한다. 🔴**연속형 나이가 아니다** — 평균·구간 재계산 금지. 구간은 우리가 만든 것이 아니라 원천이 이미 구간화해 제공한다(DEC-28). ⚠️사전 자체에 8'70대'와 9'70대 이상'이 **의미 중복**으로 공존한다 — 70대 이상 집계 시 두 코드를 함께 취할 것. ⚠️BRONZE 원천 컬럼 COMMENT '연령'(NUMBER)은 오류다. 라벨 = MEMBER_AGE_BAND. 🔴 회원 **현재버전**(DIM_MEMBER IS_CURRENT 1건) 스냅샷이며 사건 시점 값이 아니다 — SCD2 다버전을 순진하게 조인하면 조용히 팬아웃한다(회원당 버전 수는 이슈원장 참조),996318,984355,12,2026-10-08 02:08:07.177000
GOLD,WIDE_EVENT_PARTICIPATION,MEMBER_AGE_BAND,TEXT,"DIM_MEMBER.AGE_BAND — 연령대명 · **CM014** 라벨. 코드 = MEMBER_AGE_CD. 🔴빈 값은 두 갈래이며 **둘 다 개발약정 원천 행이 없는 경우**다 — 일시회원('ONCE')은 전건, 정기회원(FDRM)은 일부. 연령 개념은 존재하므로 '(해당없음)' 이 아니라 NULL 이고 미매핑도 없다. '미상' 으로 창작하지 않는다(R2-7-1). 🔴**연속형 나이가 아니다** — 평균·재구간화 금지(원천이 이미 구간화해 제공한다 · DEC-28). 🔴**현재 나이가 아니다** — 개발약정 시점 스냅샷이고 BRONZE 에 생년월일 축이 없어 시점정확 연령은 산출 불가다(O34). ⚠️연령 분포는 MEMBER_TYPE='FDRM' 으로 스코프할 것(P128).",996318,984355,12,2026-10-08 02:08:07.177000
GOLD,WIDE_EVENT_PARTICIPATION,MBER_STAT_CD,TEXT,"DIM_MEMBER.MBER_STAT_CD — 회원상태 원천코드 raw(정본 공#132 '회원상태코드'). 코드그룹 **MM010(회원상태)**. 코드사전 = 1활동회원·2~6신규미납1~5·7~11장기미납1~5·12후원중단 · `TH_MM_FDRM_MBER_STNG_DTLS.CHN_STAT_CD` 와 `TM_MM_FDRM_MBER_INFO.MBER_STAT_CD` **양쪽 모두 사전 전종이 등장**한다. SCD2 버전행은 CHN_STAT_CD(변경상태코드), 무이력행은 MBER_STAT_CD 에서 온다(둘 다 MM010). 🔴MM010 은 개발구분 MM015 가 아니다 — 두 그룹 모두 '후원중단'을 포함해 혼동되기 쉽다. 🔴일시회원(MEMBER_TYPE='ONCE')은 회원상태 개념이 원천에 없어 NULL 이다. 라벨 = MEMBER_STATUS_NAME. 🔴 회원 **현재버전**(DIM_MEMBER IS_CURRENT 1건) 스냅샷이며 사건 시점 값이 아니다 — SCD2 다버전을 순진하게 조인하면 조용히 팬아웃한다(회원당 버전 수는 이슈원장 참조)",996318,991071,12,2026-10-08 02:08:07.177000
GOLD,WIDE_EVENT_PARTICIPATION,MEMBER_STATUS_NAME,TEXT,"DIM_MEMBER.MEMBER_STATUS_NAME — 회원상태명(MM010 라벨, 정본 공#132). 코드 = MBER_STAT_CD. MM010 은 **폐지코드가 없고 실적재가 사전과 일치**한다 ⇒ 사전 조인만으로 전건 라벨화된다(하드코딩 금지 P31). 값 = 활동회원 / 신규미납1~5 / 장기미납1~5 / 후원중단. 🔴빈 값이 두 가지 뜻으로 갈린다 — 일시회원(DIM_MEMBER.MEMBER_TYPE='ONCE')은 회원상태 개념이 **원천에 없어** 센티넬 '(해당없음)' 이고, 정기회원(FDRM) 중 원천 상태코드 자체가 결손인 행만 **NULL** 이다. 두 사건을 '미상' 같은 한 값으로 뭉개지 않는다(R2-7-1). ⚠️미납 단계(1~5)는 **경과 차수**이며 금액 규모가 아니다. 🔴 회원 **현재버전**(DIM_MEMBER IS_CURRENT 1건) 스냅샷이며 사건 시점 값이 아니다 — SCD2 다버전을 순진하게 조인하면 조용히 팬아웃한다(회원당 버전 수는 이슈원장 참조)",996318,996318,13,2026-10-08 02:08:07.177000
GOLD,WIDE_EVENT_PARTICIPATION,MBER_DIV_CD,TEXT,DIM_MEMBER.MBER_DIV_CD — 회원구분 원천코드 raw. 코드그룹 **MM018(회원구분)**. 코드사전 = 1개인·2기업·3단체 · 실적재에 **사전 전종이 등장**한다. 🟢독립 교차검증: `MBER_DIV_CD`='2'(기업)·'3'(단체) 의 행수가 `SEX`='7'(기업)·'6'(단체) 와 **완전히 일치**한다 — 두 축이 같은 사실을 다르게 표현한다. 🔴DIM_MEMBER.MEMBER_TYPE(FDRM/ONCE 등록계통)과 **완전히 다른 축**이다. 라벨 = MEMBER_TYPE_NAME. 🔴 회원 **현재버전**(DIM_MEMBER IS_CURRENT 1건) 스냅샷이며 사건 시점 값이 아니다 — SCD2 다버전을 순진하게 조인하면 조용히 팬아웃한다(회원당 버전 수는 이슈원장 참조),996318,996318,3,2026-10-08 02:08:07.177000
GOLD,WIDE_EVENT_PARTICIPATION,MEMBER_TYPE_NAME,TEXT,DIM_MEMBER.MEMBER_TYPE_NAME — 회원구분명(MM018 라벨): 개인·기업·단체. 코드 = MBER_DIV_CD. MM018 은 폐지코드가 없고 실적재가 사전과 일치한다. 🟢빈 값이 없는 축이다 — 센티넬 '(해당없음)'·NULL 모두 없고 전건 라벨화된다. 앞으로 사전에 없는 코드가 인입되면 **NULL 로 드러나며** '미상' 같은 값으로 덮지 않는다(R2-7-1). 🔴이름이 비슷한 DIM_MEMBER.MEMBER_TYPE(=FDRM 정기회원 / ONCE 일시회원)의 라벨이 **아니다** — 다른 축이다. 🔴 회원 **현재버전**(DIM_MEMBER IS_CURRENT 1건) 스냅샷이며 사건 시점 값이 아니다 — SCD2 다버전을 순진하게 조인하면 조용히 팬아웃한다(회원당 버전 수는 이슈원장 참조),996318,996318,3,2026-10-08 02:08:07.177000
GOLD,WIDE_EVENT_PARTICIPATION,EVENT_BK,TEXT,DIM_EVENT.EVENT_BK — 행사 업무키 🔴[O51-D 실측] `'(미매핑)'` 이 **다수**다 — 행사 마스터 없는 고아 행사가 한 그룹으로 뭉친다. 행사 식별은 `PART_EVENT_BK` 를 쓴다. 실측 규모는 이슈원장 §O51-D-C.,996318,996318,3879,2026-10-08 02:08:07.177000
GOLD,WIDE_EVENT_PARTICIPATION,EVENT_KIND,TEXT,DIM_EVENT.EVENT_KIND — 🔴[O59-P 정정] 종전 설명 「온라인/오프라인」은 **거짓이었다**. 실제 값은 `EVENT`(일반행사) · `CRMN`(캠페인행사) = **원천 판별자**다(온·오프라인 구분은 `EVENT_CATEGORY` 소관). 🔴이 컬럼이 O28 다체계의 판별자다 — 참여상태·경로를 이 축 없이 합산하면 정의가 다른 두 체계를 섞는다. 라벨축 = `EVENT_KIND_NAME`,996318,996318,2,2026-10-08 02:08:07.177000
GOLD,WIDE_EVENT_PARTICIPATION,EVENT_KIND_NAME,TEXT,DIM_EVENT.EVENT_KIND_NAME — 행사종류 라벨(일반행사/캠페인행사). ⚠️판별자 라벨은 코드사전에 존재할 수 없어 `CASE` 로 만든다(DEC-35 §23-B 헛점4 의 명문 예외 · 미등재 값은 NULL 로 떨어져 warn 이 잡는다),996318,996318,2,2026-10-08 02:08:07.177000
GOLD,WIDE_EVENT_PARTICIPATION,EVENT_CATEGORY,TEXT,DIM_EVENT.EVENT_CATEGORY — 행사구분 코드 raw. 🔴원천별 2체계다: 일반행사=100~500(MS286) · 캠페인행사=1~16(MS002) ⇒ **코드 단독 GROUP BY 금지**(판별자 = `EVENT_KIND` 또는 `EVENT_CATEGORY_GROUP`),996318,996318,19,2026-10-08 02:08:07.177000
GOLD,WIDE_EVENT_PARTICIPATION,EVENT_CATEGORY_GROUP,TEXT,행사구분 코드군 ID (조인키 · 일반행사→MS286 · 캠페인행사→MS002). 두 체계는 코드값이 겹치지 않으나 **의미가 다르므로 합산하지 말 것**,996318,996318,2,2026-10-08 02:08:07.177000
GOLD,WIDE_EVENT_PARTICIPATION,EVENT_CATEGORY_NAME,TEXT,행사구분 라벨 (CRM_CODE 조인). ⚠️센티넬 행('(미매핑)')은 라벨이 NULL 이다 — 코드가 없으므로 조인 대상이 아니다,996318,996318,19,2026-10-08 02:08:07.177000
GOLD,WIDE_EVENT_PARTICIPATION,EVENT_NAME,TEXT,DIM_EVENT.EVENT_NAME — 행사명 🔴[O51-D 실측] `'(미매핑)'` 이 **다수**다 — 고아 행사들이 한 이름으로 합쳐진다. 실측 규모는 이슈원장 §O51-D-C.,996318,996318,3956,2026-10-08 02:08:07.177000
GOLD,WIDE_EVENT_PARTICIPATION,EVENT_APPLY_CHANNEL,TEXT,DIM_EVENT.APPLY_CHANNEL — 신청경로 🔴🔴[O51-D 실측] **전건 NULL** — 원인은 팩트가 아니라 **차원 컬럼 자체가 비어 있다**: `DIM_EVENT.APPLY_CHANNEL`. 행사 신청채널은 원천 행사 마스터에 값이 없다 ⇒ **신청채널 분석은 불가**하다. 실측 규모는 이슈원장 §O51-D-C.,996318,0,0,2026-10-08 02:08:07.177000
GOLD,WIDE_EVENT_PARTICIPATION,EVENT_RECRUIT_HEADCOUNT,NUMBER,DIM_EVENT.RECRUIT_HEADCOUNT — 행사 모집인원(정원) ← `SILVER CRM_EVENT.RCRIT_PSNNL_CO`. 일부 행사는 정원이 없다. 🔴🔴**행사 grain 속성이므로 참여행에서 SUM 금지** — 참여행마다 반복되어 **두 자리 배수로 과대계상**된다(실측 배율은 이슈원장 §O51-D-C). 정원 대비 참여율은 행사 단위로 집계한 뒤 나눌 것. 🔧[DEC-30] 종전 팩트의 RECRUIT_CNT 를 제거하고 이 행사 차원 값으로 대체했다.,996318,166925,66,2026-10-08 02:08:07.177000
GOLD,WIDE_EVENT_PARTICIPATION,CAMPAIGN_BK,TEXT,DIM_CAMPAIGN.CAMPAIGN_BK — 캠페인 업무키 🔴🔴[O51-D 실측] **전건 `'(미매핑)'` 센티넬** — NULL 이 아니라 **문자열**이므로 GROUP BY 하면 단일 그룹이 생겨 **집계에 성공한 것처럼 보인다.** 원인 = `FACT_EVENT_ATTENDANCE.CAMPAIGN_SK` 의 실측값이 센티넬 하나뿐이다. ⇒ 이 컬럼으로 캠페인·후원사업별 분해를 시도하지 말 것. 실측 규모는 이슈원장 §O51-D-C.,996318,996318,1,2026-10-08 02:08:07.177000
GOLD,WIDE_EVENT_PARTICIPATION,CAMPAIGN_BRAND,TEXT,DIM_CAMPAIGN.BRAND — 공통브랜드 (#117) 🔴🔴[O51-D 실측] **이 뷰에서 전건 NULL** — 원인은 차원이 아니라 **팩트 FK 가 전건 센티넬**이다: `FACT_EVENT_ATTENDANCE.CAMPAIGN_SK` 는 실측값이 센티넬 하나뿐이다. ⇒ **이 축으로는 분해가 불가능하다.** 차원 자체는 채워져 있으니 다른 팩트에서는 쓸 수 있다. 실측 규모는 이슈원장 §O51-D-C.,996318,0,0,2026-10-08 02:08:07.177000
GOLD,WIDE_EVENT_PARTICIPATION,CAMPAIGN_NAME,TEXT,DIM_CAMPAIGN.CAMPAIGN_NAME — 캠페인명 (#120) 🔴🔴[O51-D 실측] **전건 `'(미매핑)'` 센티넬** — NULL 이 아니라 **문자열**이므로 GROUP BY 하면 단일 그룹이 생겨 **집계에 성공한 것처럼 보인다.** 원인 = `FACT_EVENT_ATTENDANCE.CAMPAIGN_SK` 의 실측값이 센티넬 하나뿐이다. ⇒ 이 컬럼으로 캠페인·후원사업별 분해를 시도하지 말 것. 실측 규모는 이슈원장 §O51-D-C.,996318,996318,1,2026-10-08 02:08:07.177000
GOLD,WIDE_EVENT_PARTICIPATION,SPONSORSHIP_BK,TEXT,DIM_SPONSORSHIP.SPONSORSHIP_BK — 후원사업 업무키 🔴🔴[O51-D 실측] **전건 `'(미매핑)'` 센티넬** — NULL 이 아니라 **문자열**이므로 GROUP BY 하면 단일 그룹이 생겨 **집계에 성공한 것처럼 보인다.** 원인 = `FACT_EVENT_ATTENDANCE.SPONSORSHIP_SK` 의 실측값이 센티넬 하나뿐이다. ⇒ 이 컬럼으로 캠페인·후원사업별 분해를 시도하지 말 것. 실측 규모는 이슈원장 §O51-D-C.,996318,996318,1,2026-10-08 02:08:07.177000
GOLD,WIDE_EVENT_PARTICIPATION,SPONSORSHIP_NAME,TEXT,DIM_SPONSORSHIP.SPONSORSHIP_NAME — 후원사업 전체 (#123) 🔴🔴[O51-D 실측] **전건 `'(미매핑)'` 센티넬** — NULL 이 아니라 **문자열**이므로 GROUP BY 하면 단일 그룹이 생겨 **집계에 성공한 것처럼 보인다.** 원인 = `FACT_EVENT_ATTENDANCE.SPONSORSHIP_SK` 의 실측값이 센티넬 하나뿐이다. ⇒ 이 컬럼으로 캠페인·후원사업별 분해를 시도하지 말 것. 실측 규모는 이슈원장 §O51-D-C.,996318,996318,1,2026-10-08 02:08:07.177000
GOLD,FACT_BUDGET_YEARLY,BUDGET_YEAR,NUMBER,예산연도 YYYY.,111,111,3,2026-10-08 02:08:05.576000
GOLD,FACT_BUDGET_YEARLY,ORG_SK,NUMBER,대리키,111,111,1,2026-10-08 02:08:05.576000
GOLD,FACT_BUDGET_YEARLY,BUDGET_ITEM_SK,NUMBER,대리키,111,111,112,2026-10-08 02:08:05.576000
GOLD,FACT_BUDGET_YEARLY,BUDGET_PROCEDURE,TEXT,예산 편성 차수 (연사업 / 추가경정 · DEC.,111,111,2,2026-10-08 02:08:05.576000
GOLD,FACT_BUDGET_YEARLY,CAMPAIGN_SK,NUMBER,대리키,111,111,1,2026-10-08 02:08:05.576000
GOLD,FACT_BUDGET_YEARLY,SPONSORSHIP_SK,NUMBER,대리키,111,0,0,2026-10-08 02:08:05.576000
GOLD,FACT_BUDGET_YEARLY,PLAN_BUDGET_YEAR,NUMBER,PLAN_BUDGET_YEAR.,111,111,47,2026-10-08 02:08:05.576000
GOLD,FACT_BUDGET_YEARLY,CHN_BUDGET_YEAR,NUMBER,연 추경예산 = 원천 CHN_BDGT_TOT_AMT.,111,111,1,2026-10-08 02:08:05.576000
GOLD,FACT_BUDGET_YEARLY,ADJ_BUDGET_YEAR,NUMBER,연 조정예산 = 원천 ADJ_BDGT_TOT_AMT.,111,111,1,2026-10-08 02:08:05.576000
GOLD,FACT_BUDGET_YEARLY,EXEC_BUDGET_YEAR,NUMBER,연 집행예산 = 원천 EXEC_TOT_AMT.,111,111,52,2026-10-08 02:08:05.576000
GOLD,WIDE_SERVICE_EVENT,DATE_SK,NUMBER,발송일 YYYYMMDD,43892464,43892464,1018,2026-10-08 02:07:39.428000
GOLD,WIDE_SERVICE_EVENT,MEMBER_DK,TEXT,발송 대상 회원 (불변키),43892464,43892464,1047764,2026-10-08 02:07:39.428000
GOLD,WIDE_SERVICE_EVENT,SEND_MEMBERS,NUMBER,발송수(명) (#85),43892464,43892464,1,2026-10-08 02:07:39.428000
GOLD,WIDE_SERVICE_EVENT,SUCCESS_MEMBERS,NUMBER,성공수(명) (#86),43892464,43892464,2,2026-10-08 02:07:39.428000
GOLD,WIDE_SERVICE_EVENT,FAIL_MEMBERS,NUMBER,실패수(명) (#87),43892464,43892464,2,2026-10-08 02:07:39.428000
GOLD,WIDE_SERVICE_EVENT,OPEN_MEMBERS,NUMBER,오픈(명) (overview),43892464,11509971,2,2026-10-08 02:07:39.428000
GOLD,WIDE_SERVICE_EVENT,LETTER_PART_MEMBERS,NUMBER,서신참여(명) (#88),43892464,43892464,1,2026-10-08 02:07:39.428000
GOLD,WIDE_SERVICE_EVENT,LETTER_PART_CNT,NUMBER,서신참여(건) (#89),43892464,43892464,1,2026-10-08 02:07:39.428000
GOLD,WIDE_SERVICE_EVENT,GIFT_PART_MEMBERS,NUMBER,선물금참여(명) (#90),43892464,43892464,1,2026-10-08 02:07:39.428000
GOLD,WIDE_SERVICE_EVENT,GIFT_PART_AMT,NUMBER,선물금참여(원) (#91),43892464,43892464,1,2026-10-08 02:07:39.428000
GOLD,WIDE_SERVICE_EVENT,D5_LETTER_PART_MEMBERS,NUMBER,+5일차 서신참여(명) (#139),43892464,43892464,2,2026-10-08 02:07:39.428000
GOLD,WIDE_SERVICE_EVENT,D5_LETTER_PART_CNT,NUMBER,+5일차 서신참여(건) (#140),43892464,43892464,79,2026-10-08 02:07:39.428000
GOLD,WIDE_SERVICE_EVENT,D5_GIFT_PART_MEMBERS,NUMBER,+5일차 선물금참여(명) (#141),43892464,43892464,2,2026-10-08 02:07:39.428000
GOLD,WIDE_SERVICE_EVENT,D5_GIFT_PART_CNT,NUMBER,+5일차 선물금참여(건) (#142),43892464,43892464,97,2026-10-08 02:07:39.428000
GOLD,WIDE_SERVICE_EVENT,D5_INCREASE_PART_MEMBERS,NUMBER,+5일차 증액참여(명) (#143),43892464,43892464,2,2026-10-08 02:07:39.428000
GOLD,WIDE_SERVICE_EVENT,D5_INCREASE_PART_CNT,NUMBER,+5일차 증액참여(건) (#144),43892464,43892464,198,2026-10-08 02:07:39.428000
GOLD,WIDE_SERVICE_EVENT,D5_STOP_MEMBERS,NUMBER,+5일차 중단(명) (#145),43892464,43892464,2,2026-10-08 02:07:39.428000
GOLD,WIDE_SERVICE_EVENT,D5_STOP_CNT,NUMBER,+5일차 중단(건) (#146),43892464,43892464,85,2026-10-08 02:07:39.428000
GOLD,WIDE_SERVICE_EVENT,SERVICE_MEMBERS,NUMBER,서비스(명) (#160),43892464,43892464,2,2026-10-08 02:07:39.428000
GOLD,WIDE_SERVICE_EVENT,SERVICE_CNT,NUMBER,서비스(건) (#161),43892464,43892464,308,2026-10-08 02:07:39.428000
GOLD,WIDE_SERVICE_EVENT,SEND_TITLE,TEXT,제목 (#136),43892464,41818439,34173,2026-10-08 02:07:39.428000
GOLD,WIDE_SERVICE_EVENT,SEND_STATUS,TEXT,발송상태 (#138),43892464,40922691,7,2026-10-08 02:07:39.428000
GOLD,WIDE_SERVICE_EVENT,SEND_TYPE,TEXT,발송유형,43892464,43892464,4,2026-10-08 02:07:39.428000
GOLD,WIDE_SERVICE_EVENT,SEND_STATUS_GROUP,TEXT,축A(채널상태) 코드군 ID (조인키 · MSG_AT→MS282). 🔴`SEND_STATUS` 는 채널별로 다른 코드체계가 한 컬럼에 모여 있다 — **`SEND_TYPE` 또는 이 컬럼 동반 필수**(단독 필터는 채널 간 오조인). EMAIL·SND·PSTMTR 은 NULL,43892464,22184263,1,2026-10-08 02:07:39.428000
GOLD,WIDE_SERVICE_EVENT,SEND_STATUS_NAME,TEXT,축A 라벨 (CRM_CODE 조인). 🔴EMAIL·SND 는 **의도적 NULL** — 코드값은 있으나 코드사전에 라벨 문자열이 없어 조인으로 얻을 수 없고 의미 해석을 라벨로 넣는 것은 창작이다(문서30 §23-J 결정 3 · 현업 문서20 §M-4). PSTMTR 은 원천 컬럼 부재,43892464,22184263,3,2026-10-08 02:07:39.428000
GOLD,WIDE_SERVICE_EVENT,SEND_RESULT_CD,TEXT,축B(통신사 결과) 코드 raw — MSG_AT 은 전송실패코드 · SND 는 통화상태. 🟢**conformed 축**이다: 두 채널이 같은 코드공간을 공유하므로 채널이 늘어도 체계가 유지된다. 원천에 값이 없는 채널은 NULL,43892464,31145667,49,2026-10-08 02:07:39.428000
GOLD,WIDE_SERVICE_EVENT,SEND_RESULT_GROUP,TEXT,축B 코드군 ID — 코드사전 MS283 이 정의한 4종(공통·알림톡·SMS·MMS). 🟢리터럴 지정이 아니라 **조인 결과에서 얻는다**(4그룹에 걸쳐 코드값 중복이 없어 값 자체가 그룹을 결정한다),43892464,29420378,4,2026-10-08 02:07:39.428000
GOLD,WIDE_SERVICE_EVENT,SEND_RESULT_NAME,TEXT,축B 라벨 (CRM_CODE 조인). 사전 초과값은 NULL 유지 + dbt warn 관측(DEC-17-B · 센티넬 창작 금지) — 미매칭 규모는 이슈원장 §O59-N·문서20 §M-5,43892464,29420378,32,2026-10-08 02:07:39.428000
GOLD,WIDE_SERVICE_EVENT,MAIL_RECEIVE_FLAG,BOOLEAN,메일수신여부 🔴🔴[O51-D 실측] **전건 NULL** — **팩트 컬럼 자체가 비어 있다**(`FACT_MESSAGE_DISPATCH.MAIL_RECEIVE_FLAG`). 결측이 아니라 **미적재**다: 0·FALSE·'해당없음' 으로 대체 해석하지 말 것(P21). 필터 조건으로 쓰면 전건이 탈락한다. 실측 규모는 이슈원장 §O51-D-C.,43892464,0,0,2026-10-08 02:07:39.428000
GOLD,WIDE_SERVICE_EVENT,MEMBER_STOP_FLAG,BOOLEAN,결연회원 중단여부 🔴🔴[O51-D 실측] **전건 NULL** — **팩트 컬럼 자체가 비어 있다**(`FACT_MESSAGE_DISPATCH.MEMBER_STOP_FLAG`). 결측이 아니라 **미적재**다: 0·FALSE·'해당없음' 으로 대체 해석하지 말 것(P21). 필터 조건으로 쓰면 전건이 탈락한다. 실측 규모는 이슈원장 §O51-D-C.,43892464,0,0,2026-10-08 02:07:39.428000
GOLD,WIDE_SERVICE_EVENT,YEAR,NUMBER,DIM_DATE.YEAR — 년,43892464,43892464,3,2026-10-08 02:07:39.428000
GOLD,WIDE_SERVICE_EVENT,MONTH,NUMBER,DIM_DATE.MONTH — 월,43892464,43892464,12,2026-10-08 02:07:39.428000
GOLD,WIDE_SERVICE_EVENT,DAY_OF_WEEK,TEXT,DIM_DATE.DAY_OF_WEEK — 요일,43892464,43892464,7,2026-10-08 02:07:39.428000
GOLD,WIDE_SERVICE_EVENT,WEEK_OF_YEAR,NUMBER,DIM_DATE.WEEK_OF_YEAR — 주차,43892464,43892464,52,2026-10-08 02:07:39.428000
GOLD,WIDE_SERVICE_EVENT,IS_HOLIDAY,BOOLEAN,DIM_DATE.IS_HOLIDAY — 휴일여부,43892464,43892464,2,2026-10-08 02:07:39.428000
GOLD,WIDE_SERVICE_EVENT,SEX,TEXT,DIM_MEMBER.SEX — 성별 원천코드 raw. 코드그룹 **CM013(성별)**. 코드사전(BRONZE `TC_CMMN_DTL_CD`) = 1국내(남자)·2국내(여자)·3외국인(남자)·4외국인(여자)·5외국인(기타)·6단체·7기업·8기타 · 실적재(TM_MM_FDRM_MBER_INFO)에 **사전 전종이 등장**하며 폐지코드는 없다. ⚠️개발약정 원천(TM_MM_FDRM_MBER_DVLP_AMT.SEX)에는 사전에 없는 **사전에 없는 센티넬 '0'** 이 더 있다. 🔴정본 비고가 '성별만으로는 사용하지 않음'을 명시한다 — 성별 단일축 분석은 MEMBER_GENDER_NAME 을 쓴다. 라벨 = SEX_NM(원천 라벨)·MEMBER_GENDER_NAME(분석 라벨). 🔴 회원 **현재버전**(DIM_MEMBER IS_CURRENT 1건) 스냅샷이며 사건 시점 값이 아니다 — SCD2 다버전을 순진하게 조인하면 조용히 팬아웃한다(회원당 버전 수는 이슈원장 참조),43892464,43890851,8,2026-10-08 02:07:39.428000
GOLD,WIDE_SERVICE_EVENT,SEX_NM,TEXT,DIM_MEMBER.SEX_NM — CM013 **원천 라벨 그대로**(국내(남자)/국내(여자)/외국인(남자)/외국인(여자)/외국인(기타)/단체/기업/기타). 코드 = SEX. 🔴이 컬럼만이 **국내·외국인 축**을 보존한다 — MEMBER_GENDER_NAME(CM017)은 그 축을 지운다. CM013 은 코드와 라벨이 1:1 이다. 🔴 회원 **현재버전**(DIM_MEMBER IS_CURRENT 1건) 스냅샷이며 사건 시점 값이 아니다 — SCD2 다버전을 순진하게 조인하면 조용히 팬아웃한다(회원당 버전 수는 이슈원장 참조),43892464,43890851,8,2026-10-08 02:07:39.428000
GOLD,WIDE_SERVICE_EVENT,MEMBER_GENDER_NAME,TEXT,DIM_MEMBER.GENDER_NAME — 성별 분석 라벨(정본 공#130). 코드그룹 **CM017(회원특성(성별))**. CM017 은 CM013 과 **코드 도메인이 동일(1~8)한 재라벨 그룹**이며 국내/외국인 구분을 지운다 — 1남자·2여자·3남자·4여자·5기타·6단체·7기업·8기타 ⇒ **서로 다른 코드가 같은 라벨로 합쳐진다**(남자/여자/기타/단체/기업). 정본 공#130 값정의와 일치. ⚠️CM017 은 정본 컬럼정의서가 어떤 컬럼에도 지정하지 않은 그룹이다(현업 확인 대상). ⚠️종전 하드코딩 '여성/남성/미상'은 라벨을 축약하고 법인·단체를 '미상'으로 오라벨했다(O26 교정). 🔴 회원 **현재버전**(DIM_MEMBER IS_CURRENT 1건) 스냅샷이며 사건 시점 값이 아니다 — SCD2 다버전을 순진하게 조인하면 조용히 팬아웃한다(회원당 버전 수는 이슈원장 참조),43892464,43890851,5,2026-10-08 02:07:39.428000
GOLD,WIDE_SERVICE_EVENT,MEMBER_AREA_CD,TEXT,DIM_MEMBER.AREA_CD — 지역 원천코드 raw. 코드그룹 **CM018**. 코드사전 = (1서울·2경기·3인천·4강원·5대전·6충남·7충북·8광주·9전북·10전남·11대구·12경북·13경남·14울산·15부산·16제주·17기타·18세종) · 실적재(TM_MM_FDRM_MBER_DVLP_AMT.AREA_CD)에 **사전 전종 + 라벨 없는 센티넬 '0'** 이 나타난다. ⚠️CM018 의 그룹명은 '신규시도구분'이지만 상세코드 값은 전부 시·도다(정본 공#131 지역정의가 약칭이라 정식명 그룹 CM011 이 아니다). 🔴**현재 거주지가 아니다** — 이 값은 그 버전 시점까지 최근 개발약정의 스냅샷이며 BRONZE 전체에 현주소 축이 없다(O34). 라벨 = MEMBER_REGION. 사건 시점 정확값은 WIDE_MEMBER_EVENT.AREA_CD_AT_EVENT. 🔴 회원 **현재버전**(DIM_MEMBER IS_CURRENT 1건) 스냅샷이며 사건 시점 값이 아니다 — SCD2 다버전을 순진하게 조인하면 조용히 팬아웃한다(회원당 버전 수는 이슈원장 참조),43892464,43253718,19,2026-10-08 02:07:39.428000
GOLD,WIDE_SERVICE_EVENT,MEMBER_REGION,TEXT,DIM_MEMBER.REGION — 지역명(정본 공#131) · **CM018** 약칭 라벨. 코드 = MEMBER_AREA_CD. 🔴빈 값이 세 갈래다 — ①일시회원(MEMBER_TYPE='ONCE')은 개발약정 **행 자체가 없어** NULL 이다(지역 개념은 존재하므로 '(해당없음)' 이 아니다) ②정기회원(FDRM) 중 개발약정이 없는 행도 NULL ③센티넬 코드 '0' 은 사전에 라벨이 없어 NULL. 🟢미매핑(코드는 있는데 사전에 없음)은 없다. '미상' 으로 창작하지 않는다(R2-7-1). 🔴**현재 거주지가 아니다** — 개발약정 시점 스냅샷이며 BRONZE 에 현주소 축이 없다(O34). ⚠️지역 분포는 MEMBER_TYPE='FDRM' 으로 스코프할 것 — ONCE 를 분모에 넣으면 채움률이 조용히 낮아진다(P128).,43892464,42934412,18,2026-10-08 02:07:39.428000
GOLD,WIDE_SERVICE_EVENT,MEMBER_AGE_CD,NUMBER,DIM_MEMBER.AGE — 연령대 원천코드 raw. 코드그룹 **CM014(나이)**. 코드사전 = 1'10대 미만'·2'10대'·3'20대'·4'30대'·5'40대'·6'50대'·7'60대'·8'70대'·9'70대 이상'·10단체·11기업·12기타 · 실적재(TM_MM_FDRM_MBER_DVLP_AMT.AGE)에 **사전 전종이 등장**한다. 🔴**연속형 나이가 아니다** — 평균·구간 재계산 금지. 구간은 우리가 만든 것이 아니라 원천이 이미 구간화해 제공한다(DEC-28). ⚠️사전 자체에 8'70대'와 9'70대 이상'이 **의미 중복**으로 공존한다 — 70대 이상 집계 시 두 코드를 함께 취할 것. ⚠️BRONZE 원천 컬럼 COMMENT '연령'(NUMBER)은 오류다. 라벨 = MEMBER_AGE_BAND. 🔴 회원 **현재버전**(DIM_MEMBER IS_CURRENT 1건) 스냅샷이며 사건 시점 값이 아니다 — SCD2 다버전을 순진하게 조인하면 조용히 팬아웃한다(회원당 버전 수는 이슈원장 참조),43892464,43253728,12,2026-10-08 02:07:39.428000
GOLD,WIDE_SERVICE_EVENT,MEMBER_AGE_BAND,TEXT,"DIM_MEMBER.AGE_BAND — 연령대명 · **CM014** 라벨. 코드 = MEMBER_AGE_CD. 🔴빈 값은 두 갈래이며 **둘 다 개발약정 원천 행이 없는 경우**다 — 일시회원('ONCE')은 전건, 정기회원(FDRM)은 일부. 연령 개념은 존재하므로 '(해당없음)' 이 아니라 NULL 이고 미매핑도 없다. '미상' 으로 창작하지 않는다(R2-7-1). 🔴**연속형 나이가 아니다** — 평균·재구간화 금지(원천이 이미 구간화해 제공한다 · DEC-28). 🔴**현재 나이가 아니다** — 개발약정 시점 스냅샷이고 BRONZE 에 생년월일 축이 없어 시점정확 연령은 산출 불가다(O34). ⚠️연령 분포는 MEMBER_TYPE='FDRM' 으로 스코프할 것(P128).",43892464,43253728,12,2026-10-08 02:07:39.428000
GOLD,WIDE_SERVICE_EVENT,MBER_STAT_CD,TEXT,"DIM_MEMBER.MBER_STAT_CD — 회원상태 원천코드 raw(정본 공#132 '회원상태코드'). 코드그룹 **MM010(회원상태)**. 코드사전 = 1활동회원·2~6신규미납1~5·7~11장기미납1~5·12후원중단 · `TH_MM_FDRM_MBER_STNG_DTLS.CHN_STAT_CD` 와 `TM_MM_FDRM_MBER_INFO.MBER_STAT_CD` **양쪽 모두 사전 전종이 등장**한다. SCD2 버전행은 CHN_STAT_CD(변경상태코드), 무이력행은 MBER_STAT_CD 에서 온다(둘 다 MM010). 🔴MM010 은 개발구분 MM015 가 아니다 — 두 그룹 모두 '후원중단'을 포함해 혼동되기 쉽다. 🔴일시회원(MEMBER_TYPE='ONCE')은 회원상태 개념이 원천에 없어 NULL 이다. 라벨 = MEMBER_STATUS_NAME. 🔴 회원 **현재버전**(DIM_MEMBER IS_CURRENT 1건) 스냅샷이며 사건 시점 값이 아니다 — SCD2 다버전을 순진하게 조인하면 조용히 팬아웃한다(회원당 버전 수는 이슈원장 참조)",43892464,43786674,12,2026-10-08 02:07:39.428000
GOLD,WIDE_SERVICE_EVENT,MEMBER_STATUS_NAME,TEXT,"DIM_MEMBER.MEMBER_STATUS_NAME — 회원상태명(MM010 라벨, 정본 공#132). 코드 = MBER_STAT_CD. MM010 은 **폐지코드가 없고 실적재가 사전과 일치**한다 ⇒ 사전 조인만으로 전건 라벨화된다(하드코딩 금지 P31). 값 = 활동회원 / 신규미납1~5 / 장기미납1~5 / 후원중단. 🔴빈 값이 두 가지 뜻으로 갈린다 — 일시회원(DIM_MEMBER.MEMBER_TYPE='ONCE')은 회원상태 개념이 **원천에 없어** 센티넬 '(해당없음)' 이고, 정기회원(FDRM) 중 원천 상태코드 자체가 결손인 행만 **NULL** 이다. 두 사건을 '미상' 같은 한 값으로 뭉개지 않는다(R2-7-1). ⚠️미납 단계(1~5)는 **경과 차수**이며 금액 규모가 아니다. 🔴 회원 **현재버전**(DIM_MEMBER IS_CURRENT 1건) 스냅샷이며 사건 시점 값이 아니다 — SCD2 다버전을 순진하게 조인하면 조용히 팬아웃한다(회원당 버전 수는 이슈원장 참조)",43892464,43892318,13,2026-10-08 02:07:39.428000
GOLD,WIDE_SERVICE_EVENT,MBER_DIV_CD,TEXT,DIM_MEMBER.MBER_DIV_CD — 회원구분 원천코드 raw. 코드그룹 **MM018(회원구분)**. 코드사전 = 1개인·2기업·3단체 · 실적재에 **사전 전종이 등장**한다. 🟢독립 교차검증: `MBER_DIV_CD`='2'(기업)·'3'(단체) 의 행수가 `SEX`='7'(기업)·'6'(단체) 와 **완전히 일치**한다 — 두 축이 같은 사실을 다르게 표현한다. 🔴DIM_MEMBER.MEMBER_TYPE(FDRM/ONCE 등록계통)과 **완전히 다른 축**이다. 라벨 = MEMBER_TYPE_NAME. 🔴 회원 **현재버전**(DIM_MEMBER IS_CURRENT 1건) 스냅샷이며 사건 시점 값이 아니다 — SCD2 다버전을 순진하게 조인하면 조용히 팬아웃한다(회원당 버전 수는 이슈원장 참조),43892464,43892464,3,2026-10-08 02:07:39.428000
GOLD,WIDE_SERVICE_EVENT,MEMBER_TYPE_NAME,TEXT,DIM_MEMBER.MEMBER_TYPE_NAME — 회원구분명(MM018 라벨): 개인·기업·단체. 코드 = MBER_DIV_CD. MM018 은 폐지코드가 없고 실적재가 사전과 일치한다. 🟢빈 값이 없는 축이다 — 센티넬 '(해당없음)'·NULL 모두 없고 전건 라벨화된다. 앞으로 사전에 없는 코드가 인입되면 **NULL 로 드러나며** '미상' 같은 값으로 덮지 않는다(R2-7-1). 🔴이름이 비슷한 DIM_MEMBER.MEMBER_TYPE(=FDRM 정기회원 / ONCE 일시회원)의 라벨이 **아니다** — 다른 축이다. 🔴 회원 **현재버전**(DIM_MEMBER IS_CURRENT 1건) 스냅샷이며 사건 시점 값이 아니다 — SCD2 다버전을 순진하게 조인하면 조용히 팬아웃한다(회원당 버전 수는 이슈원장 참조),43892464,43892464,3,2026-10-08 02:07:39.428000
GOLD,WIDE_SERVICE_EVENT,SEND_TYPE_L_CD,TEXT,DIM_SEND_TYPE.SEND_GBN_TOP — 발송구분(대) 코드 raw. 🔴🔴**이 값은 상세코드가 아니라 CRM_CODE 의 코드그룹 ID(CD_ID) 자체다.** [O51-D 실측] `SND_REQ_MST.SEND_GBN_TOP` 실적재 값 = **MS046·MS047·MS048·MS049·MS050·MS0501·MS0505·MS051·MS052·MS053·MS054·MS055** 이며 **전부 `TC_CMMN_CD.CD_ID` 에 실재**한다. ⇒ 상세코드 사전(`TC_CMMN_DTL_CD`)에서 찾으면 나오지 않는다. 라벨 = SEND_TYPE_L.,43892464,11543555,12,2026-10-08 02:07:39.428000
GOLD,WIDE_SERVICE_EVENT,SEND_TYPE_L,TEXT,"DIM_SEND_TYPE.SEND_TYPE_L — 발송구분(대) 분석 라벨(정본 공#133) ← SND_REQ_MST.SEND_GBN_TOP_NM. 코드 = SEND_TYPE_L_CD. [O51-D 실측] **여러 코드가 같은 라벨로 축약**된다 — 결연=MS046+MS051 · 기타=MS0505+MS055 · 회원=MS047+MS053. ⇒ 라벨로 GROUP BY 하면 코드가 합쳐진다(대분류는 코드그룹과 1:1 이 아니다). 🔴정본 공#133 과 **불일치**: #133 은 결연/회비/서비스/사업보고/참여/기타 만 열거하는데 실측 라벨에는 **회원만족(MS052)·회원서비스(MS054)·회원(MS047+MS053)이 더 있다.** #133 에 생략기호가 없어 완전열거로 읽히므로 불일치는 실재한다 → 현업 확인 대상, 데이터 우선 보존(DEC-26). ⚠️커버리지가 낮다 — 비매칭은 센티넬 '(미매핑)'(DEC-30). 규모는 이슈원장 §O51-D-C 참조. 🔴🔴[O51-D 실측] `'(미매핑)'` 이 **과반을 크게 넘는다** — 발송구분 대분류는 매칭되는 행이 소수다. 커버리지를 모르고 대분류별 비중을 내면 **결론이 뒤집힌다.** 실측 규모는 이슈원장 §O51-D-C.",43892464,43892464,10,2026-10-08 02:07:39.428000
GOLD,WIDE_SERVICE_EVENT,SEND_TYPE_M_CD,TEXT,"DIM_SEND_TYPE.SEND_GBN_MID — 발송구분(중) 코드 raw ← SND_REQ_MST.SEND_GBN_MID. 🔴🔴**코드 단독 사용 금지 — 이 코드는 부모(대) 그룹 안에서만 유일하다.** [O51-D BRONZE 실측] 값 '01' 이 부모에 따라 '결제오류'·'모바일소식지(사단)'·'기타_사단'·'기부금영수증(사단)'·'기타' 등 서로 다른 뜻이며 실적재 (코드,라벨) 쌍 37종이 나온다. ⇒ 반드시 **(대,중) 쌍**으로 해석할 것. 라벨 = SEND_TYPE_M.",43892464,11543555,16,2026-10-08 02:07:39.428000
GOLD,WIDE_SERVICE_EVENT,SEND_TYPE_M,TEXT,DIM_SEND_TYPE.SEND_TYPE_M — 발송구분(중) 분석 라벨(정본 공#134) ← SND_REQ_MST.SEND_GBN_MID_NM. 코드 = SEND_TYPE_M_CD. 예: 결제오류·APR회원발송·ACL회원발송·만18세아동종결(종결예정)·후원참여·회원개발·아동답신(서신/선물금/회소카). 🔴같은 라벨이 여러 부모(대) 아래 반복되므로 라벨 단독 GROUP BY 는 대분류를 섞는다. ⚠️비매칭은 '(미매핑)'.,43892464,43892464,30,2026-10-08 02:07:39.428000
GOLD,WIDE_SERVICE_EVENT,SEND_TYPE_S_CD,TEXT,"DIM_SEND_TYPE.SEND_GBN_BOT — 발송구분(소) 코드 raw ← SND_REQ_MST.SEND_GBN_BOT (CRM_CODE.UPPER_CD_ID 계층 하위). 🔴**코드 단독 모호** — [O51-D 실측] 같은 코드('0101'·'0401' 등)가 부모에 따라 다른 뜻이다. ⇒ **(대,중,소) 경로**로만 해석할 것. 라벨 = SEND_TYPE_S.",43892464,11543555,46,2026-10-08 02:07:39.428000
GOLD,WIDE_SERVICE_EVENT,SEND_TYPE_S,TEXT,DIM_SEND_TYPE.SEND_TYPE_S — 발송구분(소) 분석 라벨(정본 공#135) ← SND_REQ_MST.SEND_GBN_BOT_NM. 코드 = SEND_TYPE_S_CD. 예: APR발송예정안내·ACL발송예정안내·기존회원개발메일(사단)·겨울 소식지_사단·답신발송알림·자동이체결제오류(사단)·네이버페이(사단). 🔴라벨도 부모 경로 없이는 유일하지 않다(답신발송알림이 여러 중분류에 존재). ⚠️비매칭은 '(미매핑)'.,43892464,43892464,61,2026-10-08 02:07:39.428000
GOLD,WIDE_SERVICE_EVENT,SERVICE_SUBTYPE,TEXT,DIM_SERVICE.SUBTYPE — 발송/참여 subtype,43892464,32348814,5,2026-10-08 02:07:39.428000
GOLD,WIDE_SERVICE_EVENT,SERVICE_CHANNEL,TEXT,DIM_SERVICE.CHANNEL — CRM_UMS / ADMIN,43892464,43892464,5,2026-10-08 02:07:39.428000
GOLD,WIDE_SERVICE_EVENT,CAMPAIGN_BK,TEXT,DIM_CAMPAIGN.CAMPAIGN_BK — 캠페인 업무키 🔴🔴[O51-D 실측] **전건 `'(미매핑)'` 센티넬** — NULL 이 아니라 **문자열**이므로 GROUP BY 하면 단일 그룹이 생겨 **집계에 성공한 것처럼 보인다.** 원인 = `FACT_MESSAGE_DISPATCH.CAMPAIGN_SK` 의 실측값이 센티넬 하나뿐이다. ⇒ 이 컬럼으로 캠페인·후원사업별 분해를 시도하지 말 것. 실측 규모는 이슈원장 §O51-D-C.,43892464,43892464,1,2026-10-08 02:07:39.428000
GOLD,WIDE_SERVICE_EVENT,CAMPAIGN_BRAND,TEXT,DIM_CAMPAIGN.BRAND — 공통브랜드 (#117) 🔴🔴[O51-D 실측] **이 뷰에서 전건 NULL** — 원인은 차원이 아니라 **팩트 FK 가 전건 센티넬**이다: `FACT_MESSAGE_DISPATCH.CAMPAIGN_SK` 는 실측값이 센티넬 하나뿐이다. ⇒ **이 축으로는 분해가 불가능하다.** 차원 자체는 채워져 있으니 다른 팩트에서는 쓸 수 있다. 실측 규모는 이슈원장 §O51-D-C.,43892464,0,0,2026-10-08 02:07:39.428000
GOLD,WIDE_SERVICE_EVENT,CAMPAIGN_PARENT,TEXT,DIM_CAMPAIGN.PARENT_CAMPAIGN — 공통상위캠페인 (#119) 🔴🔴[O51-D 실측] **이 뷰에서 전건 NULL** — 원인은 차원이 아니라 **팩트 FK 가 전건 센티넬**이다: `FACT_MESSAGE_DISPATCH.CAMPAIGN_SK` 는 실측값이 센티넬 하나뿐이다. ⇒ **이 축으로는 분해가 불가능하다.** 차원 자체는 채워져 있으니 다른 팩트에서는 쓸 수 있다. 실측 규모는 이슈원장 §O51-D-C.,43892464,0,0,2026-10-08 02:07:39.428000
GOLD,WIDE_SERVICE_EVENT,CAMPAIGN_NAME,TEXT,DIM_CAMPAIGN.CAMPAIGN_NAME — 캠페인명 (#120) 🔴🔴[O51-D 실측] **전건 `'(미매핑)'` 센티넬** — NULL 이 아니라 **문자열**이므로 GROUP BY 하면 단일 그룹이 생겨 **집계에 성공한 것처럼 보인다.** 원인 = `FACT_MESSAGE_DISPATCH.CAMPAIGN_SK` 의 실측값이 센티넬 하나뿐이다. ⇒ 이 컬럼으로 캠페인·후원사업별 분해를 시도하지 말 것. 실측 규모는 이슈원장 §O51-D-C.,43892464,43892464,1,2026-10-08 02:07:39.428000
GOLD,WIDE_SERVICE_EVENT,CAMPAIGN_PROMO_METHOD,TEXT,DIM_CAMPAIGN.PROMO_METHOD — 홍보방법 (#118) 🔴🔴[O51-D 실측] **이 뷰에서 전건 NULL** — 원인은 차원이 아니라 **팩트 FK 가 전건 센티넬**이다: `FACT_MESSAGE_DISPATCH.CAMPAIGN_SK` 는 실측값이 센티넬 하나뿐이다. ⇒ **이 축으로는 분해가 불가능하다.** 차원 자체는 채워져 있으니 다른 팩트에서는 쓸 수 있다. 실측 규모는 이슈원장 §O51-D-C.,43892464,0,0,2026-10-08 02:07:39.428000
GOLD,FACT_MEMBER_COHORT,MEMBER_DK,TEXT,불변 비즈니스 식별자,1619321,1619321,1607342,2026-10-08 02:07:22.791000
GOLD,FACT_MEMBER_COHORT,ACQ_CAMPAIGN_SK,NUMBER,대리키,1619321,1619321,13327,2026-10-08 02:07:22.791000
GOLD,FACT_MEMBER_COHORT,ACQ_DATE_SK,NUMBER,대리키,1619321,1619321,10174,2026-10-08 02:07:22.791000
GOLD,FACT_MEMBER_COHORT,ACQ_BASIS,TEXT,ACQ_BASIS. 코드id:MM015.,1619321,1619321,2,2026-10-08 02:07:22.791000
GOLD,FACT_MEMBER_COHORT,ACQ_DVLP_DIV_CD,TEXT,ACQ_DVLP_DIV_CD. 코드id:MM015.,1619321,1619321,5,2026-10-08 02:07:22.791000
GOLD,FACT_MEMBER_COHORT,ACQ_AGE_CD,NUMBER,획득 시점 연령대 코드(CM014). 코드id:CM014.,1619321,1619321,12,2026-10-08 02:07:22.791000
GOLD,FACT_MEMBER_COHORT,ACQ_AGE_BAND,TEXT,획득 시점 연령대명(CM014 라벨). 코드id:CM014. [사유:부서차원 산출불가],1619321,1619321,12,2026-10-08 02:07:22.791000
GOLD,FACT_MEMBER_COHORT,ACQ_AREA_CD,TEXT,ACQ_AREA_CD. 코드id:CM018.,1619321,1619319,19,2026-10-08 02:07:22.791000
GOLD,FACT_MEMBER_COHORT,ACQ_REGION,TEXT,획득 시점 지역명(CM018 약칭). 코드id:CM018.,1619321,1607908,18,2026-10-08 02:07:22.791000
GOLD,FACT_MEMBER_COHORT,ACQ_SEX_CD,TEXT,획득 시점 성별 코드(CM013). 라벨=ACQ_GENDER. 코드id:CM013.,1619321,1619321,9,2026-10-08 02:07:22.791000
GOLD,FACT_MEMBER_COHORT,ACQ_GENDER,TEXT,ACQ_GENDER. 코드id:CM013.,1619321,1619318,8,2026-10-08 02:07:22.791000
GOLD,FACT_MEMBER_COHORT,ACQ_SPNSR_AMT,NUMBER,획득 사건의 후원금액 (#38).,1619321,1619321,452,2026-10-08 02:07:22.791000
GOLD,FACT_MEMBER_COHORT,FIRST_STOP_DATE_SK,NUMBER,대리키,1619321,929931,6492,2026-10-08 02:07:22.791000
GOLD,FACT_MEMBER_COHORT,FIRST_STOP_REASON_NM,TEXT,최초 중단의 사유명(MM005 라벨). 미중단 회원은 NULL. 코드id:MM005.,1619321,929931,20,2026-10-08 02:07:22.791000
GOLD,FACT_MEMBER_COHORT,TENURE_DAYS,NUMBER,유지기간(일) = 최초 중단일 − 획득일.,1619321,929931,8965,2026-10-08 02:07:22.791000
GOLD,FACT_MEMBER_COHORT,IS_12M_OBSERVABLE,BOOLEAN,IS_12M_OBSERVABLE.,1619321,1619321,2,2026-10-08 02:07:22.791000
GOLD,FACT_MEMBER_COHORT,ACQ_MEMBERS,NUMBER,획득 회원수.,1619321,1619321,1,2026-10-08 02:07:22.791000
GOLD,FACT_MEMBER_COHORT,STOPPED_MEMBERS,NUMBER,누적 이탈 회원수.,1619321,1619321,2,2026-10-08 02:07:22.791000
GOLD,FACT_MEMBER_COHORT,STOPPED_12M_MEMBERS,NUMBER,12개월 내 이탈 회원수.,1619321,1619321,2,2026-10-08 02:07:22.791000
GOLD,FACT_MEMBER_COHORT,OBSERVABLE_12M_MEMBERS,NUMBER,12개월 이탈률의 분모 회원수.,1619321,1619321,2,2026-10-08 02:07:22.791000
GOLD,FACT_MEMBER_COHORT,ACQ_ORG_SK,NUMBER,대리키 (PK),1619321,1619321,342,2026-10-08 02:07:22.791000
GOLD,FACT_MEMBER_COHORT,ACQ_SPONSORSHIP_SK,NUMBER,대리키 (PK),1619321,1619321,27,2026-10-08 02:07:22.791000
GOLD,FACT_MEMBER_COHORT,ACQ_MBER_INFLOW_PATH_CD,NUMBER,획득 캠페인의 모집채널 코드(MM293). 코드id:MM293.,1619321,1618594,12,2026-10-08 02:07:22.791000
GOLD,FACT_MEMBER_COHORT,ACQ_MBER_INFLOW_PATH_NM,TEXT,획득 캠페인의 모집채널명(MM293 라벨). 코드id:MM293.,1619321,1618594,12,2026-10-08 02:07:22.791000
GOLD,FACT_MEMBER_COHORT,ACQ_CMPGN_CTGR_CD,NUMBER,획득 캠페인의 카테고리 코드(MM294). 코드id:MM294.,1619321,1618594,57,2026-10-08 02:07:22.791000
GOLD,FACT_MEMBER_COHORT,ACQ_CMPGN_CTGR_NM,TEXT,ACQ_CMPGN_CTGR_NM. 코드id:MM294.,1619321,1618594,57,2026-10-08 02:07:22.791000
GOLD,FACT_MEMBER_COHORT,ACQ_CMPGN_TYPE1_BSN,NUMBER,"획득 캠페인 유형1 코드(MM295, 국내/통합/해외). 코드id:MM295.",1619321,1618594,4,2026-10-08 02:07:22.791000
GOLD,FACT_MEMBER_COHORT,ACQ_CMPGN_TYPE1_NM,TEXT,획득 캠페인 유형1명(MM295 라벨: 국내/통합/해외). 코드id:MM295.,1619321,1618594,4,2026-10-08 02:07:22.791000
GOLD,FACT_MEMBER_COHORT,ACQ_CMPGN_TYPE2_BSN,NUMBER,"획득 캠페인 유형2 코드(MM296, 굿즈/기타/사례/사업). 코드id:MM296.",1619321,1618594,4,2026-10-08 02:07:22.791000
GOLD,FACT_MEMBER_COHORT,ACQ_CMPGN_TYPE2_NM,TEXT,획득 캠페인 유형2명(MM296 라벨: 굿즈/기타/사례/사업). 코드id:MM296.,1619321,1618594,4,2026-10-08 02:07:22.791000
GOLD,FACT_MEMBER_COHORT,ACQ_MKTG_CMPGN_CD,NUMBER,ACQ_MKTG_CMPGN_CD.,1619321,1618594,545,2026-10-08 02:07:22.791000
GOLD,FACT_MEMBER_COHORT,ACQ_MKTG_CMPGN_NM,TEXT,획득 캠페인의 마케팅 캠페인명(Q16 라벨).,1619321,1618594,534,2026-10-08 02:07:22.791000
GOLD,FACT_MEMBER_COHORT,ACQ_CMMN_BRND,NUMBER,획득 캠페인의 MM297 공통브랜드 코드. 코드id:MM297.,1619321,1618594,16,2026-10-08 02:07:22.791000
GOLD,FACT_MEMBER_COHORT,ACQ_CMMN_BRND_NM,TEXT,획득 캠페인의 MM297 공통브랜드명. 코드id:MM297.,1619321,1618594,16,2026-10-08 02:07:22.791000
GOLD,FACT_MEMBER_COHORT,ACQ_MKTG_UTM,NUMBER,ACQ_MKTG_UTM.,1619321,384172,252,2026-10-08 02:07:22.791000
GOLD,FACT_MEMBER_COHORT,ACQ_MKTG_UTM_NM,TEXT,ACQ_MKTG_UTM_NM.,1619321,384172,245,2026-10-08 02:07:22.791000
GOLD,FACT_MEMBER_COHORT,ACQ_SPNSR_DIV_CD,TEXT,ACQ_SPNSR_DIV_CD. 코드id:CM035.,1619321,1619317,2,2026-10-08 02:07:22.791000
GOLD,FACT_MEMBER_COHORT,ACQ_SPNSR_DIV_NM,TEXT,획득 캠페인의 후원구분명(CM035 라벨). 코드id:CM035.,1619321,1619317,2,2026-10-08 02:07:22.791000
GOLD,FACT_MEMBER_COHORT,ACQ_CPR_DIV_CD,TEXT,ACQ_CPR_DIV_CD. 코드id:CM019.,1619321,1619317,3,2026-10-08 02:07:22.791000
GOLD,FACT_MEMBER_COHORT,ACQ_CPR_DIV_NM,TEXT,획득 캠페인의 법인구분명(CM019 라벨). 코드id:CM019.,1619321,1619317,3,2026-10-08 02:07:22.791000
GOLD,FACT_MEMBER_COHORT,ACQ_BRAND,TEXT,획득 캠페인의 브랜드명 — 적재 시점 동결값,1619321,1619317,68,2026-10-08 02:07:22.791000
GOLD,FACT_MEMBER_COHORT,ACQ_PARENT_CAMPAIGN_NAME,TEXT,ACQ_PARENT_CAMPAIGN_NAME.,1619321,1619317,1047,2026-10-08 02:07:22.791000
GOLD,FACT_MEMBER_COHORT,ACQ_PROMO_METHOD_NAME,TEXT,획득 캠페인의 홍보방법명(CM008 라벨). 코드id:CM008.,1619321,1619317,91,2026-10-08 02:07:22.791000
GOLD,WIDE_AD_BROADCAST_CASE,AD_PERF_DK,TEXT,grain 1/2 · 광고성과 행 식별자 — 코어 WIDE_AD_PERFORMANCE 조인키(1:N),0,0,0,2026-10-08 02:07:20.869000
GOLD,WIDE_AD_BROADCAST_CASE,CASE_SEQ,NUMBER,grain 2/2 · 사례 순번 1~3 (원천 CASE1~CASE3 언피벗축),0,0,0,2026-10-08 02:07:20.869000
GOLD,WIDE_AD_BROADCAST_CASE,AD_SOURCE_TYPE,TEXT,"광고 원천유형 — 본 뷰는 REBROADCAST 만 🔴[O51-F 실측] **단일값 REBROADCAST 뿐이다** — 본 뷰는 재방송 사례 전용이라 VIDEO 사례가 없다. GROUP BY 대상이 아니며, **이 뷰로 VIDEO 대비 재방송을 비교하면 재방송만 보고 결론을 낸다.** 원천유형 비교는 코어 `WIDE_AD_PERFORMANCE` 에서 한다. 실측 규모는 이슈원장 §O51-F.",0,0,0,2026-10-08 02:07:20.869000
GOLD,WIDE_AD_BROADCAST_CASE,PERF_DATE_SK,NUMBER,광고 실적일 YYYYMMDD,0,0,0,2026-10-08 02:07:20.869000
GOLD,WIDE_AD_BROADCAST_CASE,BIZ_DIV,TEXT,사례 사업구분,0,0,0,2026-10-08 02:07:20.869000
GOLD,WIDE_AD_BROADCAST_CASE,FAMILY_TYPE,TEXT,사례 가족유형,0,0,0,2026-10-08 02:07:20.869000
GOLD,WIDE_AD_BROADCAST_CASE,APPEAL_POINT,TEXT,사례 어필포인트,0,0,0,2026-10-08 02:07:20.869000
GOLD,WIDE_AD_BROADCAST_CASE,CASE_DIV,TEXT,사례구분,0,0,0,2026-10-08 02:07:20.869000
GOLD,WIDE_AD_BROADCAST_CASE,RT_TYPE,TEXT,RT(재방송)유형 — 위성 FAD_B 에서 동반,0,0,0,2026-10-08 02:07:20.869000
GOLD,WIDE_AD_BROADCAST_CASE,PROGRAM_NM,TEXT,프로그램/편성명 — 위성 FAD_B 에서 동반,0,0,0,2026-10-08 02:07:20.869000
GOLD,WIDE_AD_BROADCAST_CASE,CHANNEL_COMPANY,TEXT,채널사 — 위성 FAD_B 에서 동반,0,0,0,2026-10-08 02:07:20.869000
GOLD,WIDE_AD_BROADCAST_CASE,PERF_YEAR,NUMBER,DIM_DATE.YEAR — 실적일 년,0,0,0,2026-10-08 02:07:20.869000
GOLD,WIDE_AD_BROADCAST_CASE,PERF_MONTH,NUMBER,DIM_DATE.MONTH — 실적일 월,0,0,0,2026-10-08 02:07:20.869000
GOLD,WIDE_AD_BROADCAST_CASE,PERF_QUARTER,NUMBER,DIM_DATE.QUARTER — 실적일 분기,0,0,0,2026-10-08 02:07:20.869000
GOLD,WIDE_AD_BROADCAST_CASE,CAMPAIGN_NAME,TEXT,DIM_CAMPAIGN.CAMPAIGN_NAME — 캠페인명 🔴🔴[O51-F 실측] **전건 `'(미매핑)'` 센티넬** — NULL 이 아니라 **문자열**이라 GROUP BY 하면 단일 그룹이 생겨 **집계에 성공한 것처럼 보인다.** 원인 = `FACT_AD_PERFORMANCE.CAMPAIGN_SK` 의 실측값이 센티넬 하나뿐이다. ⇒ 이 컬럼으로 분해를 시도하지 말 것 — 「캠페인별」·「부서별」 요구에 **조용히 총계 1행**이 돌아온다. 실측 규모는 이슈원장 §O51-F.,0,0,0,2026-10-08 02:07:20.869000
GOLD,FACT_MEMBER_SPONSORSHIP_SPAN,MEMBER_DK,TEXT,회원 (불변키). ※비강제 FK→DIM_MEMBER,2219549,2219549,1607342,2026-10-08 02:07:17.592000
GOLD,FACT_MEMBER_SPONSORSHIP_SPAN,SPNSR_NO,TEXT,후원번호(Q15).,2219549,2219549,2147387,2026-10-08 02:07:17.592000
GOLD,FACT_MEMBER_SPONSORSHIP_SPAN,SPNSR_BSNS_NO,NUMBER,"후원사업번호(회원별 약정 일련번호, Q15).",2219549,2219549,2253328,2026-10-08 02:07:17.592000
GOLD,FACT_MEMBER_SPONSORSHIP_SPAN,SPONSORSHIP_SK,NUMBER,대리키,2219549,2219549,27,2026-10-08 02:07:17.592000
GOLD,FACT_MEMBER_SPONSORSHIP_SPAN,CAMPAIGN_SK,NUMBER,대리키,2219549,2219549,16732,2026-10-08 02:07:17.592000
GOLD,FACT_MEMBER_SPONSORSHIP_SPAN,IS_MULTI_CAMPAIGN,BOOLEAN,참고용 투명성 플래그.,2219549,2219549,2,2026-10-08 02:07:17.592000
GOLD,FACT_MEMBER_SPONSORSHIP_SPAN,START_MONTH_KEY,NUMBER,START_MONTH_KEY.,2219549,2219456,431,2026-10-08 02:07:17.592000
GOLD,FACT_MEMBER_SPONSORSHIP_SPAN,DSCNTC_MONTH_KEY,NUMBER,중단 월키 YYYYMM.,2219549,1378411,300,2026-10-08 02:07:17.592000
GOLD,FACT_MEMBER_SPONSORSHIP_SPAN,SPNSR_AMT,NUMBER,SPNSR_AMT.,2219549,2219549,599,2026-10-08 02:07:17.592000
GOLD,FACT_MEMBER_SPONSORSHIP_SPAN,ACQ_MBER_INFLOW_PATH_CD,NUMBER,대표캠페인의 모집채널 코드(MM293). 코드id:MM293.,2219549,2218579,12,2026-10-08 02:07:17.592000
GOLD,FACT_MEMBER_SPONSORSHIP_SPAN,ACQ_MBER_INFLOW_PATH_NM,TEXT,대표캠페인의 모집채널명(MM293 라벨) — 동결값,2219549,2218579,12,2026-10-08 02:07:17.592000
GOLD,FACT_MEMBER_SPONSORSHIP_SPAN,ACQ_CMPGN_CTGR_CD,NUMBER,대표캠페인의 카테고리 코드(MM294). 코드id:MM294.,2219549,2218579,57,2026-10-08 02:07:17.592000
GOLD,FACT_MEMBER_SPONSORSHIP_SPAN,ACQ_CMPGN_CTGR_NM,TEXT,ACQ_CMPGN_CTGR_NM. 코드id:MM294.,2219549,2218579,57,2026-10-08 02:07:17.592000
GOLD,FACT_MEMBER_SPONSORSHIP_SPAN,ACQ_CMPGN_TYPE1_BSN,NUMBER,"대표캠페인 유형1 코드(MM295, 국내/통합/해외). 코드id:MM295.",2219549,2218579,4,2026-10-08 02:07:17.592000
GOLD,FACT_MEMBER_SPONSORSHIP_SPAN,ACQ_CMPGN_TYPE1_NM,TEXT,대표캠페인 유형1명(MM295 라벨) — 동결값,2219549,2218579,4,2026-10-08 02:07:17.592000
GOLD,FACT_MEMBER_SPONSORSHIP_SPAN,ACQ_CMPGN_TYPE2_BSN,NUMBER,"대표캠페인 유형2 코드(MM296, 굿즈/기타/사례/사업). 코드id:MM296.",2219549,2218579,4,2026-10-08 02:07:17.592000
GOLD,FACT_MEMBER_SPONSORSHIP_SPAN,ACQ_CMPGN_TYPE2_NM,TEXT,대표캠페인 유형2명(MM296 라벨) — 동결값,2219549,2218579,4,2026-10-08 02:07:17.592000
GOLD,FACT_MEMBER_SPONSORSHIP_SPAN,ACQ_MKTG_CMPGN_CD,NUMBER,ACQ_MKTG_CMPGN_CD.,2219549,2218579,562,2026-10-08 02:07:17.592000
GOLD,FACT_MEMBER_SPONSORSHIP_SPAN,ACQ_MKTG_CMPGN_NM,TEXT,대표캠페인의 마케팅 캠페인명(Q16 라벨) — 동결값,2219549,2218579,552,2026-10-08 02:07:17.592000
GOLD,FACT_MEMBER_SPONSORSHIP_SPAN,ACQ_CMMN_BRND,NUMBER,대표캠페인의 MM297 공통브랜드 코드. 코드id:MM297.,2219549,2218579,16,2026-10-08 02:07:17.592000
GOLD,FACT_MEMBER_SPONSORSHIP_SPAN,ACQ_CMMN_BRND_NM,TEXT,대표캠페인의 MM297 공통브랜드명 — 동결값,2219549,2218579,16,2026-10-08 02:07:17.592000
GOLD,FACT_MEMBER_SPONSORSHIP_SPAN,ACQ_MKTG_UTM,NUMBER,ACQ_MKTG_UTM.,2219549,535636,254,2026-10-08 02:07:17.592000
GOLD,FACT_MEMBER_SPONSORSHIP_SPAN,ACQ_MKTG_UTM_NM,TEXT,ACQ_MKTG_UTM_NM.,2219549,535636,247,2026-10-08 02:07:17.592000
GOLD,FACT_MEMBER_SPONSORSHIP_SPAN,ACQ_SPNSR_DIV_CD,TEXT,대표캠페인의 후원구분 코드(CM035). 코드id:CM035.,2219549,2219537,2,2026-10-08 02:07:17.592000
GOLD,FACT_MEMBER_SPONSORSHIP_SPAN,ACQ_SPNSR_DIV_NM,TEXT,대표캠페인의 후원구분명(CM035 라벨) — 동결값,2219549,2219537,2,2026-10-08 02:07:17.592000
GOLD,FACT_MEMBER_SPONSORSHIP_SPAN,ACQ_CPR_DIV_CD,TEXT,대표캠페인의 법인구분 코드(CM019). 코드id:CM019.,2219549,2219537,3,2026-10-08 02:07:17.592000
GOLD,FACT_MEMBER_SPONSORSHIP_SPAN,ACQ_CPR_DIV_NM,TEXT,대표캠페인의 법인구분명(CM019 라벨) — 동결값,2219549,2219537,3,2026-10-08 02:07:17.592000
GOLD,FACT_MEMBER_SPONSORSHIP_SPAN,ACQ_BRAND,TEXT,대표캠페인의 브랜드명 — 동결값,2219549,2219537,69,2026-10-08 02:07:17.592000
GOLD,FACT_MEMBER_SPONSORSHIP_SPAN,ACQ_PARENT_CAMPAIGN_NAME,TEXT,ACQ_PARENT_CAMPAIGN_NAME.,2219549,2219537,1111,2026-10-08 02:07:17.592000
GOLD,FACT_MEMBER_SPONSORSHIP_SPAN,ACQ_PROMO_METHOD_NAME,TEXT,대표캠페인의 홍보방법명(CM008 라벨) — 동결값,2219549,2219537,91,2026-10-08 02:07:17.592000
GOLD,FACT_MEMBER_SPONSORSHIP_SPAN,SPNSR_JOIN_PATH_CD,TEXT,후원(SPNSR_NO) 단위 가입경로 코드 raw. 코드id:MM014,2219549,2219549,6,2026-10-08 02:07:17.592000
GOLD,FACT_MEMBER_SPONSORSHIP_SPAN,SPNSR_JOIN_PATH_NM,TEXT,후원 단위 가입경로명. 코드id:MM014,2219549,2219549,6,2026-10-08 02:07:17.592000
GOLD,FACT_MEMBER_SPONSORSHIP_SPAN,SPNSR_CMPGN_CD,TEXT,후원(SPNSR_NO) 등록 캠페인코드 raw ← SILVER.CRM_MEMBER_SPONSOR_SPAN.CMPGN_CD · 🔴 대표캠페인(CAMPAIGN_SK · 개발사건 규칙)과 다른 축,2219549,2219549,17091,2026-10-08 02:07:17.592000
GOLD,FACT_MEMBER_SPONSORSHIP_SPAN,SPNSR_ACMSLT_DEPT_CD,TEXT,후원(SPNSR_NO) 실적부서코드 raw ← SILVER.CRM_MEMBER_SPONSOR_SPAN.ACMSLT_DEPT_CD,2219549,2219547,355,2026-10-08 02:07:17.592000
GOLD,WIDE_AD_PERFORMANCE,AD_PERF_DK,TEXT,광고성과 행 식별자(grain) — 위성 뷰 조인키,271357,271357,271055,2026-10-08 02:07:14.673000
GOLD,WIDE_AD_PERFORMANCE,PERF_DATE_SK,NUMBER,광고 실적일 YYYYMMDD,271357,271357,1388,2026-10-08 02:07:14.673000
GOLD,WIDE_AD_PERFORMANCE,AD_COST,NUMBER,광고비(원),271357,261544,108244,2026-10-08 02:07:14.673000
GOLD,WIDE_AD_PERFORMANCE,IMPRESSIONS,NUMBER,노출수(디지털 전용),271357,224024,63515,2026-10-08 02:07:14.673000
GOLD,WIDE_AD_PERFORMANCE,CLICKS,NUMBER,클릭수(디지털 전용),271357,223964,3892,2026-10-08 02:07:14.673000
GOLD,WIDE_AD_PERFORMANCE,INBOUND_CALL,NUMBER,인입콜수,271357,22704,225,2026-10-08 02:07:14.673000
GOLD,WIDE_AD_PERFORMANCE,AGENCY_CONV_MEMBERS,NUMBER,대행사 전환수(명) — 디지털 전용(O16 교정: 재방송 개발실적 제외),271357,221022,53,2026-10-08 02:07:14.673000
GOLD,WIDE_AD_PERFORMANCE,AGENCY_CONV_CNT,NUMBER,대행사 전환수(건/VU) — 디지털 전용(O16 교정: 재방송 개발실적 제외),271357,221089,200,2026-10-08 02:07:14.673000
GOLD,WIDE_AD_PERFORMANCE,DAY_OF_WEEK,TEXT,요일(팩트 degen),271357,271357,7,2026-10-08 02:07:14.673000
GOLD,WIDE_AD_PERFORMANCE,WEEK_OF_YEAR,NUMBER,주차(팩트 degen),271357,271357,52,2026-10-08 02:07:14.673000
GOLD,WIDE_AD_PERFORMANCE,AD_SOURCE_TYPE,TEXT,"광고 원천유형 DIGITAL/VIDEO/REBROADCAST — 출처 명시축(팩트 degen, DEC-8)",271357,271357,3,2026-10-08 02:07:14.673000
GOLD,WIDE_AD_PERFORMANCE,PERF_YEAR,NUMBER,DIM_DATE.YEAR — 실적일 년,271357,271357,4,2026-10-08 02:07:14.673000
GOLD,WIDE_AD_PERFORMANCE,PERF_MONTH,NUMBER,DIM_DATE.MONTH — 실적일 월,271357,271357,12,2026-10-08 02:07:14.673000
GOLD,WIDE_AD_PERFORMANCE,PERF_QUARTER,NUMBER,DIM_DATE.QUARTER — 실적일 분기,271357,271357,4,2026-10-08 02:07:14.673000
GOLD,WIDE_AD_PERFORMANCE,PERF_IS_HOLIDAY,BOOLEAN,"DIM_DATE.IS_HOLIDAY — 실적일 휴일여부 🔴🔴[O51-F 실측] **휴일축이 미주입이다 — 전건 `FALSE`.** `DIM_DATE.IS_HOLIDAY` 에 TRUE 가 하나도 없다. NULL 이 아니라 FALSE 라서 **집계가 성공한 것처럼 보이고**, 「휴일 대비 평일 성과」 질의가 **전건 평일**로 응답된다. ⇒ 이 컬럼으로 휴일 분석을 하지 말 것(기지 **HOL-1** — 공휴일 원천이 전 스키마에 없어 외부 입고 대기). 실측 규모는 이슈원장 §O51-F.",271357,271357,2,2026-10-08 02:07:14.673000
GOLD,WIDE_AD_PERFORMANCE,CAMPAIGN_BK,TEXT,DIM_CAMPAIGN.CAMPAIGN_BK — 캠페인 업무키 🔴🔴[O51-F 실측] **전건 `'(미매핑)'` 센티넬** — NULL 이 아니라 **문자열**이라 GROUP BY 하면 단일 그룹이 생겨 **집계에 성공한 것처럼 보인다.** 원인 = `FACT_AD_PERFORMANCE.CAMPAIGN_SK` 의 실측값이 센티넬 하나뿐이다. ⇒ 이 컬럼으로 분해를 시도하지 말 것 — 「캠페인별」·「부서별」 요구에 **조용히 총계 1행**이 돌아온다. 실측 규모는 이슈원장 §O51-F.,271357,271357,1,2026-10-08 02:07:14.673000
GOLD,WIDE_AD_PERFORMANCE,CAMPAIGN_BRAND,TEXT,DIM_CAMPAIGN.BRAND — 공통브랜드 (#117) 🔴🔴[O51-F 실측] **이 뷰에서 전건 NULL** — 원인은 차원이 아니라 **팩트 FK 가 전건 센티넬**이다: `FACT_AD_PERFORMANCE.CAMPAIGN_SK` 의 실측값이 센티넬 하나뿐이다. ⇒ **이 축으로는 분해가 불가능하다.** 차원 자체는 채워져 있다. 실측 규모는 이슈원장 §O51-F.,271357,0,0,2026-10-08 02:07:14.673000
GOLD,WIDE_AD_PERFORMANCE,CAMPAIGN_PARENT,TEXT,DIM_CAMPAIGN.PARENT_CAMPAIGN — 공통상위캠페인 (#119) 🔴🔴[O51-F 실측] **이 뷰에서 전건 NULL** — 원인은 차원이 아니라 **팩트 FK 가 전건 센티넬**이다: `FACT_AD_PERFORMANCE.CAMPAIGN_SK` 의 실측값이 센티넬 하나뿐이다. ⇒ **이 축으로는 분해가 불가능하다.** 차원 자체는 채워져 있다. 실측 규모는 이슈원장 §O51-F.,271357,0,0,2026-10-08 02:07:14.673000
GOLD,WIDE_AD_PERFORMANCE,CAMPAIGN_NAME,TEXT,DIM_CAMPAIGN.CAMPAIGN_NAME — 캠페인명 (#120) 🔴🔴[O51-F 실측] **전건 `'(미매핑)'` 센티넬** — NULL 이 아니라 **문자열**이라 GROUP BY 하면 단일 그룹이 생겨 **집계에 성공한 것처럼 보인다.** 원인 = `FACT_AD_PERFORMANCE.CAMPAIGN_SK` 의 실측값이 센티넬 하나뿐이다. ⇒ 이 컬럼으로 분해를 시도하지 말 것 — 「캠페인별」·「부서별」 요구에 **조용히 총계 1행**이 돌아온다. 실측 규모는 이슈원장 §O51-F.,271357,271357,1,2026-10-08 02:07:14.673000
GOLD,WIDE_AD_PERFORMANCE,CAMPAIGN_PROMO_METHOD,TEXT,DIM_CAMPAIGN.PROMO_METHOD — 홍보방법 (#118) 🔴🔴[O51-F 실측] **이 뷰에서 전건 NULL** — 원인은 차원이 아니라 **팩트 FK 가 전건 센티넬**이다: `FACT_AD_PERFORMANCE.CAMPAIGN_SK` 의 실측값이 센티넬 하나뿐이다. ⇒ **이 축으로는 분해가 불가능하다.** 차원 자체는 채워져 있다. 실측 규모는 이슈원장 §O51-F.,271357,0,0,2026-10-08 02:07:14.673000
GOLD,WIDE_AD_PERFORMANCE,CAMPAIGN_TYPE,TEXT,DIM_CAMPAIGN.CAMPAIGN_TYPE — 캠페인 유형 (#17) 🔴🔴[O51-F 실측] **이 뷰에서 전건 NULL** — 원인은 차원이 아니라 **팩트 FK 가 전건 센티넬**이다: `FACT_AD_PERFORMANCE.CAMPAIGN_SK` 의 실측값이 센티넬 하나뿐이다. ⇒ **이 축으로는 분해가 불가능하다.** 차원 자체는 채워져 있다. 실측 규모는 이슈원장 §O51-F.,271357,0,0,2026-10-08 02:07:14.673000
GOLD,WIDE_AD_PERFORMANCE,AD_CREATIVE_BK,TEXT,"DIM_AD_CREATIVE.AD_CREATIVE_BK — 광고소재 업무키 🔴🔴[O51-F 실측] **전건 `'(미매핑)'` 센티넬** — NULL 이 아니라 **문자열**이라 GROUP BY 하면 단일 그룹이 생겨 **집계에 성공한 것처럼 보인다.** 원인 = `FACT_AD_PERFORMANCE.AD_CREATIVE_SK` 의 실측값이 센티넬 하나뿐이다. ⇒ 이 컬럼으로 분해를 시도하지 말 것 — 「캠페인별」·「부서별」 요구에 **조용히 총계 1행**이 돌아온다. 🔴🔴 원천에는 있는 축이다 — SILVER `AGENCY_AD_PERFORMANCE.MEDIA_CHANNEL_NM`·`CREATIVE_NM` 과 BRONZE 매체명은 **전건 채워져 있다.** GOLD 에서만 소실됐다 — 팩트 FK 가 0 하드코딩이다(기지 **P52·O38-C**, 연결키는 **Q10** 소관). 실측 규모는 이슈원장 §O51-F.",271357,271357,1,2026-10-08 02:07:14.673000
GOLD,WIDE_AD_PERFORMANCE,AD_MEDIA_NAME,TEXT,"DIM_AD_CREATIVE.MEDIA_NAME — 매체명 (#11) 🔴🔴[O51-F 실측] **이 뷰에서 전건 NULL** — 원인은 차원이 아니라 **팩트 FK 가 전건 센티넬**이다: `FACT_AD_PERFORMANCE.AD_CREATIVE_SK` 의 실측값이 센티넬 하나뿐이다. ⇒ **이 축으로는 분해가 불가능하다.** 차원 자체는 채워져 있다. 🔴🔴 원천에는 있는 축이다 — SILVER `AGENCY_AD_PERFORMANCE.MEDIA_CHANNEL_NM`·`CREATIVE_NM` 과 BRONZE 매체명은 **전건 채워져 있다.** GOLD 에서만 소실됐다 — 팩트 FK 가 0 하드코딩이다(기지 **P52·O38-C**, 연결키는 **Q10** 소관). 실측 규모는 이슈원장 §O51-F.",271357,0,0,2026-10-08 02:07:14.673000
GOLD,WIDE_AD_PERFORMANCE,AD_PLATFORM,TEXT,DIM_AD_CREATIVE.PLATFORM — 플랫폼 (#12) 🔴🔴[O51-F 실측] **이 뷰에서 전건 NULL** — 원인은 차원이 아니라 **팩트 FK 가 전건 센티넬**이다: `FACT_AD_PERFORMANCE.AD_CREATIVE_SK` 의 실측값이 센티넬 하나뿐이다. ⇒ **이 축으로는 분해가 불가능하다.** 차원 자체는 채워져 있다. 실측 규모는 이슈원장 §O51-F.,271357,0,0,2026-10-08 02:07:14.673000
GOLD,WIDE_AD_PERFORMANCE,AD_PLATFORM_TYPE,TEXT,DIM_AD_CREATIVE.PLATFORM_TYPE — 플랫폼/매체유형 (#13) 🔴🔴[O51-F 실측] **이 뷰에서 전건 NULL**. 🆕🔴🔴[2026-09-01 O129 정정] 종전 문안의 *「원인은 차원이 아니라 팩트 FK 가 전건 센티넬이다 · 차원 자체는 채워져 있다」* 는 **이 컬럼에 대해 거짓이었다**(O51-F 오버레이가 여러 컬럼에 같은 문안을 도포한 결과 · O96 이 재검증 대상으로 지목한 그 건이다). 원인이 **두 개**다: ① 팩트 FK 가 전건 센티넬(`FACT_AD_PERFORMANCE.AD_CREATIVE_SK`) ② **차원 컬럼 자체가 전건 NULL**(`GOLD.DIM_AD_CREATIVE.PLATFORM_TYPE`). ⇒ 🔴 **FK 를 고쳐도 이 축은 채워지지 않는다.** 사유 = BRONZE AGENCY 3테이블에 「매체유형」 축이 없다(인접 유형축은 전부 다른 목적지에 배선돼 대체물이 아니다) ⇒ 요건 #13 은 현업 확인 대상. 정본 = 문서30 §7-C-1.,271357,0,0,2026-10-08 02:07:14.673000
GOLD,WIDE_AD_PERFORMANCE,AD_CREATIVE,TEXT,"DIM_AD_CREATIVE.CREATIVE — 소재 (#20) 🔴🔴[O51-F 실측] **이 뷰에서 전건 NULL** — 원인은 차원이 아니라 **팩트 FK 가 전건 센티넬**이다: `FACT_AD_PERFORMANCE.AD_CREATIVE_SK` 의 실측값이 센티넬 하나뿐이다. ⇒ **이 축으로는 분해가 불가능하다.** 차원 자체는 채워져 있다. 🔴🔴 원천에는 있는 축이다 — SILVER `AGENCY_AD_PERFORMANCE.MEDIA_CHANNEL_NM`·`CREATIVE_NM` 과 BRONZE 매체명은 **전건 채워져 있다.** GOLD 에서만 소실됐다 — 팩트 FK 가 0 하드코딩이다(기지 **P52·O38-C**, 연결키는 **Q10** 소관). 실측 규모는 이슈원장 §O51-F.",271357,0,0,2026-10-08 02:07:14.673000
GOLD,WIDE_AD_PERFORMANCE,AD_CREATIVE_TYPE,TEXT,"DIM_AD_CREATIVE.AD_TYPE — 소재 광고유형 (⚠️AD_SOURCE_TYPE 과 다른 개념) 🔴🔴[O51-F 실측] **이 뷰에서 전건 NULL** — 원인은 차원이 아니라 **팩트 FK 가 전건 센티넬**이다: `FACT_AD_PERFORMANCE.AD_CREATIVE_SK` 의 실측값이 센티넬 하나뿐이다. ⇒ **이 축으로는 분해가 불가능하다.** 차원 자체는 채워져 있다. 🔴🔴 원천에는 있는 축이다 — SILVER `AGENCY_AD_PERFORMANCE.MEDIA_CHANNEL_NM`·`CREATIVE_NM` 과 BRONZE 매체명은 **전건 채워져 있다.** GOLD 에서만 소실됐다 — 팩트 FK 가 0 하드코딩이다(기지 **P52·O38-C**, 연결키는 **Q10** 소관). 실측 규모는 이슈원장 §O51-F.",271357,0,0,2026-10-08 02:07:14.673000
GOLD,WIDE_AD_PERFORMANCE,AD_TARGET_GROUP,TEXT,DIM_AD_CREATIVE.TARGET_GROUP — 타겟그룹 🔴🔴[O51-F 실측] **이 뷰에서 전건 NULL**. 🆕🔴🔴[2026-09-01 O129 정정] 종전 문안의 *「차원 자체는 채워져 있다」* 는 **이 컬럼에 대해 거짓이었다**(O51-F 도포본 · O96 이 재검증 대상으로 지목한 그 건이다). 원인이 **두 개**다: ① 팩트 FK 가 전건 센티넬(`FACT_AD_PERFORMANCE.AD_CREATIVE_SK`) ② **차원 컬럼 자체가 전건 NULL**(`GOLD.DIM_AD_CREATIVE.TARGET_GROUP`). ⇒ 🔴 **FK 를 고쳐도 이 축은 채워지지 않는다.** 사유 = 원천 트랙이 **GA4** 다(잠재고객=타겟그룹은 원천표기 GA → `GA4_USER` 정제 예정 · phase-2 미착수) ⇒ **대행사 축으로는 영구히 NULL** 이다. 정본 = 문서30 §7-C-1.,271357,0,0,2026-10-08 02:07:14.673000
GOLD,WIDE_AD_PERFORMANCE,DEVICE_TYPE,TEXT,DIM_DEVICE.DEVICE_TYPE — PC / M / (해당없음)방송 / (unknown),271357,271357,3,2026-10-08 02:07:14.673000
GOLD,WIDE_AD_PERFORMANCE,DEVICE_SCOPE_DESC,TEXT,DIM_DEVICE.DEVICE_SCOPE_DESC — 기기축 적용범위 자기설명(DEC-10),271357,271357,3,2026-10-08 02:07:14.673000
GOLD,DIM_MEMBER_STATUS_HISTORY,MEMBER_SK,NUMBER,버전 대리키,8144945,8144945,8294310,2026-10-08 02:07:11.806000
GOLD,DIM_MEMBER_STATUS_HISTORY,MEMBER_DK,TEXT,불변 회원키(조인용),8144945,8144945,1783880,2026-10-08 02:07:11.806000
GOLD,DIM_MEMBER_STATUS_HISTORY,SEX,TEXT,성별 원천코드 raw. 코드id:CM013,8144945,8144396,8,2026-10-08 02:07:11.806000
GOLD,DIM_MEMBER_STATUS_HISTORY,SEX_NM,TEXT,성별 원천 라벨. 코드id:CM013,8144945,8144396,8,2026-10-08 02:07:11.806000
GOLD,DIM_MEMBER_STATUS_HISTORY,GENDER_NAME,TEXT,"성별 (#130). 고유값:남자,여자,기타,단체,기업",8144945,8144396,5,2026-10-08 02:07:11.806000
GOLD,DIM_MEMBER_STATUS_HISTORY,AREA_CD,TEXT,지역 코드 raw. 코드id:CM018,8144945,7955525,19,2026-10-08 02:07:11.806000
GOLD,DIM_MEMBER_STATUS_HISTORY,REGION,TEXT,지역 (#131). 코드id:CM018,8144945,7897818,18,2026-10-08 02:07:11.806000
GOLD,DIM_MEMBER_STATUS_HISTORY,AGE,NUMBER,연령대 코드 raw. 코드id:CM014,8144945,7955530,12,2026-10-08 02:07:11.806000
GOLD,DIM_MEMBER_STATUS_HISTORY,AGE_BAND,TEXT,연령대. 코드id:CM014,8144945,7955530,12,2026-10-08 02:07:11.806000
GOLD,DIM_MEMBER_STATUS_HISTORY,MBER_STAT_CD,TEXT,회원상태 원천코드 raw (#132). 코드id:MM010,8144945,7967170,12,2026-10-08 02:07:11.806000
GOLD,DIM_MEMBER_STATUS_HISTORY,MBER_DIV_CD,TEXT,회원구분 원천코드 raw. 코드id:MM018,8144945,8144945,3,2026-10-08 02:07:11.806000
GOLD,DIM_MEMBER_STATUS_HISTORY,MEMBER_TYPE_NAME,TEXT,"회원구분명 (라벨). 고유값:개인,기업,단체",8144945,8144945,3,2026-10-08 02:07:11.806000
GOLD,DIM_MEMBER_STATUS_HISTORY,MEMBER_STATUS_NAME,TEXT,회원상태명 (라벨). 코드id:MM010,8144945,8144944,13,2026-10-08 02:07:11.806000
GOLD,DIM_MEMBER_STATUS_HISTORY,MEMBER_STATUS_GROUP,TEXT,MEMBER_STATUS_GROUP. 코드id:MM010.,8144945,8144944,4,2026-10-08 02:07:11.806000
GOLD,DIM_MEMBER_STATUS_HISTORY,PREV_MBER_STAT_CD,TEXT,상태전이 **이전상태** 코드 raw. 코드id:MM010.,8144945,7641779,12,2026-10-08 02:07:11.806000
GOLD,DIM_MEMBER_STATUS_HISTORY,PREV_MEMBER_STATUS_NAME,TEXT,이전상태 라벨. 코드id:MM010.,8144945,7641779,12,2026-10-08 02:07:11.806000
GOLD,DIM_MEMBER_STATUS_HISTORY,FIRST_CAMPAIGN,TEXT,최초캠페인(#29),8144945,7965777,13670,2026-10-08 02:07:11.806000
GOLD,DIM_MEMBER_STATUS_HISTORY,JOIN_PATH_CD,TEXT,가입경로코드. 코드id:MM014,8144945,7967167,6,2026-10-08 02:07:11.806000
GOLD,DIM_MEMBER_STATUS_HISTORY,ENROLL_PATH_NAME,TEXT,ENROLL_PATH_NAME. 코드id:MM014. [사유:원천 부재],8144945,8144941,7,2026-10-08 02:07:11.806000
GOLD,DIM_MEMBER_STATUS_HISTORY,FIRST_SPONSORSHIP,TEXT,최초 후원사업.,8144945,7965648,28,2026-10-08 02:07:11.806000
GOLD,DIM_MEMBER_STATUS_HISTORY,IS_CURRENT,BOOLEAN,현재행 여부,8144945,8144945,2,2026-10-08 02:07:11.806000
GOLD,DIM_MEMBER_STATUS_HISTORY,MEMBER_TYPE,TEXT,회원 등록계통 구분. 코드id:MM010.,8144945,8144945,2,2026-10-08 02:07:11.806000
GOLD,WIDE_TARGET_DEV,MONTH_KEY,NUMBER,목표월 YYYYMM,10677,10677,179,2026-10-08 02:07:10.232000
GOLD,WIDE_TARGET_DEV,CAL_YEAR,NUMBER,FLOOR(MONTH_KEY/100) — 연도,10677,10677,15,2026-10-08 02:07:10.232000
GOLD,WIDE_TARGET_DEV,CAL_MONTH,NUMBER,"MOD(MONTH_KEY,100) — 월",10677,10677,12,2026-10-08 02:07:10.232000
GOLD,WIDE_TARGET_DEV,DEV_TYPE,TEXT,개발구분 (#121 conform),10677,10677,3,2026-10-08 02:07:10.232000
GOLD,WIDE_TARGET_DEV,GOAL_CNT,NUMBER,회원개발목표(건) (CRM TM_CM_MBER_DVLP_GOAL),10677,10677,1318,2026-10-08 02:07:10.232000
GOLD,WIDE_TARGET_DEV,ORG_CORP,TEXT,DIM_ORG.CORP — 법인 (#114). 🔴DIM_ORG 는 **SCD1**(DEC-2)이라 as-was 가 아니다 — 조직 개편 시 과거 사건에도 **현재 조직명**이 붙는다(조직 변경이력 원천·as-was 요구가 없어 SCD1 로 확정). 🔴🔴[O51-F 실측] **전건 NULL** — 원인은 팩트가 아니라 **차원 컬럼 자체가 비어 있다**: `DIM_ORG.CORP`. `DIM_ORG` 는 DEPARTMENT 만 채워져 있고 상위 계층 유도 규칙이 미확정이다(CONF-4). 실측 규모는 이슈원장 §O51-F.,10677,0,0,2026-10-08 02:07:10.232000
GOLD,WIDE_TARGET_DEV,ORG_DIVISION,TEXT,DIM_ORG.DIVISION — 본부/지부 (#115). 🔴SCD1(DEC-2) — current-value 이며 as-was 가 아니다. 🔴🔴[O51-F 실측] **전건 NULL** — 원인은 팩트가 아니라 **차원 컬럼 자체가 비어 있다**: `DIM_ORG.DIVISION`. `DIM_ORG` 는 DEPARTMENT 만 채워져 있고 상위 계층 유도 규칙이 미확정이다(CONF-4). 실측 규모는 이슈원장 §O51-F.,10677,0,0,2026-10-08 02:07:10.232000
GOLD,WIDE_TARGET_DEV,ORG_DEPARTMENT,TEXT,DIM_ORG.DEPARTMENT — 부서 (#116). 🔴SCD1(DEC-2) — current-value 이며 as-was 가 아니다. 🔴🔴「부서」는 축이 둘이다 — 이 컬럼은 **사건 부서**이고 획득 부서는 DIM_MEMBER_ACQUISITION.ACQ_DEPARTMENT 다(O34).,10677,10677,206,2026-10-08 02:07:10.232000
GOLD,WIDE_TARGET_DEV,ORG_TEAM,TEXT,DIM_ORG.TEAM — 팀. 🔴SCD1(DEC-2) — current-value 이며 as-was 가 아니다. 🔴🔴[O51-F 실측] **전건 NULL** — 원인은 팩트가 아니라 **차원 컬럼 자체가 비어 있다**: `DIM_ORG.TEAM`. `DIM_ORG` 는 DEPARTMENT 만 채워져 있고 상위 계층 유도 규칙이 미확정이다(CONF-4). 실측 규모는 이슈원장 §O51-F.,10677,0,0,2026-10-08 02:07:10.232000
GOLD,FACT_RELATION_CHANGE,DATE_SK,NUMBER,일자 YYYYMMDD → DIM_DATE.DATE_SK(FK 정보성) · 0=일자 무효,197751,197751,3402,2026-10-08 02:07:08.687000
GOLD,FACT_RELATION_CHANGE,MEMBER_DK,TEXT,회원번호 — 결연키로 결연 마스터(CRM_SPONSOR_RELATION)를 조회해 얻은 MBER_NO · 매칭 실패(고아 결연)는 NULL,197751,197719,155260,2026-10-08 02:07:08.687000
GOLD,FACT_RELATION_CHANGE,RELATNSP_KEY,NUMBER,결연KEY [원천: SILVER.CRM_RELATION_CHANGE],197751,197751,196181,2026-10-08 02:07:08.687000
GOLD,FACT_RELATION_CHANGE,CHG_RELATNSP_KEY,NUMBER,교체결연KEY [원천: SILVER.CRM_RELATION_CHANGE],197751,197751,195939,2026-10-08 02:07:08.687000
GOLD,FACT_RELATION_CHANGE,CHG_YN,TEXT,교체여부 [원천: SILVER.CRM_RELATION_CHANGE],197751,87649,5,2026-10-08 02:07:08.687000
GOLD,FACT_RELATION_CHANGE,CHG_RSN_CD,NUMBER,교체사유코드 [원천: SILVER.CRM_RELATION_CHANGE],197751,197751,13,2026-10-08 02:07:08.687000
GOLD,FACT_RELATION_CHANGE,CHG_RST_CD,NUMBER,교체결과코드 [원천: SILVER.CRM_RELATION_CHANGE],197751,0,0,2026-10-08 02:07:08.687000
GOLD,FACT_RELATION_CHANGE,CHG_PERSON_ID,TEXT,교체자ID [원천: SILVER.CRM_RELATION_CHANGE],197751,197294,216,2026-10-08 02:07:08.687000
GOLD,WIDE_BUDGET,MONTH_KEY,NUMBER,예산월 YYYYMM,1488,1488,34,2026-10-08 02:07:05.624000
GOLD,WIDE_BUDGET,CAL_YEAR,NUMBER,FLOOR(MONTH_KEY/100) — 연도,1488,1488,3,2026-10-08 02:07:05.624000
GOLD,WIDE_BUDGET,CAL_MONTH,NUMBER,"MOD(MONTH_KEY,100) — 월",1488,1488,12,2026-10-08 02:07:05.624000
GOLD,WIDE_BUDGET,PLAN_BUDGET_MONTH,NUMBER,"편성예산(월, 원). 🔴🔴 **[2026-08-29 O114-B] 이 컬럼을 12개월 합산해도 `FACT_BUDGET_YEARLY.PLAN_BUDGET_YEAR` 와 일치하지 않는다** — 원천 원장의 **월 배분이 부분적**이어서 연 총액의 상당 부분이 월 컬럼에 배분되지 않는다(원천 특성 · 모델 결함 아님 · 실측 규모는 이슈원장·이력 소관 `R2-6`). ⇒ 🔴 **「편성예산」을 답할 때 월·연 중 어느 축인지 밝혀라** — 밝히지 않으면 두 답이 갈린다. 🟢 대비: **집행은 연=월 정합**이다(`EXEC_BUDGET_ERP` 월합 = `FACT_BUDGET_YEARLY.EXEC_BUDGET_YEAR`). 🔴🔴 **또한 이 값은 예산 편성 차수(본예산 `연사업` / `추가경정`)가 합산된 값이다** — 원천이 신설한 `BDGT_PRCD_NM` 이 `BUDGET_ITEM_DK` 산식에 없어 두 차수가 같은 과목 키로 붕괴한다 ⇒ **차수별 분해는 현재 불가능**하다(처방 = `99_NEXT §0-UUU ▣UUU6` · `DEC-44`).",1488,1488,216,2026-10-08 02:07:05.624000
GOLD,WIDE_BUDGET,EXEC_BUDGET_ERP,NUMBER,"집행예산(ERP 월, 원)",1488,1488,378,2026-10-08 02:07:05.624000
GOLD,WIDE_BUDGET,EXEC_BUDGET_EST,NUMBER,"집행예산(추정, 원) 🔴🔴[O51-F 실측] **전건 NULL — 원천 자체가 비어 있다**(`ERP 집행 추정 원천`). 결측이 아니라 **대행사가 항목을 보고하지 않는다**: 0 이나 '해당없음' 으로 대체 해석하지 말 것(P21). 필터 조건으로 쓰면 전건이 탈락한다. 🔴외부 원천 미입고(E-1 소관 · ⚠️종전 문안의 `E-4` 병기는 O175 가 철회했다 — 광고비는 원천 부재가 아니다). 실측 규모는 이슈원장 §O51-F.",1488,0,0,2026-10-08 02:07:05.624000
GOLD,WIDE_BUDGET,FUNDRAISING_COST,NUMBER,모금성비용(원) 🔴🔴[O51-F 실측] **전건 NULL — 원천 자체가 비어 있다**(`ERP 모금성비용 원천`). 결측이 아니라 **대행사가 항목을 보고하지 않는다**: 0 이나 '해당없음' 으로 대체 해석하지 말 것(P21). 필터 조건으로 쓰면 전건이 탈락한다. 🔴외부 원천 미입고(**E-1** 하드블로커) — 모금성비용은 원천 확정 대기다. 실측 규모는 이슈원장 §O51-F.,1488,0,0,2026-10-08 02:07:05.624000
GOLD,WIDE_BUDGET,AD_COST,NUMBER,"광고비(원) 🔴🔴**폐기 슬롯이다 — 의도적 영구 NULL**(외부 입고 대기가 아니다 · 2026-09-21 O175 판정). 예산 원장에는 광고비 예산항목이 없고, 대행사 원천의 광고비는 이미 `GOLD.FACT_AD_PERFORMANCE.AD_COST` 로 일 grain 배선돼 있다. 🔴**광고비를 이 컬럼으로 묻지 말 것** — 정본은 `SERVING.SV_AD.TOTAL_AD_COST`(base `GOLD.WIDE_AD_COMBINED`)다. 🔴예산과 같은 표에 합산하지 말 것(원천·grain 이 다르고 광고 팩트와 이중계상이 된다 · 순서9-K 표 분리 근거). ⚠️종전 문안의 *「원천 자체가 비어 있다 · 대행사가 항목을 보고하지 않는다」*는 **거짓이었다**(경위·규모는 이슈원장 §O175).",1488,0,0,2026-10-08 02:07:05.624000
GOLD,WIDE_BUDGET,ORG_CORP,TEXT,DIM_ORG.CORP — 법인 (#114). 🔴DIM_ORG 는 **SCD1**(DEC-2)이라 as-was 가 아니다 — 조직 개편 시 과거 사건에도 **현재 조직명**이 붙는다(조직 변경이력 원천·as-was 요구가 없어 SCD1 로 확정). 🔴🔴[O51-F 실측] **전건 NULL** — 원인은 팩트가 아니라 **차원 컬럼 자체가 비어 있다**: `DIM_ORG.CORP`. `DIM_ORG` 는 DEPARTMENT 만 채워져 있고 상위 계층 유도 규칙이 미확정이다(CONF-4). 실측 규모는 이슈원장 §O51-F.,1488,0,0,2026-10-08 02:07:05.624000
GOLD,WIDE_BUDGET,ORG_DIVISION,TEXT,DIM_ORG.DIVISION — 본부/지부 (#115). 🔴SCD1(DEC-2) — current-value 이며 as-was 가 아니다. 🔴🔴[O51-F 실측] **전건 NULL** — 원인은 팩트가 아니라 **차원 컬럼 자체가 비어 있다**: `DIM_ORG.DIVISION`. `DIM_ORG` 는 DEPARTMENT 만 채워져 있고 상위 계층 유도 규칙이 미확정이다(CONF-4). 실측 규모는 이슈원장 §O51-F.,1488,0,0,2026-10-08 02:07:05.624000
GOLD,WIDE_BUDGET,ORG_DEPARTMENT,TEXT,DIM_ORG.DEPARTMENT — 부서 (#116). 🔴SCD1(DEC-2) — current-value 이며 as-was 가 아니다. 🔴🔴「부서」는 축이 둘이다 — 이 컬럼은 **사건 부서**이고 획득 부서는 DIM_MEMBER_ACQUISITION.ACQ_DEPARTMENT 다(O34). 🔴🔴[O51-F 실측] **전건 `'(미매핑)'` 센티넬** — NULL 이 아니라 **문자열**이라 GROUP BY 하면 단일 그룹이 생겨 **집계에 성공한 것처럼 보인다.** 원인 = `FACT_BUDGET.ORG_SK` 의 실측값이 센티넬 하나뿐이다. ⇒ 이 컬럼으로 분해를 시도하지 말 것 — 「캠페인별」·「부서별」 요구에 **조용히 총계 1행**이 돌아온다. 🔴🔴예산 원장은 **부서별 분해가 현재 불가능**하다 — 「부서별 예산·집행」 요구에 총계 1행이 돌아온다. 실측 규모는 이슈원장 §O51-F.,1488,1488,1,2026-10-08 02:07:05.624000
GOLD,WIDE_BUDGET,ORG_TEAM,TEXT,DIM_ORG.TEAM — 팀. 🔴SCD1(DEC-2) — current-value 이며 as-was 가 아니다. 🔴🔴[O51-F 실측] **전건 NULL** — 원인은 팩트가 아니라 **차원 컬럼 자체가 비어 있다**: `DIM_ORG.TEAM`. `DIM_ORG` 는 DEPARTMENT 만 채워져 있고 상위 계층 유도 규칙이 미확정이다(CONF-4). 실측 규모는 이슈원장 §O51-F.,1488,0,0,2026-10-08 02:07:05.624000
GOLD,WIDE_BUDGET,BUDGET_ITEM_NAME,TEXT,DIM_BUDGET_ITEM.BUDGET_ITEM_NAME — 세세목명,1488,1488,37,2026-10-08 02:07:05.624000
GOLD,WIDE_BUDGET,BUDGET_CATEGORY,TEXT,DIM_BUDGET_ITEM.BUDGET_CATEGORY — 예산구분,1488,1488,1,2026-10-08 02:07:05.624000
GOLD,WIDE_BUDGET,CAMPAIGN_BK,TEXT,DIM_CAMPAIGN.CAMPAIGN_BK — 캠페인 업무키 🔴🔴[O51-F 실측] **전건 `'(미매핑)'` 센티넬** — NULL 이 아니라 **문자열**이라 GROUP BY 하면 단일 그룹이 생겨 **집계에 성공한 것처럼 보인다.** 원인 = `FACT_BUDGET.CAMPAIGN_SK` 의 실측값이 센티넬 하나뿐이다. ⇒ 이 컬럼으로 분해를 시도하지 말 것 — 「캠페인별」·「부서별」 요구에 **조용히 총계 1행**이 돌아온다. 실측 규모는 이슈원장 §O51-F.,1488,1488,1,2026-10-08 02:07:05.624000
GOLD,WIDE_BUDGET,CAMPAIGN_BRAND,TEXT,DIM_CAMPAIGN.BRAND — 공통브랜드 (#117) 🔴🔴[O51-F 실측] **이 뷰에서 전건 NULL** — 원인은 차원이 아니라 **팩트 FK 가 전건 센티넬**이다: `FACT_BUDGET.CAMPAIGN_SK` 의 실측값이 센티넬 하나뿐이다. ⇒ **이 축으로는 분해가 불가능하다.** 차원 자체는 채워져 있다. 실측 규모는 이슈원장 §O51-F.,1488,0,0,2026-10-08 02:07:05.624000
GOLD,WIDE_BUDGET,CAMPAIGN_NAME,TEXT,DIM_CAMPAIGN.CAMPAIGN_NAME — 캠페인명 (#120) 🔴🔴[O51-F 실측] **전건 `'(미매핑)'` 센티넬** — NULL 이 아니라 **문자열**이라 GROUP BY 하면 단일 그룹이 생겨 **집계에 성공한 것처럼 보인다.** 원인 = `FACT_BUDGET.CAMPAIGN_SK` 의 실측값이 센티넬 하나뿐이다. ⇒ 이 컬럼으로 분해를 시도하지 말 것 — 「캠페인별」·「부서별」 요구에 **조용히 총계 1행**이 돌아온다. 실측 규모는 이슈원장 §O51-F.,1488,1488,1,2026-10-08 02:07:05.624000
GOLD,WIDE_BUDGET,SPONSORSHIP_BK,TEXT,DIM_SPONSORSHIP.SPONSORSHIP_BK — 후원사업 업무키 🔴🔴[O51-F 실측] **이 뷰에서 전건 NULL** — 원인은 차원이 아니라 **팩트 FK 가 전건 센티넬**이다: `FACT_BUDGET.SPONSORSHIP_SK` 의 실측값이 센티넬 하나뿐이다. ⇒ **이 축으로는 분해가 불가능하다.** 차원 자체는 채워져 있다. 실측 규모는 이슈원장 §O51-F.,1488,0,0,2026-10-08 02:07:05.624000
GOLD,WIDE_BUDGET,SPONSORSHIP_NAME,TEXT,DIM_SPONSORSHIP.SPONSORSHIP_NAME — 후원사업 전체 (#123) 🔴🔴[O51-F 실측] **이 뷰에서 전건 NULL** — 원인은 차원이 아니라 **팩트 FK 가 전건 센티넬**이다: `FACT_BUDGET.SPONSORSHIP_SK` 의 실측값이 센티넬 하나뿐이다. ⇒ **이 축으로는 분해가 불가능하다.** 차원 자체는 채워져 있다. 실측 규모는 이슈원장 §O51-F.,1488,0,0,2026-10-08 02:07:05.624000
GOLD,WIDE_MEMBER_SERVICE_COHORT,MEMBER_DK,TEXT,회원 대리키. 🔴연도를 고정하지 않으면 한 회원이 여러 행이다 — 회원수는 COUNT DISTINCT.,6594325,6594325,1607342,2026-10-08 02:06:26.369000
GOLD,WIDE_MEMBER_SERVICE_COHORT,SERVICE_GROUP_CD,TEXT,서비스그룹 코드(O206 A안 · 서비스코드 우선 → 발송제목 보조) — SNG_INSTANT·PERSONAL_NEW_SADAN·LUCKY_CARD·LONGTERM_THANKS. 🔴반드시 하나로 고정한다(그룹 간 합산 금지 · 한 발송이 여러 그룹에 들 수 있다).,6594325,6594325,4,2026-10-08 02:06:26.369000
GOLD,WIDE_MEMBER_SERVICE_COHORT,SERVICE_GROUP_NAME,TEXT,서비스그룹 이름. 원천 서비스 카테고리명은 SVC_CATEGORY_NAMES 에 따로 있다(이 이름은 4그룹 묶음 라벨).,6594325,6594325,4,2026-10-08 02:06:26.369000
GOLD,WIDE_MEMBER_SERVICE_COHORT,RECEIVE_YEAR,NUMBER,수신연도(발송일 연도). 미수신 행은 NULL.,6594325,780424,3,2026-10-08 02:06:26.369000
GOLD,WIDE_MEMBER_SERVICE_COHORT,RECEIVED_FLAG,BOOLEAN,그 그룹 발송 수신 여부(TRUE=수신 · FALSE=미수신 · 미수신은 획득 코호트 회원 중 한 번도 받지 않은 회원).,6594325,6594325,2,2026-10-08 02:06:26.369000
GOLD,WIDE_MEMBER_SERVICE_COHORT,RECEIVE_ROWS,NUMBER,그 연도 수신일 수(서로 다른 발송일 개수 · O205-B). 🔴회원수가 아니다.,6594325,6594325,8,2026-10-08 02:06:26.369000
GOLD,WIDE_MEMBER_SERVICE_COHORT,D5_STOP_FLAG,BOOLEAN,그 연도 수신 발송 중 하나라도 발송 다음날~+5일(D+1~D+5) 안에 중단 매칭(FACT_MESSAGE_DISPATCH.D5_STOP_MEMBERS)이 있었는가. 🔴인과가 아니라 시간창 매칭이다.,6594325,6594325,2,2026-10-08 02:06:26.369000
GOLD,WIDE_MEMBER_SERVICE_COHORT,D5_INCREASE_FLAG,BOOLEAN,D+1~D+5 증액 매칭 여부(D5_INCREASE_PART_MEMBERS). 🔴시간창 매칭.,6594325,6594325,2,2026-10-08 02:06:26.369000
GOLD,WIDE_MEMBER_SERVICE_COHORT,D5_STOP_REASON,TEXT,그 첫 중단 사건의 중단사유 라벨.,6594325,6795,13,2026-10-08 02:06:26.369000
GOLD,WIDE_MEMBER_SERVICE_COHORT,D5_STOP_CHANNEL,TEXT,그 첫 중단 사건의 중단경로 라벨.,6594325,6795,3,2026-10-08 02:06:26.369000
GOLD,WIDE_MEMBER_SERVICE_COHORT,D5_STOP_SPONSORSHIP,TEXT,그 첫 중단 사건이 끊은 후원사업명.,6594325,6795,13,2026-10-08 02:06:26.369000
GOLD,WIDE_MEMBER_SERVICE_COHORT,D5_STOP_SPONSOR_DAYS,NUMBER,D5 중단 회원의 후원기간(일) = 획득일 → D+1~D+5 첫 중단일(O205-B). 🔴중단 사건 원천에는 가입일·후원금액이 없어(구조적 NULL) 획득 코호트 기준으로 계산한다 — 후원금액은 ACQ_SPNSR_AMT 를 쓴다.,6594325,6795,358,2026-10-08 02:06:26.369000
GOLD,WIDE_MEMBER_SERVICE_COHORT,ACQ_YEAR,NUMBER,획득 연도.,6594325,6594325,37,2026-10-08 02:06:26.369000
GOLD,WIDE_MEMBER_SERVICE_COHORT,ACQ_MONTH_KEY,NUMBER,획득 월 YYYYMM.,6594325,6594325,432,2026-10-08 02:06:26.369000
GOLD,WIDE_MEMBER_SERVICE_COHORT,ACQ_CAMPAIGN_NAME,TEXT,획득 캠페인명(획득 시점 동결값).,6594325,6594325,11409,2026-10-08 02:06:26.369000
GOLD,WIDE_MEMBER_SERVICE_COHORT,ACQ_PARENT_CAMPAIGN_NAME,TEXT,획득 상위캠페인명. 🔴「선넘는좋은일 캠페인 가입」은 이 축(2026_통합_전체사업_선넘는좋은일 …)으로 거른다 — 캠페인명에는 없다.,6594325,6594309,1047,2026-10-08 02:06:26.369000
GOLD,WIDE_MEMBER_SERVICE_COHORT,ACQ_CAMPAIGN_TYPE,TEXT,획득 캠페인카테고리(주요캠페인).,6594325,6591417,57,2026-10-08 02:06:26.369000
GOLD,WIDE_MEMBER_SERVICE_COHORT,ACQ_INFLOW_PATH,TEXT,획득 개발인입경로(MM293).,6594325,6591417,12,2026-10-08 02:06:26.369000
GOLD,WIDE_MEMBER_SERVICE_COHORT,ACQ_MARKETING_CAMPAIGN,TEXT,획득 마케팅캠페인명.,6594325,6591417,534,2026-10-08 02:06:26.369000
GOLD,WIDE_MEMBER_SERVICE_COHORT,ACQ_BRAND,TEXT,획득 캠페인 브랜드.,6594325,6594309,68,2026-10-08 02:06:26.369000
GOLD,WIDE_MEMBER_SERVICE_COHORT,ACQ_CPR_DIV_NM,TEXT,획득 세부캠페인 법인구분(CM019 통합/사단/사복).,6594325,6594309,3,2026-10-08 02:06:26.369000
GOLD,WIDE_MEMBER_SERVICE_COHORT,ACQ_SPONSORSHIP_NAME,TEXT,획득 후원사업명(그 회원을 데려온 사업).,6594325,6594325,29,2026-10-08 02:06:26.369000
GOLD,WIDE_MEMBER_SERVICE_COHORT,ACQ_AGE_BAND,TEXT,획득 시점 연령대(CM014) — 현재 나이가 아니다.,6594325,6594325,12,2026-10-08 02:06:26.369000
GOLD,WIDE_MEMBER_SERVICE_COHORT,ACQ_REGION,TEXT,획득 시점 지역(CM018) — 현재 거주지가 아니다.,6594325,6548651,18,2026-10-08 02:06:26.369000
GOLD,WIDE_MEMBER_SERVICE_COHORT,ACQ_GENDER,TEXT,획득 시점 성별.,6594325,6594312,8,2026-10-08 02:06:26.369000
GOLD,WIDE_MEMBER_SERVICE_COHORT,ACQ_SPNSR_AMT,NUMBER,획득 시점 약정 후원금액(원).,6594325,6594325,452,2026-10-08 02:06:26.369000
GOLD,WIDE_MEMBER_SERVICE_COHORT,TENURE_DAYS,NUMBER,후원 유지기간(일) = DIM_MEMBER_ACQUISITION.TENURE_DAYS 그대로(정의는 그 컬럼 COMMENT · 이 뷰에서 재계산하지 않는다).,6594325,3731161,8965,2026-10-08 02:06:26.369000
GOLD,WIDE_MEMBER_SERVICE_COHORT,EVER_STOPPED_FLAG,BOOLEAN,최초 중단 이력 존재 여부(FIRST_STOP_DATE_SK > 0).,6594325,6594325,2,2026-10-08 02:06:26.369000
GOLD,WIDE_MEMBER_SERVICE_COHORT,FIRST_STOP_REASON_NM,TEXT,최초 중단사유(획득 코호트 기준 · D5 중단사유와 다를 수 있다).,6594325,3731161,20,2026-10-08 02:06:26.369000
GOLD,WIDE_MEMBER_SERVICE_COHORT,GENERAL_EVENT_PART_ROWS,NUMBER,일반행사(EVENT) 참여 기록 행 수(전 기간). 🔴일반행사 「참여」는 다단계 이벤트 단계 기록이다 — 캠페인행사와 합산하지 않는다.,6594325,6594325,223,2026-10-08 02:06:26.369000
GOLD,WIDE_MEMBER_SERVICE_COHORT,GENERAL_EVENT_PART_ROWS_AFTER,NUMBER,첫 수신일 이후 일반행사 참여 기록 행 수. 미수신 행은 NULL(기준일 없음).,6594325,1294421,107,2026-10-08 02:06:26.369000
GOLD,WIDE_MEMBER_SERVICE_COHORT,CAMPAIGN_EVENT_PART_ROWS,NUMBER,캠페인행사(CRMN) 참여 기록 행 수(전 기간). ⚠️원천에 참여일이 없어(FEA 날짜 = 행사 시작일) 수신 전후 구분을 하지 않는다(O205-B).,6594325,6594325,205,2026-10-08 02:06:26.369000
GOLD,WIDE_MEMBER_SERVICE_COHORT,MATCH_BASIS,TEXT,[O206 A안] 그 수신 행이 서비스그룹에 든 근거 — '서비스코드'(발송코드 MS049 상위 서비스코드 = 원천 서비스 카테고리) · '발송제목'(카테고리가 없어 제목 부분일치로 매핑) · '서비스코드+발송제목'. 미수신 행은 NULL.,6594325,780424,3,2026-10-08 02:06:26.369000
GOLD,WIDE_MEMBER_SERVICE_COHORT,RECEIVED_SADAN_FLAG,BOOLEAN,[O206] 그 연도 사단 법인 발송 수신 여부. 법인 = 서비스코드명의 (사단)/(사복)/(통합) → 없으면 알림톡·메일 템플릿 법인구분(CPR_DIV_CD · CM019). 미수신 행은 NULL.,6594325,780424,2,2026-10-08 02:06:26.369000
GOLD,WIDE_MEMBER_SERVICE_COHORT,RECEIVED_SABOK_FLAG,BOOLEAN,[O206] 그 연도 사복 법인 발송 수신 여부(판정 규칙은 RECEIVED_SADAN_FLAG 와 같다). 미수신 행은 NULL.,6594325,780424,2,2026-10-08 02:06:26.369000
GOLD,WIDE_MEMBER_SERVICE_COHORT,RECEIVED_TONGHAP_FLAG,BOOLEAN,[O206] 그 연도 통합 법인 발송 수신 여부(판정 규칙은 RECEIVED_SADAN_FLAG 와 같다). 🔴 세 플래그가 모두 FALSE 인 수신 = 서비스코드·템플릿이 없어 법인을 판별할 수 없는 발송만 받은 회원. 미수신 행은 NULL.,6594325,780424,2,2026-10-08 02:06:26.369000
GOLD,WIDE_MEMBER_SERVICE_COHORT,CHRG_DEPT_NAMES,TEXT,[O206] 그 연도 수신 발송의 템플릿 담당부서명(CRM_ORG · 여러 개면 ' · ' 로 이음). 처리자→부서 마스터는 원천에 없어 템플릿 담당부서로 대신한다. 템플릿이 없는 발송만 받았으면 NULL.,6594325,780424,12,2026-10-08 02:06:26.369000
GOLD,WIDE_MEMBER_SERVICE_COHORT,SVC_CATEGORY_NAMES,TEXT,[O206] 그 연도 수신 발송의 원천 서비스 카테고리명(발송코드 MS049 상위코드명 · 여러 개면 ' · ' 로 이음). 서비스코드 계층이 없는 발송만 받았으면 NULL.,6594325,780424,22,2026-10-08 02:06:26.369000
GOLD,WIDE_MEMBER_SERVICE_COHORT,CULTURE_EVENT_PART_ROWS,NUMBER,[O206] 문화서비스 계열 캠페인행사(DIM_EVENT.EVENT_CATEGORY = MS002 6 문화서비스 · 14 전시 · 15 서적 · 16 공연) 참여 기록 행 수(전 기간). 「문화이벤트」 질문의 유사 매핑 대상.,6594325,6594325,206,2026-10-08 02:06:26.369000
GOLD,WIDE_MEMBER_SERVICE_COHORT,ONLINE_EVENT_PART_ROWS,NUMBER,[O206] 온라인 구분 일반행사(DIM_EVENT.EVENT_CATEGORY = MS286 100 온라인) 참여 기록 행 수(전 기간). 「온라인 이벤트」 질문의 유사 매핑 대상.,6594325,6594325,199,2026-10-08 02:06:26.369000
GOLD,WIDE_MEMBER_SERVICE_COHORT,ONLINE_EVENT_PART_ROWS_AFTER,NUMBER,[O206] 첫 수신일 이후 온라인 구분 일반행사 참여 기록 행 수. 미수신 행은 NULL(기준일 없음).,6594325,1294421,98,2026-10-08 02:06:26.369000
GOLD,DIM_SEND_TYPE,SEND_TYPE_SK,NUMBER,"발송구분 대리키 (ETL 해시, PK)",74,74,73,2026-10-08 02:06:24.392000
GOLD,DIM_SEND_TYPE,SEND_TYPE_BK,TEXT,발송구분 업무키 = 대>중>소 코드 경로(자연키). ⚠️중분류 코드는 단독으로 모호하다(코드 16종 vs 라벨 26종) → 반드시 전체 경로로 식별한다,74,74,75,2026-10-08 02:06:24.392000
GOLD,DIM_SEND_TYPE,SEND_GBN_TOP,TEXT,발송구분 대 코드 raw ← CRM_SEND_REQUEST.SEND_GBN_TOP. ⚠️이 값은 코드가 아니라 CRM_CODE.CD_ID(코드그룹 ID) 자체다 — MS046 결연·MS047 회원·MS048 회비·MS049 서비스·MS050 사업보고 등 12종. 라벨=SEND_TYPE_L,74,73,12,2026-10-08 02:06:24.392000
GOLD,DIM_SEND_TYPE,SEND_TYPE_L,TEXT,발송구분(대) (#133) 분석 라벨 ← SEND_GBN_TOP_NM. 🔴정본 #133 과 불일치(2026-08-04 실측): #133 은 6종(결연/회비/서비스/사업보고/참여/기타)인데 실측 라벨 **9종** — 추가 3종 = 회원만족(MS052)·회원서비스(MS054)·회원(MS047+MS053). #133 은 생략기호가 없어 완전열거로 읽힌다 → 불일치 실재. 문서20 §L 현업 확인 · 데이터 우선 보존(DEC-26). ⚠️대분류는 코드그룹과 1:1 이 아니다 — 결연=MS046+MS051 · 기타=MS0505+MS055 · 회원=MS047+MS053 (코드그룹 12종 → 라벨 9종). 🟢SEND_GBN_TOP 12종 전부 CRM_CODE.CD_ID 실재 확인,74,74,10,2026-10-08 02:06:24.392000
GOLD,DIM_SEND_TYPE,SEND_GBN_MID,TEXT,"발송구분 중 코드 raw ← SEND_GBN_MID. 🔴 코드 단독 사용 금지 — 실측 코드 16종에 라벨 26종이 대응한다(부모 그룹에 따라 의미가 달라짐). 반드시 (대,중) 쌍으로 해석",74,73,16,2026-10-08 02:06:24.392000
GOLD,DIM_SEND_TYPE,SEND_TYPE_M,TEXT,발송구분(중) (#134) 분석 라벨 ← SEND_GBN_MID_NM. 정본 값정의: 선물금/신규결연회원발송/회원서신/만18세아동종결/일반퇴소 등,74,74,30,2026-10-08 02:06:24.392000
GOLD,DIM_SEND_TYPE,SEND_GBN_BOT,TEXT,"발송구분 소 코드 raw ← SEND_GBN_BOT (CRM_CODE.UPPER_CD_ID 계층 하위). 🔴 코드 단독 모호(코드 42종 vs 라벨 56종) → (대,중,소) 경로로 해석",74,73,46,2026-10-08 02:06:24.392000
GOLD,DIM_SEND_TYPE,SEND_TYPE_S,TEXT,발송구분(소) (#135) 분석 라벨 ← SEND_GBN_BOT_NM. 정본 값정의: 선물금접수확인/신규결연우편물(PF)/결연100일/서신접수확인/첫출금안내(사단) 등,74,74,62,2026-10-08 02:06:24.392000
GOLD,DIM_PAYMENT,PAYMENT_SK,NUMBER,"납입/결제 대리키 (ETL 일련번호, PK)",7,7,6,2026-10-08 02:06:23.081000
GOLD,DIM_PAYMENT,PAYMENT_METHOD,TEXT,납입방식(#125),7,7,7,2026-10-08 02:06:23.081000
GOLD,DIM_PAYMENT,SETTLE_METHOD,TEXT,결제방식,7,6,6,2026-10-08 02:06:23.081000
GOLD,DIM_PAYMENT,FEE_TYPE,TEXT,회비유형(정기/일시 — #66~68 분해),7,0,0,2026-10-08 02:06:23.081000
GOLD,DIM_MEMBER_IDENTITY,IDENTITY_SK,NUMBER,"회원 식별 대리키 (ETL 일련번호, PK)",1798517,1798517,1800224,2026-10-08 02:06:21.255000
GOLD,DIM_MEMBER_IDENTITY,MEMBER_DK,TEXT,불변 회원키,1798517,1798517,1783880,2026-10-08 02:06:21.255000
GOLD,DIM_MEMBER_IDENTITY,MEMBER_NO,TEXT,회원번호(#110),1798517,1798517,1783880,2026-10-08 02:06:21.255000
GOLD,DIM_MEMBER_IDENTITY,MEMNUM,TEXT,memnum (#111).,1798517,0,0,2026-10-08 02:06:21.255000
GOLD,DIM_MEMBER_IDENTITY,BIGQUERY_MEMBER_ID,TEXT,BigQuery member id(#112),1798517,38015,38026,2026-10-08 02:06:21.255000
GOLD,DIM_MEMBER_IDENTITY,HOMEPAGE_ID,TEXT,HOMEPAGE_ID.,1798517,796869,787647,2026-10-08 02:06:21.255000
GOLD,DIM_MEMBER_IDENTITY,CHILD_CODE,TEXT,"결연아동코드(#122, URL 파싱) (#122).",1798517,0,0,2026-10-08 02:06:21.255000
GOLD,FACT_AD_BROADCAST_CASE,AD_PERF_DK,TEXT,GRAIN 1/2 · 코어 조인키(FK→FACT_AD_PERFORMANCE). staging 발급값 승계 — 재계산 금지,0,0,0,2026-10-08 02:06:20.001000
GOLD,FACT_AD_BROADCAST_CASE,CASE_SEQ,NUMBER,GRAIN 2/2 · 사례 순번 1~3 (원천 CASE1_*~CASE3_* 언피벗축),0,0,0,2026-10-08 02:06:20.001000
GOLD,FACT_AD_BROADCAST_CASE,BIZ_DIV,TEXT,사업구분 ← REBRDC.CASEn_BSNS_DIV_NM,0,0,0,2026-10-08 02:06:20.001000
GOLD,FACT_AD_BROADCAST_CASE,FAMILY_TYPE,TEXT,가족유형 ← REBRDC.CASEn_FAM_TY_NM,0,0,0,2026-10-08 02:06:20.001000
GOLD,FACT_AD_BROADCAST_CASE,APPEAL_POINT,TEXT,어필포인트 ← REBRDC.CASEn_APPEAL_POINT_NM,0,0,0,2026-10-08 02:06:20.001000
GOLD,FACT_AD_BROADCAST_CASE,CASE_DIV,TEXT,사례구분 ← REBRDC.CASEn_CASE_DIV_NM,0,0,0,2026-10-08 02:06:20.001000
GOLD,DIM_EVENT,EVENT_SK,NUMBER,"행사 대리키 (ETL 일련번호, PK)",4029,4029,4001,2026-10-08 02:06:18.314000
GOLD,DIM_EVENT,EVENT_BK,TEXT,"행사 업무키(BK, 자연키)",4029,4029,3982,2026-10-08 02:06:18.314000
GOLD,DIM_EVENT,EVENT_KIND,TEXT,EVENT_KIND.,4029,4028,2,2026-10-08 02:06:18.314000
GOLD,DIM_EVENT,EVENT_KIND_NAME,TEXT,행사종류명(라벨). EVENT→일반행사·CRMN→캠페인행사.,4029,4029,3,2026-10-08 02:06:18.314000
GOLD,DIM_EVENT,EVENT_CATEGORY,TEXT,행사구분,4029,4028,19,2026-10-08 02:06:18.314000
GOLD,DIM_EVENT,EVENT_NAME,TEXT,행사명,4029,4028,4066,2026-10-08 02:06:18.314000
GOLD,DIM_EVENT,APPLY_CHANNEL,TEXT,신청경로,4029,0,0,2026-10-08 02:06:18.314000
GOLD,DIM_EVENT,RECRUIT_HEADCOUNT,NUMBER,[DEC.,4029,3594,68,2026-10-08 02:06:18.314000
GOLD,DIM_EVENT,EVENT_CATEGORY_GROUP,TEXT,EVENT_CATEGORY_GROUP. 코드id:MS286.,4029,4028,2,2026-10-08 02:06:18.314000
GOLD,DIM_EVENT,EVENT_CATEGORY_NAME,TEXT,EVENT_CATEGORY_NAME.,4029,4028,19,2026-10-08 02:06:18.314000
GOLD,DIM_EVENT,PRZWIN_PSNNL_CO,NUMBER,당첨인원수 [SILVER.CRM_EVENT 승계 · 원천 BRONZE_CRM.TM_MS_EVENT],4029,385,62,2026-10-08 02:06:18.314000
GOLD,DIM_EVENT,PRZWIN_GFT_SNDNG_DE,TEXT,당첨선물발송일 [SILVER.CRM_EVENT 승계 · 원천 BRONZE_CRM.TM_MS_EVENT],4029,116,85,2026-10-08 02:06:18.314000
GOLD,DIM_EVENT,CRMN_PLACE_NM,TEXT,행사장소명 [SILVER.CRM_EVENT 승계 · 원천 BRONZE_CRM.TM_MS_CRMN],4029,413,234,2026-10-08 02:06:18.314000
GOLD,DIM_EVENT,CRMN_PART_STRT_DE,TEXT,캠페인참여시작일자 [SILVER.CRM_EVENT 승계 · 원천 BRONZE_CRM.TM_MS_CRMN],4029,1341,419,2026-10-08 02:06:18.314000
GOLD,DIM_EVENT,CRMN_PART_END_DE,TEXT,캠페인참여종료일자 [SILVER.CRM_EVENT 승계 · 원천 BRONZE_CRM.TM_MS_CRMN],4029,1341,419,2026-10-08 02:06:18.314000
GOLD,DIM_EVENT,TAT,NUMBER,소요시간 [SILVER.CRM_EVENT 승계 · 원천 BRONZE_CRM.TM_MS_CRMN],4029,1732,24,2026-10-08 02:06:18.314000
GOLD,DIM_EVENT,RESRCE_SRVC_FG,BOOLEAN,자원봉사유무 [SILVER.CRM_EVENT 승계 · 원천 BRONZE_CRM.TM_MS_CRMN],4029,3594,2,2026-10-08 02:06:18.314000
GOLD,DIM_EVENT,CPR_DIV_CD,TEXT,법인구분코드 [SILVER.CRM_EVENT 승계 · 원천 BRONZE_CRM.TM_MS_CRMN],4029,3138,2,2026-10-08 02:06:18.314000
GOLD,DIM_EVENT,ENTRPS_CD,NUMBER,업체코드 [SILVER.CRM_EVENT 승계 · 원천 BRONZE_CRM.TM_MS_CRMN],4029,1722,1,2026-10-08 02:06:18.314000
GOLD,DIM_EVENT,USE_YN,TEXT,사용여부 [SILVER.CRM_EVENT 승계 · 원천 BRONZE_CRM.TM_MS_CRMN],4029,3643,2,2026-10-08 02:06:18.314000
BRONZE_CRM,TM_CM_DEPT_INFO,DEPT_ID,TEXT,부서ID,1314,1314,1318,2026-10-08 02:06:14.235000
BRONZE_CRM,TM_CM_DEPT_INFO,DEPT_NM,TEXT,부서명,1314,1314,697,2026-10-08 02:06:14.235000
BRONZE_CRM,TM_CM_DEPT_INFO,UPPER_DEPT_ID,TEXT,상위부서ID,1314,1314,321,2026-10-08 02:06:14.235000
BRONZE_CRM,TM_CM_DEPT_INFO,SORT_ORDR,NUMBER,정렬순서,1314,3,1,2026-10-08 02:06:14.235000
BRONZE_CRM,TM_CM_DEPT_INFO,USE_YN,TEXT,사용여부,1314,1314,2,2026-10-08 02:06:14.235000
BRONZE_CRM,TM_CM_DEPT_INFO,ACMSLT_DEPT_YN,TEXT,실적부서여부,1314,1170,2,2026-10-08 02:06:14.235000
BRONZE_CRM,TM_CM_DEPT_INFO,STATS_DEPT_LVL,NUMBER,통계부서레벨,1314,8,2,2026-10-08 02:06:14.235000
BRONZE_CRM,TM_CM_DEPT_INFO,FRST_RGSTR_ID,TEXT,최초등록자ID,1314,567,5,2026-10-08 02:06:14.235000
BRONZE_CRM,TM_CM_DEPT_INFO,LAST_UPDUSR_ID,TEXT,최종수정자ID,1314,576,10,2026-10-08 02:06:14.235000
BRONZE_CRM,TM_CM_DEPT_INFO,ACMSLT_UPPER_DEPT_ID,TEXT,실적상위부서ID,1314,1014,477,2026-10-08 02:06:14.235000
BRONZE_CRM,TM_CM_DEPT_INFO,_BATCH_ID,TEXT,배치ID (적재 배치 식별자),1314,1314,1,2026-10-08 02:06:14.235000
BRONZE_CRM,TM_CM_DEPT_INFO,_STDR_YM,TEXT,기준년월 (적재 대상 마감 기준 YYYYMM),1314,1287,73,2026-10-08 02:06:14.235000
BRONZE_CRM,TM_MS_AT_TMPLAT_MNG,TMPLAT_ID,TEXT,템플릿ID,6627,6627,6620,2026-10-08 02:06:12.447000
BRONZE_CRM,TM_MS_AT_TMPLAT_MNG,CPR_DIV_CD,TEXT,법인구분코드,6627,6627,3,2026-10-08 02:06:12.447000
BRONZE_CRM,TM_MS_AT_TMPLAT_MNG,SNDNG_CD_ID,TEXT,발신코드ID,6627,6627,7,2026-10-08 02:06:12.447000
BRONZE_CRM,TM_MS_AT_TMPLAT_MNG,SNDNG_DTL_CD_ID,TEXT,발신상세코드ID,6627,6627,235,2026-10-08 02:06:12.447000
BRONZE_CRM,TM_MS_AT_TMPLAT_MNG,ATMC_YN,TEXT,자동여부,6627,6627,2,2026-10-08 02:06:12.447000
BRONZE_CRM,TM_MS_AT_TMPLAT_MNG,APRV_STAT_CD,TEXT,승인상태코드,6627,6627,4,2026-10-08 02:06:12.447000
BRONZE_CRM,TM_MS_AT_TMPLAT_MNG,APRV_FAILR_CTNT,TEXT,승인실패내용,6627,861,244,2026-10-08 02:06:12.447000
BRONZE_CRM,TM_MS_AT_TMPLAT_MNG,TIT,TEXT,제목,6627,6627,6696,2026-10-08 02:06:12.447000
BRONZE_CRM,TM_MS_AT_TMPLAT_MNG,TMPLAT_CTNT,TEXT,템플릿내용,6627,6627,5511,2026-10-08 02:06:12.447000
BRONZE_CRM,TM_MS_AT_TMPLAT_MNG,WRITNG_DEPT_ID,TEXT,작성부서ID,6627,6627,12,2026-10-08 02:06:12.447000
BRONZE_CRM,TM_MS_AT_TMPLAT_MNG,WRITNG_DEPT_NM,TEXT,작성부서명,6627,6627,20,2026-10-08 02:06:12.447000
BRONZE_CRM,TM_MS_AT_TMPLAT_MNG,CHRG_DEPT_ID,TEXT,담당부서ID,6627,6627,15,2026-10-08 02:06:12.447000
BRONZE_CRM,TM_MS_AT_TMPLAT_MNG,TMPLAT_RM,TEXT,템플릿비고,6627,39,25,2026-10-08 02:06:12.447000
BRONZE_CRM,TM_MS_AT_TMPLAT_MNG,ALTRTV_MSG_SNDNG_YN,TEXT,대체메시지발신여부,6627,6229,1,2026-10-08 02:06:12.447000
BRONZE_CRM,TM_MS_AT_TMPLAT_MNG,ALTRTV_MSG_TMPLAT_KEY,NUMBER,대체메시지템플릿KEY,6627,960,61,2026-10-08 02:06:12.447000
BRONZE_CRM,TM_MS_AT_TMPLAT_MNG,ALTRTV_MSG_CTNT,TEXT,대체메시지내용,6627,6622,5568,2026-10-08 02:06:12.447000
BRONZE_CRM,TM_MS_AT_TMPLAT_MNG,ALTRTV_MSG_ATCHFL_ID,TEXT,대체메시지첨부파일ID,6627,0,0,2026-10-08 02:06:12.447000
BRONZE_CRM,TM_MS_AT_TMPLAT_MNG,WRITNG_GUIDE_ATCHFL_ID,TEXT,작성가이드첨부파일ID,6627,2762,2772,2026-10-08 02:06:12.447000
BRONZE_CRM,TM_MS_AT_TMPLAT_MNG,FRST_RGSTR_ID,TEXT,최초등록자ID,6627,6627,83,2026-10-08 02:06:12.447000
BRONZE_CRM,TM_MS_AT_TMPLAT_MNG,LAST_UPDUSR_ID,TEXT,최종수정자ID,6627,6627,84,2026-10-08 02:06:12.447000
BRONZE_CRM,TM_MS_AT_TMPLAT_MNG,USE_YN,TEXT,사용여부,6627,6627,2,2026-10-08 02:06:12.447000
BRONZE_CRM,TM_MS_AT_TMPLAT_MNG,_BATCH_ID,TEXT,배치ID (적재 배치 식별자),6627,6627,4,2026-10-08 02:06:12.447000
BRONZE_CRM,TM_MS_AT_TMPLAT_MNG,_STDR_YM,TEXT,기준년월 (적재 대상 마감 기준 YYYYMM),6627,6627,85,2026-10-08 02:06:12.447000
BRONZE_CRM,TM_PM_DNTN_DTLS,DNTN_KEY,NUMBER,기부금KEY,1134053,1134053,1149247,2026-10-08 02:06:10.351000
BRONZE_CRM,TM_PM_DNTN_DTLS,ONCE_MBER_NO,TEXT,일시후원회원번호,1134053,1134048,175431,2026-10-08 02:06:10.351000
BRONZE_CRM,TM_PM_DNTN_DTLS,CPR_DIV_CD,TEXT,법인구분코드,1134053,1133899,3,2026-10-08 02:06:10.351000
BRONZE_CRM,TM_PM_DNTN_DTLS,SETLE_CD,TEXT,결제코드,1134053,1028086,6,2026-10-08 02:06:10.351000
BRONZE_CRM,TM_PM_DNTN_DTLS,ONCE_CMPGN_CD,TEXT,일시후원캠페인코드,1134053,1134053,989,2026-10-08 02:06:10.351000
BRONZE_CRM,TM_PM_DNTN_DTLS,ELCTR_SETLE_KEY,NUMBER,전자결제KEY,1134053,90351,90632,2026-10-08 02:06:10.351000
BRONZE_CRM,TM_PM_DNTN_DTLS,SETLE_ENTRPS_CD,TEXT,결제업체코드,1134053,1015734,155,2026-10-08 02:06:10.351000
BRONZE_CRM,TM_PM_DNTN_DTLS,SETLE_CMPNY_ACNT_NO,NUMBER,결제사계좌번호,1134053,195496,26,2026-10-08 02:06:10.351000
BRONZE_CRM,TM_PM_DNTN_DTLS,MBRFEE_BNKB_KEY,NUMBER,회비통장KEY,1134053,937735,25318,2026-10-08 02:06:10.351000
BRONZE_CRM,TM_PM_DNTN_DTLS,ACNUT_SER_NO,NUMBER,계좌일련번호,1134053,1043005,133,2026-10-08 02:06:10.351000
BRONZE_CRM,TM_PM_DNTN_DTLS,FNLT_CD,TEXT,금융기관코드,1134053,26733,101,2026-10-08 02:06:10.351000
BRONZE_CRM,TM_PM_DNTN_DTLS,PAYER_NM,TEXT,결제자명,1134053,1133379,45124,2026-10-08 02:06:10.351000
BRONZE_CRM,TM_PM_DNTN_DTLS,PAY_AMT,NUMBER,납입금액,1134053,1134053,30645,2026-10-08 02:06:10.351000
BRONZE_CRM,TM_PM_DNTN_DTLS,PAY_STAT_CD,TEXT,납입상태코드,1134053,1134053,1,2026-10-08 02:06:10.351000
BRONZE_CRM,TM_PM_DNTN_DTLS,PRCS_STAT_CD,TEXT,처리상태코드,1134053,1134053,1,2026-10-08 02:06:10.351000
BRONZE_CRM,TM_PM_DNTN_DTLS,USE_YN,TEXT,사용여부,1134053,1134053,2,2026-10-08 02:06:10.351000
BRONZE_CRM,TM_PM_DNTN_DTLS,TRNSFER_MBRFEE_KEY,NUMBER,이관회비KEY,1134053,10595,10810,2026-10-08 02:06:10.351000
BRONZE_CRM,TM_PM_DNTN_DTLS,TRNSFER_RSN_CD,TEXT,이관사유코드,1134053,0,0,2026-10-08 02:06:10.351000
BRONZE_CRM,TM_PM_DNTN_DTLS,RETUN_DNTN_KEY,NUMBER,환급기부금KEY,1134053,400,403,2026-10-08 02:06:10.351000
BRONZE_CRM,TM_PM_DNTN_DTLS,RETUN_RSN_CD,TEXT,환급사유코드,1134053,400,7,2026-10-08 02:06:10.351000
BRONZE_CRM,TM_PM_DNTN_DTLS,RETUN_KEY,NUMBER,환급KEY,1134053,402,200,2026-10-08 02:06:10.351000
BRONZE_CRM,TM_PM_DNTN_DTLS,RM,TEXT,비고,1134053,915425,1120,2026-10-08 02:06:10.351000
BRONZE_CRM,TM_PM_DNTN_DTLS,ACMSLT_DEPT_CD,TEXT,실적부서코드,1134053,1124973,32,2026-10-08 02:06:10.351000
BRONZE_CRM,TM_PM_DNTN_DTLS,RGSTR_ID,TEXT,등록자ID,1134053,1129474,3303,2026-10-08 02:06:10.351000
BRONZE_CRM,TM_PM_DNTN_DTLS,RGSTR_NM,TEXT,등록자명,1134053,991680,21435,2026-10-08 02:06:10.351000
BRONZE_CRM,TM_PM_DNTN_DTLS,SPNSR_BSNS_ID,TEXT,후원사업ID,1134053,1134052,18,2026-10-08 02:06:10.351000
BRONZE_CRM,TM_PM_DNTN_DTLS,_BATCH_ID,TEXT,배치ID (적재 배치 식별자),1134053,1134053,7,2026-10-08 02:06:10.351000
BRONZE_CRM,TM_PM_DNTN_DTLS,_STDR_YM,TEXT,기준년월 (적재 대상 마감 기준 YYYYMM),1134053,1134053,197,2026-10-08 02:06:10.351000
BRONZE_CRM,TD_MS_CRMN_PRTCPNT,CRMN_CD,NUMBER,행사코드,167585,167585,3591,2026-10-08 02:06:08.545000
BRONZE_CRM,TD_MS_CRMN_PRTCPNT,PRTCPNT_KEY,NUMBER,참여자KEY,167585,167585,162137,2026-10-08 02:06:08.545000
BRONZE_CRM,TD_MS_CRMN_PRTCPNT,MBER_NO,TEXT,회원번호,167585,167580,43888,2026-10-08 02:06:08.545000
BRONZE_CRM,TD_MS_CRMN_PRTCPNT,RQST_PATH_CD,TEXT,신청경로코드,167585,167357,6,2026-10-08 02:06:08.545000
BRONZE_CRM,TD_MS_CRMN_PRTCPNT,PARTCPT_TIME_CO,NUMBER,참여시간수,167585,26884,37,2026-10-08 02:06:08.545000
BRONZE_CRM,TD_MS_CRMN_PRTCPNT,PARTCPT_STAT_CD,TEXT,참여상태코드,167585,167554,6,2026-10-08 02:06:08.545000
BRONZE_CRM,TD_MS_CRMN_PRTCPNT,SELF_PARTCPT_CD,TEXT,자기참여코드,167585,167556,3,2026-10-08 02:06:08.545000
BRONZE_CRM,TD_MS_CRMN_PRTCPNT,RCPMNY_STAT_CD,TEXT,입금상태코드,167585,20822,4,2026-10-08 02:06:08.545000
BRONZE_CRM,TD_MS_CRMN_PRTCPNT,RCPMNY_DATE,TEXT,입금일자,167585,140547,2396,2026-10-08 02:06:08.545000
BRONZE_CRM,TD_MS_CRMN_PRTCPNT,REFND_DATE,TEXT,환불일자,167585,2539,30,2026-10-08 02:06:08.545000
BRONZE_CRM,TD_MS_CRMN_PRTCPNT,RQST_DATE,TEXT,신청일자,167585,167299,3657,2026-10-08 02:06:08.545000
BRONZE_CRM,TD_MS_CRMN_PRTCPNT,PARTCPT_DATE,TEXT,참여일자,167585,0,0,2026-10-08 02:06:08.545000
BRONZE_CRM,TD_MS_CRMN_PRTCPNT,RCPMNY_AMT,NUMBER,입금금액,167585,153806,42,2026-10-08 02:06:08.545000
BRONZE_CRM,TD_MS_CRMN_PRTCPNT,ACMPNY_PARTCPT_CO,NUMBER,동반참여수,167585,162803,13,2026-10-08 02:06:08.545000
BRONZE_CRM,TD_MS_CRMN_PRTCPNT,RM,TEXT,비고,167585,148568,14027,2026-10-08 02:06:08.545000
BRONZE_CRM,TD_MS_CRMN_PRTCPNT,FRST_RGSTR_ID,TEXT,최초등록자ID,167585,152638,20716,2026-10-08 02:06:08.545000
BRONZE_CRM,TD_MS_CRMN_PRTCPNT,LAST_UPDUSR_ID,TEXT,최종수정자ID,167585,152955,1617,2026-10-08 02:06:08.545000
BRONZE_CRM,TD_MS_CRMN_PRTCPNT,_BATCH_ID,TEXT,배치ID (적재 배치 식별자),167585,167585,7,2026-10-08 02:06:08.545000
BRONZE_CRM,TD_MS_CRMN_PRTCPNT,_STDR_YM,TEXT,기준년월 (적재 대상 마감 기준 YYYYMM),167585,167585,191,2026-10-08 02:06:08.545000
BRONZE_CRM,TM_MS_CRMN,CRMN_CD,NUMBER,행사코드,3643,3643,3644,2026-10-08 02:06:06.158000
BRONZE_CRM,TM_MS_CRMN,CRMN_DIV_CD,TEXT,행사구분코드,3643,3643,14,2026-10-08 02:06:06.158000
BRONZE_CRM,TM_MS_CRMN,CRMN_TIT,TEXT,행사제목,3643,3642,3677,2026-10-08 02:06:06.158000
BRONZE_CRM,TM_MS_CRMN,CRMN_PLACE_NM,TEXT,행사장소명,3643,413,234,2026-10-08 02:06:06.158000
BRONZE_CRM,TM_MS_CRMN,BRNCH_DEPT_ID,TEXT,지부부서ID,3643,19,19,2026-10-08 02:06:06.158000
BRONZE_CRM,TM_MS_CRMN,ATCHFL_ID,TEXT,첨부파일ID,3643,2,2,2026-10-08 02:06:06.158000
BRONZE_CRM,TM_MS_CRMN,SITE_URL,TEXT,사이트URL,3643,54,30,2026-10-08 02:06:06.158000
BRONZE_CRM,TM_MS_CRMN,CRMN_STRT_DE,TEXT,행사시작일,3643,3642,1526,2026-10-08 02:06:06.158000
BRONZE_CRM,TM_MS_CRMN,CRMN_END_DE,TEXT,행사종료일,3643,3642,1583,2026-10-08 02:06:06.158000
BRONZE_CRM,TM_MS_CRMN,CRMN_PART_STRT_DE,TEXT,캠페인참여시작일자,3643,1341,419,2026-10-08 02:06:06.158000
BRONZE_CRM,TM_MS_CRMN,CRMN_PART_END_DE,TEXT,캠페인참여종료일자,3643,1341,419,2026-10-08 02:06:06.158000
BRONZE_CRM,TM_MS_CRMN,TAT,NUMBER,소요시간,3643,1732,24,2026-10-08 02:06:06.158000
BRONZE_CRM,TM_MS_CRMN,RCRIT_PSNNL_CO,NUMBER,모집인원수,3643,3594,68,2026-10-08 02:06:06.158000
BRONZE_CRM,TM_MS_CRMN,RESRCE_SRVC_FG,BOOLEAN,자원봉사유무,3643,3594,2,2026-10-08 02:06:06.158000
BRONZE_CRM,TM_MS_CRMN,CPR_DIV_CD,TEXT,법인구분코드,3643,3138,2,2026-10-08 02:06:06.158000
BRONZE_CRM,TM_MS_CRMN,ENTRPS_CD,NUMBER,업체코드,3643,1722,1,2026-10-08 02:06:06.158000
BRONZE_CRM,TM_MS_CRMN,RM,TEXT,비고,3643,285,90,2026-10-08 02:06:06.158000
BRONZE_CRM,TM_MS_CRMN,CRMN_CTNT,TEXT,행사내용,3643,125,121,2026-10-08 02:06:06.158000
BRONZE_CRM,TM_MS_CRMN,USE_YN,TEXT,사용여부,3643,3643,2,2026-10-08 02:06:06.158000
BRONZE_CRM,TM_MS_CRMN,PART_USE_YN,TEXT,참여사용여부,3643,1041,2,2026-10-08 02:06:06.158000
BRONZE_CRM,TM_MS_CRMN,TMPLAT_ID,TEXT,템플릿ID,3643,1234,3,2026-10-08 02:06:06.158000
BRONZE_CRM,TM_MS_CRMN,TMPLAT_TIT,TEXT,템플릿제목,3643,1234,3,2026-10-08 02:06:06.158000
BRONZE_CRM,TM_MS_CRMN,TMPLAT_PART_ID,TEXT,템플릿파트ID,3643,1217,4,2026-10-08 02:06:06.158000
BRONZE_CRM,TM_MS_CRMN,TMPLAT_PART_TIT,TEXT,템플릿파트제목,3643,1217,4,2026-10-08 02:06:06.158000
BRONZE_CRM,TM_MS_CRMN,FRST_RGSTR_ID,TEXT,최초등록자ID,3643,3643,36,2026-10-08 02:06:06.158000
BRONZE_CRM,TM_MS_CRMN,LAST_UPDUSR_ID,TEXT,최종수정자ID,3643,3643,39,2026-10-08 02:06:06.158000
BRONZE_CRM,TM_MS_CRMN,SRVY,TEXT,설문조사 링크,3643,1230,323,2026-10-08 02:06:06.158000
BRONZE_CRM,TM_MS_CRMN,RM2,TEXT,비고2,3643,11,8,2026-10-08 02:06:06.158000
BRONZE_CRM,TM_MS_CRMN,PROMO_CODE,TEXT,프로모션코드,3643,11,9,2026-10-08 02:06:06.158000
BRONZE_CRM,TM_MS_CRMN,TMPLAT_WIN_ID,TEXT,템플릿윈도우ID,3643,164,7,2026-10-08 02:06:06.158000
BRONZE_CRM,TM_MS_CRMN,TMPLAT_WIN_TIT,TEXT,템플릿윈도우제목,3643,164,7,2026-10-08 02:06:06.158000
BRONZE_CRM,TM_MS_CRMN,_BATCH_ID,TEXT,배치ID (적재 배치 식별자),3643,3643,3,2026-10-08 02:06:06.158000
BRONZE_CRM,TM_MS_CRMN,_STDR_YM,TEXT,기준년월 (적재 대상 마감 기준 YYYYMM),3643,3643,74,2026-10-08 02:06:06.158000
BRONZE_CRM,TC_CMMN_CD,CD_ID,TEXT,코드ID,339,339,333,2026-10-08 02:05:59.650000
BRONZE_CRM,TC_CMMN_CD,CD_NM,TEXT,코드명,339,339,331,2026-10-08 02:05:59.650000
BRONZE_CRM,TC_CMMN_CD,CD_DC,TEXT,코드설명,339,312,310,2026-10-08 02:05:59.650000
BRONZE_CRM,TC_CMMN_CD,SORT_ORDR,NUMBER,정렬순서,339,339,193,2026-10-08 02:05:59.650000
BRONZE_CRM,TC_CMMN_CD,RM,TEXT,비고,339,64,52,2026-10-08 02:05:59.650000
BRONZE_CRM,TC_CMMN_CD,USE_YN,TEXT,사용여부,339,339,2,2026-10-08 02:05:59.650000
BRONZE_CRM,TC_CMMN_CD,FRST_RGSTR_ID,TEXT,최초등록자ID,339,339,18,2026-10-08 02:05:59.650000
BRONZE_CRM,TC_CMMN_CD,LAST_UPDUSR_ID,TEXT,최종수정자ID,339,339,19,2026-10-08 02:05:59.650000
BRONZE_CRM,TC_CMMN_CD,_BATCH_ID,TEXT,배치ID (적재 배치 식별자),339,339,1,2026-10-08 02:05:59.650000
BRONZE_CRM,TC_CMMN_CD,_STDR_YM,TEXT,기준년월 (적재 대상 마감 기준 YYYYMM),339,339,25,2026-10-08 02:05:59.650000
BRONZE_CRM,TM_MM_ONCE_MBER_INFO,ONCE_MBER_NO,TEXT,일시후원회원번호,177774,177774,178533,2026-10-08 02:05:57.823000
BRONZE_CRM,TM_MM_ONCE_MBER_INFO,MBER_DIV_CD,TEXT,회원구분코드,177774,177774,3,2026-10-08 02:05:57.823000
BRONZE_CRM,TM_MM_ONCE_MBER_INFO,CPR_DIV_CD,TEXT,법인구분코드,177774,177774,3,2026-10-08 02:05:57.823000
BRONZE_CRM,TM_MM_ONCE_MBER_INFO,SEX,TEXT,성별,177774,177225,8,2026-10-08 02:05:57.823000
BRONZE_CRM,TM_MM_ONCE_MBER_INFO,TSTM_DIV_CD,NUMBER,TSTM구분코드,177774,81779,3,2026-10-08 02:05:57.823000
BRONZE_CRM,TM_MM_ONCE_MBER_INFO,ETC_TSTM_DIV_CD,NUMBER,기타TSTM구분코드,177774,81779,3,2026-10-08 02:05:57.823000
BRONZE_CRM,TM_MM_ONCE_MBER_INFO,REL_CD,TEXT,관계코드,177774,9778,12,2026-10-08 02:05:57.823000
BRONZE_CRM,TM_MM_ONCE_MBER_INFO,ENTRPS_NM,TEXT,업체명,177774,38,32,2026-10-08 02:05:57.823000
BRONZE_CRM,TM_MM_ONCE_MBER_INFO,HMPG_ID,TEXT,홈페이지ID,177774,18988,19131,2026-10-08 02:05:57.823000
BRONZE_CRM,TM_MM_ONCE_MBER_INFO,PSTMTR_RECPTN_YN,TEXT,우편물수신여부,177774,116526,2,2026-10-08 02:05:57.823000
BRONZE_CRM,TM_MM_ONCE_MBER_INFO,EMAIL_RECPTN_YN,TEXT,이메일수신여부,177774,116526,2,2026-10-08 02:05:57.823000
BRONZE_CRM,TM_MM_ONCE_MBER_INFO,CHRCTR_RECPTN_YN,TEXT,문자수신여부,177774,116521,2,2026-10-08 02:05:57.823000
BRONZE_CRM,TM_MM_ONCE_MBER_INFO,FDRM_MBER_TRNSFER_FG,BOOLEAN,정기회원이관유무,177774,4583,1,2026-10-08 02:05:57.823000
BRONZE_CRM,TM_MM_ONCE_MBER_INFO,SPECL_MNG_CD1,TEXT,특별관리코드1,177774,289,7,2026-10-08 02:05:57.823000
BRONZE_CRM,TM_MM_ONCE_MBER_INFO,SPECL_MNG_CD2,TEXT,특별관리코드2,177774,143,5,2026-10-08 02:05:57.823000
BRONZE_CRM,TM_MM_ONCE_MBER_INFO,TNI_CU_BL_NO,NUMBER,더네이버스클럽소속번호,177774,6478,7,2026-10-08 02:05:57.823000
BRONZE_CRM,TM_MM_ONCE_MBER_INFO,CTI_SYNCHRN_DIV_CD,TEXT,CTI동기화구분코드,177774,177774,2,2026-10-08 02:05:57.823000
BRONZE_CRM,TM_MM_ONCE_MBER_INFO,REGIST_DEPT_CD,TEXT,등록부서코드,177774,172850,77,2026-10-08 02:05:57.823000
BRONZE_CRM,TM_MM_ONCE_MBER_INFO,FRST_RGSTR_ID,TEXT,최초등록자ID,177774,177742,786,2026-10-08 02:05:57.823000
BRONZE_CRM,TM_MM_ONCE_MBER_INFO,_BATCH_ID,TEXT,배치ID (적재 배치 식별자),177774,177774,1,2026-10-08 02:05:57.823000
BRONZE_CRM,TM_MM_ONCE_MBER_INFO,_STDR_YM,TEXT,기준년월 (적재 대상 마감 기준 YYYYMM),177774,177774,211,2026-10-08 02:05:57.823000
BRONZE_CRM,TC_MKTNG_DTL_CD,CD_ID,TEXT,코드ID (C001 마케팅캠페인명 · C002 채널 · U001 UTM),967,967,3,2026-10-08 02:05:56.360000
BRONZE_CRM,TC_MKTNG_DTL_CD,CD_NM,TEXT,코드명,967,967,3,2026-10-08 02:05:56.360000
BRONZE_CRM,TC_MKTNG_DTL_CD,DTL_CD_ID,TEXT,상세코드ID,967,967,576,2026-10-08 02:05:56.360000
BRONZE_CRM,TC_MKTNG_DTL_CD,DTL_CD_NM,TEXT,상세코드명,967,967,938,2026-10-08 02:05:56.360000
BRONZE_CRM,TC_MKTNG_DTL_CD,SORT_ORDR,NUMBER,정렬순서,967,967,591,2026-10-08 02:05:56.360000
BRONZE_CRM,TC_MKTNG_DTL_CD,RM,TEXT,비고,967,0,0,2026-10-08 02:05:56.360000
BRONZE_CRM,TC_MKTNG_DTL_CD,USE_YN,TEXT,사용여부,967,967,1,2026-10-08 02:05:56.360000
BRONZE_CRM,TC_MKTNG_DTL_CD,CD_ATRB1,TEXT,코드속성1,967,0,0,2026-10-08 02:05:56.360000
BRONZE_CRM,TC_MKTNG_DTL_CD,CD_ATRB2,TEXT,코드속성2,967,0,0,2026-10-08 02:05:56.360000
BRONZE_CRM,TC_MKTNG_DTL_CD,CD_ATRB3,TEXT,코드속성3,967,0,0,2026-10-08 02:05:56.360000
BRONZE_CRM,TC_MKTNG_DTL_CD,FRST_RGSTR_ID,TEXT,최초등록자ID,967,967,1,2026-10-08 02:05:56.360000
BRONZE_CRM,TC_MKTNG_DTL_CD,LAST_UPDT_ID,TEXT,최종수정자ID,967,967,1,2026-10-08 02:05:56.360000
BRONZE_CRM,TC_MKTNG_DTL_CD,_BATCH_ID,TEXT,배치ID (적재 배치 식별자),967,967,1,2026-10-08 02:05:56.360000
BRONZE_CRM,TC_MKTNG_DTL_CD,_STDR_YM,TEXT,기준년월 (적재 대상 마감 기준 YYYYMM),967,967,1,2026-10-08 02:05:56.360000
BRONZE_CRM,TM_MM_FDRM_MBER_IRSD,OCCRRNC_DE,TEXT,발생일,335678,335678,7754,2026-10-08 02:05:54.486000
BRONZE_CRM,TM_MM_FDRM_MBER_IRSD,SER_NO,NUMBER,일련번호,335678,335678,330906,2026-10-08 02:05:54.486000
BRONZE_CRM,TM_MM_FDRM_MBER_IRSD,ACMSLT_DEPT_CD,TEXT,실적부서코드,335678,329130,306,2026-10-08 02:05:54.486000
BRONZE_CRM,TM_MM_FDRM_MBER_IRSD,CMPGN_CD,TEXT,캠페인코드,335678,329263,11124,2026-10-08 02:05:54.486000
BRONZE_CRM,TM_MM_FDRM_MBER_IRSD,MBER_NO,TEXT,회원번호,335678,335678,206257,2026-10-08 02:05:54.486000
BRONZE_CRM,TM_MM_FDRM_MBER_IRSD,SPNSR_AMT,NUMBER,후원금액,335678,335678,702,2026-10-08 02:05:54.486000
BRONZE_CRM,TM_MM_FDRM_MBER_IRSD,SETLE_CD,TEXT,결제코드,335678,329157,7,2026-10-08 02:05:54.486000
BRONZE_CRM,TM_MM_FDRM_MBER_IRSD,MBER_DIV_CD,TEXT,회원구분코드,335678,329158,3,2026-10-08 02:05:54.486000
BRONZE_CRM,TM_MM_FDRM_MBER_IRSD,SEX,TEXT,성별,335678,329157,9,2026-10-08 02:05:54.486000
BRONZE_CRM,TM_MM_FDRM_MBER_IRSD,AREA_CD,TEXT,지역코드,335678,329157,19,2026-10-08 02:05:54.486000
BRONZE_CRM,TM_MM_FDRM_MBER_IRSD,AGE,NUMBER,연령,335678,329157,12,2026-10-08 02:05:54.486000
BRONZE_CRM,TM_MM_FDRM_MBER_IRSD,SPNSR_TIME_CO,NUMBER,후원시간수,335678,329271,24,2026-10-08 02:05:54.486000
BRONZE_CRM,TM_MM_FDRM_MBER_IRSD,SPNSR_AMT_CD,TEXT,후원금액코드,335678,329157,5,2026-10-08 02:05:54.486000
BRONZE_CRM,TM_MM_FDRM_MBER_IRSD,RDCAMT_YN,TEXT,감액여부,335678,335678,2,2026-10-08 02:05:54.486000
BRONZE_CRM,TM_MM_FDRM_MBER_IRSD,FRST_RGSTR_ID,TEXT,최초등록자ID,335678,313700,115444,2026-10-08 02:05:54.486000
BRONZE_CRM,TM_MM_FDRM_MBER_IRSD,_BATCH_ID,TEXT,배치ID (적재 배치 식별자),335678,335678,8,2026-10-08 02:05:54.486000
BRONZE_CRM,TM_MM_FDRM_MBER_IRSD,_STDR_YM,TEXT,기준년월 (적재 대상 마감 기준 YYYYMM),335678,335678,410,2026-10-08 02:05:54.486000
BRONZE_CRM,TM_PM_SETLE_INFO,SETLE_KEY,NUMBER,결제KEY,2616881,2616881,2644916,2026-10-08 02:05:50.767000
BRONZE_CRM,TM_PM_SETLE_INFO,MBER_NO,TEXT,회원번호,2616881,2616881,1608568,2026-10-08 02:05:50.767000
BRONZE_CRM,TM_PM_SETLE_INFO,CPR_DIV_CD,TEXT,법인구분코드,2616881,2616881,2,2026-10-08 02:05:50.767000
BRONZE_CRM,TM_PM_SETLE_INFO,SETLE_CD,TEXT,결제코드,2616881,2616881,6,2026-10-08 02:05:50.767000
BRONZE_CRM,TM_PM_SETLE_INFO,WTDRW_ASMT_SQNC,NUMBER,출금지정차수,2616881,2616881,2,2026-10-08 02:05:50.767000
BRONZE_CRM,TM_PM_SETLE_INFO,FNLT_DIV_CD,TEXT,금융기관구분코드,2616881,2526218,3,2026-10-08 02:05:50.767000
BRONZE_CRM,TM_PM_SETLE_INFO,FNLT_CD,TEXT,금융기관코드,2616881,740357,109,2026-10-08 02:05:50.767000
BRONZE_CRM,TM_PM_SETLE_INFO,SETLE_ENTRPS_CD,TEXT,결제업체코드,2616881,2525879,54,2026-10-08 02:05:50.767000
BRONZE_CRM,TM_PM_SETLE_INFO,CARD_TRMVT,TEXT,카드유효기간,2616881,0,0,2026-10-08 02:05:50.767000
BRONZE_CRM,TM_PM_SETLE_INFO,ACNUT_SER_NO,NUMBER,계좌일련번호,2616881,177847,10,2026-10-08 02:05:50.767000
BRONZE_CRM,TM_PM_SETLE_INFO,PAYER_NM,TEXT,결제자명,2616881,2521974,276464,2026-10-08 02:05:50.767000
BRONZE_CRM,TM_PM_SETLE_INFO,CARD_DIV_CD,TEXT,카드구분코드,2616881,711086,3,2026-10-08 02:05:50.767000
BRONZE_CRM,TM_PM_SETLE_INFO,MBTLNUM,TEXT,휴대폰번호,2616881,2483244,1406601,2026-10-08 02:05:50.767000
BRONZE_CRM,TM_PM_SETLE_INFO,ETC_CTTPC,TEXT,기타연락처,2616881,82264,40705,2026-10-08 02:05:50.767000
BRONZE_CRM,TM_PM_SETLE_INFO,ETC_CTTPC_REL_CD,TEXT,기타연락처관계코드,2616881,202651,14,2026-10-08 02:05:50.767000
BRONZE_CRM,TM_PM_SETLE_INFO,PAYER_MBER_REL_CD,TEXT,결제자회원관계코드,2616881,2455256,14,2026-10-08 02:05:50.767000
BRONZE_CRM,TM_PM_SETLE_INFO,CRTFC_MTH_CD,TEXT,인증방법코드,2616881,1996990,5,2026-10-08 02:05:50.767000
BRONZE_CRM,TM_PM_SETLE_INFO,CRTFC_FILE_NM,TEXT,인증파일명,2616881,1421119,808914,2026-10-08 02:05:50.767000
BRONZE_CRM,TM_PM_SETLE_INFO,CRTFC_DATA_CTNT,TEXT,인증데이터내용,2616881,10896,10812,2026-10-08 02:05:50.767000
BRONZE_CRM,TM_PM_SETLE_INFO,FILE_SIZE,NUMBER,파일크기,2616881,1421126,109722,2026-10-08 02:05:50.767000
BRONZE_CRM,TM_PM_SETLE_INFO,BILLKEY,TEXT,빌키,2616881,525485,311212,2026-10-08 02:05:50.767000
BRONZE_CRM,TM_PM_SETLE_INFO,SETLE_STAT_CD,TEXT,결제상태코드,2616881,2616881,9,2026-10-08 02:05:50.767000
BRONZE_CRM,TM_PM_SETLE_INFO,RQST_DIV_CD,TEXT,신청구분코드,2616881,1772500,6,2026-10-08 02:05:50.767000
BRONZE_CRM,TM_PM_SETLE_INFO,RCEPT_DIV_CD,TEXT,접수구분코드,2616881,1772499,6,2026-10-08 02:05:50.767000
BRONZE_CRM,TM_PM_SETLE_INFO,APRV_YN,TEXT,승인여부,2616881,2587307,2,2026-10-08 02:05:50.767000
BRONZE_CRM,TM_PM_SETLE_INFO,APRV_REQUST_KEY,NUMBER,승인요청KEY,2616881,1174194,1098188,2026-10-08 02:05:50.767000
BRONZE_CRM,TM_PM_SETLE_INFO,APRV_RST_KEY,NUMBER,승인결과KEY,2616881,1262826,1234686,2026-10-08 02:05:50.767000
BRONZE_CRM,TM_PM_SETLE_INFO,RQEST_EXCL_YN,TEXT,청구제외여부,2616881,2616881,2,2026-10-08 02:05:50.767000
BRONZE_CRM,TM_PM_SETLE_INFO,APPLCNT_NM,TEXT,신청자명,2616881,2574933,293599,2026-10-08 02:05:50.767000
BRONZE_CRM,TM_PM_SETLE_INFO,APPLCNT_MBTLNUM,TEXT,신청자휴대폰번호,2616881,1635100,1045542,2026-10-08 02:05:50.767000
BRONZE_CRM,TM_PM_SETLE_INFO,APPLCNT_ETC_CTTPC,TEXT,신청자기타연락처,2616881,62691,42811,2026-10-08 02:05:50.767000
BRONZE_CRM,TM_PM_SETLE_INFO,APPLCNT_ETC_CTTPC_REL_CD,TEXT,신청자기타연락처관계코드,2616881,219983,14,2026-10-08 02:05:50.767000
BRONZE_CRM,TM_PM_SETLE_INFO,APPLCNT_MBER_REL_CD,TEXT,신청자회원관계코드,2616881,2572723,14,2026-10-08 02:05:50.767000
BRONZE_CRM,TM_PM_SETLE_INFO,BF_SETLE_KEY,NUMBER,이전결제KEY,2616881,657674,661966,2026-10-08 02:05:50.767000
BRONZE_CRM,TM_PM_SETLE_INFO,OPERT_DIV_CD,TEXT,작업구분코드,2616881,617598,5,2026-10-08 02:05:50.767000
BRONZE_CRM,TM_PM_SETLE_INFO,CRTFC_TY_CD,TEXT,인증유형코드,2616881,970711,6,2026-10-08 02:05:50.767000
BRONZE_CRM,TM_PM_SETLE_INFO,USE_YN,TEXT,사용여부,2616881,2616881,2,2026-10-08 02:05:50.767000
BRONZE_CRM,TM_PM_SETLE_INFO,FRST_RGSTR_ID,TEXT,최초등록자ID,2616881,2616302,161648,2026-10-08 02:05:50.767000
BRONZE_CRM,TM_PM_SETLE_INFO,FRST_RGSTR_NM,TEXT,최초등록자명,2616881,2080730,81049,2026-10-08 02:05:50.767000
BRONZE_CRM,TM_PM_SETLE_INFO,LAST_UPDUSR_ID,TEXT,최종수정자ID,2616881,2615358,170452,2026-10-08 02:05:50.767000
BRONZE_CRM,TM_PM_SETLE_INFO,LAST_UPDUSR_NM,TEXT,최종수정자명,2616881,2095870,83389,2026-10-08 02:05:50.767000
BRONZE_CRM,TM_PM_SETLE_INFO,_BATCH_ID,TEXT,배치ID (적재 배치 식별자),2616881,2616881,8,2026-10-08 02:05:50.767000
BRONZE_CRM,TM_PM_SETLE_INFO,_STDR_YM,TEXT,기준년월 (적재 대상 마감 기준 YYYYMM),2616881,2616881,431,2026-10-08 02:05:50.767000
BRONZE_CRM,TD_MS_EVENT_PRTCPNT_DTL,EVENT_CD,NUMBER,이벤트코드,1122345,1122345,377,2026-10-08 02:05:48.854000
BRONZE_CRM,TD_MS_EVENT_PRTCPNT_DTL,MBER_NO,TEXT,회원번호,1122345,1120363,421237,2026-10-08 02:05:48.854000
BRONZE_CRM,TD_MS_EVENT_PRTCPNT_DTL,PARTCPT_SEQ,NUMBER,참여순번,1122345,1122345,10699,2026-10-08 02:05:48.854000
BRONZE_CRM,TD_MS_EVENT_PRTCPNT_DTL,EVENT_PARTCPT_DIV_CD,TEXT,이벤트참여구분코드,1122345,1122345,2,2026-10-08 02:05:48.854000
BRONZE_CRM,TD_MS_EVENT_PRTCPNT_DTL,PRZWIN_CD,NUMBER,당첨코드,1122345,12989,3,2026-10-08 02:05:48.854000
BRONZE_CRM,TD_MS_EVENT_PRTCPNT_DTL,PARTCPT_CHNNL_CD,TEXT,참여채널코드,1122345,1122268,9,2026-10-08 02:05:48.854000
BRONZE_CRM,TD_MS_EVENT_PRTCPNT_DTL,PARTCPT_PATH_CD,TEXT,참여경로코드,1122345,1112888,7,2026-10-08 02:05:48.854000
BRONZE_CRM,TD_MS_EVENT_PRTCPNT_DTL,PARTCPT_STAT_CD,TEXT,참여상태코드,1122345,1111136,13,2026-10-08 02:05:48.854000
BRONZE_CRM,TD_MS_EVENT_PRTCPNT_DTL,RM,TEXT,비고,1122345,805684,98671,2026-10-08 02:05:48.854000
BRONZE_CRM,TD_MS_EVENT_PRTCPNT_DTL,RM2,TEXT,비고2,1122345,653385,333725,2026-10-08 02:05:48.854000
BRONZE_CRM,TD_MS_EVENT_PRTCPNT_DTL,FRST_RGSTR_ID,TEXT,최초등록자ID,1122345,1122345,4318,2026-10-08 02:05:48.854000
BRONZE_CRM,TD_MS_EVENT_PRTCPNT_DTL,LAST_UPDUSR_ID,TEXT,최종수정자ID,1122345,1122345,3940,2026-10-08 02:05:48.854000
BRONZE_CRM,TD_MS_EVENT_PRTCPNT_DTL,_BATCH_ID,TEXT,배치ID (적재 배치 식별자),1122345,1122345,7,2026-10-08 02:05:48.854000
BRONZE_CRM,TD_MS_EVENT_PRTCPNT_DTL,_STDR_YM,TEXT,기준년월 (적재 대상 마감 기준 YYYYMM),1122345,1122345,83,2026-10-08 02:05:48.854000
BRONZE_CRM,TD_MS_MSG_AT_SNDNG_DTLS,SNDNG_KEY,NUMBER,발신KEY,22496493,22496493,1217585,2026-10-08 02:05:45.386000
BRONZE_CRM,TD_MS_MSG_AT_SNDNG_DTLS,SNDNG_DTL_KEY,NUMBER,발신상세KEY,22496493,22496493,22972893,2026-10-08 02:05:45.386000
BRONZE_CRM,TD_MS_MSG_AT_SNDNG_DTLS,MBER_NO,TEXT,회원번호,22496493,22495751,1022890,2026-10-08 02:05:45.386000
BRONZE_CRM,TD_MS_MSG_AT_SNDNG_DTLS,SNDNG_NO,NUMBER,발신번호,22496493,22496493,18,2026-10-08 02:05:45.386000
BRONZE_CRM,TD_MS_MSG_AT_SNDNG_DTLS,TRNSMS_STAT_CD,TEXT,전송상태코드,22496493,22203232,3,2026-10-08 02:05:45.386000
BRONZE_CRM,TD_MS_MSG_AT_SNDNG_DTLS,TRNSMS_FAILR_CD_ID,TEXT,전송실패코드ID,22496493,20104874,34,2026-10-08 02:05:45.386000
BRONZE_CRM,TD_MS_MSG_AT_SNDNG_DTLS,FRST_RGSTR_ID,TEXT,대체메시지발신여부,22496493,21946105,115121,2026-10-08 02:05:45.386000
BRONZE_CRM,TD_MS_MSG_AT_SNDNG_DTLS,ALTRTV_MSG_SNDNG_YN,TEXT,대체문자 발송 여부,22496493,889834,1,2026-10-08 02:05:45.386000
BRONZE_CRM,TD_MS_MSG_AT_SNDNG_DTLS,LAST_UPDUSR_ID,TEXT,최초등록일시,22496493,22188671,115121,2026-10-08 02:05:45.386000
BRONZE_CRM,TD_MS_MSG_AT_SNDNG_DTLS,ATTACHED_FILE,TEXT,첨부파일,22496493,13665323,11527177,2026-10-08 02:05:45.386000
BRONZE_CRM,TD_MS_MSG_AT_SNDNG_DTLS,_BATCH_ID,TEXT,배치ID (적재 배치 식별자),22496493,22496493,8,2026-10-08 02:05:45.386000
BRONZE_CRM,TD_MS_MSG_AT_SNDNG_DTLS,_STDR_YM,TEXT,기준년월 (적재 대상 마감 기준 YYYYMM),22496493,22496493,34,2026-10-08 02:05:45.386000
BRONZE_CRM,TM_RM_RELATNSP_LETTER_INFO,RELATNSP_KEY,NUMBER,결연KEY,217042,217042,106877,2026-10-08 02:05:43.242000
BRONZE_CRM,TM_RM_RELATNSP_LETTER_INFO,MNG_NO,TEXT,관리번호,217042,217042,220,2026-10-08 02:05:43.242000
BRONZE_CRM,TM_RM_RELATNSP_LETTER_INFO,LETTER_DIV_CD,NUMBER,서신구분코드,217042,217042,3,2026-10-08 02:05:43.242000
BRONZE_CRM,TM_RM_RELATNSP_LETTER_INFO,CTNT,TEXT,내용,217042,33387,3336,2026-10-08 02:05:43.242000
BRONZE_CRM,TM_RM_RELATNSP_LETTER_INFO,ONLINE_POST_WRITNG_YN,TEXT,온라인우편작성여부,217042,216839,2,2026-10-08 02:05:43.242000
BRONZE_CRM,TM_RM_RELATNSP_LETTER_INFO,FRST_RGSTR_ID,TEXT,최초등록자ID,217042,217038,92,2026-10-08 02:05:43.242000
BRONZE_CRM,TM_RM_RELATNSP_LETTER_INFO,EXCEL_SER_NO,NUMBER,엑셀일련번호,217042,217025,1564,2026-10-08 02:05:43.242000
BRONZE_CRM,TM_RM_RELATNSP_LETTER_INFO,UNREPLY_RSN_CD,NUMBER,미답신사유코드,217042,62,2,2026-10-08 02:05:43.242000
BRONZE_CRM,TM_RM_RELATNSP_LETTER_INFO,LANG_CD,TEXT,언어코드,217042,206141,391,2026-10-08 02:05:43.242000
BRONZE_CRM,TM_RM_RELATNSP_LETTER_INFO,ONLINE_INFLOW_CD,NUMBER,온라인유입코드,217042,173916,3,2026-10-08 02:05:43.242000
BRONZE_CRM,TM_RM_RELATNSP_LETTER_INFO,LETTER_STAT_CD,NUMBER,편지상태코드,217042,217042,3,2026-10-08 02:05:43.242000
BRONZE_CRM,TM_RM_RELATNSP_LETTER_INFO,_BATCH_ID,TEXT,배치ID (적재 배치 식별자),217042,217042,4,2026-10-08 02:05:43.242000
BRONZE_CRM,TM_RM_RELATNSP_LETTER_INFO,_STDR_YM,TEXT,기준년월 (적재 대상 마감 기준 YYYYMM),217042,217042,221,2026-10-08 02:05:43.242000
BRONZE_CRM,TM_MS_EVENT,EVENT_CD,NUMBER,이벤트코드,385,385,383,2026-10-08 02:05:41.515000
BRONZE_CRM,TM_MS_EVENT,EVENT_DIV_CD,TEXT,이벤트구분코드,385,385,5,2026-10-08 02:05:41.515000
BRONZE_CRM,TM_MS_EVENT,EVENT_NM,TEXT,이벤트명,385,385,390,2026-10-08 02:05:41.515000
BRONZE_CRM,TM_MS_EVENT,STRT_DATE,TEXT,시작일자,385,385,221,2026-10-08 02:05:41.515000
BRONZE_CRM,TM_MS_EVENT,END_DATE,TEXT,종료일자,385,385,151,2026-10-08 02:05:41.515000
BRONZE_CRM,TM_MS_EVENT,PRZWIN_PSNNL_CO,NUMBER,당첨인원수,385,385,62,2026-10-08 02:05:41.515000
BRONZE_CRM,TM_MS_EVENT,PRZWIN_GFT_SNDNG_DE,TEXT,당첨선물발송일,385,116,85,2026-10-08 02:05:41.515000
BRONZE_CRM,TM_MS_EVENT,FRST_RGSTR_ID,TEXT,최초등록자ID,385,385,39,2026-10-08 02:05:41.515000
BRONZE_CRM,TM_MS_EVENT,LAST_UPDUSR_ID,TEXT,최종수정자ID,385,385,41,2026-10-08 02:05:41.515000
BRONZE_CRM,TM_MS_EVENT,_BATCH_ID,TEXT,배치ID (적재 배치 식별자),385,385,2,2026-10-08 02:05:41.515000
BRONZE_CRM,TM_MS_EVENT,_STDR_YM,TEXT,기준년월 (적재 대상 마감 기준 YYYYMM),385,385,78,2026-10-08 02:05:41.515000
BRONZE_CRM,SND_REQ_MST,SEQ_NO,NUMBER,순번,2210,2210,2178,2026-10-08 02:05:39.223000
BRONZE_CRM,SND_REQ_MST,SEND_GBN_TOP,TEXT,발송 카테고리 (대),2210,2210,12,2026-10-08 02:05:39.223000
BRONZE_CRM,SND_REQ_MST,SEND_GBN_MID,TEXT,발송 카테고리 (중),2210,2210,16,2026-10-08 02:05:39.223000
BRONZE_CRM,SND_REQ_MST,SEND_GBN_BOT,TEXT,발송 카테고리 (소),2210,2210,46,2026-10-08 02:05:39.223000
BRONZE_CRM,SND_REQ_MST,SEND_TITLE,TEXT,발송 제목,2210,2210,722,2026-10-08 02:05:39.223000
BRONZE_CRM,SND_REQ_MST,MSG_TYPE,TEXT,메시지 유형,2210,2210,3,2026-10-08 02:05:39.223000
BRONZE_CRM,SND_REQ_MST,TMPL_CODE,TEXT,템플릿 코드,2210,2210,377,2026-10-08 02:05:39.223000
BRONZE_CRM,SND_REQ_MST,AUTHOR,TEXT,작성자,2210,0,0,2026-10-08 02:05:39.223000
BRONZE_CRM,SND_REQ_MST,CONDITION_TITLE,TEXT,발송 조건 제목,2210,2210,2178,2026-10-08 02:05:39.223000
BRONZE_CRM,SND_REQ_MST,CALL_NUMBER,TEXT,발신 번호,2210,1539,1,2026-10-08 02:05:39.223000
BRONZE_CRM,SND_REQ_MST,ALT_SMS_YN,TEXT,대체 문자 발송 여부,2210,1465,2,2026-10-08 02:05:39.223000
BRONZE_CRM,SND_REQ_MST,REGULARLY,TEXT,발송 유형 (정기/비정기),2210,2210,3,2026-10-08 02:05:39.223000
BRONZE_CRM,SND_REQ_MST,PERIODIC,TEXT,발송 주기,2210,12,2,2026-10-08 02:05:39.223000
BRONZE_CRM,SND_REQ_MST,PERIODIC_WEEK,TEXT,요일별 발송 요일,2210,1,1,2026-10-08 02:05:39.223000
BRONZE_CRM,SND_REQ_MST,PERIODIC_DAY,NUMBER,매월 발송 일자,2210,0,0,2026-10-08 02:05:39.223000
BRONZE_CRM,SND_REQ_MST,SEND_MIN,TEXT,발신분,2210,2210,60,2026-10-08 02:05:39.223000
BRONZE_CRM,SND_REQ_MST,SEND_SPLIT_TYPE,TEXT,발송 분할 방식,2210,2210,2,2026-10-08 02:05:39.223000
BRONZE_CRM,SND_REQ_MST,DIVIDE,NUMBER,분할 건수,2210,164,4,2026-10-08 02:05:39.223000
BRONZE_CRM,SND_REQ_MST,DIVIDE_UNIT,NUMBER,분할 단위 (분),2210,164,4,2026-10-08 02:05:39.223000
BRONZE_CRM,SND_REQ_MST,CORP_TYPE,TEXT,법인 구분,2210,103,2,2026-10-08 02:05:39.223000
BRONZE_CRM,SND_REQ_MST,AUTO_TYPE,TEXT,자동/수동 구분,2210,0,0,2026-10-08 02:05:39.223000
BRONZE_CRM,SND_REQ_MST,USE_YN,TEXT,사용 여부,2210,2210,1,2026-10-08 02:05:39.223000
BRONZE_CRM,SND_REQ_MST,REG_ID,TEXT,등록자,2210,2210,36,2026-10-08 02:05:39.223000
BRONZE_CRM,SND_REQ_MST,APPR_STATUS,TEXT,승인 상태,2210,0,0,2026-10-08 02:05:39.223000
BRONZE_CRM,SND_REQ_MST,CREATE_DEPT,TEXT,작성 부서,2210,0,0,2026-10-08 02:05:39.223000
BRONZE_CRM,SND_REQ_MST,SENDER_EMAIL,TEXT,발신 메일주소,2210,671,4,2026-10-08 02:05:39.223000
BRONZE_CRM,SND_REQ_MST,RCPT_LIST,TEXT,수신자 목록,2210,0,0,2026-10-08 02:05:39.223000
BRONZE_CRM,SND_REQ_MST,SEND_STATUS,TEXT,발송 상태,2210,2210,1,2026-10-08 02:05:39.223000
BRONZE_CRM,SND_REQ_MST,SEND_CNT,NUMBER,발송 건수,2210,2210,1,2026-10-08 02:05:39.223000
BRONZE_CRM,SND_REQ_MST,FAIL_CNT,NUMBER,실패 건수,2210,2210,1,2026-10-08 02:05:39.223000
BRONZE_CRM,SND_REQ_MST,LAST_ERR,TEXT,최근 오류,2210,0,0,2026-10-08 02:05:39.223000
BRONZE_CRM,SND_REQ_MST,PAPER_YEAR,TEXT,ACPI 년도,2210,468,4,2026-10-08 02:05:39.223000
BRONZE_CRM,SND_REQ_MST,MENU_CODE,TEXT,메뉴코드,2210,2210,10,2026-10-08 02:05:39.223000
BRONZE_CRM,SND_REQ_MST,SEND_GBN_TOP_NM,TEXT,발송 카테고리 (대),2210,2210,9,2026-10-08 02:05:39.223000
BRONZE_CRM,SND_REQ_MST,SEND_GBN_MID_NM,TEXT,발송 카테고리 (중),2210,2210,29,2026-10-08 02:05:39.223000
BRONZE_CRM,SND_REQ_MST,SEND_GBN_BOT_NM,TEXT,발송 카테고리 (소),2210,2210,61,2026-10-08 02:05:39.223000
BRONZE_CRM,SND_REQ_MST,TARGET_CNT,NUMBER,발송대상카운트,2210,2210,689,2026-10-08 02:05:39.223000
BRONZE_CRM,SND_REQ_MST,SEND_ROUND,NUMBER,발송차수,2210,2210,3,2026-10-08 02:05:39.223000
BRONZE_CRM,SND_REQ_MST,EXTRA,TEXT,EXTRA,2210,1303,1,2026-10-08 02:05:39.223000
BRONZE_CRM,SND_REQ_MST,ASSIGN_TARGET_CNT,NUMBER,배정대상카운트,2210,11,2,2026-10-08 02:05:39.223000
BRONZE_CRM,SND_REQ_MST,FIRST_SEQ_NO,NUMBER,첫번째SEQ_NO,2210,0,0,2026-10-08 02:05:39.223000
BRONZE_CRM,SND_REQ_MST,JOB_ID,TEXT,배치잡ID,2210,649,234,2026-10-08 02:05:39.223000
BRONZE_CRM,SND_REQ_MST,SYNCED_AT,TEXT,동기화 타임스탬프,2210,2210,1602,2026-10-08 02:05:39.223000
BRONZE_CRM,SND_REQ_MST,REG_NM,TEXT,등록자명,2210,2033,33,2026-10-08 02:05:39.223000
BRONZE_CRM,SND_REQ_MST,SERVICE_MENU_CODE,TEXT,서비스메뉴코드,2210,2210,13,2026-10-08 02:05:39.223000
BRONZE_CRM,SND_REQ_MST,_BATCH_ID,TEXT,배치ID (적재 배치 식별자),2210,2210,1,2026-10-08 02:05:39.223000
BRONZE_CRM,SND_REQ_MST,_STDR_YM,TEXT,기준년월 (적재 대상 마감 기준 YYYYMM),2210,2210,19,2026-10-08 02:05:39.223000
BRONZE_CRM,TM_RM_BPLC_MNG,BPLC_CD,TEXT,사업장코드,377,377,380,2026-10-08 02:05:37.765000
BRONZE_CRM,TM_RM_BPLC_MNG,NATION_CD,TEXT,국가코드,377,377,36,2026-10-08 02:05:37.765000
BRONZE_CRM,TM_RM_BPLC_MNG,BPLC_KORNM,TEXT,사업장한글명,377,377,376,2026-10-08 02:05:37.765000
BRONZE_CRM,TM_RM_BPLC_MNG,BPLC_ENGNM,TEXT,사업장영문명,377,372,364,2026-10-08 02:05:37.765000
BRONZE_CRM,TM_RM_BPLC_MNG,RELATNSP_BSNS_YN,TEXT,결연사업여부,377,377,2,2026-10-08 02:05:37.765000
BRONZE_CRM,TM_RM_BPLC_MNG,GFTMNEY_PSBL_YN,TEXT,선물금가능여부,377,377,2,2026-10-08 02:05:37.765000
BRONZE_CRM,TM_RM_BPLC_MNG,LETTER_PSBL_YN,TEXT,서신가능여부,377,374,2,2026-10-08 02:05:37.765000
BRONZE_CRM,TM_RM_BPLC_MNG,BPLC_DC,TEXT,사업장설명,377,128,107,2026-10-08 02:05:37.765000
BRONZE_CRM,TM_RM_BPLC_MNG,WTWK_FROM_DSTNC,NUMBER,수도부터거리,377,377,23,2026-10-08 02:05:37.765000
BRONZE_CRM,TM_RM_BPLC_MNG,CNCSN_RSN,TEXT,종결사유,377,81,17,2026-10-08 02:05:37.765000
BRONZE_CRM,TM_RM_BPLC_MNG,BPLC_MTCHG_MNG_YN,TEXT,사업장매칭관리여부,377,368,2,2026-10-08 02:05:37.765000
BRONZE_CRM,TM_RM_BPLC_MNG,FRST_RGSTR_ID,TEXT,최초등록자ID,377,377,2,2026-10-08 02:05:37.765000
BRONZE_CRM,TM_RM_BPLC_MNG,LAST_UPDUSR_ID,TEXT,최종수정자ID,377,377,11,2026-10-08 02:05:37.765000
BRONZE_CRM,TM_RM_BPLC_MNG,_BATCH_ID,TEXT,배치ID (적재 배치 식별자),377,377,1,2026-10-08 02:05:37.765000
BRONZE_CRM,TM_RM_BPLC_MNG,_STDR_YM,TEXT,기준년월 (적재 대상 마감 기준 YYYYMM),377,377,19,2026-10-08 02:05:37.765000
BRONZE_CRM,TD_MS_AT_TMPLAT_BTN_LIST,TMPLAT_ID,TEXT,템플릿ID,5694,5694,5242,2026-10-08 02:05:34.644000
BRONZE_CRM,TD_MS_AT_TMPLAT_BTN_LIST,BTN_SEQ,NUMBER,버튼순번,5694,5694,5595,2026-10-08 02:05:34.644000
BRONZE_CRM,TD_MS_AT_TMPLAT_BTN_LIST,BTN_TY_CD,TEXT,버튼유형코드,5694,5694,2,2026-10-08 02:05:34.644000
BRONZE_CRM,TD_MS_AT_TMPLAT_BTN_LIST,BTN_NM,TEXT,버튼명,5694,5694,708,2026-10-08 02:05:34.644000
BRONZE_CRM,TD_MS_AT_TMPLAT_BTN_LIST,ANDROID_URL,TEXT,안드로이드URL,5694,59,23,2026-10-08 02:05:34.644000
BRONZE_CRM,TD_MS_AT_TMPLAT_BTN_LIST,IOS_URL,TEXT,IOSURL,5694,60,24,2026-10-08 02:05:34.644000
BRONZE_CRM,TD_MS_AT_TMPLAT_BTN_LIST,MOBILE_URL,TEXT,모바일URL,5694,5646,2811,2026-10-08 02:05:34.644000
BRONZE_CRM,TD_MS_AT_TMPLAT_BTN_LIST,PC_URL,TEXT,PCURL,5694,4036,1862,2026-10-08 02:05:34.644000
BRONZE_CRM,TD_MS_AT_TMPLAT_BTN_LIST,FRST_RGSTR_ID,TEXT,최초등록자ID,5694,5694,69,2026-10-08 02:05:34.644000
BRONZE_CRM,TD_MS_AT_TMPLAT_BTN_LIST,LAST_UPDUSR_ID,TEXT,최종수정자ID,5694,5694,68,2026-10-08 02:05:34.644000
BRONZE_CRM,TD_MS_AT_TMPLAT_BTN_LIST,_BATCH_ID,TEXT,배치ID (적재 배치 식별자),5694,5694,3,2026-10-08 02:05:34.644000
BRONZE_CRM,TD_MS_AT_TMPLAT_BTN_LIST,_STDR_YM,TEXT,기준년월 (적재 대상 마감 기준 YYYYMM),5694,5694,86,2026-10-08 02:05:34.644000
BRONZE_CRM,TM_PM_INSTT_ACNUT,ACNUT_SER_NO,NUMBER,계좌일련번호,238,238,237,2026-10-08 02:05:32.646000
BRONZE_CRM,TM_PM_INSTT_ACNUT,CPR_DIV_CD,TEXT,법인구분코드,238,238,2,2026-10-08 02:05:32.646000
BRONZE_CRM,TM_PM_INSTT_ACNUT,ACNUT_DIV_CD,TEXT,계좌구분코드,238,238,2,2026-10-08 02:05:32.646000
BRONZE_CRM,TM_PM_INSTT_ACNUT,BANK_CD,TEXT,은행코드,238,238,10,2026-10-08 02:05:32.646000
BRONZE_CRM,TM_PM_INSTT_ACNUT,ACCTNO,TEXT,계좌번호,238,238,239,2026-10-08 02:05:32.646000
BRONZE_CRM,TM_PM_INSTT_ACNUT,ACNUT_PRP,TEXT,계좌용도,238,238,134,2026-10-08 02:05:32.646000
BRONZE_CRM,TM_PM_INSTT_ACNUT,ACNUT_ABRV,TEXT,계좌약칭,238,238,232,2026-10-08 02:05:32.646000
BRONZE_CRM,TM_PM_INSTT_ACNUT,CHRG_DEPT_CD,TEXT,담당부서코드,238,238,49,2026-10-08 02:05:32.646000
BRONZE_CRM,TM_PM_INSTT_ACNUT,REGIST_USE_YN,TEXT,등록사용여부,238,238,2,2026-10-08 02:05:32.646000
BRONZE_CRM,TM_PM_INSTT_ACNUT,USE_YN,TEXT,사용여부,238,238,2,2026-10-08 02:05:32.646000
BRONZE_CRM,TM_PM_INSTT_ACNUT,FRST_RGSTR_ID,TEXT,최초등록자ID,238,238,11,2026-10-08 02:05:32.646000
BRONZE_CRM,TM_PM_INSTT_ACNUT,LAST_UPDUSR_ID,TEXT,최종수정자ID,238,238,13,2026-10-08 02:05:32.646000
BRONZE_CRM,TM_PM_INSTT_ACNUT,_BATCH_ID,TEXT,배치ID (적재 배치 식별자),238,238,1,2026-10-08 02:05:32.646000
BRONZE_CRM,TM_PM_INSTT_ACNUT,_STDR_YM,TEXT,기준년월 (적재 대상 마감 기준 YYYYMM),238,238,40,2026-10-08 02:05:32.646000
BRONZE_CRM,TC_CMMN_DTL_CD,CD_ID,TEXT,코드ID,5884,5884,331,2026-10-08 02:05:29.742000
BRONZE_CRM,TC_CMMN_DTL_CD,DTL_CD_ID,TEXT,상세코드ID,5884,5884,2694,2026-10-08 02:05:29.742000
BRONZE_CRM,TC_CMMN_DTL_CD,DTL_CD_NM,TEXT,상세코드명,5884,5884,4345,2026-10-08 02:05:29.742000
BRONZE_CRM,TC_CMMN_DTL_CD,DTL_CD_DC,TEXT,상세코드설명,5884,5418,4093,2026-10-08 02:05:29.742000
BRONZE_CRM,TC_CMMN_DTL_CD,SORT_ORDR,NUMBER,정렬순서,5884,5318,303,2026-10-08 02:05:29.742000
BRONZE_CRM,TC_CMMN_DTL_CD,RM,TEXT,비고,5884,255,96,2026-10-08 02:05:29.742000
BRONZE_CRM,TC_CMMN_DTL_CD,USE_YN,TEXT,사용여부,5884,5883,2,2026-10-08 02:05:29.742000
BRONZE_CRM,TC_CMMN_DTL_CD,CD_ATRB1,TEXT,코드속성1,5884,667,106,2026-10-08 02:05:29.742000
BRONZE_CRM,TC_CMMN_DTL_CD,CD_ATRB2,TEXT,코드속성2,5884,82,35,2026-10-08 02:05:29.742000
BRONZE_CRM,TC_CMMN_DTL_CD,CD_ATRB3,TEXT,코드속성3,5884,626,30,2026-10-08 02:05:29.742000
BRONZE_CRM,TC_CMMN_DTL_CD,FRST_RGSTR_ID,TEXT,최초등록자ID,5884,5486,25,2026-10-08 02:05:29.742000
BRONZE_CRM,TC_CMMN_DTL_CD,LAST_UPDUSR_ID,TEXT,최종수정자ID,5884,5571,28,2026-10-08 02:05:29.742000
BRONZE_CRM,TC_CMMN_DTL_CD,UPPER_CD_ID,TEXT,상위코드ID,5884,686,60,2026-10-08 02:05:29.742000
BRONZE_CRM,TC_CMMN_DTL_CD,_BATCH_ID,TEXT,배치ID (적재 배치 식별자),5884,5884,1,2026-10-08 02:05:29.742000
BRONZE_CRM,TC_CMMN_DTL_CD,_STDR_YM,TEXT,기준년월 (적재 대상 마감 기준 YYYYMM),5884,5884,76,2026-10-08 02:05:29.742000
BRONZE_CRM,TM_MM_FDRM_MBER_DVLP_AMT,SPNSR_NO,TEXT,후원번호,3688556,3688556,2147387,2026-10-08 02:05:27.154000
BRONZE_CRM,TM_MM_FDRM_MBER_DVLP_AMT,SPNSR_BSNS_NO,NUMBER,후원사업번호,3688556,3688556,2253328,2026-10-08 02:05:27.154000
BRONZE_CRM,TM_MM_FDRM_MBER_DVLP_AMT,OCCRRNC_DE,TEXT,발생일,3688556,3688556,9926,2026-10-08 02:05:27.154000
BRONZE_CRM,TM_MM_FDRM_MBER_DVLP_AMT,SER_NO,NUMBER,일련번호,3688556,3688556,3602099,2026-10-08 02:05:27.154000
BRONZE_CRM,TM_MM_FDRM_MBER_DVLP_AMT,MBER_NO,TEXT,회원번호,3688556,3688556,1607342,2026-10-08 02:05:27.154000
BRONZE_CRM,TM_MM_FDRM_MBER_DVLP_AMT,ACT_DEPT_CD,TEXT,활동부서코드,3688556,3688542,372,2026-10-08 02:05:27.154000
BRONZE_CRM,TM_MM_FDRM_MBER_DVLP_AMT,ACMSLT_DEPT_CD,TEXT,실적부서코드,3688556,3688548,355,2026-10-08 02:05:27.154000
BRONZE_CRM,TM_MM_FDRM_MBER_DVLP_AMT,CMPGN_CD,TEXT,캠페인코드,3688556,3688556,17113,2026-10-08 02:05:27.154000
BRONZE_CRM,TM_MM_FDRM_MBER_DVLP_AMT,SETLE_CD,TEXT,결제코드,3688556,3688556,7,2026-10-08 02:05:27.154000
BRONZE_CRM,TM_MM_FDRM_MBER_DVLP_AMT,MBER_DIV_CD,TEXT,회원구분코드,3688556,3688556,3,2026-10-08 02:05:27.154000
BRONZE_CRM,TM_MM_FDRM_MBER_DVLP_AMT,SEX,TEXT,성별,3688556,3688556,9,2026-10-08 02:05:27.154000
BRONZE_CRM,TM_MM_FDRM_MBER_DVLP_AMT,AREA_CD,TEXT,지역코드,3688556,3688550,19,2026-10-08 02:05:27.154000
BRONZE_CRM,TM_MM_FDRM_MBER_DVLP_AMT,AGE,NUMBER,연령,3688556,3688556,12,2026-10-08 02:05:27.154000
BRONZE_CRM,TM_MM_FDRM_MBER_DVLP_AMT,SPNSR_TIME_CO,NUMBER,후원시간수,3688556,3688556,24,2026-10-08 02:05:27.154000
BRONZE_CRM,TM_MM_FDRM_MBER_DVLP_AMT,SPNSR_AMT_CD,TEXT,후원금액코드,3688556,3688556,5,2026-10-08 02:05:27.154000
BRONZE_CRM,TM_MM_FDRM_MBER_DVLP_AMT,SPNSR_BSNS_ID,TEXT,후원사업ID,3688556,3688556,29,2026-10-08 02:05:27.154000
BRONZE_CRM,TM_MM_FDRM_MBER_DVLP_AMT,CANCL_RDCAMT_RSN_CD,TEXT,취소감액사유코드,3688556,1346281,31,2026-10-08 02:05:27.154000
BRONZE_CRM,TM_MM_FDRM_MBER_DVLP_AMT,SPNSR_AMT,NUMBER,후원금액,3688556,3688556,1280,2026-10-08 02:05:27.154000
BRONZE_CRM,TM_MM_FDRM_MBER_DVLP_AMT,DVLP_DIV_CD,TEXT,개발구분코드,3688556,3688556,5,2026-10-08 02:05:27.154000
BRONZE_CRM,TM_MM_FDRM_MBER_DVLP_AMT,FRST_RGSTR_ID,TEXT,최초등록자ID,3688556,3435207,290139,2026-10-08 02:05:27.154000
BRONZE_CRM,TM_MM_FDRM_MBER_DVLP_AMT,FRST_RGSTR_NM,TEXT,최초등록자명,3688556,2892059,86294,2026-10-08 02:05:27.154000
BRONZE_CRM,TM_MM_FDRM_MBER_DVLP_AMT,_BATCH_ID,TEXT,배치ID (적재 배치 식별자),3688556,3688556,7,2026-10-08 02:05:27.154000
BRONZE_CRM,TM_MM_FDRM_MBER_DVLP_AMT,_STDR_YM,TEXT,기준년월 (적재 대상 마감 기준 YYYYMM),3688556,3688556,433,2026-10-08 02:05:27.154000
BRONZE_CRM,TH_MM_FDRM_MBER_STNG_DTLS,MBER_NO,TEXT,회원번호,7717970,7717970,1265437,2026-10-08 02:05:25.138000
BRONZE_CRM,TH_MM_FDRM_MBER_STNG_DTLS,SER_NO,NUMBER,일련번호,7717970,7717970,2836533,2026-10-08 02:05:25.138000
BRONZE_CRM,TH_MM_FDRM_MBER_STNG_DTLS,BF_STAT_CD,TEXT,이전상태코드,7717970,7717970,12,2026-10-08 02:05:25.138000
BRONZE_CRM,TH_MM_FDRM_MBER_STNG_DTLS,CHN_STAT_CD,TEXT,변경상태코드,7717970,7717970,12,2026-10-08 02:05:25.138000
BRONZE_CRM,TH_MM_FDRM_MBER_STNG_DTLS,FRST_RGSTR_ID,TEXT,최초등록자ID,7717970,7706253,167397,2026-10-08 02:05:25.138000
BRONZE_CRM,TH_MM_FDRM_MBER_STNG_DTLS,_BATCH_ID,TEXT,배치ID (적재 배치 식별자),7717970,7717970,7,2026-10-08 02:05:25.138000
BRONZE_CRM,TH_MM_FDRM_MBER_STNG_DTLS,_STDR_YM,TEXT,기준년월 (적재 대상 마감 기준 YYYYMM),7717970,7717970,175,2026-10-08 02:05:25.138000
BRONZE_CRM,TM_MM_FDRM_MBER_DT_DTLS,MBER_NO,TEXT,회원번호 (전환 후 정기회원 · 참조: TM_MM_FDRM_MBER_INFO),7236,7236,7338,2026-10-08 02:05:23.711000
BRONZE_CRM,TM_MM_FDRM_MBER_DT_DTLS,ONCE_MBER_NO,TEXT,일시후원회원번호 (전환 전 · 참조: TM_MM_ONCE_MBER_INFO),7236,7236,7307,2026-10-08 02:05:23.711000
BRONZE_CRM,TM_MM_FDRM_MBER_DT_DTLS,_BATCH_ID,TEXT,배치ID (적재 배치 식별자),7236,7236,7,2026-10-08 02:05:23.711000
BRONZE_CRM,TM_MM_FDRM_MBER_DT_DTLS,_STDR_YM,TEXT,기준년월 (적재 대상 마감 기준 YYYYMM),7236,7236,174,2026-10-08 02:05:23.711000
BRONZE_CRM,TM_MS_MSG_AT_SNDNG,SNDNG_KEY,NUMBER,발신KEY,1237166,1237166,1217585,2026-10-08 02:05:21.159000
BRONZE_CRM,TM_MS_MSG_AT_SNDNG,SNDNG_CD_ID,TEXT,발신코드ID,1237166,1237166,8,2026-10-08 02:05:21.159000
BRONZE_CRM,TM_MS_MSG_AT_SNDNG,SNDNG_DTL_CD_ID,TEXT,발신상세코드ID,1237166,1237011,205,2026-10-08 02:05:21.159000
BRONZE_CRM,TM_MS_MSG_AT_SNDNG,SNDNG_TY_CD,TEXT,발신유형코드,1237166,1237166,2,2026-10-08 02:05:21.159000
BRONZE_CRM,TM_MS_MSG_AT_SNDNG,SNDNG_TIME_DIV_CD,TEXT,발신시간구분코드,1237166,1198771,3,2026-10-08 02:05:21.159000
BRONZE_CRM,TM_MS_MSG_AT_SNDNG,MSG_DIV_CD,TEXT,메시지구분코드,1237166,1237164,4,2026-10-08 02:05:21.159000
BRONZE_CRM,TM_MS_MSG_AT_SNDNG,TIT,TEXT,제목,1237166,1198165,3537,2026-10-08 02:05:21.159000
BRONZE_CRM,TM_MS_MSG_AT_SNDNG,MSG_AT_RM,TEXT,메시지알림톡비고,1237166,1371,19,2026-10-08 02:05:21.159000
BRONZE_CRM,TM_MS_MSG_AT_SNDNG,PCPSN_ID,TEXT,처리자ID,1237166,709411,115121,2026-10-08 02:05:21.159000
BRONZE_CRM,TM_MS_MSG_AT_SNDNG,ATCHFL_ID,TEXT,첨부파일ID,1237166,137,131,2026-10-08 02:05:21.159000
BRONZE_CRM,TM_MS_MSG_AT_SNDNG,TMPLAT_ID,TEXT,템플릿ID,1237166,1192916,2095,2026-10-08 02:05:21.159000
BRONZE_CRM,TM_MS_MSG_AT_SNDNG,ALTRTV_MSG_SNDNG_YN,TEXT,대체메시지발신여부,1237166,1116533,2,2026-10-08 02:05:21.159000
BRONZE_CRM,TM_MS_MSG_AT_SNDNG,ALTRTV_MSG_ATCHFL_ID,TEXT,대체메시지첨부파일ID,1237166,0,0,2026-10-08 02:05:21.159000
BRONZE_CRM,TM_MS_MSG_AT_SNDNG,FRST_RGSTR_ID,TEXT,최초등록자ID,1237166,709411,115121,2026-10-08 02:05:21.159000
BRONZE_CRM,TM_MS_MSG_AT_SNDNG,LAST_UPDUSR_ID,TEXT,최종수정자ID,1237166,709411,115121,2026-10-08 02:05:21.159000
BRONZE_CRM,TM_MS_MSG_AT_SNDNG,_BATCH_ID,TEXT,배치ID (적재 배치 식별자),1237166,1237166,8,2026-10-08 02:05:21.159000
BRONZE_CRM,TM_MS_MSG_AT_SNDNG,_STDR_YM,TEXT,기준년월 (적재 대상 마감 기준 YYYYMM),1237166,1237166,34,2026-10-08 02:05:21.159000
BRONZE_CRM,TM_MM_FDRM_MBER_SPNSR_BSNS,SPNSR_NO,TEXT,후원번호,2219670,2219670,2147387,2026-10-08 02:05:19.069000
BRONZE_CRM,TM_MM_FDRM_MBER_SPNSR_BSNS,SPNSR_BSNS_NO,NUMBER,후원사업번호,2219670,2219670,2253328,2026-10-08 02:05:19.069000
BRONZE_CRM,TM_MM_FDRM_MBER_SPNSR_BSNS,SPNSR_BSNS_ID,TEXT,후원사업ID,2219670,2219670,29,2026-10-08 02:05:19.069000
BRONZE_CRM,TM_MM_FDRM_MBER_SPNSR_BSNS,SPNSR_AMT,NUMBER,후원금액,2219670,2219670,599,2026-10-08 02:05:19.069000
BRONZE_CRM,TM_MM_FDRM_MBER_SPNSR_BSNS,SPNSR_DSCNTC_DE,TEXT,후원중단일,2219670,1378512,7397,2026-10-08 02:05:19.069000
BRONZE_CRM,TM_MM_FDRM_MBER_SPNSR_BSNS,SPNSR_DSCNTC_YN,TEXT,후원중단여부,2219670,2219670,2,2026-10-08 02:05:19.069000
BRONZE_CRM,TM_MM_FDRM_MBER_SPNSR_BSNS,SPNSR_DSCNTC_RSN_CD,TEXT,후원중단사유코드,2219670,1378505,28,2026-10-08 02:05:19.069000
BRONZE_CRM,TM_MM_FDRM_MBER_SPNSR_BSNS,_BATCH_ID,TEXT,배치ID (적재 배치 식별자),2219670,2219670,1,2026-10-08 02:05:19.069000
BRONZE_CRM,TM_MM_FDRM_MBER_SPNSR_BSNS,_STDR_YM,TEXT,기준년월 (적재 대상 마감 기준 YYYYMM),2219670,1378512,305,2026-10-08 02:05:19.069000
BRONZE_CRM,TM_CM_SCHDUL_MNG,SCHDUL_KEY,NUMBER,일정KEY,4193,4193,4123,2026-10-08 02:05:17.145000
BRONZE_CRM,TM_CM_SCHDUL_MNG,SCHDUL_DIV_CD,TEXT,일정구분코드,4193,4193,2,2026-10-08 02:05:17.145000
BRONZE_CRM,TM_CM_SCHDUL_MNG,SCHDUL_CD,TEXT,일정코드,4193,3928,34,2026-10-08 02:05:17.145000
BRONZE_CRM,TM_CM_SCHDUL_MNG,SCHDUL_TIT,TEXT,일정제목,4193,3106,104,2026-10-08 02:05:17.145000
BRONZE_CRM,TM_CM_SCHDUL_MNG,FRST_RGSTR_ID,TEXT,최초등록자ID,4193,4193,18,2026-10-08 02:05:17.145000
BRONZE_CRM,TM_CM_SCHDUL_MNG,LAST_UPDUSR_ID,TEXT,최종수정자ID,4193,4193,19,2026-10-08 02:05:17.145000
BRONZE_CRM,TM_CM_SCHDUL_MNG,_BATCH_ID,TEXT,배치ID (적재 배치 식별자),4193,4193,1,2026-10-08 02:05:17.145000
BRONZE_CRM,TM_CM_SCHDUL_MNG,_STDR_YM,TEXT,기준년월 (적재 대상 마감 기준 YYYYMM),4193,4193,21,2026-10-08 02:05:17.145000
BRONZE_CRM,TM_CM_SPNSR_BSNS_INFO,SPNSR_BSNS_ID,TEXT,후원사업ID,50,50,50,2026-10-08 02:05:15.194000
BRONZE_CRM,TM_CM_SPNSR_BSNS_INFO,SPNSR_DIV_CD,TEXT,후원구분코드,50,50,2,2026-10-08 02:05:15.194000
BRONZE_CRM,TM_CM_SPNSR_BSNS_INFO,SPNSR_BSNS_NM,TEXT,후원사업명,50,50,50,2026-10-08 02:05:15.194000
BRONZE_CRM,TM_CM_SPNSR_BSNS_INFO,SPNSR_BSNS_ABRV_CD,TEXT,후원사업약칭코드,50,50,6,2026-10-08 02:05:15.194000
BRONZE_CRM,TM_CM_SPNSR_BSNS_INFO,DNTN_TY_CD,TEXT,기부금유형코드,50,50,2,2026-10-08 02:05:15.194000
BRONZE_CRM,TM_CM_SPNSR_BSNS_INFO,SORT_ORDR,NUMBER,정렬순서,50,50,33,2026-10-08 02:05:15.194000
BRONZE_CRM,TM_CM_SPNSR_BSNS_INFO,CPR_DIV_CD,TEXT,법인구분코드,50,50,2,2026-10-08 02:05:15.194000
BRONZE_CRM,TM_CM_SPNSR_BSNS_INFO,RM,TEXT,비고,50,5,4,2026-10-08 02:05:15.194000
BRONZE_CRM,TM_CM_SPNSR_BSNS_INFO,USE_YN,TEXT,사용여부,50,50,2,2026-10-08 02:05:15.194000
BRONZE_CRM,TM_CM_SPNSR_BSNS_INFO,FRST_RGSTR_ID,TEXT,최초등록자ID,50,50,4,2026-10-08 02:05:15.194000
BRONZE_CRM,TM_CM_SPNSR_BSNS_INFO,LAST_UPDUSR_ID,TEXT,최종수정자ID,50,50,4,2026-10-08 02:05:15.194000
BRONZE_CRM,TM_CM_SPNSR_BSNS_INFO,_BATCH_ID,TEXT,배치ID (적재 배치 식별자),50,50,1,2026-10-08 02:05:15.194000
BRONZE_CRM,TM_CM_SPNSR_BSNS_INFO,_STDR_YM,TEXT,기준년월 (적재 대상 마감 기준 YYYYMM),50,50,5,2026-10-08 02:05:15.194000
BRONZE_CRM,TM_MM_FDRM_MBER_INFO,MBER_NO,TEXT,회원번호,1620742,1620742,1608568,2026-10-08 02:05:11.515000
BRONZE_CRM,TM_MM_FDRM_MBER_INFO,MBER_DIV_CD,TEXT,회원구분코드,1620742,1620742,3,2026-10-08 02:05:11.515000
BRONZE_CRM,TM_MM_FDRM_MBER_INFO,CPR_DIV_CD,TEXT,법인구분코드,1620742,1620741,3,2026-10-08 02:05:11.515000
BRONZE_CRM,TM_MM_FDRM_MBER_INFO,SLRCLD_LRR_CD,TEXT,양력음력코드,1620742,1303700,4,2026-10-08 02:05:11.515000
BRONZE_CRM,TM_MM_FDRM_MBER_INFO,MOBLPHON_STAT_CD,TEXT,휴대폰상태코드,1620742,1611716,3,2026-10-08 02:05:11.515000
BRONZE_CRM,TM_MM_FDRM_MBER_INFO,TSTM_DIV_CD,NUMBER,TSTM구분코드,1620742,1084461,4,2026-10-08 02:05:11.515000
BRONZE_CRM,TM_MM_FDRM_MBER_INFO,ETC_TSTM_DIV_CD,NUMBER,기타TSTM구분코드,1620742,1008234,4,2026-10-08 02:05:11.515000
BRONZE_CRM,TM_MM_FDRM_MBER_INFO,ETC_CTTPC_REL_CD,TEXT,기타연락처관계코드,1620742,126639,14,2026-10-08 02:05:11.515000
BRONZE_CRM,TM_MM_FDRM_MBER_INFO,ETC_CTTPC_STAT_CD,TEXT,기타연락처상태코드,1620742,344738,3,2026-10-08 02:05:11.515000
BRONZE_CRM,TM_MM_FDRM_MBER_INFO,EMAIL_STAT_CD,TEXT,이메일상태코드,1620742,745530,4,2026-10-08 02:05:11.515000
BRONZE_CRM,TM_MM_FDRM_MBER_INFO,PSTMTR_RECPTN_CD,TEXT,우편물수신코드,1620742,1620729,23,2026-10-08 02:05:11.515000
BRONZE_CRM,TM_MM_FDRM_MBER_INFO,EMAIL_RECPTN_CD,TEXT,이메일수신코드,1620742,1620490,24,2026-10-08 02:05:11.515000
BRONZE_CRM,TM_MM_FDRM_MBER_INFO,CHRCTR_RECPTN_YN,TEXT,문자수신여부,1620742,1619676,2,2026-10-08 02:05:11.515000
BRONZE_CRM,TM_MM_FDRM_MBER_INFO,BL_ENTRPS_NO,NUMBER,소속업체번호,1620742,7300,419,2026-10-08 02:05:11.515000
BRONZE_CRM,TM_MM_FDRM_MBER_INFO,SPECL_MNG_CD1,TEXT,특별관리코드1,1620742,1378970,20,2026-10-08 02:05:11.515000
BRONZE_CRM,TM_MM_FDRM_MBER_INFO,SPECL_MNG_CD2,TEXT,특별관리코드2,1620742,125,9,2026-10-08 02:05:11.515000
BRONZE_CRM,TM_MM_FDRM_MBER_INFO,TNI_CU_BL_NO,NUMBER,더네이버스클럽소속번호,1620742,29,3,2026-10-08 02:05:11.515000
BRONZE_CRM,TM_MM_FDRM_MBER_INFO,CMPGN_CD,TEXT,캠페인코드,1620742,1619348,13670,2026-10-08 02:05:11.515000
BRONZE_CRM,TM_MM_FDRM_MBER_INFO,MBER_STAT_CD,TEXT,회원상태코드,1620742,1620741,12,2026-10-08 02:05:11.515000
BRONZE_CRM,TM_MM_FDRM_MBER_INFO,RELATNSP_DIV_CD,TEXT,결연구분코드,1620742,1620695,4,2026-10-08 02:05:11.515000
BRONZE_CRM,TM_MM_FDRM_MBER_INFO,ACT_DEPT_CD,TEXT,활동부서코드,1620742,1616717,281,2026-10-08 02:05:11.515000
BRONZE_CRM,TM_MM_FDRM_MBER_INFO,HMPG_ID,TEXT,홈페이지ID,1620742,777881,766884,2026-10-08 02:05:11.515000
BRONZE_CRM,TM_MM_FDRM_MBER_INFO,JOIN_PATH_CD,TEXT,가입경로코드,1620742,1620738,6,2026-10-08 02:05:11.515000
BRONZE_CRM,TM_MM_FDRM_MBER_INFO,CTI_SYNCHRN_DIV_CD,TEXT,CTI동기화구분코드,1620742,1620741,2,2026-10-08 02:05:11.515000
BRONZE_CRM,TM_MM_FDRM_MBER_INFO,REGIST_DEPT_CD,TEXT,등록부서코드,1620742,1620741,356,2026-10-08 02:05:11.515000
BRONZE_CRM,TM_MM_FDRM_MBER_INFO,FRST_RGSTR_ID,TEXT,최초등록자ID,1620742,1406241,47483,2026-10-08 02:05:11.515000
BRONZE_CRM,TM_MM_FDRM_MBER_INFO,SEX,TEXT,성별,1620742,1620742,8,2026-10-08 02:05:11.515000
BRONZE_CRM,TM_MM_FDRM_MBER_INFO,_BATCH_ID,TEXT,배치ID (적재 배치 식별자),1620742,1620742,1,2026-10-08 02:05:11.515000
BRONZE_CRM,TM_MM_FDRM_MBER_INFO,_STDR_YM,TEXT,기준년월 (적재 대상 마감 기준 YYYYMM),1620742,1620741,431,2026-10-08 02:05:11.515000
BRONZE_CRM,TM_PM_MBRFEE_ACMSLT,MBRFEE_KEY,NUMBER,회비KEY,49701037,49701037,49999092,2026-10-08 02:04:47.381000
BRONZE_CRM,TM_PM_MBRFEE_ACMSLT,MBER_DIV_CD,TEXT,회원구분코드,49701037,49701037,3,2026-10-08 02:04:47.381000
BRONZE_CRM,TM_PM_MBRFEE_ACMSLT,MBER_NO,TEXT,회원번호,49701037,49701037,1178134,2026-10-08 02:04:47.381000
BRONZE_CRM,TM_PM_MBRFEE_ACMSLT,CPR_DIV_CD,TEXT,법인구분코드,49701037,49701030,2,2026-10-08 02:04:47.381000
BRONZE_CRM,TM_PM_MBRFEE_ACMSLT,SPNSR_NO,TEXT,후원번호,49701037,49569047,1421778,2026-10-08 02:04:47.381000
BRONZE_CRM,TM_PM_MBRFEE_ACMSLT,SPNSR_BSNS_NO,NUMBER,후원사업번호,49701037,49569047,1468371,2026-10-08 02:04:47.381000
BRONZE_CRM,TM_PM_MBRFEE_ACMSLT,SPNSR_BSNS_ID,TEXT,후원사업ID,49701037,49613515,34,2026-10-08 02:04:47.381000
BRONZE_CRM,TM_PM_MBRFEE_ACMSLT,RELATNSP_KEY,NUMBER,결연KEY,49701037,13455988,422155,2026-10-08 02:04:47.381000
BRONZE_CRM,TM_PM_MBRFEE_ACMSLT,OVSEA_AID_KEY,NUMBER,해외구호KEY,49701037,1020039,18114,2026-10-08 02:04:47.381000
BRONZE_CRM,TM_PM_MBRFEE_ACMSLT,MBRFEE_MT,TEXT,회비월,49701037,49701037,262,2026-10-08 02:04:47.381000
BRONZE_CRM,TM_PM_MBRFEE_ACMSLT,MBRFEE_SQNC,NUMBER,회비차수,49701037,49366670,52,2026-10-08 02:04:47.381000
BRONZE_CRM,TM_PM_MBRFEE_ACMSLT,RQEST_MT,TEXT,청구월,49701037,49701037,218,2026-10-08 02:04:47.381000
BRONZE_CRM,TM_PM_MBRFEE_ACMSLT,RQEST_SQNC,NUMBER,청구차수,49701037,49701037,69,2026-10-08 02:04:47.381000
BRONZE_CRM,TM_PM_MBRFEE_ACMSLT,MBRFEE_DIV_CD,TEXT,회비구분코드,49701037,49701037,4,2026-10-08 02:04:47.381000
BRONZE_CRM,TM_PM_MBRFEE_ACMSLT,GFT_DIV_CD,TEXT,선물구분코드,49701037,88019,7,2026-10-08 02:04:47.381000
BRONZE_CRM,TM_PM_MBRFEE_ACMSLT,GFTMNEY_CHILD_CD,NUMBER,선물금아동코드,49701037,87522,42023,2026-10-08 02:04:47.381000
BRONZE_CRM,TM_PM_MBRFEE_ACMSLT,ONCE_CMPGN_CD,TEXT,일시후원캠페인코드,49701037,44467,604,2026-10-08 02:04:47.381000
BRONZE_CRM,TM_PM_MBRFEE_ACMSLT,TOGETH_WTDRW_REQUST_KEY,NUMBER,함께출금요청KEY,49701037,39083,32118,2026-10-08 02:04:47.381000
BRONZE_CRM,TM_PM_MBRFEE_ACMSLT,TOGETH_WTDRW_YN,TEXT,함께출금여부,49701037,49701037,2,2026-10-08 02:04:47.381000
BRONZE_CRM,TM_PM_MBRFEE_ACMSLT,SETLE_KEY,NUMBER,결제KEY,49701037,49400235,1451772,2026-10-08 02:04:47.381000
BRONZE_CRM,TM_PM_MBRFEE_ACMSLT,SETLE_CD,TEXT,결제코드,49701037,49700716,11,2026-10-08 02:04:47.381000
BRONZE_CRM,TM_PM_MBRFEE_ACMSLT,SETLE_ENTRPS_CD,TEXT,결제업체코드,49701037,49302099,102,2026-10-08 02:04:47.381000
BRONZE_CRM,TM_PM_MBRFEE_ACMSLT,PAYER_NM,TEXT,결제자명,49701037,49201691,247845,2026-10-08 02:04:47.381000
BRONZE_CRM,TM_PM_MBRFEE_ACMSLT,RQEST_DIV_CD,TEXT,청구구분코드,49701037,49693752,4,2026-10-08 02:04:47.381000
BRONZE_CRM,TM_PM_MBRFEE_ACMSLT,RQEST_AMT,NUMBER,청구금액,49701037,49701037,3554,2026-10-08 02:04:47.381000
BRONZE_CRM,TM_PM_MBRFEE_ACMSLT,PAY_AMT,NUMBER,납입금액,49701037,49016355,3580,2026-10-08 02:04:47.381000
BRONZE_CRM,TM_PM_MBRFEE_ACMSLT,PAY_STAT_CD,TEXT,납입상태코드,49701037,49017034,2,2026-10-08 02:04:47.381000
BRONZE_CRM,TM_PM_MBRFEE_ACMSLT,PRCS_STAT_CD,TEXT,처리상태코드,49701037,49701037,3,2026-10-08 02:04:47.381000
BRONZE_CRM,TM_PM_MBRFEE_ACMSLT,RQST_KEY,NUMBER,신청KEY,49701037,49399701,13330589,2026-10-08 02:04:47.381000
BRONZE_CRM,TM_PM_MBRFEE_ACMSLT,RST_KEY,NUMBER,결과KEY,49701037,13892920,12412667,2026-10-08 02:04:47.381000
BRONZE_CRM,TM_PM_MBRFEE_ACMSLT,ELCTR_SETLE_KEY,NUMBER,전자결제KEY,49701037,117535,95759,2026-10-08 02:04:47.381000
BRONZE_CRM,TM_PM_MBRFEE_ACMSLT,SETLE_CMPNY_ACNT_NO,NUMBER,결제사계좌번호,49701037,117854,32,2026-10-08 02:04:47.381000
BRONZE_CRM,TM_PM_MBRFEE_ACMSLT,MBRFEE_BNKB_KEY,NUMBER,회비통장KEY,49701037,181534,87505,2026-10-08 02:04:47.381000
BRONZE_CRM,TM_PM_MBRFEE_ACMSLT,ACNUT_SER_NO,NUMBER,계좌일련번호,49701037,181843,74,2026-10-08 02:04:47.381000
BRONZE_CRM,TM_PM_MBRFEE_ACMSLT,FNLT_CD,TEXT,금융기관코드,49701037,114565,114,2026-10-08 02:04:47.381000
BRONZE_CRM,TM_PM_MBRFEE_ACMSLT,BILLKEY,TEXT,빌키,49701037,8990804,761613,2026-10-08 02:04:47.381000
BRONZE_CRM,TM_PM_MBRFEE_ACMSLT,RQEST_RST_CD,TEXT,청구결과코드,49701037,49008588,100,2026-10-08 02:04:47.381000
BRONZE_CRM,TM_PM_MBRFEE_ACMSLT,PRCS_RST_CD,TEXT,처리결과코드,49701037,48831007,7,2026-10-08 02:04:47.381000
BRONZE_CRM,TM_PM_MBRFEE_ACMSLT,TRNSFER_REQUST_KEY,NUMBER,이관요청KEY,49701037,87400,6130,2026-10-08 02:04:47.381000
BRONZE_CRM,TM_PM_MBRFEE_ACMSLT,TRNSFER_MBRFEE_KEY,NUMBER,이관회비KEY,49701037,87400,87150,2026-10-08 02:04:47.381000
BRONZE_CRM,TM_PM_MBRFEE_ACMSLT,TRNSFER_DNTN_KEY,NUMBER,이관기부금KEY,49701037,0,0,2026-10-08 02:04:47.381000
BRONZE_CRM,TM_PM_MBRFEE_ACMSLT,TRNSFER_RSN_CD,TEXT,이관사유코드,49701037,87400,1,2026-10-08 02:04:47.381000
BRONZE_CRM,TM_PM_MBRFEE_ACMSLT,RETUN_REQUST_KEY,NUMBER,환급요청KEY,49701037,15950,6299,2026-10-08 02:04:47.381000
BRONZE_CRM,TM_PM_MBRFEE_ACMSLT,RETUN_MBRFEE_KEY,NUMBER,환급회비KEY,49701037,15950,15823,2026-10-08 02:04:47.381000
BRONZE_CRM,TM_PM_MBRFEE_ACMSLT,RETUN_RSN_CD,TEXT,환급사유코드,49701037,15950,11,2026-10-08 02:04:47.381000
BRONZE_CRM,TM_PM_MBRFEE_ACMSLT,RM,TEXT,비고,49701037,171288,18680,2026-10-08 02:04:47.381000
BRONZE_CRM,TM_PM_MBRFEE_ACMSLT,USE_YN,TEXT,사용여부,49701037,49701037,2,2026-10-08 02:04:47.381000
BRONZE_CRM,TM_PM_MBRFEE_ACMSLT,OPERTOR_ID,TEXT,작업자ID,49701037,49697774,41582,2026-10-08 02:04:47.381000
BRONZE_CRM,TM_PM_MBRFEE_ACMSLT,OPERTOR_NM,TEXT,작업자명,49701037,49683925,24513,2026-10-08 02:04:47.381000
BRONZE_CRM,TM_PM_MBRFEE_ACMSLT,OPERT_DIV_CD,TEXT,작업구분코드,49701037,49697393,6,2026-10-08 02:04:47.381000
BRONZE_CRM,TM_PM_MBRFEE_ACMSLT,OPER_KEY,NUMBER,운영KEY,49701037,49399701,4067,2026-10-08 02:04:47.381000
BRONZE_CRM,TM_PM_MBRFEE_ACMSLT,OPER_RST_KEY,NUMBER,운영결과KEY,49701037,48716665,4102,2026-10-08 02:04:47.381000
BRONZE_CRM,TM_PM_MBRFEE_ACMSLT,_BATCH_ID,TEXT,배치ID (적재 배치 식별자),49701037,49701037,8,2026-10-08 02:04:47.381000
BRONZE_CRM,TM_PM_MBRFEE_ACMSLT,_STDR_YM,TEXT,기준년월 (적재 대상 마감 기준 YYYYMM),49701037,49701037,58,2026-10-08 02:04:47.381000
BRONZE_CRM,TM_CM_BRND_MNG,BRND_ID,TEXT,브랜드ID,103,103,102,2026-10-08 02:04:46.085000
BRONZE_CRM,TM_CM_BRND_MNG,BRND_NM,TEXT,브랜드명,103,103,98,2026-10-08 02:04:46.085000
BRONZE_CRM,TM_CM_BRND_MNG,USE_DEPT_CD,TEXT,사용부서코드,103,103,19,2026-10-08 02:04:46.085000
BRONZE_CRM,TM_CM_BRND_MNG,USE_YN,TEXT,사용여부,103,103,2,2026-10-08 02:04:46.085000
BRONZE_CRM,TM_CM_BRND_MNG,PR_MTH_LIST,TEXT,홍보방법리스트,103,93,69,2026-10-08 02:04:46.085000
BRONZE_CRM,TM_CM_BRND_MNG,FRST_RGSTR_ID,TEXT,최초등록자ID,103,103,33,2026-10-08 02:04:46.085000
BRONZE_CRM,TM_CM_BRND_MNG,LAST_UPDUSR_ID,TEXT,최종수정자ID,103,103,11,2026-10-08 02:04:46.085000
BRONZE_CRM,TM_CM_BRND_MNG,_BATCH_ID,TEXT,배치ID (적재 배치 식별자),103,103,1,2026-10-08 02:04:46.085000
BRONZE_CRM,TM_CM_BRND_MNG,_STDR_YM,TEXT,기준년월 (적재 대상 마감 기준 YYYYMM),103,103,25,2026-10-08 02:04:46.085000
BRONZE_CRM,TD_MS_MSG_AT_LQY_SNDNG,SNDNG_KEY,NUMBER,발신KEY,1240357,1240357,1217585,2026-10-08 02:04:44.202000
BRONZE_CRM,TD_MS_MSG_AT_LQY_SNDNG,DIVS_DTL_KEY,NUMBER,분할상세KEY,1240357,1240357,45,2026-10-08 02:04:44.202000
BRONZE_CRM,TD_MS_MSG_AT_LQY_SNDNG,SNDNG_CNT,NUMBER,발신건수,1240357,1240357,2553,2026-10-08 02:04:44.202000
BRONZE_CRM,TD_MS_MSG_AT_LQY_SNDNG,SUCCES_CNT,NUMBER,성공건수,1240357,1239543,2443,2026-10-08 02:04:44.202000
BRONZE_CRM,TD_MS_MSG_AT_LQY_SNDNG,AT_ALTRTV_SNDNG_CNT,NUMBER,알림톡대체발송건수,1240357,1239543,766,2026-10-08 02:04:44.202000
BRONZE_CRM,TD_MS_MSG_AT_LQY_SNDNG,AT_FAILR_CNT,NUMBER,알림톡실패건수,1240357,1239543,434,2026-10-08 02:04:44.202000
BRONZE_CRM,TD_MS_MSG_AT_LQY_SNDNG,RESVE_HM,TEXT,예약시분,1240357,23012,537,2026-10-08 02:04:44.202000
BRONZE_CRM,TD_MS_MSG_AT_LQY_SNDNG,TOT_CLICK_CNT_CTNT,TEXT,총클릭건수내용,1240357,0,0,2026-10-08 02:04:44.202000
BRONZE_CRM,TD_MS_MSG_AT_LQY_SNDNG,CLICK_CNT_CTNT1,TEXT,클릭건수내용1,1240357,0,0,2026-10-08 02:04:44.202000
BRONZE_CRM,TD_MS_MSG_AT_LQY_SNDNG,CLICK_CNT_CTNT2,TEXT,클릭건수내용2,1240357,0,0,2026-10-08 02:04:44.202000
BRONZE_CRM,TD_MS_MSG_AT_LQY_SNDNG,CLICK_CNT_CTNT3,TEXT,클릭건수내용3,1240357,0,0,2026-10-08 02:04:44.202000
BRONZE_CRM,TD_MS_MSG_AT_LQY_SNDNG,CLICK_CNT_CTNT4,TEXT,클릭건수내용4,1240357,0,0,2026-10-08 02:04:44.202000
BRONZE_CRM,TD_MS_MSG_AT_LQY_SNDNG,RM_VU_CTNT,TEXT,비고값내용,1240357,0,0,2026-10-08 02:04:44.202000
BRONZE_CRM,TD_MS_MSG_AT_LQY_SNDNG,FRST_RGSTR_ID,TEXT,최초등록자ID,1240357,712601,115121,2026-10-08 02:04:44.202000
BRONZE_CRM,TD_MS_MSG_AT_LQY_SNDNG,LAST_UPDUSR_ID,TEXT,최종수정자ID,1240357,712601,115121,2026-10-08 02:04:44.202000
BRONZE_CRM,TD_MS_MSG_AT_LQY_SNDNG,_BATCH_ID,TEXT,배치ID (적재 배치 식별자),1240357,1240357,8,2026-10-08 02:04:44.202000
BRONZE_CRM,TD_MS_MSG_AT_LQY_SNDNG,_STDR_YM,TEXT,기준년월 (적재 대상 마감 기준 YYYYMM),1240357,1240357,34,2026-10-08 02:04:44.202000
BRONZE_CRM,SND_MEMBER_LIST,REQ_SEQ_NO,NUMBER,REQ_SEQ_NO,11543843,11543843,2097,2026-10-08 02:04:37.559000
BRONZE_CRM,SND_MEMBER_LIST,R_NUM,NUMBER,순번,11543843,11543843,296007,2026-10-08 02:04:37.559000
BRONZE_CRM,SND_MEMBER_LIST,MBER_NO,TEXT,회원번호,11543843,11543843,825656,2026-10-08 02:04:37.559000
BRONZE_CRM,SND_MEMBER_LIST,SPNSR_CD,TEXT,후원사업(코드),11543843,4518036,19,2026-10-08 02:04:37.559000
BRONZE_CRM,SND_MEMBER_LIST,SPNSR_NM,TEXT,후원사업(이름),11543843,4978264,57,2026-10-08 02:04:37.559000
BRONZE_CRM,SND_MEMBER_LIST,CMPGN_CD,TEXT,캠페인(코드),11543843,4931549,11960,2026-10-08 02:04:37.559000
BRONZE_CRM,SND_MEMBER_LIST,CMPGN_NM,TEXT,캠페인(이름),11543843,5640500,10458,2026-10-08 02:04:37.559000
BRONZE_CRM,SND_MEMBER_LIST,GENDER,TEXT,성별(회원),11543843,5056258,18,2026-10-08 02:04:37.559000
BRONZE_CRM,SND_MEMBER_LIST,AGE,TEXT,연령대,11543843,5056263,13,2026-10-08 02:04:37.559000
BRONZE_CRM,SND_MEMBER_LIST,SETLE_CD,TEXT,납입방식(코드),11543843,0,0,2026-10-08 02:04:37.559000
BRONZE_CRM,SND_MEMBER_LIST,SETLE_NM,TEXT,납입방식(이름),11543843,468681,6,2026-10-08 02:04:37.559000
BRONZE_CRM,SND_MEMBER_LIST,DSCNTC_PATH,TEXT,중단채널,11543843,60443,6,2026-10-08 02:04:37.559000
BRONZE_CRM,SND_MEMBER_LIST,DSCNTC_RSN_CD,TEXT,중단사유(코드),11543843,0,0,2026-10-08 02:04:37.559000
BRONZE_CRM,SND_MEMBER_LIST,DSCNTC_RSN_NM,TEXT,중단사유(이름),11543843,60443,17,2026-10-08 02:04:37.559000
BRONZE_CRM,SND_MEMBER_LIST,CHILD_NO,TEXT,아동번호,11543843,1217473,207015,2026-10-08 02:04:37.559000
BRONZE_CRM,SND_MEMBER_LIST,LST_BRND_CD,TEXT,최종브랜드(코드),11543843,4518036,66,2026-10-08 02:04:37.559000
BRONZE_CRM,SND_MEMBER_LIST,LST_BRND_NM,TEXT,최종브랜드(이름),11543843,5056263,66,2026-10-08 02:04:37.559000
BRONZE_CRM,SND_MEMBER_LIST,MNG_NO,TEXT,관리번호,11543843,69541,53,2026-10-08 02:04:37.559000
BRONZE_CRM,SND_MEMBER_LIST,LETTER_DIV_CD,TEXT,서비스구분,11543843,69541,3,2026-10-08 02:04:37.559000
BRONZE_CRM,SND_MEMBER_LIST,CHILD_DTL_CD,TEXT,아동세부상태(코드),11543843,653771,1,2026-10-08 02:04:37.559000
BRONZE_CRM,SND_MEMBER_LIST,CHILD_DTL_NM,TEXT,아동세부상태(이름),11543843,722203,11,2026-10-08 02:04:37.559000
BRONZE_CRM,SND_MEMBER_LIST,RELATNSP_DSCNTC_YN,TEXT,결연중단유무,11543843,62961,4,2026-10-08 02:04:37.559000
BRONZE_CRM,SND_MEMBER_LIST,FRST_SPNSR,TEXT,최초후원사업(회원),11543843,4518036,26,2026-10-08 02:04:37.559000
BRONZE_CRM,SND_MEMBER_LIST,FRST_BRND_CD,TEXT,최초 브랜드(코드),11543843,4518036,65,2026-10-08 02:04:37.559000
BRONZE_CRM,SND_MEMBER_LIST,FRST_BRND_NM,TEXT,최초 브랜드(이름),11543843,4587576,66,2026-10-08 02:04:37.559000
BRONZE_CRM,SND_MEMBER_LIST,RELATNSP_KEY,NUMBER,결연번호,11543843,3242486,430709,2026-10-08 02:04:37.559000
BRONZE_CRM,SND_MEMBER_LIST,PRIV_SUSP_YN,TEXT,개인 정보 이용 중단,11543843,0,0,2026-10-08 02:04:37.559000
BRONZE_CRM,SND_MEMBER_LIST,SND_YN,TEXT,발송 성공 여부,11543843,10898966,2,2026-10-08 02:04:37.559000
BRONZE_CRM,SND_MEMBER_LIST,SND_MSG,TEXT,발송 메시지,11543843,10950671,10,2026-10-08 02:04:37.559000
BRONZE_CRM,SND_MEMBER_LIST,SND_HOUR,TEXT,발송시,11543843,11543843,18,2026-10-08 02:04:37.559000
BRONZE_CRM,SND_MEMBER_LIST,SND_MIN,TEXT,발송분,11543843,11543843,60,2026-10-08 02:04:37.559000
BRONZE_CRM,SND_MEMBER_LIST,EMAIL_RECPTN_CD,TEXT,이메일 수신 상태(코드),11543843,0,0,2026-10-08 02:04:37.559000
BRONZE_CRM,SND_MEMBER_LIST,EMAIL_RECPTN_NM,TEXT,이메일 수신 상태(이름),11543843,0,0,2026-10-08 02:04:37.559000
BRONZE_CRM,SND_MEMBER_LIST,NATION_CD,TEXT,국가코드,11543843,0,0,2026-10-08 02:04:37.559000
BRONZE_CRM,SND_MEMBER_LIST,NATION_NM,TEXT,국가명,11543843,733995,27,2026-10-08 02:04:37.559000
BRONZE_CRM,SND_MEMBER_LIST,BPLC_CD,TEXT,사업장코드,11543843,0,0,2026-10-08 02:04:37.559000
BRONZE_CRM,SND_MEMBER_LIST,BPLC_KOR_NM,TEXT,사업장명,11543843,723319,187,2026-10-08 02:04:37.559000
BRONZE_CRM,SND_MEMBER_LIST,DISCHARGE_REPORT_KOR,TEXT,퇴소보고서(한글),11543843,0,0,2026-10-08 02:04:37.559000
BRONZE_CRM,SND_MEMBER_LIST,PAST_NATION_NM,TEXT,과거국가명,11543843,0,0,2026-10-08 02:04:37.559000
BRONZE_CRM,SND_MEMBER_LIST,PAST_BPLC_NM,TEXT,과거사업장명,11543843,0,0,2026-10-08 02:04:37.559000
BRONZE_CRM,SND_MEMBER_LIST,PAST_CHILD_NO,TEXT,과거아동번호,11543843,0,0,2026-10-08 02:04:37.559000
BRONZE_CRM,SND_MEMBER_LIST,FAMILY_DTL,TEXT,가족사항,11543843,0,0,2026-10-08 02:04:37.559000
BRONZE_CRM,SND_MEMBER_LIST,NEW_CHILD_NO,TEXT,신규아동번호,11543843,4981,4936,2026-10-08 02:04:37.559000
BRONZE_CRM,SND_MEMBER_LIST,NEW_CHILD_PROJECT_COUNTRY,TEXT,신규아동사업국,11543843,4981,24,2026-10-08 02:04:37.559000
BRONZE_CRM,SND_MEMBER_LIST,NEW_CHILD_WORKPLACE_NM,TEXT,신규아동사업장명,11543843,4981,139,2026-10-08 02:04:37.559000
BRONZE_CRM,SND_MEMBER_LIST,NEW_CHILD_PIC,TEXT,신규아동사진,11543843,4981,4988,2026-10-08 02:04:37.559000
BRONZE_CRM,SND_MEMBER_LIST,NEW_CHILD_GENDER,TEXT,신규아동성별,11543843,0,0,2026-10-08 02:04:37.559000
BRONZE_CRM,SND_MEMBER_LIST,SPNSR_AMOUNT,NUMBER,후원금액(월납부액),11543843,4573203,425,2026-10-08 02:04:37.559000
BRONZE_CRM,SND_MEMBER_LIST,SPNSR_TYPE,TEXT,후원구분,11543843,4986717,5,2026-10-08 02:04:37.559000
BRONZE_CRM,SND_MEMBER_LIST,CPR_DIV_CD,TEXT,법인구분,11543843,4986717,6,2026-10-08 02:04:37.559000
BRONZE_CRM,SND_MEMBER_LIST,DEPT_CD,TEXT,사용부서,11543843,4985914,614,2026-10-08 02:04:37.559000
BRONZE_CRM,SND_MEMBER_LIST,CURRENT_BRND,TEXT,최종브랜드(현재),11543843,4986717,126,2026-10-08 02:04:37.559000
BRONZE_CRM,SND_MEMBER_LIST,CURRENT_UPPER_CMPGN,TEXT,최종상위캠페인(현재),11543843,4986717,1882,2026-10-08 02:04:37.559000
BRONZE_CRM,SND_MEMBER_LIST,CURRENT_CMPGN,TEXT,최종캠페인(현재),11543843,4986717,19529,2026-10-08 02:04:37.559000
BRONZE_CRM,SND_MEMBER_LIST,FIRST_UPPER_CMPGN,TEXT,최초상위캠페인,11543843,4986717,1818,2026-10-08 02:04:37.559000
BRONZE_CRM,SND_MEMBER_LIST,FIRST_CMPGN,TEXT,최초캠페인,11543843,4986717,17566,2026-10-08 02:04:37.559000
BRONZE_CRM,SND_MEMBER_LIST,LAST_TOP_CMPGN,TEXT,최종상위캠페인,11543843,0,0,2026-10-08 02:04:37.559000
BRONZE_CRM,SND_MEMBER_LIST,LAST_CMPGN,TEXT,최종캠페인,11543843,4986717,19616,2026-10-08 02:04:37.559000
BRONZE_CRM,SND_MEMBER_LIST,MSG_KEY,TEXT,메세지키,11543843,4798799,4761952,2026-10-08 02:04:37.559000
BRONZE_CRM,SND_MEMBER_LIST,CINFO,TEXT,알림톡구분,11543843,8759658,6,2026-10-08 02:04:37.559000
BRONZE_CRM,SND_MEMBER_LIST,RESPONSED_YN,TEXT,발송확인여부,11543843,11542669,2,2026-10-08 02:04:37.559000
BRONZE_CRM,SND_MEMBER_LIST,CALL_STATUS,TEXT,수신 결과 상태 (비즈뿌리오),11543843,11059068,40,2026-10-08 02:04:37.559000
BRONZE_CRM,SND_MEMBER_LIST,LAST_UPPER_CMPGN,TEXT,최종상위캠페인,11543843,4733249,1906,2026-10-08 02:04:37.559000
BRONZE_CRM,SND_MEMBER_LIST,_BATCH_ID,TEXT,배치ID (적재 배치 식별자),11543843,11543843,5,2026-10-08 02:04:37.559000
BRONZE_CRM,SND_MEMBER_LIST,_STDR_YM,TEXT,기준년월 (적재 대상 마감 기준 YYYYMM),11543843,11543843,19,2026-10-08 02:04:37.559000
BRONZE_CRM,TM_RM_RELATNSP_GFTMNEY_INFO,RELATNSP_KEY,NUMBER,결연KEY,184801,184801,77726,2026-10-08 02:04:34.848000
BRONZE_CRM,TM_RM_RELATNSP_GFTMNEY_INFO,MNG_NO,TEXT,관리번호,184801,184801,215,2026-10-08 02:04:34.848000
BRONZE_CRM,TM_RM_RELATNSP_GFTMNEY_INFO,MBRFEE_KEY,NUMBER,회비KEY,184801,184801,187969,2026-10-08 02:04:34.848000
BRONZE_CRM,TM_RM_RELATNSP_GFTMNEY_INFO,SETLE_CD,TEXT,결제코드,184801,184798,11,2026-10-08 02:04:34.848000
BRONZE_CRM,TM_RM_RELATNSP_GFTMNEY_INFO,SETLE_BANK_CD,TEXT,결제은행코드,184801,144232,44,2026-10-08 02:04:34.848000
BRONZE_CRM,TM_RM_RELATNSP_GFTMNEY_INFO,GFTMNEY,NUMBER,선물금,184801,184801,54,2026-10-08 02:04:34.848000
BRONZE_CRM,TM_RM_RELATNSP_GFTMNEY_INFO,GFT_DIV_CD,TEXT,선물구분코드,184801,169138,7,2026-10-08 02:04:34.848000
BRONZE_CRM,TM_RM_RELATNSP_GFTMNEY_INFO,KOREAN_RM_CTNT,TEXT,한글비고내용,184801,112462,16966,2026-10-08 02:04:34.848000
BRONZE_CRM,TM_RM_RELATNSP_GFTMNEY_INFO,ENGL_RM_CTNT,TEXT,영어비고내용,184801,106815,14053,2026-10-08 02:04:34.848000
BRONZE_CRM,TM_RM_RELATNSP_GFTMNEY_INFO,EHGT,TEXT,환율,184801,163468,150,2026-10-08 02:04:34.848000
BRONZE_CRM,TM_RM_RELATNSP_GFTMNEY_INFO,GFTMNEY_DOLLAR_AMT,TEXT,선물금미화금액,184801,163474,50,2026-10-08 02:04:34.848000
BRONZE_CRM,TM_RM_RELATNSP_GFTMNEY_INFO,UNREPLY_RSN_CD,NUMBER,미답신사유코드,184801,16991,3,2026-10-08 02:04:34.848000
BRONZE_CRM,TM_RM_RELATNSP_GFTMNEY_INFO,TRNSFER_KEY,NUMBER,이관KEY,184801,1541,1529,2026-10-08 02:04:34.848000
BRONZE_CRM,TM_RM_RELATNSP_GFTMNEY_INFO,TRNSFER_YN,TEXT,이관여부,184801,146742,3,2026-10-08 02:04:34.848000
BRONZE_CRM,TM_RM_RELATNSP_GFTMNEY_INFO,TRNSFER_AFTER_RELATNSP_KEY,NUMBER,이관후결연KEY,184801,1,1,2026-10-08 02:04:34.848000
BRONZE_CRM,TM_RM_RELATNSP_GFTMNEY_INFO,_BATCH_ID,TEXT,배치ID (적재 배치 식별자),184801,184801,7,2026-10-08 02:04:34.848000
BRONZE_CRM,TM_RM_RELATNSP_GFTMNEY_INFO,_STDR_YM,TEXT,기준년월 (적재 대상 마감 기준 YYYYMM),184801,184800,217,2026-10-08 02:04:34.848000
BRONZE_CRM,TD_MS_PSTMTR_SNDNG_DTL,SNDNG_KEY,NUMBER,발신KEY,2032160,2032160,11688,2026-10-08 02:04:33.168000
BRONZE_CRM,TD_MS_PSTMTR_SNDNG_DTL,SNDNG_DTL_KEY,NUMBER,발신상세KEY,2032160,2032160,2037731,2026-10-08 02:04:33.168000
BRONZE_CRM,TD_MS_PSTMTR_SNDNG_DTL,MBER_NO,TEXT,회원번호,2032160,2032160,453131,2026-10-08 02:04:33.168000
BRONZE_CRM,TD_MS_PSTMTR_SNDNG_DTL,RELATNSP_KEY,NUMBER,결연KEY,2032160,995590,290429,2026-10-08 02:04:33.168000
BRONZE_CRM,TD_MS_PSTMTR_SNDNG_DTL,MNG_NO,TEXT,관리번호,2032160,143119,96,2026-10-08 02:04:33.168000
BRONZE_CRM,TD_MS_PSTMTR_SNDNG_DTL,DTL_KEY,NUMBER,상세KEY,2032160,143119,142947,2026-10-08 02:04:33.168000
BRONZE_CRM,TD_MS_PSTMTR_SNDNG_DTL,BIZN_REQUST_KEY,NUMBER,업무요청KEY,2032160,5971,6025,2026-10-08 02:04:33.168000
BRONZE_CRM,TD_MS_PSTMTR_SNDNG_DTL,FRST_RGSTR_ID,TEXT,최초등록자ID,2032160,2024493,37,2026-10-08 02:04:33.168000
BRONZE_CRM,TD_MS_PSTMTR_SNDNG_DTL,LAST_UPDUSR_ID,TEXT,최종수정자ID,2032160,2024493,37,2026-10-08 02:04:33.168000
BRONZE_CRM,TD_MS_PSTMTR_SNDNG_DTL,_BATCH_ID,TEXT,배치ID (적재 배치 식별자),2032160,2032160,5,2026-10-08 02:04:33.168000
BRONZE_CRM,TD_MS_PSTMTR_SNDNG_DTL,_STDR_YM,TEXT,기준년월 (적재 대상 마감 기준 YYYYMM),2032160,2024493,35,2026-10-08 02:04:33.168000
BRONZE_CRM,TM_CM_MBER_DVLP_GOAL,STDYY,TEXT,기준연,25344,25344,15,2026-10-08 02:04:31.759000
BRONZE_CRM,TM_CM_MBER_DVLP_GOAL,STDR_MT,TEXT,기준월,25344,25344,12,2026-10-08 02:04:31.759000
BRONZE_CRM,TM_CM_MBER_DVLP_GOAL,MBER_DVLP_DIV_CD,TEXT,개발구분,25344,25344,3,2026-10-08 02:04:31.759000
BRONZE_CRM,TM_CM_MBER_DVLP_GOAL,DEPT_ID,TEXT,부서,25344,25344,236,2026-10-08 02:04:31.759000
BRONZE_CRM,TM_CM_MBER_DVLP_GOAL,GOAL_CNT,NUMBER,개발목표수,25344,25337,1318,2026-10-08 02:04:31.759000
BRONZE_CRM,TM_CM_MBER_DVLP_GOAL,FRST_RGSTR_ID,TEXT,최초등록자,25344,25344,59,2026-10-08 02:04:31.759000
BRONZE_CRM,TM_CM_MBER_DVLP_GOAL,LAST_UPDUSR_ID,TEXT,최종등록자ID,25344,25344,31,2026-10-08 02:04:31.759000
BRONZE_CRM,TM_CM_MBER_DVLP_GOAL,_BATCH_ID,TEXT,배치ID (적재 배치 식별자),25344,25344,2,2026-10-08 02:04:31.759000
BRONZE_CRM,TM_CM_MBER_DVLP_GOAL,_STDR_YM,TEXT,기준년월 (적재 대상 마감 기준 YYYYMM),25344,25344,30,2026-10-08 02:04:31.759000
BRONZE_CRM,TM_MS_EMAIL_SNDNG,SNDNG_KEY,NUMBER,발신KEY,540048,540048,523381,2026-10-08 02:04:29.875000
BRONZE_CRM,TM_MS_EMAIL_SNDNG,SNDNG_CD_ID,TEXT,발신코드ID,540048,540048,5,2026-10-08 02:04:29.875000
BRONZE_CRM,TM_MS_EMAIL_SNDNG,SNDNG_DTL_CD_ID,TEXT,발신상세코드ID,540048,540048,41,2026-10-08 02:04:29.875000
BRONZE_CRM,TM_MS_EMAIL_SNDNG,SNDNG_TY_CD,TEXT,발신유형코드,540048,540044,3,2026-10-08 02:04:29.875000
BRONZE_CRM,TM_MS_EMAIL_SNDNG,TIT,TEXT,제목,540048,540048,30139,2026-10-08 02:04:29.875000
BRONZE_CRM,TM_MS_EMAIL_SNDNG,EMAIL_RM,TEXT,이메일비고,540048,1,1,2026-10-08 02:04:29.875000
BRONZE_CRM,TM_MS_EMAIL_SNDNG,PCPSN_ID,TEXT,처리자ID,540048,527907,30496,2026-10-08 02:04:29.875000
BRONZE_CRM,TM_MS_EMAIL_SNDNG,PRCS_YN,TEXT,처리여부,540048,540048,2,2026-10-08 02:04:29.875000
BRONZE_CRM,TM_MS_EMAIL_SNDNG,FRST_RGSTR_ID,TEXT,최초등록자ID,540048,528299,30496,2026-10-08 02:04:29.875000
BRONZE_CRM,TM_MS_EMAIL_SNDNG,LAST_UPDUSR_ID,TEXT,최종수정자ID,540048,528299,30496,2026-10-08 02:04:29.875000
BRONZE_CRM,TM_MS_EMAIL_SNDNG,_BATCH_ID,TEXT,배치ID (적재 배치 식별자),540048,540048,8,2026-10-08 02:04:29.875000
BRONZE_CRM,TM_MS_EMAIL_SNDNG,_STDR_YM,TEXT,기준년월 (적재 대상 마감 기준 YYYYMM),540048,540048,34,2026-10-08 02:04:29.875000
BRONZE_CRM,TM_PM_SETLE_CMPNY_ACNT,SETLE_CMPNY_ACNT_NO,NUMBER,결제사계좌번호,51,51,51,2026-10-08 02:04:27.653000
BRONZE_CRM,TM_PM_SETLE_CMPNY_ACNT,SETLE_CMPNY_ACNT_DIV_CD,TEXT,결제사계좌구분코드,51,47,4,2026-10-08 02:04:27.653000
BRONZE_CRM,TM_PM_SETLE_CMPNY_ACNT,SETLE_CMPNY_ACNT_ID,TEXT,결제사계좌ID,51,51,51,2026-10-08 02:04:27.653000
BRONZE_CRM,TM_PM_SETLE_CMPNY_ACNT,CPR_DIV_CD,TEXT,법인구분코드,51,51,2,2026-10-08 02:04:27.653000
BRONZE_CRM,TM_PM_SETLE_CMPNY_ACNT,ACNT_PRP,TEXT,계좌용도,51,48,38,2026-10-08 02:04:27.653000
BRONZE_CRM,TM_PM_SETLE_CMPNY_ACNT,ACNUT_SER_NO,NUMBER,계좌일련번호 (참조: TM_PM_INSTT_ACNUT),51,47,19,2026-10-08 02:04:27.653000
BRONZE_CRM,TM_PM_SETLE_CMPNY_ACNT,RM,TEXT,비고,51,47,40,2026-10-08 02:04:27.653000
BRONZE_CRM,TM_PM_SETLE_CMPNY_ACNT,USE_YN,TEXT,사용여부,51,51,2,2026-10-08 02:04:27.653000
BRONZE_CRM,TM_PM_SETLE_CMPNY_ACNT,FRST_RGSTR_ID,TEXT,최초등록자ID,51,51,3,2026-10-08 02:04:27.653000
BRONZE_CRM,TM_PM_SETLE_CMPNY_ACNT,LAST_UPDUSR_ID,TEXT,최종수정자ID,51,51,4,2026-10-08 02:04:27.653000
BRONZE_CRM,TM_PM_SETLE_CMPNY_ACNT,_BATCH_ID,TEXT,배치ID (적재 배치 식별자),51,51,1,2026-10-08 02:04:27.653000
BRONZE_CRM,TM_PM_SETLE_CMPNY_ACNT,_STDR_YM,TEXT,기준년월 (적재 대상 마감 기준 YYYYMM),51,51,5,2026-10-08 02:04:27.653000
BRONZE_CRM,SND_MEMBER_OPEN_LOG,LOG_SEQ,NUMBER,로그순번,536111,536111,525710,2026-10-08 02:04:24.094000
BRONZE_CRM,SND_MEMBER_OPEN_LOG,REQ_SEQ_NO,NUMBER,발송요청순번 (참조: SND_REQ_MST.SEQ_NO),536111,536111,609,2026-10-08 02:04:24.094000
BRONZE_CRM,SND_MEMBER_OPEN_LOG,R_NUM,NUMBER,순번 (참조: SND_MEMBER_LIST.R_NUM),536111,536111,214822,2026-10-08 02:04:24.094000
BRONZE_CRM,SND_MEMBER_OPEN_LOG,MBER_NO,TEXT,회원번호,536111,536111,120224,2026-10-08 02:04:24.094000
BRONZE_CRM,SND_MEMBER_OPEN_LOG,_BATCH_ID,TEXT,배치ID (적재 배치 식별자),536111,536111,7,2026-10-08 02:04:24.094000
BRONZE_CRM,SND_MEMBER_OPEN_LOG,_STDR_YM,TEXT,기준년월 (적재 대상 마감 기준 YYYYMM),536111,536111,2,2026-10-08 02:04:24.094000
BRONZE_CRM,TD_MS_EMAIL_LQY_SNDNG,SNDNG_KEY,NUMBER,발신KEY,539186,539186,522895,2026-10-08 02:04:22.252000
BRONZE_CRM,TD_MS_EMAIL_LQY_SNDNG,MSG_ID,TEXT,메시지ID,539186,397,393,2026-10-08 02:04:22.252000
BRONZE_CRM,TD_MS_EMAIL_LQY_SNDNG,MKT_TRGET_CTNT,TEXT,마케팅대상내용,539186,397,402,2026-10-08 02:04:22.252000
BRONZE_CRM,TD_MS_EMAIL_LQY_SNDNG,SNDNG_CNT,NUMBER,발신건수,539186,539186,485,2026-10-08 02:04:22.252000
BRONZE_CRM,TD_MS_EMAIL_LQY_SNDNG,SUCCES_CNT,NUMBER,성공건수,539186,539186,490,2026-10-08 02:04:22.252000
BRONZE_CRM,TD_MS_EMAIL_LQY_SNDNG,FAILR_CNT,NUMBER,실패건수,539186,430689,230,2026-10-08 02:04:22.252000
BRONZE_CRM,TD_MS_EMAIL_LQY_SNDNG,RECPTN_CNT,NUMBER,수신건수,539186,430689,225,2026-10-08 02:04:22.252000
BRONZE_CRM,TD_MS_EMAIL_LQY_SNDNG,INFLOW_PATH_CTNT,TEXT,유입경로내용,539186,0,0,2026-10-08 02:04:22.252000
BRONZE_CRM,TD_MS_EMAIL_LQY_SNDNG,SNDNG_YEAR_CTNT,TEXT,발신년도내용,539186,0,0,2026-10-08 02:04:22.252000
BRONZE_CRM,TD_MS_EMAIL_LQY_SNDNG,SNDNG_MT_CTNT,TEXT,발신월내용,539186,0,0,2026-10-08 02:04:22.252000
BRONZE_CRM,TD_MS_EMAIL_LQY_SNDNG,SNDNG_TEAM_CTNT,TEXT,발신팀내용,539186,0,0,2026-10-08 02:04:22.252000
BRONZE_CRM,TD_MS_EMAIL_LQY_SNDNG,SUCCES_FAILR_CNT_CTNT,TEXT,성공실패건수내용,539186,0,0,2026-10-08 02:04:22.252000
BRONZE_CRM,TD_MS_EMAIL_LQY_SNDNG,URL_OTHBC_CNT_CTNT,TEXT,URL공개건수내용,539186,0,0,2026-10-08 02:04:22.252000
BRONZE_CRM,TD_MS_EMAIL_LQY_SNDNG,URL_OTHBC_RT_CTNT,TEXT,URL공개율내용,539186,0,0,2026-10-08 02:04:22.252000
BRONZE_CRM,TD_MS_EMAIL_LQY_SNDNG,SESION_VU_CTNT,TEXT,세션값내용,539186,0,0,2026-10-08 02:04:22.252000
BRONZE_CRM,TD_MS_EMAIL_LQY_SNDNG,SESION_PGE_CNT_CTNT,TEXT,세션페이지건수내용,539186,0,0,2026-10-08 02:04:22.252000
BRONZE_CRM,TD_MS_EMAIL_LQY_SNDNG,DVLP_ACMSLT_CNT_CTNT,TEXT,개발실적건수내용,539186,0,0,2026-10-08 02:04:22.252000
BRONZE_CRM,TD_MS_EMAIL_LQY_SNDNG,CLOS_YN,TEXT,마감여부,539186,0,0,2026-10-08 02:04:22.252000
BRONZE_CRM,TD_MS_EMAIL_LQY_SNDNG,FRST_RGSTR_ID,TEXT,최초등록자ID,539186,527441,30496,2026-10-08 02:04:22.252000
BRONZE_CRM,TD_MS_EMAIL_LQY_SNDNG,LAST_UPDUSR_ID,TEXT,최종수정자ID,539186,527441,30496,2026-10-08 02:04:22.252000
BRONZE_CRM,TD_MS_EMAIL_LQY_SNDNG,_BATCH_ID,TEXT,배치ID (적재 배치 식별자),539186,539186,8,2026-10-08 02:04:22.252000
BRONZE_CRM,TD_MS_EMAIL_LQY_SNDNG,_STDR_YM,TEXT,기준년월 (적재 대상 마감 기준 YYYYMM),539186,539186,34,2026-10-08 02:04:22.252000
BRONZE_CRM,TM_MM_FDRM_MBER_RELATNSP_DVLP_AMT,OCCRRNC_DE,TEXT,발생일자,1151439,1151439,7841,2026-10-08 02:04:19.838000
BRONZE_CRM,TM_MM_FDRM_MBER_RELATNSP_DVLP_AMT,SER_NO,NUMBER,일련번호,1151439,1151439,1175330,2026-10-08 02:04:19.838000
BRONZE_CRM,TM_MM_FDRM_MBER_RELATNSP_DVLP_AMT,SPNSR_NO,NUMBER,후원번호,1151439,1151439,644854,2026-10-08 02:04:19.838000
BRONZE_CRM,TM_MM_FDRM_MBER_RELATNSP_DVLP_AMT,SPNSR_BSNS_NO,NUMBER,후원사업번호,1151439,1151439,672381,2026-10-08 02:04:19.838000
BRONZE_CRM,TM_MM_FDRM_MBER_RELATNSP_DVLP_AMT,MBER_NO,TEXT,회원번호,1151439,1151439,550501,2026-10-08 02:04:19.838000
BRONZE_CRM,TM_MM_FDRM_MBER_RELATNSP_DVLP_AMT,SPNSR_AMT,NUMBER,후원금액,1151439,1151439,79,2026-10-08 02:04:19.838000
BRONZE_CRM,TM_MM_FDRM_MBER_RELATNSP_DVLP_AMT,BF_STAT_CD,TEXT,이전상태코드,1151439,1151439,7,2026-10-08 02:04:19.838000
BRONZE_CRM,TM_MM_FDRM_MBER_RELATNSP_DVLP_AMT,AF_STAT_CD,TEXT,이후상태코드,1151439,1151439,5,2026-10-08 02:04:19.838000
BRONZE_CRM,TM_MM_FDRM_MBER_RELATNSP_DVLP_AMT,RELATNSP_DVLP_DIV_CD,TEXT,관계개발구분코드,1151439,1151439,5,2026-10-08 02:04:19.838000
BRONZE_CRM,TM_MM_FDRM_MBER_RELATNSP_DVLP_AMT,ACCNUT_STATS_CD,TEXT,회계상태코드,1151439,1151439,9,2026-10-08 02:04:19.838000
BRONZE_CRM,TM_MM_FDRM_MBER_RELATNSP_DVLP_AMT,CHILD_STATS_CD,TEXT,아동상태코드,1151439,1151439,8,2026-10-08 02:04:19.838000
BRONZE_CRM,TM_MM_FDRM_MBER_RELATNSP_DVLP_AMT,_BATCH_ID,TEXT,배치ID (적재 배치 식별자),1151439,1151439,7,2026-10-08 02:04:19.838000
BRONZE_CRM,TM_MM_FDRM_MBER_RELATNSP_DVLP_AMT,_STDR_YM,TEXT,기준년월 (적재 대상 마감 기준 YYYYMM),1151439,1151439,366,2026-10-08 02:04:19.838000
BRONZE_CRM,TM_MM_FDRM_MBER_SPNSR,SPNSR_NO,TEXT,후원번호,2281946,2281946,2277787,2026-10-08 02:04:18.332000
BRONZE_CRM,TM_MM_FDRM_MBER_SPNSR,MBER_NO,TEXT,회원번호,2281946,2281946,1607342,2026-10-08 02:04:18.332000
BRONZE_CRM,TM_MM_FDRM_MBER_SPNSR,CMPGN_CD,TEXT,캠페인코드,2281946,2281946,17119,2026-10-08 02:04:18.332000
BRONZE_CRM,TM_MM_FDRM_MBER_SPNSR,ACMSLT_DEPT_CD,TEXT,실적부서코드 (참조: TM_CM_DEPT_INFO),2281946,2281944,355,2026-10-08 02:04:18.332000
BRONZE_CRM,TM_MM_FDRM_MBER_SPNSR,JOIN_PATH_CD,TEXT,가입경로코드 (코드그룹: MM014),2281946,2281946,6,2026-10-08 02:04:18.332000
BRONZE_CRM,TM_MM_FDRM_MBER_SPNSR,FRST_RGSTR_ID,TEXT,최초등록자,2281946,2039764,188013,2026-10-08 02:04:18.332000
BRONZE_CRM,TM_MM_FDRM_MBER_SPNSR,_BATCH_ID,TEXT,배치ID (적재 배치 식별자),2281946,2281946,7,2026-10-08 02:04:18.332000
BRONZE_CRM,TM_MM_FDRM_MBER_SPNSR,_STDR_YM,TEXT,기준년월 (적재 대상 마감 기준 YYYYMM),2281946,2281946,432,2026-10-08 02:04:18.332000
BRONZE_CRM,TM_MM_FDRM_MBER_SPNSR_DSCNTC,MBER_NO,TEXT,회원번호,1073968,1073968,901908,2026-10-08 02:04:16.465000
BRONZE_CRM,TM_MM_FDRM_MBER_SPNSR_DSCNTC,SPNSR_DSCNTC_DE,TEXT,후원중단일,1073968,1073968,6645,2026-10-08 02:04:16.465000
BRONZE_CRM,TM_MM_FDRM_MBER_SPNSR_DSCNTC,SER_NO,NUMBER,일련번호,1073968,1073968,1088469,2026-10-08 02:04:16.465000
BRONZE_CRM,TM_MM_FDRM_MBER_SPNSR_DSCNTC,DSCNTC_RSN_CD,TEXT,중단사유코드,1073968,1073968,20,2026-10-08 02:04:16.465000
BRONZE_CRM,TM_MM_FDRM_MBER_SPNSR_DSCNTC,DSCNTC_PATH,TEXT,중단경로,1073968,1073968,3,2026-10-08 02:04:16.465000
BRONZE_CRM,TM_MM_FDRM_MBER_SPNSR_DSCNTC,REGIST_DEPT_CD,TEXT,등록부서코드,1073968,961654,54,2026-10-08 02:04:16.465000
BRONZE_CRM,TM_MM_FDRM_MBER_SPNSR_DSCNTC,FRST_RGSTR_ID,TEXT,최초등록자ID,1073968,1068544,130816,2026-10-08 02:04:16.465000
BRONZE_CRM,TM_MM_FDRM_MBER_SPNSR_DSCNTC,_BATCH_ID,TEXT,배치ID (적재 배치 식별자),1073968,1073968,4,2026-10-08 02:04:16.465000
BRONZE_CRM,TM_MM_FDRM_MBER_SPNSR_DSCNTC,_STDR_YM,TEXT,기준년월 (적재 대상 마감 기준 YYYYMM),1073968,1073968,380,2026-10-08 02:04:16.465000
BRONZE_CRM,TM_RM_RELATNSP_CHG_INFO,RELATNSP_KEY,NUMBER,결연KEY,197751,197751,196181,2026-10-08 02:04:13.348000
BRONZE_CRM,TM_RM_RELATNSP_CHG_INFO,CHG_YN,TEXT,교체여부,197751,87649,5,2026-10-08 02:04:13.348000
BRONZE_CRM,TM_RM_RELATNSP_CHG_INFO,CHG_RSN_CD,NUMBER,교체사유코드,197751,197751,13,2026-10-08 02:04:13.348000
BRONZE_CRM,TM_RM_RELATNSP_CHG_INFO,CHG_RST_CD,NUMBER,교체결과코드,197751,0,0,2026-10-08 02:04:13.348000
BRONZE_CRM,TM_RM_RELATNSP_CHG_INFO,CHG_PERSON_ID,TEXT,교체자ID,197751,197294,216,2026-10-08 02:04:13.348000
BRONZE_CRM,TM_RM_RELATNSP_CHG_INFO,CHG_RELATNSP_KEY,NUMBER,교체결연KEY,197751,197751,195939,2026-10-08 02:04:13.348000
BRONZE_CRM,TM_RM_RELATNSP_CHG_INFO,_BATCH_ID,TEXT,배치ID (적재 배치 식별자),197751,197751,4,2026-10-08 02:04:13.348000
BRONZE_CRM,TM_RM_RELATNSP_CHG_INFO,_STDR_YM,TEXT,기준년월 (적재 대상 마감 기준 YYYYMM),197751,197751,174,2026-10-08 02:04:13.348000
BRONZE_CRM,TM_RM_RELATNSP_MSTR_INFO,RELATNSP_KEY,NUMBER,결연KEY,871953,871953,865355,2026-10-08 02:04:11.623000
BRONZE_CRM,TM_RM_RELATNSP_MSTR_INFO,SPNSR_NO,TEXT,후원번호,871953,871953,642835,2026-10-08 02:04:11.623000
BRONZE_CRM,TM_RM_RELATNSP_MSTR_INFO,SPNSR_BSNS_NO,NUMBER,후원사업번호,871953,871953,673894,2026-10-08 02:04:11.623000
BRONZE_CRM,TM_RM_RELATNSP_MSTR_INFO,CHILD_CD,NUMBER,아동코드,871953,871953,472634,2026-10-08 02:04:11.623000
BRONZE_CRM,TM_RM_RELATNSP_MSTR_INFO,RELATNSP_DSCNTC_YN,TEXT,결연중단여부,871953,871953,2,2026-10-08 02:04:11.623000
BRONZE_CRM,TM_RM_RELATNSP_MSTR_INFO,RELATNSP_DSCNTC_RSN_CD,NUMBER,결연중단사유코드,871953,676399,30,2026-10-08 02:04:11.623000
BRONZE_CRM,TM_RM_RELATNSP_MSTR_INFO,FRST_RGSTR_ID,TEXT,최초등록자ID,871953,859417,43178,2026-10-08 02:04:11.623000
BRONZE_CRM,TM_RM_RELATNSP_MSTR_INFO,MBER_NO,TEXT,회원번호,871953,871953,552059,2026-10-08 02:04:11.623000
BRONZE_CRM,TM_RM_RELATNSP_MSTR_INFO,_BATCH_ID,TEXT,배치ID (적재 배치 식별자),871953,871953,7,2026-10-08 02:04:11.623000
BRONZE_CRM,TM_RM_RELATNSP_MSTR_INFO,_STDR_YM,TEXT,기준년월 (적재 대상 마감 기준 YYYYMM),871953,871953,425,2026-10-08 02:04:11.623000
BRONZE_CRM,TM_RM_CHILD_MSTR_INFO,CHILD_CD,NUMBER,아동코드,508051,508051,511313,2026-10-08 02:04:09.627000
BRONZE_CRM,TM_RM_CHILD_MSTR_INFO,CHILD_NO,TEXT,아동번호,508051,508051,499597,2026-10-08 02:04:09.627000
BRONZE_CRM,TM_RM_CHILD_MSTR_INFO,BPLC_CD,TEXT,사업장코드,508051,508051,261,2026-10-08 02:04:09.627000
BRONZE_CRM,TM_RM_CHILD_MSTR_INFO,SEX,TEXT,성별,508051,508050,4,2026-10-08 02:04:09.627000
BRONZE_CRM,TM_RM_CHILD_MSTR_INFO,RELATNSP_STAT_CD,TEXT,결연상태코드,508051,508051,3,2026-10-08 02:04:09.627000
BRONZE_CRM,TM_RM_CHILD_MSTR_INFO,CHILD_STAT_CD,TEXT,아동상태코드,508051,508051,7,2026-10-08 02:04:09.627000
BRONZE_CRM,TM_RM_CHILD_MSTR_INFO,CHILD_DTL_STAT_CD,TEXT,아동상세상태코드,508051,508051,14,2026-10-08 02:04:09.627000
BRONZE_CRM,TM_RM_CHILD_MSTR_INFO,REGIST_DIV_CD,TEXT,등록구분코드,508051,413038,3,2026-10-08 02:04:09.627000
BRONZE_CRM,TM_RM_CHILD_MSTR_INFO,MNYRS_NATION_CD,TEXT,모금국가코드,508051,508051,6,2026-10-08 02:04:09.627000
BRONZE_CRM,TM_RM_CHILD_MSTR_INFO,CMS_CHILD_NO,TEXT,CMS아동번호,508051,504230,504787,2026-10-08 02:04:09.627000
BRONZE_CRM,TM_RM_CHILD_MSTR_INFO,_BATCH_ID,TEXT,배치ID (적재 배치 식별자),508051,508051,5,2026-10-08 02:04:09.627000
BRONZE_CRM,TM_RM_CHILD_MSTR_INFO,_STDR_YM,TEXT,기준년월 (적재 대상 마감 기준 YYYYMM),508051,508051,386,2026-10-08 02:04:09.627000
BRONZE_CRM,TM_MS_PSTMTR_SNDNG,SNDNG_KEY,NUMBER,발신KEY,125465,125465,124234,2026-10-08 02:04:07.933000
BRONZE_CRM,TM_MS_PSTMTR_SNDNG,SNDNG_CD_ID,TEXT,발신코드ID,125465,125438,17,2026-10-08 02:04:07.933000
BRONZE_CRM,TM_MS_PSTMTR_SNDNG,SNDNG_DTL_CD_ID,TEXT,발신상세코드ID,125465,125461,14,2026-10-08 02:04:07.933000
BRONZE_CRM,TM_MS_PSTMTR_SNDNG,SNDNG_TY_CD,TEXT,발신유형코드,125465,125465,3,2026-10-08 02:04:07.933000
BRONZE_CRM,TM_MS_PSTMTR_SNDNG,PCPSN_ID,TEXT,처리자ID,125465,125262,217,2026-10-08 02:04:07.933000
BRONZE_CRM,TM_MS_PSTMTR_SNDNG,PRCS_STAT_CD,TEXT,처리상태코드,125465,125465,2,2026-10-08 02:04:07.933000
BRONZE_CRM,TM_MS_PSTMTR_SNDNG,LQY_YN,TEXT,대량여부,125465,125465,2,2026-10-08 02:04:07.933000
BRONZE_CRM,TM_MS_PSTMTR_SNDNG,RE_SNDNG_YN,TEXT,재발신여부,125465,125465,2,2026-10-08 02:04:07.933000
BRONZE_CRM,TM_MS_PSTMTR_SNDNG,FRST_RGSTR_ID,TEXT,최초등록자ID,125465,89278,210,2026-10-08 02:04:07.933000
BRONZE_CRM,TM_MS_PSTMTR_SNDNG,LAST_UPDUSR_ID,TEXT,최종수정자ID,125465,89278,210,2026-10-08 02:04:07.933000
BRONZE_CRM,TM_MS_PSTMTR_SNDNG,_BATCH_ID,TEXT,배치ID (적재 배치 식별자),125465,125465,1,2026-10-08 02:04:07.933000
BRONZE_CRM,TM_MS_PSTMTR_SNDNG,_STDR_YM,TEXT,기준년월 (적재 대상 마감 기준 YYYYMM),125465,89481,174,2026-10-08 02:04:07.933000
BRONZE_CRM,TD_MS_PSTMTR_LQY_SNDNG,SNDNG_KEY,NUMBER,발신KEY,2325,2325,2309,2026-10-08 02:04:06.314000
BRONZE_CRM,TD_MS_PSTMTR_LQY_SNDNG,SNDNG_CNT,NUMBER,발신건수,2325,2325,635,2026-10-08 02:04:06.314000
BRONZE_CRM,TD_MS_PSTMTR_LQY_SNDNG,SNDNG_SQNC,NUMBER,발신차수,2325,2325,35,2026-10-08 02:04:06.314000
BRONZE_CRM,TD_MS_PSTMTR_LQY_SNDNG,SNDNG_TIT,TEXT,발신제목,2325,2325,2264,2026-10-08 02:04:06.314000
BRONZE_CRM,TD_MS_PSTMTR_LQY_SNDNG,SNDNG_MEMO_CTNT,TEXT,발신메모내용,2325,591,564,2026-10-08 02:04:06.314000
BRONZE_CRM,TD_MS_PSTMTR_LQY_SNDNG,FRST_RGSTR_ID,TEXT,최초등록자ID,2325,2325,38,2026-10-08 02:04:06.314000
BRONZE_CRM,TD_MS_PSTMTR_LQY_SNDNG,LAST_UPDUSR_ID,TEXT,최종수정자ID,2325,2325,38,2026-10-08 02:04:06.314000
BRONZE_CRM,TD_MS_PSTMTR_LQY_SNDNG,_BATCH_ID,TEXT,배치ID (적재 배치 식별자),2325,2325,4,2026-10-08 02:04:06.314000
BRONZE_CRM,TD_MS_PSTMTR_LQY_SNDNG,_STDR_YM,TEXT,기준년월 (적재 대상 마감 기준 YYYYMM),2325,2325,34,2026-10-08 02:04:06.314000
SERVING,EVAL_O211_AGENT_EXECUTIVE_V2,INPUT_QUERY,TEXT,,21,21,21,2026-10-08 02:04:02.666000
SERVING,EVAL_O211_AGENT_EXECUTIVE_V2,QUESTION_ID,TEXT,,21,21,21,2026-10-08 02:04:02.666000
SERVING,EVAL_O211_AGENT_EXECUTIVE_V2,TRACK,TEXT,,21,21,1,2026-10-08 02:04:02.666000
SERVING,ML_DVLP_FORECAST_V,SERIES_TYPE,TEXT,계열유형: TOTAL·CAMPAIGN — 🔴 유형 간 합산은 중복계상 · 항상 고정·그룹 (부서·후원사업·신규기존은 원천 삭제로 비활성),2424,2424,2,2026-10-08 02:04:00.978000
SERVING,ML_DVLP_FORECAST_V,SERIES_CD,TEXT,계열코드(유형에 따라 캠페인 코드 / (전사)),2424,2424,101,2026-10-08 02:04:00.978000
SERVING,ML_DVLP_FORECAST_V,SERIES_NAME,TEXT,계열명(마스터 조인 라벨 · 미매칭 NULL),2424,2424,101,2026-10-08 02:04:00.978000
SERVING,ML_DVLP_FORECAST_V,STDR_MT,TEXT,예측 실행 기준월 YYYYMM [원천],2424,2424,2,2026-10-08 02:04:00.978000
SERVING,MSTR_DVLP_YE_TREND_V,STRD_YY,TEXT,기준연도(YYYY 문자열),2123,2123,3,2026-10-08 02:03:55.427000
SERVING,MSTR_DVLP_YE_TREND_V,AS_OF_MT,TEXT,산출 기준 최신 기준년월(진행 중 · 부분 실적),2123,2123,1,2026-10-08 02:03:55.427000
SERVING,MSTR_DVLP_YE_TREND_V,DVLP_DIV_CD,TEXT,개발구분코드(MSTR),2123,2123,5,2026-10-08 02:03:55.427000
SERVING,MSTR_DVLP_YE_TREND_V,DVLP_DIV_NM,TEXT,개발구분명 · 🔴 실질 목표는 신규만 있다,2123,2123,5,2026-10-08 02:03:55.427000
SERVING,MSTR_DVLP_YE_TREND_V,DEPT4_NM,TEXT,실적부서4(구분_팀) 명,2123,2123,8,2026-10-08 02:03:55.427000
SERVING,MSTR_DVLP_YE_TREND_V,DEPT3_NM,TEXT,실적부서3(본부/지부) 명,2123,2123,45,2026-10-08 02:03:55.427000
SERVING,MSTR_DVLP_YE_TREND_V,DEPT2_NM,TEXT,실적부서2(팀/지부) 명,2123,2123,180,2026-10-08 02:03:55.427000
SERVING,MSTR_DVLP_YE_TREND_V,DEPT_ID,TEXT,실적부서 ID,2123,2123,328,2026-10-08 02:03:55.427000
SERVING,MSTR_DVLP_YE_TREND_V,DEPT_NM,TEXT,실적부서명,2123,2123,263,2026-10-08 02:03:55.427000
SERVING,MSTR_DVLP_YE_TREND_V,YY_GOAL_CNT,NUMBER,연 개발 목표(건) = 월 목표 합,2123,645,71,2026-10-08 02:03:55.427000
SERVING,MSTR_DVLP_YE_TREND_V,CLOSED_ACT_CNT,NUMBER,그 해 마감월 MSTR 개발(건) 실적 합,2123,2104,968,2026-10-08 02:03:55.427000
SERVING,MSTR_DVLP_YE_TREND_V,CUR_MONTH_ACT_CNT,NUMBER,진행 중 최신 기준월의 부분 실적(건 · 참고 · 추세 산식에는 쓰지 않는다),2123,2123,133,2026-10-08 02:03:55.427000
SERVING,MSTR_DVLP_YE_TREND_V,CLOSED_MONTHS,NUMBER,그 해 마감월 수,2123,2123,2,2026-10-08 02:03:55.427000
SERVING,MSTR_DVLP_YE_TREND_V,LAST3_AVG_CNT,NUMBER,직전 3개 마감월 월평균 실적(건 · 현재 연도만 · 지난 연도 0),2123,2123,260,2026-10-08 02:03:55.427000
SERVING,MSTR_DVLP_YE_TREND_V,YE_TREND_CNT,NUMBER,연도말 개발 추세 참고치(건) = 마감월 실적 + (12 − 마감월 수) × 직전 3개월 평균 · 🔴 모델 예측이 아니다,2123,2104,977,2026-10-08 02:03:55.427000
SERVING,EVAL_O211_AGENT_MARKETING,INPUT_QUERY,TEXT,,14,14,14,2026-10-08 02:03:52.451000
SERVING,EVAL_O211_AGENT_MARKETING,QUESTION_ID,TEXT,,14,14,14,2026-10-08 02:03:52.451000
SERVING,EVAL_O211_AGENT_MARKETING,TRACK,TEXT,,14,14,1,2026-10-08 02:03:52.451000
SERVING,ML_FEATURE_IMPORTANCE_V,ANALYSIS_TYPE,TEXT,분석유형: CHANNEL_NEW_SPNSR · DVLP_INC — 🔴 하나로 고정(유형 내 합계=1),44,44,2,2026-10-08 02:03:48.760000
SERVING,ML_FEATURE_IMPORTANCE_V,ANALYSIS_TYPE_NAME,TEXT,분석유형 라벨,44,44,2,2026-10-08 02:03:48.760000
SERVING,ML_FEATURE_IMPORTANCE_V,STDR_MT,TEXT,분석 실행 기준월 YYYYMM [원천],44,44,2,2026-10-08 02:03:48.760000
SERVING,ML_FEATURE_IMPORTANCE_V,RANK,NUMBER,피처 중요도 순위 [원천],44,44,11,2026-10-08 02:03:48.760000
SERVING,ML_FEATURE_IMPORTANCE_V,FEATURE,TEXT,피처명(사람이 지정한 후보) [원천],44,44,12,2026-10-08 02:03:48.760000
SERVING,ML_FEATURE_IMPORTANCE_V,FEATURE_TYPE,TEXT,피처 유형(user_provided = 사람이 지정) [원천] — CHANNEL_NEW_SPNSR 는 원천 컬럼 제거로 NULL,44,22,1,2026-10-08 02:03:48.760000
SERVING,EVAL_O211_AGENT_EXECUTIVE,INPUT_QUERY,TEXT,,21,21,21,2026-10-08 02:03:46.198000
SERVING,EVAL_O211_AGENT_EXECUTIVE,QUESTION_ID,TEXT,,21,21,21,2026-10-08 02:03:46.198000
SERVING,EVAL_O211_AGENT_EXECUTIVE,TRACK,TEXT,,21,21,1,2026-10-08 02:03:46.198000
SERVING,MSTR_DVLP_GOAL_V,STRD_MT,TEXT,기준년월(YYYYMM 문자열),17201,17201,36,2026-10-08 02:03:41.658000
SERVING,MSTR_DVLP_GOAL_V,STRD_YY,TEXT,기준연도(YYYY 문자열),17201,17201,3,2026-10-08 02:03:41.658000
SERVING,MSTR_DVLP_GOAL_V,DVLP_DIV_CD,TEXT,개발구분코드(MSTR),17201,17201,5,2026-10-08 02:03:41.658000
SERVING,MSTR_DVLP_GOAL_V,DVLP_DIV_NM,TEXT,개발구분명 · 🔴 실질 목표는 신규만 있다(증액·재후원 목표 0),17201,17201,5,2026-10-08 02:03:41.658000
SERVING,MSTR_DVLP_GOAL_V,DEPT4_NM,TEXT,실적부서4(구분_팀) 명,17201,17201,8,2026-10-08 02:03:41.658000
SERVING,MSTR_DVLP_GOAL_V,DEPT3_NM,TEXT,실적부서3(본부/지부) 명,17201,17201,45,2026-10-08 02:03:41.658000
SERVING,MSTR_DVLP_GOAL_V,DEPT2_NM,TEXT,실적부서2(팀/지부) 명,17201,17201,180,2026-10-08 02:03:41.658000
SERVING,MSTR_DVLP_GOAL_V,DEPT_ID,TEXT,실적부서 ID,17201,17201,328,2026-10-08 02:03:41.658000
SERVING,MSTR_DVLP_GOAL_V,DEPT_NM,TEXT,실적부서명,17201,17201,263,2026-10-08 02:03:41.658000
SERVING,MSTR_DVLP_GOAL_V,CLOSED_MONTH_YN,TEXT,마감월 여부(Y = 최신 기준월보다 이전 · N = 최신 기준월(진행 중) 또는 미래 월),17201,17201,2,2026-10-08 02:03:41.658000
SERVING,MSTR_DVLP_GOAL_V,GOAL_CNT,NUMBER,월 개발 목표(건 · MSTR 개발(건) 단위) · 목표 미등록 = NULL,17201,7740,604,2026-10-08 02:03:41.658000
SERVING,MSTR_DVLP_GOAL_V,ACT_CNT,NUMBER,"MSTR 개발(건) 실적(후원금액 ÷ 10,000 합 · 소수 4자리) · 실적 없음 = NULL",17201,13567,2550,2026-10-08 02:03:41.658000
SERVING,ML_ONCE_CONVERSION_V,STDR_MT,TEXT,기준월 YYYYMM(모델 실행월) — 여러 기준월 합산은 중복계상,49858,49858,2,2026-10-08 02:03:37.242000
SERVING,ML_ONCE_CONVERSION_V,STDR_MONTH_KEY,NUMBER,기준월 숫자키 YYYYMM(STDR_MT 파생),49858,49858,2,2026-10-08 02:03:37.242000
SERVING,ML_ONCE_CONVERSION_V,ONCE_MBER_NO,TEXT,일시회원번호(S 접두) — 정기회원번호와 체계가 달라 조인 금지,49858,49858,8790,2026-10-08 02:03:37.242000
SERVING,ML_ONCE_CONVERSION_V,CONVERT_CLASS,TEXT,전환 예측 분류(모델 class) — 업무 판정선 미확정,49858,49858,2,2026-10-08 02:03:37.242000
SERVING,ML_ONCE_CONVERSION_V,PREDICTION_HAS_ERROR,BOOLEAN,예측 로그에 오류가 있는 행 여부(PREDICT:logs:Error 비어있지 않음),49858,49858,1,2026-10-08 02:03:37.242000
SERVING,ML_ONCE_CONVERSION_V,SEX_NAME,TEXT,성별 라벨(SILVER.CRM_MEMBER 현재 스냅샷),49858,49285,8,2026-10-08 02:03:37.242000
SERVING,ML_ONCE_CONVERSION_V,MEMBER_DIV_NAME,TEXT,회원구분 라벨(현재 스냅샷),49858,49858,3,2026-10-08 02:03:37.242000
SERVING,ML_ONCE_CONVERSION_V,REGIST_DEPT_NAME,TEXT,등록부서명(DIM_ORG · 현재 스냅샷),49858,49858,24,2026-10-08 02:03:37.242000
SERVING,ML_FEE_FORECAST_V,STDR_MT,TEXT,예측 실행 기준월 YYYYMM,1332,1332,2,2026-10-08 02:03:35.669000
SERVING,ML_FEE_FORECAST_V,STDR_MONTH_KEY,NUMBER,기준월 숫자키 YYYYMM(STDR_MT 파생),1332,1332,2,2026-10-08 02:03:35.669000
SERVING,ML_FEE_FORECAST_V,CMPGN_CTGR_CD,TEXT,캠페인카테고리코드(예측 계열),1332,1332,57,2026-10-08 02:03:35.669000
SERVING,ML_FEE_FORECAST_V,CMPGN_CTGR_NAME,TEXT,캠페인카테고리명(캠페인 마스터 DISTINCT) — 미매칭 NULL,1332,1332,57,2026-10-08 02:03:35.669000
SERVING,ML_FEE_FORECAST_V,FORECAST_MONTH_KEY,NUMBER,예측월 YYYYMM(FORECAST_TS 파생),1332,1332,15,2026-10-08 02:03:35.669000
SERVING,ML_MEMBER_RISK_V,STDR_MT,TEXT,기준월 YYYYMM(모델 실행월) — 여러 기준월 합산은 중복계상,171975,171975,2,2026-10-08 02:03:32.275000
SERVING,ML_MEMBER_RISK_V,STDR_MONTH_KEY,NUMBER,기준월 숫자키 YYYYMM(STDR_MT 파생),171975,171975,2,2026-10-08 02:03:32.275000
SERVING,ML_MEMBER_RISK_V,MBER_NO,TEXT,정기회원번호(7자리 TEXT) [원천: ML 회원 예측],171975,171975,128445,2026-10-08 02:03:32.275000
SERVING,ML_MEMBER_RISK_V,CHURN_CLASS,TEXT,중단 예측 분류(모델 class) — 원천 중복행 중 하나라도 1 이면 1 · 업무 판정선 아님,171975,70158,2,2026-10-08 02:03:32.275000
SERVING,ML_MEMBER_RISK_V,CHURN_PRED_ROWS,NUMBER,이 회원·기준월의 원천 중단 예측 행수 — 1 초과 = 원천 중복(평균으로 단일화됨),171975,70158,1,2026-10-08 02:03:32.275000
SERVING,ML_MEMBER_RISK_V,INC_CLASS,TEXT,증액 예측 분류(모델 class) — 원천 중복행 중 하나라도 1 이면 1,171975,171975,2,2026-10-08 02:03:32.275000
SERVING,ML_MEMBER_RISK_V,INC_PRED_ROWS,NUMBER,이 회원·기준월의 원천 증액 예측 행수 — 1 초과 = 원천 중복,171975,171975,3,2026-10-08 02:03:32.275000
SERVING,ML_MEMBER_RISK_V,LOYAL_CLASS,TEXT,충성회원 예측 분류(모델 class),171975,72360,2,2026-10-08 02:03:32.275000
SERVING,ML_MEMBER_RISK_V,HAS_CHURN_PRED,BOOLEAN,중단 예측 존재 여부 — 분모 판정용,171975,171975,2,2026-10-08 02:03:32.275000
SERVING,ML_MEMBER_RISK_V,HAS_INC_PRED,BOOLEAN,증액 예측 존재 여부 — 분모 판정용,171975,171975,1,2026-10-08 02:03:32.275000
SERVING,ML_MEMBER_RISK_V,HAS_LOYAL_PRED,BOOLEAN,충성 예측 존재 여부 — 분모 판정용(모집단 상이),171975,171975,2,2026-10-08 02:03:32.275000
SERVING,ML_MEMBER_RISK_V,PREDICTION_HAS_ERROR,BOOLEAN,예측 로그에 오류가 있는 행 여부(PREDICTION:logs:Error 비어있지 않음) · 3종·중복행 중 하나라도,171975,171975,1,2026-10-08 02:03:32.275000
SERVING,ML_MEMBER_RISK_V,CHURN_GRADE,TEXT,중단위험 등급(F-4 · O190) — 기준월 내 백분위: 상위 10% 고위험 · 10~25% 주의 · 나머지 일반 · 예측 없음 NULL. 🔴 확률 임계가 아니라 순위다,171975,70158,3,2026-10-08 02:03:32.275000
SERVING,ML_MEMBER_RISK_V,LOYAL_GRADE,TEXT,장기회원 등급(F-4 · O190) — 기준월 내 백분위: 상위 5% 최상위 · 5~10% 상 · 10~25% 중 · 나머지 하 · 충성 예측 모집단만(그 외 NULL),171975,72360,4,2026-10-08 02:03:32.275000
SERVING,MSTR_SPNSR_DVLP_V,STRD_MT,TEXT,기준년월(YYYYMM 문자열),821991,821991,34,2026-10-08 02:03:16.641000
SERVING,MSTR_SPNSR_DVLP_V,STRD_DE,TEXT,발생일자(YYYYMMDD 문자열),821991,821991,997,2026-10-08 02:03:16.641000
SERVING,MSTR_SPNSR_DVLP_V,DVLP_DIV_CD,TEXT,개발구분코드(MSTR),821991,821991,5,2026-10-08 02:03:16.641000
SERVING,MSTR_SPNSR_DVLP_V,DVLP_DIV_NM,TEXT,개발구분명(MSTR D_DVLP_DIV_CD),821991,821991,5,2026-10-08 02:03:16.641000
SERVING,MSTR_SPNSR_DVLP_V,CPR_DIV_CD,TEXT,법인구분코드,821991,821991,2,2026-10-08 02:03:16.641000
SERVING,MSTR_SPNSR_DVLP_V,CPR_DIV_NM,TEXT,법인구분명,821991,821991,2,2026-10-08 02:03:16.641000
SERVING,MSTR_SPNSR_DVLP_V,DEPT4_ID,TEXT,실적부서4(구분_팀) ID,821991,821991,8,2026-10-08 02:03:16.641000
SERVING,MSTR_SPNSR_DVLP_V,DEPT4_NM,TEXT,실적부서4(구분_팀) 명,821991,821991,8,2026-10-08 02:03:16.641000
SERVING,MSTR_SPNSR_DVLP_V,DEPT3_ID,TEXT,실적부서3(본부/지부) ID,821991,821991,65,2026-10-08 02:03:16.641000
SERVING,MSTR_SPNSR_DVLP_V,DEPT3_NM,TEXT,실적부서3(본부/지부) 명,821991,821991,45,2026-10-08 02:03:16.641000
SERVING,MSTR_SPNSR_DVLP_V,DEPT2_ID,TEXT,실적부서2(팀/지부) ID,821991,821991,254,2026-10-08 02:03:16.641000
SERVING,MSTR_SPNSR_DVLP_V,DEPT2_NM,TEXT,실적부서2(팀/지부) 명,821991,821991,180,2026-10-08 02:03:16.641000
SERVING,MSTR_SPNSR_DVLP_V,DEPT_ID,TEXT,실적부서 ID,821991,821991,328,2026-10-08 02:03:16.641000
SERVING,MSTR_SPNSR_DVLP_V,DEPT_NM,TEXT,실적부서명,821991,821991,263,2026-10-08 02:03:16.641000
SERVING,MSTR_SPNSR_DVLP_V,BRND_ID,TEXT,브랜드 ID,821991,821991,65,2026-10-08 02:03:16.641000
SERVING,MSTR_SPNSR_DVLP_V,BRND_NM,TEXT,브랜드명,821991,821991,65,2026-10-08 02:03:16.641000
SERVING,MSTR_SPNSR_DVLP_V,UPPER_CMPGN_CD,TEXT,상위캠페인코드,821991,821991,944,2026-10-08 02:03:16.641000
SERVING,MSTR_SPNSR_DVLP_V,UPPER_CMPGN_NM,TEXT,상위캠페인명,821991,821991,946,2026-10-08 02:03:16.641000
SERVING,MSTR_SPNSR_DVLP_V,CMPGN_CD,TEXT,캠페인코드,821991,821991,11826,2026-10-08 02:03:16.641000
SERVING,MSTR_SPNSR_DVLP_V,CMPGN_NM,TEXT,캠페인명,821991,821991,9693,2026-10-08 02:03:16.641000
SERVING,MSTR_SPNSR_DVLP_V,PR_MTH_CD,TEXT,홍보방법코드,821991,821991,87,2026-10-08 02:03:16.641000
SERVING,MSTR_SPNSR_DVLP_V,PR_MTH_NM,TEXT,홍보방법명,821991,821991,85,2026-10-08 02:03:16.641000
SERVING,MSTR_SPNSR_DVLP_V,SPNSR_BSNS_ID,TEXT,후원사업 ID,821991,821991,19,2026-10-08 02:03:16.641000
SERVING,MSTR_SPNSR_DVLP_V,SPNSR_BSNS_NM,TEXT,후원사업명,821991,821991,19,2026-10-08 02:03:16.641000
SERVING,MSTR_SPNSR_DVLP_V,SPNSR_BSNS2_ID,TEXT,후원사업2 ID(MSTR 재분류),821991,821991,14,2026-10-08 02:03:16.641000
SERVING,MSTR_SPNSR_DVLP_V,SPNSR_BSNS2_NM,TEXT,후원사업2 명(MSTR 재분류),821991,821991,14,2026-10-08 02:03:16.641000
SERVING,MSTR_SPNSR_DVLP_V,SEX_CD,TEXT,성별코드,821991,821991,8,2026-10-08 02:03:16.641000
SERVING,MSTR_SPNSR_DVLP_V,SEX_NM,TEXT,성별명(MSTR 표기),821991,821991,8,2026-10-08 02:03:16.641000
SERVING,MSTR_SPNSR_DVLP_V,AGE_TERM_CD,TEXT,연령대코드,821991,821991,12,2026-10-08 02:03:16.641000
SERVING,MSTR_SPNSR_DVLP_V,AGE_TERM_NM,TEXT,연령대명,821991,821991,12,2026-10-08 02:03:16.641000
SERVING,MSTR_SPNSR_DVLP_V,NEW_OLD_DIV_CD,TEXT,신규기존구분코드(MSTR · DMMM07 1=신규 2=기존 99=없음),821991,821991,2,2026-10-08 02:03:16.641000
SERVING,MSTR_SPNSR_DVLP_V,NEW_OLD_DIV_NM,TEXT,신규기존구분명(MSTR 원천 판정값 · 가입일 계산이 아니다),821991,821991,2,2026-10-08 02:03:16.641000
SERVING,MSTR_SPNSR_DVLP_V,MBER_NO,TEXT,회원번호(개발 명 = 중복제거 전용),821991,821991,553951,2026-10-08 02:03:16.641000
SERVING,MSTR_SPNSR_DVLP_V,SPNSR_AMT_CNT,NUMBER,"MSTR 개발(건) = 후원금액 ÷ 10,000(MSTR 정의 · GN_DW 개발건수와 다름) · 🆕 [O206-D] 원천 FLOAT 를 NUMBER(18,4) 로 고정(부동소수 꼬리 제거 · 합계 불변)",821991,821991,444,2026-10-08 02:03:16.641000
SERVING,MSTR_SPNSR_DVLP_V,SPNSR_AMT,NUMBER,후원금액(원),821991,821991,446,2026-10-08 02:03:16.641000
SERVING,MSTR_SPNSR_DVLP_V,DVLP_CNT,NUMBER,개발구분건수(원천 행 단위 건수),821991,821991,1,2026-10-08 02:03:16.641000
SERVING,MSTR_SPNSR_DVLP_V,SPNSR_TERM_CD,TEXT,후원기간대코드(CM016 · 첫 후원일 → 발생일 연수),821991,821991,4,2026-10-08 02:03:16.641000
SERVING,MSTR_SPNSR_DVLP_V,SPNSR_TERM_NM,TEXT,후원기간대명(1년 미만 · 1년 이상~5년 미만 · 5년 이상~10년 미만 · 10년 이상),821991,821991,4,2026-10-08 02:03:16.641000
SERVING,MSTR_SPNSR_DVLP_V,SPNSR_TERM2_CD,TEXT,후원기간대2코드(DMMM08 · 1년 단위),821991,821991,11,2026-10-08 02:03:16.641000
SERVING,MSTR_SPNSR_DVLP_V,SPNSR_TERM2_NM,TEXT,후원기간대2명(1년미만 ~ 10년이상 · 1년 단위),821991,821991,11,2026-10-08 02:03:16.641000
SERVING,MSTR_SPNSR_DVLP_V,SPNSR_AMT_CD,TEXT,후원금액범위코드(CM012 · 원천 판정값 — 그 행 후원금액의 구간이 아니다),821991,821991,5,2026-10-08 02:03:16.641000
SERVING,MSTR_SPNSR_DVLP_V,SPNSR_AMT_NM,TEXT,후원금액범위명(CM012 · 원천 판정값),821991,821991,5,2026-10-08 02:03:16.641000
SERVING,MSTR_SPNSR_DVLP_V,SPNSR_AMT2_CD,TEXT,후원금액대2코드(DMMM09 · 후원사업별 최초 정상 개발건(신규·증액·재후원) 금액 구간 · 999 = 매칭 없음),821991,821991,13,2026-10-08 02:03:16.641000
SERVING,MSTR_SPNSR_DVLP_V,SPNSR_AMT2_NM,TEXT,후원금액대2명(1만원 단위 구간 · 최초 정상 개발금액 기준),821991,821991,13,2026-10-08 02:03:16.641000
SERVING,MSTR_SPNSR_DVLP_V,SETLE_CD,TEXT,결제수단코드(PM040),821991,821991,7,2026-10-08 02:03:16.641000
SERVING,MSTR_SPNSR_DVLP_V,SETLE_NM,TEXT,결제수단명(자동이체·신용카드·휴대폰·네이버페이 등),821991,821991,7,2026-10-08 02:03:16.641000
SERVING,MSTR_SPNSR_DVLP_V,MBER_DIV_CD,TEXT,회원구분코드(MM018),821991,821991,3,2026-10-08 02:03:16.641000
SERVING,MSTR_SPNSR_DVLP_V,MBER_DIV_NM,TEXT,회원구분명(개인·기업·단체),821991,821991,3,2026-10-08 02:03:16.641000
SERVING,MSTR_SPNSR_DVLP_V,AREA_CD,TEXT,시도코드(CM011 · 0·NULL = 라벨 없음),821991,821989,19,2026-10-08 02:03:16.641000
SERVING,MSTR_SPNSR_DVLP_V,AREA_NM,TEXT,시도명(CM011 · 기타 = 원천 「기타」 · 코드 0 은 라벨이 없어 NULL),821991,821143,18,2026-10-08 02:03:16.641000
SERVING,MSTR_SPNSR_DVLP_V,SPNSR_BSNS_ABRV_CD,TEXT,후원약칭코드(CM003),821991,821991,5,2026-10-08 02:03:16.641000
SERVING,MSTR_SPNSR_DVLP_V,SPNSR_BSNS_ABRV_NM,TEXT,후원약칭명(국내·결연·해외 등),821991,821991,5,2026-10-08 02:03:16.641000
SERVING,MSTR_SPNSR_DVLP_V,CANCL_RDCAMT_RSN_CD,TEXT,중단·감액 사유코드 — 개발구분 후원중단 = MM005 · 감액 = MM002 · 그 외 NULL,821991,357203,21,2026-10-08 02:03:16.641000
SERVING,MSTR_SPNSR_DVLP_V,CANCL_RDCAMT_RSN_NM,TEXT,중단·감액 사유명 — 후원중단 = 후원중단사유(MM005) · 감액 = 후원사업취소사유(MM002) · 그 외 개발구분은 NULL(개념 없음),821991,357203,24,2026-10-08 02:03:16.641000
SERVING,MSTR_SPNSR_DVLP_V,PRE_CMPGN_CD,TEXT,직전캠페인코드 — 재후원·금액>0 에만 값 · 그 외 NULL,821991,181,113,2026-10-08 02:03:16.641000
SERVING,MSTR_SPNSR_DVLP_V,PRE_CMPGN_NM,TEXT,직전캠페인명(재후원 전 마지막 캠페인),821991,181,96,2026-10-08 02:03:16.641000
SERVING,MSTR_SPNSR_DVLP_V,CMMN_BRND_NM,TEXT,공통브랜드(MM297 · 대분류 16종) — 원천 브랜드(BRND_NM · 세부 60여 종)의 상위 묶음이나 엄격한 계층은 아니다,821991,821079,16,2026-10-08 02:03:16.641000
SERVING,MSTR_SPNSR_DVLP_V,DVLP_INFLOW_PATH_NM,TEXT,개발인입경로(MM293 · 12종 · 캠페인 모집채널),821991,821079,12,2026-10-08 02:03:16.641000
SERVING,MSTR_SPNSR_DVLP_V,CMPGN_TYPE2_NM,TEXT,캠페인유형2(원천 COMMENT = 캠페인유형(사업/사례) · MM296 · 4종 = 사례·사업·굿즈·기타),821991,821079,4,2026-10-08 02:03:16.641000
SERVING,MSTR_SPNSR_DVLP_V,CMPGN_CTGR_NM,TEXT,캠페인카테고리(MM294 · 주요캠페인 · 세부 40여 종) — 캠페인유형2 와 교차 축(엄격한 하위 계층 아님),821991,821079,57,2026-10-08 02:03:16.641000
SERVING,MSTR_SPNSR_DVLP_V,CMPGN_TYPE1_NM,TEXT,🆕 [O212-B] 캠페인유형(원천 COMMENT = 캠페인유형(국내/해외) · MM295 · 국내·해외·통합 등),821991,821079,4,2026-10-08 02:03:16.641000
SERVING,EVAL_O211_AGENT_MEMBER,INPUT_QUERY,TEXT,,13,13,13,2026-10-08 02:03:15.127000
SERVING,EVAL_O211_AGENT_MEMBER,QUESTION_ID,TEXT,,13,13,13,2026-10-08 02:03:15.127000
SERVING,EVAL_O211_AGENT_MEMBER,TRACK,TEXT,,13,13,1,2026-10-08 02:03:15.127000
SERVING,ML_LTV_FORECAST_V,LTV_TYPE,TEXT,LTV유형: MKTG_CHANNEL_AVG_MEMBER(마케팅채널 회원평균) · CMPGN_TOTAL(캠페인 월간 후원금액) — 🔴 하나로 고정,2352,2352,2,2026-10-08 02:03:13.415000
SERVING,ML_LTV_FORECAST_V,LTV_TYPE_NAME,TEXT,LTV유형 라벨,2352,2352,2,2026-10-08 02:03:13.415000
SERVING,ML_LTV_FORECAST_V,SERIES_CD,TEXT,계열코드(유형별 마케팅채널 코드 / 캠페인코드) — 원천 컬럼명은 둘 다 MKTG_CHANNEL,2352,2352,95,2026-10-08 02:03:13.415000
SERVING,ML_LTV_FORECAST_V,SERIES_NAME,TEXT,계열명(마케팅채널명 / 캠페인명 · 캠페인 마스터) — 미매칭 NULL,2352,2352,97,2026-10-08 02:03:13.415000
SERVING,ML_LTV_FORECAST_V,STDR_MT,TEXT,예측 실행 기준월 YYYYMM,2352,2352,2,2026-10-08 02:03:13.415000
SERVING,EVAL_O211_AGENT_MARKETING_V2,INPUT_QUERY,TEXT,,14,14,14,2026-10-08 02:03:11.982000
SERVING,EVAL_O211_AGENT_MARKETING_V2,QUESTION_ID,TEXT,,14,14,14,2026-10-08 02:03:11.982000
SERVING,EVAL_O211_AGENT_MARKETING_V2,TRACK,TEXT,,14,14,1,2026-10-08 02:03:11.982000
SERVING,MSTR_DVLP_YE_TREND_BSNS_V,STRD_YY,TEXT,기준연도(YYYY 문자열),204,204,3,2026-10-08 02:03:09.542000
SERVING,MSTR_DVLP_YE_TREND_BSNS_V,AS_OF_MT,TEXT,산출 기준 최신 기준년월(진행 중 · 부분 실적),204,204,1,2026-10-08 02:03:09.542000
SERVING,MSTR_DVLP_YE_TREND_BSNS_V,DVLP_DIV_CD,TEXT,개발구분코드(MSTR),204,204,5,2026-10-08 02:03:09.542000
SERVING,MSTR_DVLP_YE_TREND_BSNS_V,DVLP_DIV_NM,TEXT,개발구분명,204,204,5,2026-10-08 02:03:09.542000
SERVING,MSTR_DVLP_YE_TREND_BSNS_V,SPNSR_BSNS2_ID,TEXT,후원사업2 ID(MSTR 재분류),204,204,14,2026-10-08 02:03:09.542000
SERVING,MSTR_DVLP_YE_TREND_BSNS_V,SPNSR_BSNS2_NM,TEXT,후원사업2 명(MSTR 재분류),204,204,14,2026-10-08 02:03:09.542000
SERVING,MSTR_DVLP_YE_TREND_BSNS_V,CLOSED_ACT_CNT,NUMBER,그 해 마감월 MSTR 개발(건) 실적 합,204,204,206,2026-10-08 02:03:09.542000
SERVING,MSTR_DVLP_YE_TREND_BSNS_V,CUR_MONTH_ACT_CNT,NUMBER,진행 중 최신 기준월의 부분 실적(건 · 참고),204,204,56,2026-10-08 02:03:09.542000
SERVING,MSTR_DVLP_YE_TREND_BSNS_V,CLOSED_MONTHS,NUMBER,그 해 마감월 수,204,204,2,2026-10-08 02:03:09.542000
SERVING,MSTR_DVLP_YE_TREND_BSNS_V,LAST3_AVG_CNT,NUMBER,직전 3개 마감월 월평균 실적(건 · 현재 연도만 · 지난 연도 0),204,204,68,2026-10-08 02:03:09.542000
SERVING,MSTR_DVLP_YE_TREND_BSNS_V,YE_TREND_CNT,NUMBER,연도말 개발 추세 참고치(건) · 🔴 모델 예측이 아니다 · 후원사업 축에는 목표가 없다,204,204,201,2026-10-08 02:03:09.542000
SERVING,ML_SPONSOR_RISK_V,STDR_MT,TEXT,기준월 YYYYMM(모델 실행월) — 여러 기준월 합산은 중복계상,1686372,1686372,2,2026-10-08 02:03:06.090000
SERVING,ML_SPONSOR_RISK_V,STDR_MONTH_KEY,NUMBER,기준월 숫자키 YYYYMM(STDR_MT 파생),1686372,1686372,2,2026-10-08 02:03:06.090000
SERVING,ML_SPONSOR_RISK_V,MBER_NO,TEXT,회원번호 — 회원수는 COUNT(DISTINCT) 로 센다(후원건 grain),1686372,1686372,750249,2026-10-08 02:03:06.090000
SERVING,ML_SPONSOR_RISK_V,SPNSR_BSNS_ID,TEXT,후원사업ID [원천],1686372,1686372,19,2026-10-08 02:03:06.090000
SERVING,ML_SPONSOR_RISK_V,SPNSR_BSNS_NAME,TEXT,후원사업명(SILVER.CRM_SPONSORSHIP) — 미매칭 NULL,1686372,1686372,19,2026-10-08 02:03:06.090000
SERVING,ML_SPONSOR_RISK_V,SPNSR_BSNS_NO,TEXT,후원사업번호(약정) [원천],1686372,1686372,888892,2026-10-08 02:03:06.090000
SERVING,ML_SPONSOR_RISK_V,CMPGN_CTGR_CD,TEXT,캠페인카테고리코드 [원천],1686372,1686372,57,2026-10-08 02:03:06.090000
SERVING,ML_SPONSOR_RISK_V,CMPGN_CTGR_NAME,TEXT,캠페인카테고리명(캠페인 마스터 DISTINCT · 코드당 1개 실측) — 미매칭 NULL,1686372,1686372,57,2026-10-08 02:03:06.090000
SERVING,ML_SPONSOR_RISK_V,CHURN_CLASS,TEXT,이탈 예측 분류(모델 class) — 업무 판정선 아님,1686372,1686372,2,2026-10-08 02:03:06.090000
SERVING,ML_SPONSOR_RISK_V,PREDICTION_HAS_ERROR,BOOLEAN,예측 로그에 오류가 있는 행 여부(PREDICTION:logs:Error 비어있지 않음),1686372,1686372,1,2026-10-08 02:03:06.090000
SERVING,ML_SPONSOR_RISK_V,CHURN_GRADE,TEXT,후원건 이탈위험 등급(F-4 · O190) — 기준월 내 후원건 백분위: 상위 5% 고위험 · 5~25% 주의 · 나머지 일반. 🔴 확률 임계가 아니라 순위다,1686372,1686372,3,2026-10-08 02:03:06.090000
BRONZE_GSC,SEARCH_CONSOLE_DATA2,QUERY,TEXT,사용자 검색 쿼리(키워드),941298,941298,33256,2026-10-08 02:03:02.327000
BRONZE_GSC,SEARCH_CONSOLE_DATA2,PAGE,TEXT,검색 결과에 노출된 페이지 URL,941298,941298,10860,2026-10-08 02:03:02.327000
BRONZE_GSC,SEARCH_CONSOLE_DATA2,COUNTRY,TEXT,검색이 발생한 국가 코드,941298,941298,216,2026-10-08 02:03:02.327000
BRONZE_GSC,SEARCH_CONSOLE_DATA2,DEVICE,TEXT,검색에 사용된 디바이스 유형,941298,941298,3,2026-10-08 02:03:02.327000
BRONZE_GSC,SEARCH_CONSOLE_DATA2,CLICKS,NUMBER,검색 결과 클릭 수,941298,941298,95,2026-10-08 02:03:02.327000
BRONZE_GSC,SEARCH_CONSOLE_DATA2,IMPRESSIONS,NUMBER,검색 결과 노출 수,941298,941298,460,2026-10-08 02:03:02.327000
BRONZE_GSC,SEARCH_CONSOLE_DATA2,RESPONSE_AGGREGATION_TYPE,TEXT,응답 집계 유형,941298,941298,1,2026-10-08 02:03:02.327000
BRONZE_GSC,SEARCH_CONSOLE_DATA,QUERY,TEXT,사용자 검색 쿼리(키워드),983601,983601,35229,2026-10-08 02:03:00.333000
BRONZE_GSC,SEARCH_CONSOLE_DATA,PAGE,TEXT,검색 결과에 노출된 페이지 URL,983601,983601,11249,2026-10-08 02:03:00.333000
BRONZE_GSC,SEARCH_CONSOLE_DATA,COUNTRY,TEXT,검색이 발생한 국가 코드,983601,983601,216,2026-10-08 02:03:00.333000
BRONZE_GSC,SEARCH_CONSOLE_DATA,DEVICE,TEXT,검색에 사용된 디바이스 유형,983601,983601,3,2026-10-08 02:03:00.333000
BRONZE_GSC,SEARCH_CONSOLE_DATA,CLICKS,NUMBER,검색 결과 클릭 수,983601,983601,95,2026-10-08 02:03:00.333000
BRONZE_GSC,SEARCH_CONSOLE_DATA,IMPRESSIONS,NUMBER,검색 결과 노출 수,983601,983601,471,2026-10-08 02:03:00.333000
BRONZE_GSC,SEARCH_CONSOLE_DATA,RESPONSE_AGGREGATION_TYPE,TEXT,응답 집계 유형,983601,983601,1,2026-10-08 02:03:00.333000
BRONZE_GSC,SYNC_ERR_INFO,ERR_INFO,TEXT,오류 내용,0,0,0,2026-10-08 02:02:59.208000
BRONZE_GSC,SYNC_ERR_INFO,ERR_SEQ,NUMBER,오류 순번(시퀀스 SEQ_SYNC_ERR_INFO),0,0,0,2026-10-08 02:02:59.208000
BRONZE_GA4,SYNC_ERR_INFO,ERR_INFO,TEXT,오류 내용,0,0,0,2026-10-08 02:02:56.150000
BRONZE_GA4,SYNC_ERR_INFO,ERR_SEQ,NUMBER,오류 순번(시퀀스 SEQ_SYNC_ERR_INFO),0,0,0,2026-10-08 02:02:56.150000
BRONZE_GA4,GA4_USER_DEMOGRAPHIC,DATE,TEXT,일자,46143,46143,1332,2026-10-08 02:02:54.696000
BRONZE_GA4,GA4_USER_DEMOGRAPHIC,DEVICE_CATEGORY,TEXT,기기 카테고리,46143,46143,3,2026-10-08 02:02:54.696000
BRONZE_GA4,GA4_USER_DEMOGRAPHIC,USER_GENDER,TEXT,성별,46143,46143,3,2026-10-08 02:02:54.696000
BRONZE_GA4,GA4_USER_DEMOGRAPHIC,USER_AGE_BRACKET,TEXT,연령,46143,46143,7,2026-10-08 02:02:54.696000
BRONZE_GA4,GA4_USER_DEMOGRAPHIC,NEW_USERS,TEXT,새 사용자 수,46143,46143,3631,2026-10-08 02:02:54.696000
BRONZE_GA4,GA4_USER_DEMOGRAPHIC,SESSIONS,TEXT,세션수,46143,46143,4408,2026-10-08 02:02:54.696000
BRONZE_GA4,GA4_USER_DEMOGRAPHIC,TOTAL_USERS,TEXT,총 사용자,46143,46143,4311,2026-10-08 02:02:54.696000
BRONZE_ERP,BDGT_ACMSLT_LEDGER,YEAR,TEXT,연도,258,258,3,2026-10-08 02:02:51.206000
BRONZE_ERP,BDGT_ACMSLT_LEDGER,INCOME_EXPS_DIV_NM,TEXT,수지구분,258,258,1,2026-10-08 02:02:51.206000
BRONZE_ERP,BDGT_ACMSLT_LEDGER,BDGT_PRCD_NM,TEXT,예산절차,258,258,2,2026-10-08 02:02:51.206000
BRONZE_ERP,BDGT_ACMSLT_LEDGER,BDGT_UNIT_NM,TEXT,예산단위,258,258,6,2026-10-08 02:02:51.206000
BRONZE_ERP,BDGT_ACMSLT_LEDGER,JANG_NM,TEXT,장,258,258,4,2026-10-08 02:02:51.206000
BRONZE_ERP,BDGT_ACMSLT_LEDGER,KWAN_NM,TEXT,관,258,258,6,2026-10-08 02:02:51.206000
BRONZE_ERP,BDGT_ACMSLT_LEDGER,HANG_NM,TEXT,항,258,258,9,2026-10-08 02:02:51.206000
BRONZE_ERP,BDGT_ACMSLT_LEDGER,MOK_NM,TEXT,목,258,258,15,2026-10-08 02:02:51.206000
BRONZE_ERP,BDGT_ACMSLT_LEDGER,DTL_ITEM_NM,TEXT,세목,258,258,6,2026-10-08 02:02:51.206000
BRONZE_ERP,BDGT_ACMSLT_LEDGER,SUBDTL_ITEM_NM,TEXT,세세목,258,258,48,2026-10-08 02:02:51.206000
BRONZE_ERP,BDGT_ACMSLT_LEDGER,FUND_SOURCE_NM,TEXT,재원,258,258,8,2026-10-08 02:02:51.206000
BRONZE_ERP,BDGT_ACMSLT_LEDGER,BDGT_ITEM_NM,TEXT,예산과목,258,5,4,2026-10-08 02:02:51.206000
BRONZE_ERP,BDGT_ACMSLT_LEDGER,VENDOR,TEXT,거래처,258,6,4,2026-10-08 02:02:51.206000
BRONZE_ERP,BDGT_ACMSLT_LEDGER,DVLP_INBOUND_PATH,TEXT,개발인입경로,258,125,7,2026-10-08 02:02:51.206000
BRONZE_ERP,BDGT_ACMSLT_LEDGER,DIRECT_MNYRS_YN_1,TEXT,직접모금비1,258,91,1,2026-10-08 02:02:51.206000
BRONZE_ERP,BDGT_ACMSLT_LEDGER,DIRECT_MNYRS_YN_2,TEXT,직접모금비2,258,125,1,2026-10-08 02:02:51.206000
BRONZE_ERP,BDGT_ACMSLT_LEDGER,YEAR_BDGT_TOT_AMT,NUMBER,연예산_합계,258,258,86,2026-10-08 02:02:51.206000
BRONZE_ERP,BDGT_ACMSLT_LEDGER,CHN_BDGT_TOT_AMT,NUMBER,변경예산_합계,258,258,1,2026-10-08 02:02:51.206000
BRONZE_ERP,BDGT_ACMSLT_LEDGER,ADJ_BDGT_TOT_AMT,NUMBER,조정예산_합계,258,258,1,2026-10-08 02:02:51.206000
BRONZE_ERP,BDGT_ACMSLT_LEDGER,EXEC_TOT_AMT,NUMBER,집행금액_합계,258,258,65,2026-10-08 02:02:51.206000
BRONZE_ERP,BDGT_ACMSLT_LEDGER,YEAR_BDGT_AMT_1,NUMBER,연예산_01,258,258,38,2026-10-08 02:02:51.206000
BRONZE_ERP,BDGT_ACMSLT_LEDGER,CHN_BDGT_AMT_1,NUMBER,변경예산_01,258,258,1,2026-10-08 02:02:51.206000
BRONZE_ERP,BDGT_ACMSLT_LEDGER,ADJ_BDGT_AMT_1,NUMBER,조정예산_01,258,258,1,2026-10-08 02:02:51.206000
BRONZE_ERP,BDGT_ACMSLT_LEDGER,EXEC_AMT_1,NUMBER,집행금액_01,258,258,35,2026-10-08 02:02:51.206000
BRONZE_ERP,BDGT_ACMSLT_LEDGER,YEAR_BDGT_AMT_2,NUMBER,연예산_02,258,258,39,2026-10-08 02:02:51.206000
BRONZE_ERP,BDGT_ACMSLT_LEDGER,CHN_BDGT_AMT_2,NUMBER,변경예산_02,258,258,1,2026-10-08 02:02:51.206000
BRONZE_ERP,BDGT_ACMSLT_LEDGER,ADJ_BDGT_AMT_2,NUMBER,조정예산_02,258,258,1,2026-10-08 02:02:51.206000
BRONZE_ERP,BDGT_ACMSLT_LEDGER,EXEC_AMT_2,NUMBER,집행금액_02,258,258,37,2026-10-08 02:02:51.206000
BRONZE_ERP,BDGT_ACMSLT_LEDGER,YEAR_BDGT_AMT_3,NUMBER,연예산_03,258,258,37,2026-10-08 02:02:51.206000
BRONZE_ERP,BDGT_ACMSLT_LEDGER,CHN_BDGT_AMT_3,NUMBER,변경예산_03,258,258,1,2026-10-08 02:02:51.206000
BRONZE_ERP,BDGT_ACMSLT_LEDGER,ADJ_BDGT_AMT_3,NUMBER,조정예산_03,258,258,1,2026-10-08 02:02:51.206000
BRONZE_ERP,BDGT_ACMSLT_LEDGER,EXEC_AMT_3,NUMBER,집행금액_03,258,258,40,2026-10-08 02:02:51.206000
BRONZE_ERP,BDGT_ACMSLT_LEDGER,YEAR_BDGT_AMT_4,NUMBER,연예산_04,258,258,38,2026-10-08 02:02:51.206000
BRONZE_ERP,BDGT_ACMSLT_LEDGER,CHN_BDGT_AMT_4,NUMBER,변경예산_04,258,258,1,2026-10-08 02:02:51.206000
BRONZE_ERP,BDGT_ACMSLT_LEDGER,ADJ_BDGT_AMT_4,NUMBER,조정예산_04,258,258,1,2026-10-08 02:02:51.206000
BRONZE_ERP,BDGT_ACMSLT_LEDGER,EXEC_AMT_4,NUMBER,집행금액_04,258,258,39,2026-10-08 02:02:51.206000
BRONZE_ERP,BDGT_ACMSLT_LEDGER,YEAR_BDGT_AMT_5,NUMBER,연예산_05,258,258,39,2026-10-08 02:02:51.206000
BRONZE_ERP,BDGT_ACMSLT_LEDGER,CHN_BDGT_AMT_5,NUMBER,변경예산_05,258,258,1,2026-10-08 02:02:51.206000
BRONZE_ERP,BDGT_ACMSLT_LEDGER,ADJ_BDGT_AMT_5,NUMBER,조정예산_05,258,258,1,2026-10-08 02:02:51.206000
BRONZE_ERP,BDGT_ACMSLT_LEDGER,EXEC_AMT_5,NUMBER,집행금액_05,258,258,39,2026-10-08 02:02:51.206000
BRONZE_ERP,BDGT_ACMSLT_LEDGER,YEAR_BDGT_AMT_6,NUMBER,연예산_06,258,258,40,2026-10-08 02:02:51.206000
BRONZE_ERP,BDGT_ACMSLT_LEDGER,CHN_BDGT_AMT_6,NUMBER,변경예산_06,258,258,1,2026-10-08 02:02:51.206000
BRONZE_ERP,BDGT_ACMSLT_LEDGER,ADJ_BDGT_AMT_6,NUMBER,조정예산_06,258,258,1,2026-10-08 02:02:51.206000
BRONZE_ERP,BDGT_ACMSLT_LEDGER,EXEC_AMT_6,NUMBER,집행금액_06,258,258,38,2026-10-08 02:02:51.206000
BRONZE_ERP,BDGT_ACMSLT_LEDGER,YEAR_BDGT_AMT_7,NUMBER,연예산_07,258,258,39,2026-10-08 02:02:51.206000
BRONZE_ERP,BDGT_ACMSLT_LEDGER,CHN_BDGT_AMT_7,NUMBER,변경예산_07,258,258,1,2026-10-08 02:02:51.206000
BRONZE_ERP,BDGT_ACMSLT_LEDGER,ADJ_BDGT_AMT_7,NUMBER,조정예산_07,258,258,1,2026-10-08 02:02:51.206000
BRONZE_ERP,BDGT_ACMSLT_LEDGER,EXEC_AMT_7,NUMBER,집행금액_07,258,258,29,2026-10-08 02:02:51.206000
BRONZE_ERP,BDGT_ACMSLT_LEDGER,YEAR_BDGT_AMT_8,NUMBER,연예산_08,258,258,39,2026-10-08 02:02:51.206000
BRONZE_ERP,BDGT_ACMSLT_LEDGER,CHN_BDGT_AMT_8,NUMBER,변경예산_08,258,258,1,2026-10-08 02:02:51.206000
BRONZE_ERP,BDGT_ACMSLT_LEDGER,ADJ_BDGT_AMT_8,NUMBER,조정예산_08,258,258,1,2026-10-08 02:02:51.206000
BRONZE_ERP,BDGT_ACMSLT_LEDGER,EXEC_AMT_8,NUMBER,집행금액_08,258,258,28,2026-10-08 02:02:51.206000
BRONZE_ERP,BDGT_ACMSLT_LEDGER,YEAR_BDGT_AMT_9,NUMBER,연예산_09,258,258,36,2026-10-08 02:02:51.206000
BRONZE_ERP,BDGT_ACMSLT_LEDGER,CHN_BDGT_AMT_9,NUMBER,변경예산_09,258,258,1,2026-10-08 02:02:51.206000
BRONZE_ERP,BDGT_ACMSLT_LEDGER,ADJ_BDGT_AMT_9,NUMBER,조정예산_09,258,258,1,2026-10-08 02:02:51.206000
BRONZE_ERP,BDGT_ACMSLT_LEDGER,EXEC_AMT_9,NUMBER,집행금액_09,258,258,28,2026-10-08 02:02:51.206000
BRONZE_ERP,BDGT_ACMSLT_LEDGER,YEAR_BDGT_AMT_10,NUMBER,연예산_10,258,258,38,2026-10-08 02:02:51.206000
BRONZE_ERP,BDGT_ACMSLT_LEDGER,CHN_BDGT_AMT_10,NUMBER,변경예산_10,258,258,1,2026-10-08 02:02:51.206000
BRONZE_ERP,BDGT_ACMSLT_LEDGER,ADJ_BDGT_AMT_10,NUMBER,조정예산_10,258,258,1,2026-10-08 02:02:51.206000
BRONZE_ERP,BDGT_ACMSLT_LEDGER,EXEC_AMT_10,NUMBER,집행금액_10,258,258,28,2026-10-08 02:02:51.206000
BRONZE_ERP,BDGT_ACMSLT_LEDGER,YEAR_BDGT_AMT_11,NUMBER,연예산_11,258,258,39,2026-10-08 02:02:51.206000
BRONZE_ERP,BDGT_ACMSLT_LEDGER,CHN_BDGT_AMT_11,NUMBER,변경예산_11,258,258,1,2026-10-08 02:02:51.206000
BRONZE_ERP,BDGT_ACMSLT_LEDGER,ADJ_BDGT_AMT_11,NUMBER,조정예산_11,258,258,1,2026-10-08 02:02:51.206000
BRONZE_ERP,BDGT_ACMSLT_LEDGER,EXEC_AMT_11,NUMBER,집행금액_11,258,258,30,2026-10-08 02:02:51.206000
BRONZE_ERP,BDGT_ACMSLT_LEDGER,YEAR_BDGT_AMT_12,NUMBER,연예산_12,258,258,37,2026-10-08 02:02:51.206000
BRONZE_ERP,BDGT_ACMSLT_LEDGER,CHN_BDGT_AMT_12,NUMBER,변경예산_12,258,258,1,2026-10-08 02:02:51.206000
BRONZE_ERP,BDGT_ACMSLT_LEDGER,ADJ_BDGT_AMT_12,NUMBER,조정예산_12,258,258,1,2026-10-08 02:02:51.206000
BRONZE_ERP,BDGT_ACMSLT_LEDGER,EXEC_AMT_12,NUMBER,집행금액_12,258,258,40,2026-10-08 02:02:51.206000
BRONZE_ERP,EXPENSE_RESOLUTION,YEAR,TEXT,연도,61785,61785,3,2026-10-08 02:02:49.617000
BRONZE_ERP,EXPENSE_RESOLUTION,RESOLUTION_NO,TEXT,결의번호,61785,61785,32352,2026-10-08 02:02:49.617000
BRONZE_ERP,EXPENSE_RESOLUTION,RESOLUTION_DEPT_NM,TEXT,결의부서,61785,61785,55,2026-10-08 02:02:49.617000
BRONZE_ERP,EXPENSE_RESOLUTION,EXPS_RESOLUTION_NM,TEXT,지출결의명,61785,61784,19842,2026-10-08 02:02:49.617000
BRONZE_ERP,EXPENSE_RESOLUTION,SOURCE_DIV_NM,TEXT,원천구분,61785,39101,6,2026-10-08 02:02:49.617000
BRONZE_ERP,EXPENSE_RESOLUTION,SOURCE_NO,TEXT,원천번호,61785,39101,9545,2026-10-08 02:02:49.617000
BRONZE_ERP,EXPENSE_RESOLUTION,BDGT_UNIT_NM,TEXT,예산단위,61785,61785,121,2026-10-08 02:02:49.617000
BRONZE_ERP,EXPENSE_RESOLUTION,MOK_NM,TEXT,목,61785,61785,12,2026-10-08 02:02:49.617000
BRONZE_ERP,EXPENSE_RESOLUTION,DTL_ITEM_NM,TEXT,세목,61785,61785,4,2026-10-08 02:02:49.617000
BRONZE_ERP,EXPENSE_RESOLUTION,SUBDTL_ITEM_NM,TEXT,세세목,61785,61785,100,2026-10-08 02:02:49.617000
BRONZE_ERP,EXPENSE_RESOLUTION,FUND_SOURCE_NM,TEXT,재원,61785,61784,26,2026-10-08 02:02:49.617000
BRONZE_ERP,EXPENSE_RESOLUTION,BDGT_ITEM_NM,TEXT,예산과목,61785,61785,20,2026-10-08 02:02:49.617000
BRONZE_ERP,EXPENSE_RESOLUTION,DESCRIPTIONVARCHAR,TEXT,적요,61785,61785,38637,2026-10-08 02:02:49.617000
BRONZE_ERP,EXPENSE_RESOLUTION,SUM_AMT,NUMBER,합계금액,61785,61785,13607,2026-10-08 02:02:49.617000
BRONZE_ERP,EXPENSE_RESOLUTION,CONTENTS_DELIMITER,TEXT,콘텐츠구분자,61785,3797,154,2026-10-08 02:02:49.617000
BRONZE_AGENCY,REBRDC_AD_CMPGN_DTLS,DIV_NM,TEXT,구분,2111,2111,2,2026-10-08 02:02:46.660000
BRONZE_AGENCY,REBRDC_AD_CMPGN_DTLS,YEAR,TEXT,연도,2111,2111,4,2026-10-08 02:02:46.660000
BRONZE_AGENCY,REBRDC_AD_CMPGN_DTLS,MONTH,TEXT,월,2111,2111,12,2026-10-08 02:02:46.660000
BRONZE_AGENCY,REBRDC_AD_CMPGN_DTLS,DAY,TEXT,일,2111,2111,31,2026-10-08 02:02:46.660000
BRONZE_AGENCY,REBRDC_AD_CMPGN_DTLS,CHNNL_NM,TEXT,채널,2111,2111,22,2026-10-08 02:02:46.660000
BRONZE_AGENCY,REBRDC_AD_CMPGN_DTLS,DOW,TEXT,요일,2111,2111,7,2026-10-08 02:02:46.660000
BRONZE_AGENCY,REBRDC_AD_CMPGN_DTLS,WEEK,TEXT,주차,2111,2111,6,2026-10-08 02:02:46.660000
BRONZE_AGENCY,REBRDC_AD_CMPGN_DTLS,BRDC_TIME,TEXT,방송시간,2111,2111,66,2026-10-08 02:02:46.660000
BRONZE_AGENCY,REBRDC_AD_CMPGN_DTLS,BRDC_NM,TEXT,방송명,2111,2111,130,2026-10-08 02:02:46.660000
BRONZE_AGENCY,REBRDC_AD_CMPGN_DTLS,BRDC_DIV_NM,TEXT,방송구분,2111,2111,6,2026-10-08 02:02:46.660000
BRONZE_AGENCY,REBRDC_AD_CMPGN_DTLS,INBOUND_CALL_CNT,TEXT,인입콜,2111,2086,305,2026-10-08 02:02:46.660000
BRONZE_AGENCY,REBRDC_AD_CMPGN_DTLS,UPPER_CMPGN_CD,TEXT,상위캠페인코드,2111,0,0,2026-10-08 02:02:46.660000
BRONZE_AGENCY,REBRDC_AD_CMPGN_DTLS,CMPGN_CD,TEXT,캠페인코드,2111,0,0,2026-10-08 02:02:46.660000
BRONZE_AGENCY,DGT_AD_CMPGN_DTLS,TIME,TEXT,시간,221137,35,1,2026-10-08 02:02:44.789000
BRONZE_AGENCY,DGT_AD_CMPGN_DTLS,YEAR,TEXT,연도,221137,221137,3,2026-10-08 02:02:44.789000
BRONZE_AGENCY,DGT_AD_CMPGN_DTLS,BDGT_SOURCE_NM,TEXT,예산출처,221137,221137,3,2026-10-08 02:02:44.789000
BRONZE_AGENCY,DGT_AD_CMPGN_DTLS,CMPGN_TYPE1_BSN_NM,TEXT,캠페인유형1,221137,221137,4,2026-10-08 02:02:44.789000
BRONZE_AGENCY,DGT_AD_CMPGN_DTLS,CMPGN_TYPE2_BSN_NM,TEXT,캠페인유형2,221137,221137,5,2026-10-08 02:02:44.789000
BRONZE_AGENCY,DGT_AD_CMPGN_DTLS,CMPGN_TYPE_BSN_NM,TEXT,캠페인유형,221137,221137,8,2026-10-08 02:02:44.789000
BRONZE_AGENCY,DGT_AD_CMPGN_DTLS,AD_TY_NM,TEXT,광고유형,221137,221137,7,2026-10-08 02:02:44.789000
BRONZE_AGENCY,DGT_AD_CMPGN_DTLS,MONTH,TEXT,월,221137,221137,12,2026-10-08 02:02:44.789000
BRONZE_AGENCY,DGT_AD_CMPGN_DTLS,DEVICE,TEXT,기기,221137,221137,2,2026-10-08 02:02:44.789000
BRONZE_AGENCY,DGT_AD_CMPGN_DTLS,MEDIA_NM,TEXT,매체,221137,220947,32,2026-10-08 02:02:44.789000
BRONZE_AGENCY,DGT_AD_CMPGN_DTLS,WEEK,TEXT,주차,221137,221137,13,2026-10-08 02:02:44.789000
BRONZE_AGENCY,DGT_AD_CMPGN_DTLS,DAY,TEXT,일자,221137,221137,31,2026-10-08 02:02:44.789000
BRONZE_AGENCY,DGT_AD_CMPGN_DTLS,DOW,TEXT,요일,221137,221137,7,2026-10-08 02:02:44.789000
BRONZE_AGENCY,DGT_AD_CMPGN_DTLS,CMPGN_NM,TEXT,캠페인명,221137,221137,115,2026-10-08 02:02:44.789000
BRONZE_AGENCY,DGT_AD_CMPGN_DTLS,MATR,TEXT,소재,221137,221137,6563,2026-10-08 02:02:44.789000
BRONZE_AGENCY,DGT_AD_CMPGN_DTLS,MATR_TY_NM,TEXT,소재유형,221137,105436,5,2026-10-08 02:02:44.789000
BRONZE_AGENCY,DGT_AD_CMPGN_DTLS,UTM_CMPGN_NM,TEXT,utm_campaign,221137,201780,109,2026-10-08 02:02:44.789000
BRONZE_AGENCY,DGT_AD_CMPGN_DTLS,PAGE_TYPE_NM,TEXT,지면구분,221137,1043,3,2026-10-08 02:02:44.789000
BRONZE_AGENCY,DGT_AD_CMPGN_DTLS,AD_GRP_NM,TEXT,광고그룹,221137,3308,31,2026-10-08 02:02:44.789000
BRONZE_AGENCY,DGT_AD_CMPGN_DTLS,GRP_DIV_NM,TEXT,그룹구분,221137,0,0,2026-10-08 02:02:44.789000
BRONZE_AGENCY,SYNC_ERR_INFO,ERR_SEQ,NUMBER,오류 순번(시퀀스 SEQ_SYNC_ERR_INFO),44,44,44,2026-10-08 02:02:43.467000
BRONZE_AGENCY,SYNC_ERR_INFO,DATA_TYPE,TEXT,오류 발생 데이터 구분,44,44,3,2026-10-08 02:02:43.467000
BRONZE_AGENCY,SYNC_ERR_INFO,ERR_INFO,TEXT,오류 내용,44,44,22,2026-10-08 02:02:43.467000
BRONZE_AGENCY,VIDEO_AD_CMPGN_DTLS,CHNNL_NM,TEXT,채널,48115,48115,51,2026-10-08 02:02:40.934000
BRONZE_AGENCY,VIDEO_AD_CMPGN_DTLS,DOW,TEXT,요일,48115,47354,7,2026-10-08 02:02:40.934000
BRONZE_AGENCY,VIDEO_AD_CMPGN_DTLS,TIME_RNG,TEXT,시간대,48115,36764,16,2026-10-08 02:02:40.934000
BRONZE_AGENCY,VIDEO_AD_CMPGN_DTLS,DAY_DIV_NM,TEXT,주중/토/일,48115,36764,3,2026-10-08 02:02:40.934000
BRONZE_AGENCY,VIDEO_AD_CMPGN_DTLS,PRG_STRT_TIME,TEXT,프로그램시작시간,48115,34621,1602,2026-10-08 02:02:40.934000
BRONZE_AGENCY,VIDEO_AD_CMPGN_DTLS,SCHDL_NM,TEXT,편성명,48115,35624,1722,2026-10-08 02:02:40.934000
BRONZE_AGENCY,VIDEO_AD_CMPGN_DTLS,CM,TEXT,CM,48115,35624,5,2026-10-08 02:02:40.934000
BRONZE_AGENCY,VIDEO_AD_CMPGN_DTLS,CM_AREA,TEXT,CM위치,48115,34437,16,2026-10-08 02:02:40.934000
BRONZE_AGENCY,VIDEO_AD_CMPGN_DTLS,AD_STRT_TIME,TEXT,광고시작시간,48115,35440,23645,2026-10-08 02:02:40.934000
BRONZE_AGENCY,VIDEO_AD_CMPGN_DTLS,AD_END_TIME,TEXT,광고종료시간,48115,17712,13136,2026-10-08 02:02:40.934000
BRONZE_AGENCY,VIDEO_AD_CMPGN_DTLS,SPOT_TY,TEXT,SpotType,48115,16709,4,2026-10-08 02:02:40.934000
BRONZE_AGENCY,VIDEO_AD_CMPGN_DTLS,AD_SEC,TEXT,초수,48115,35660,7,2026-10-08 02:02:40.934000
BRONZE_AGENCY,VIDEO_AD_CMPGN_DTLS,UPPER_CMPGN_NM,TEXT,상위캠페인,48115,3963,15,2026-10-08 02:02:40.934000
BRONZE_AGENCY,VIDEO_AD_CMPGN_DTLS,MATR_NM,TEXT,소재,48115,47642,222,2026-10-08 02:02:40.934000
BRONZE_AGENCY,VIDEO_AD_CMPGN_DTLS,DMST_OVSEA_DIV_NM,TEXT,캠페인유형(국내/해외),48115,45304,3,2026-10-08 02:02:40.934000
BRONZE_AGENCY,VIDEO_AD_CMPGN_DTLS,BSNS_CASE_DIV_NM,TEXT,캠페인유형(사업/사례),48115,45304,4,2026-10-08 02:02:40.934000
BRONZE_AGENCY,VIDEO_AD_CMPGN_DTLS,CMPGN_TY_NM,TEXT,캠페인유형,48115,48115,7,2026-10-08 02:02:40.934000
BRONZE_AGENCY,VIDEO_AD_CMPGN_DTLS,CHNNL_CMPNY_TY_NM,TEXT,채널사유형,48115,44707,9,2026-10-08 02:02:40.934000
BRONZE_AGENCY,VIDEO_AD_CMPGN_DTLS,WEEK,TEXT,주차,48115,48114,16,2026-10-08 02:02:40.934000
BRONZE_AGENCY,VIDEO_AD_CMPGN_DTLS,MONTH,TEXT,월,48115,48115,24,2026-10-08 02:02:40.934000
BRONZE_AGENCY,VIDEO_AD_CMPGN_DTLS,AD_TY_NM,TEXT,광고유형,48115,48115,4,2026-10-08 02:02:40.934000
BRONZE_AGENCY,VIDEO_AD_CMPGN_DTLS,BDGT_SOURCE_NM,TEXT,예산출처,48115,48115,1,2026-10-08 02:02:40.934000
BRONZE_AGENCY,VIDEO_AD_CMPGN_DTLS,DEVICE_NM,TEXT,기기,48115,45304,4,2026-10-08 02:02:40.934000
BRONZE_AGENCY,VIDEO_AD_CMPGN_DTLS,YEAR,TEXT,연도,48115,45304,3,2026-10-08 02:02:40.934000
BRONZE_AGENCY,VIDEO_AD_CMPGN_DTLS,DAY,TEXT,일자,48115,45304,31,2026-10-08 02:02:40.934000
BRONZE_AGENCY,VIDEO_AD_CMPGN_DTLS,CMPGN_NM,TEXT,캠페인명,48115,3336,24,2026-10-08 02:02:40.934000
BRONZE_AGENCY,VIDEO_AD_CMPGN_DTLS,MATR_TY_NM,TEXT,소재유형,48115,2897,2,2026-10-08 02:02:40.934000
MSTR,D_DEPT2_CD,DEPT2_ID,TEXT,,401,401,405,2026-10-08 02:02:37.561000
MSTR,D_DEPT2_CD,DEPT2_NM,TEXT,,401,401,261,2026-10-08 02:02:37.561000
MSTR,D_DEPT2_CD,DEPT3_ID,TEXT,,401,401,73,2026-10-08 02:02:37.561000
MSTR,D_DEPT2_CD,DEPT4_ID,TEXT,,401,401,9,2026-10-08 02:02:37.561000
MSTR,D_DEPT2_CD,DEPT5_ID,TEXT,,401,401,5,2026-10-08 02:02:37.561000
MSTR,D_DEPT2_CD,SORT_ORDR,NUMBER,,401,3,2,2026-10-08 02:02:37.561000
MSTR,D_DEPT2_CD,USE_YN,TEXT,,401,401,2,2026-10-08 02:02:37.561000
MSTR,D_DEPT2_CD,ACMSLT_DEPT_YN,TEXT,,401,400,2,2026-10-08 02:02:37.561000
MSTR,D_DEPT2_CD,FST_DE,TEXT,,401,401,43,2026-10-08 02:02:37.561000
MSTR,D_DEPT2_CD,LST_DE,TEXT,,401,401,36,2026-10-08 02:02:37.561000
MSTR,D_DEPT2_CD,WORK_DE,TEXT,,401,401,1,2026-10-08 02:02:37.561000
MSTR,D_CMMN_DTL_CD,CD_ID,TEXT,,6374,6374,365,2026-10-08 02:02:36.243000
MSTR,D_CMMN_DTL_CD,DTL_CD_ID,TEXT,,6374,6374,2700,2026-10-08 02:02:36.243000
MSTR,D_CMMN_DTL_CD,CD_NM,TEXT,,6374,6374,359,2026-10-08 02:02:36.243000
MSTR,D_CMMN_DTL_CD,DTL_CD_NM,TEXT,,6374,6374,4413,2026-10-08 02:02:36.243000
MSTR,D_CMMN_DTL_CD,SORT_ORDR,NUMBER,,6374,5808,303,2026-10-08 02:02:36.243000
MSTR,D_CMMN_DTL_CD,RM,TEXT,,6374,745,97,2026-10-08 02:02:36.243000
MSTR,D_CMMN_DTL_CD,USE_YN,TEXT,,6374,6374,2,2026-10-08 02:02:36.243000
MSTR,D_CMMN_DTL_CD,CD_ATRB1,TEXT,,6374,1159,108,2026-10-08 02:02:36.243000
MSTR,D_CMMN_DTL_CD,CD_ATRB2,TEXT,,6374,574,37,2026-10-08 02:02:36.243000
MSTR,D_CMMN_DTL_CD,CD_ATRB3,TEXT,,6374,1118,32,2026-10-08 02:02:36.243000
MSTR,D_CMMN_DTL_CD,FRST_RGSTR_ID,TEXT,,6374,5938,26,2026-10-08 02:02:36.243000
MSTR,D_CMMN_DTL_CD,LAST_UPDUSR_ID,TEXT,,6374,6027,29,2026-10-08 02:02:36.243000
MSTR,D_CMMN_DTL_CD,UPPER_CD_ID,TEXT,,6374,842,61,2026-10-08 02:02:36.243000
MSTR,D_CMMN_DTL_CD,CD_TYP_CD,TEXT,,6374,6374,2,2026-10-08 02:02:36.243000
MSTR,D_CMMN_DTL_CD,WORK_DE,TEXT,,6374,6374,1,2026-10-08 02:02:36.243000
MSTR,D_CPR_DIV_CD,CPR_DIV_CD,TEXT,,4,4,4,2026-10-08 02:02:35.054000
MSTR,D_CPR_DIV_CD,CPR_DIV_NM,TEXT,,4,4,4,2026-10-08 02:02:35.054000
MSTR,D_CPR_DIV_CD,SORT_ORDR,NUMBER,,4,4,4,2026-10-08 02:02:35.054000
MSTR,D_CPR_DIV_CD,USE_YN,TEXT,,4,4,1,2026-10-08 02:02:35.054000
MSTR,D_UP_CMPGN_CD,UPPER_CMPGN_CD,TEXT,,1478,1478,1478,2026-10-08 02:02:33.660000
MSTR,D_UP_CMPGN_CD,UPPER_CMPGN_NM,TEXT,,1478,1478,1484,2026-10-08 02:02:33.660000
MSTR,D_UP_CMPGN_CD,SORT_ORDR,NUMBER,,1478,1478,1473,2026-10-08 02:02:33.660000
MSTR,D_UP_CMPGN_CD,USE_YN,TEXT,,1478,1478,2,2026-10-08 02:02:33.660000
MSTR,D_SPNSR_BSNS_V,STRD_MT,TEXT,,2219655,2219655,432,2026-10-08 02:02:30.693000
MSTR,D_SPNSR_BSNS_V,SPNSR_NO,TEXT,,2219655,2219655,2147387,2026-10-08 02:02:30.693000
MSTR,D_SPNSR_BSNS_V,SPNSR_BSNS_NO,NUMBER,,2219655,2219655,2253328,2026-10-08 02:02:30.693000
MSTR,D_SPNSR_BSNS_V,SPNSR_BSNS_ID,TEXT,,2219655,2219655,29,2026-10-08 02:02:30.693000
MSTR,D_SPNSR_BSNS_V,MBER_NO,TEXT,,2219655,2219655,1607342,2026-10-08 02:02:30.693000
MSTR,D_SPNSR_BSNS_V,CMPGN_CD,TEXT,,2219655,2219655,17111,2026-10-08 02:02:30.693000
MSTR,D_SPNSR_BSNS_V,ACMSLT_DEPT_CD,TEXT,,2219655,2219653,355,2026-10-08 02:02:30.693000
MSTR,D_SPNSR_BSNS_V,JOIN_PATH_CD,TEXT,,2219655,2219655,6,2026-10-08 02:02:30.693000
MSTR,D_SPNSR_BSNS_V,FRST_RGSTR_ID,TEXT,,2219655,1973452,154415,2026-10-08 02:02:30.693000
MSTR,D_SPNSR_BSNS_V,FST_DE,TEXT,,2219655,2219655,9925,2026-10-08 02:02:30.693000
MSTR,D_SPNSR_BSNS_V,SPNSR_AMT,NUMBER,,2219655,2219655,599,2026-10-08 02:02:30.693000
MSTR,D_SPNSR_BSNS_V,DSC_DE,TEXT,,2219655,2219655,7397,2026-10-08 02:02:30.693000
MSTR,D_SPNSR_BSNS_V,SPNSR_DSCNTC_YN,TEXT,,2219655,2219655,2,2026-10-08 02:02:30.693000
MSTR,D_SPNSR_BSNS_V,SPNSR_DSCNTC_RSN_CD,TEXT,,2219655,1378504,28,2026-10-08 02:02:30.693000
MSTR,BCHLOG,LOGKEY,NUMBER,,510,510,512,2026-10-08 02:02:29.265000
MSTR,BCHLOG,RUNKEY,NUMBER,,510,0,0,2026-10-08 02:02:29.265000
MSTR,BCHLOG,LOGMSG,TEXT,,510,510,149,2026-10-08 02:02:29.265000
MSTR,BCHLOG,LOGPROC,TEXT,,510,510,9,2026-10-08 02:02:29.265000
MSTR,BCHLOG,LOGMAN,TEXT,,510,510,1,2026-10-08 02:02:29.265000
MSTR,BCHLOG,ERRNUM,NUMBER,,510,0,0,2026-10-08 02:02:29.265000
MSTR,BCHLOG,ERRSEVERITY,NUMBER,,510,0,0,2026-10-08 02:02:29.265000
MSTR,BCHLOG,ERRSTTS,TEXT,Snowflake SQLSTATE(원본 ERROR_STATE int 대체),510,0,0,2026-10-08 02:02:29.265000
MSTR,BCHLOG,ERRLINE,NUMBER,,510,0,0,2026-10-08 02:02:29.265000
MSTR,BCHLOG,ERRMSG,TEXT,,510,0,0,2026-10-08 02:02:29.265000
MSTR,BCHLOG,ERRNOTE,TEXT,,510,0,0,2026-10-08 02:02:29.265000
MSTR,BCHLOG,ALMYN,BOOLEAN,,510,510,1,2026-10-08 02:02:29.265000
MSTR,D_CMPGN_CD,CMPGN_CD,TEXT,,37205,37205,37289,2026-10-08 02:02:26.098000
MSTR,D_CMPGN_CD,CMPGN_NM,TEXT,,37205,37205,28958,2026-10-08 02:02:26.098000
MSTR,D_CMPGN_CD,UPPER_CMPGN_CD,TEXT,,37205,35729,1346,2026-10-08 02:02:26.098000
MSTR,D_CMPGN_CD,UPPER_CMPGN_YN,TEXT,,37205,37205,2,2026-10-08 02:02:26.098000
MSTR,D_CMPGN_CD,SPNSR_DIV_CD,TEXT,,37205,35728,2,2026-10-08 02:02:26.098000
MSTR,D_CMPGN_CD,CPR_DIV_CD,TEXT,,37205,35728,3,2026-10-08 02:02:26.098000
MSTR,D_CMPGN_CD,CMPGN_TRGET_CD,TEXT,,37205,35728,10,2026-10-08 02:02:26.098000
MSTR,D_CMPGN_CD,USE_DEPT_CD,TEXT,,37205,34368,113,2026-10-08 02:02:26.098000
MSTR,D_CMPGN_CD,USE_SCOPE,TEXT,,37205,35728,3,2026-10-08 02:02:26.098000
MSTR,D_CMPGN_CD,SPNSR_ENTRPRS_ID,TEXT,,37205,3184,371,2026-10-08 02:02:26.098000
MSTR,D_CMPGN_CD,BRND_ID,TEXT,,37205,37205,86,2026-10-08 02:02:26.098000
MSTR,D_CMPGN_CD,PR_MTH_CD,TEXT,,37205,35728,95,2026-10-08 02:02:26.098000
MSTR,D_CMPGN_CD,CMPGN_STRT_DE,TEXT,,37205,35728,3297,2026-10-08 02:02:26.098000
MSTR,D_CMPGN_CD,MBRFEE_BNKB_LIST,TEXT,,37205,264,25,2026-10-08 02:02:26.098000
MSTR,D_CMPGN_CD,INICIS_ACNT_NO,TEXT,,37205,11536,24,2026-10-08 02:02:26.098000
MSTR,D_CMPGN_CD,USE_YN,TEXT,,37205,37205,2,2026-10-08 02:02:26.098000
MSTR,D_CMPGN_CD,REFER_URL,TEXT,,37205,1196,1065,2026-10-08 02:02:26.098000
MSTR,D_CMPGN_CD,SPNSR_BSNS_ID,TEXT,,37205,35728,481,2026-10-08 02:02:26.098000
MSTR,D_CMPGN_CD,ATCHFL_ID,TEXT,,37205,5,5,2026-10-08 02:02:26.098000
MSTR,D_CMPGN_CD,FRST_RGSTR_ID,TEXT,,37205,37191,274,2026-10-08 02:02:26.098000
MSTR,D_CMPGN_CD,LAST_UPDUSR_ID,TEXT,,37205,37205,145,2026-10-08 02:02:26.098000
MSTR,D_CMPGN_CD,CMPGN_DC,TEXT,,37205,567,422,2026-10-08 02:02:26.098000
MSTR,D_CMPGN_CD,EMRGNCY_AID_BPLC_CD,NUMBER,,37205,5247,13,2026-10-08 02:02:26.098000
MSTR,D_CMPGN_CD,SPCL_CMPGN_YN,TEXT,특정캠페인여부. 원본은 ExplCampList(CampaignCls=3)로 Y 갱신 — IT 확인 skip · 고정 N,37205,37205,1,2026-10-08 02:02:26.098000
MSTR,D_CMPGN_CD,WORK_DE,TEXT,,37205,37205,1,2026-10-08 02:02:26.098000
MSTR,D_SEX_CD,SEX_CD,TEXT,,9,9,9,2026-10-08 02:02:24.867000
MSTR,D_SEX_CD,SEX_NM,TEXT,,9,9,9,2026-10-08 02:02:24.867000
MSTR,D_SEX_CD,SORT_ORDR,NUMBER,,9,9,9,2026-10-08 02:02:24.867000
MSTR,D_SEX_CD,USE_YN,TEXT,,9,9,1,2026-10-08 02:02:24.867000
MSTR,D_CM_DEPT_INFO,DEPT_ID,TEXT,,1314,1314,1318,2026-10-08 02:02:23.594000
MSTR,D_CM_DEPT_INFO,DEPT_NM,TEXT,,1314,1314,697,2026-10-08 02:02:23.594000
MSTR,D_CM_DEPT_INFO,UPPER_DEPT_ID,TEXT,,1314,1314,321,2026-10-08 02:02:23.594000
MSTR,D_CM_DEPT_INFO,SORT_ORDR,NUMBER,,1314,3,1,2026-10-08 02:02:23.594000
MSTR,D_CM_DEPT_INFO,USE_YN,TEXT,,1314,1314,2,2026-10-08 02:02:23.594000
MSTR,D_CM_DEPT_INFO,FRST_RGSTR_ID,TEXT,,1314,567,5,2026-10-08 02:02:23.594000
MSTR,D_CM_DEPT_INFO,LAST_UPDUSR_ID,TEXT,,1314,576,10,2026-10-08 02:02:23.594000
MSTR,D_CM_DEPT_INFO,ACMSLT_DEPT_YN,TEXT,,1314,1170,2,2026-10-08 02:02:23.594000
MSTR,D_CM_DEPT_INFO,STATS_DEPT_LVL,NUMBER,,1314,8,2,2026-10-08 02:02:23.594000
MSTR,D_CM_DEPT_INFO,ACMSLT_UPPER_DEPT_ID,TEXT,,1314,1014,477,2026-10-08 02:02:23.594000
MSTR,D_CM_DEPT_INFO,WORK_DE,TEXT,,1314,1314,1,2026-10-08 02:02:23.594000
MSTR,D_DEPT3_CD,DEPT3_ID,TEXT,,72,72,73,2026-10-08 02:02:22.264000
MSTR,D_DEPT3_CD,DEPT3_NM,TEXT,,72,72,47,2026-10-08 02:02:22.264000
MSTR,D_DEPT3_CD,DEPT4_ID,TEXT,,72,72,9,2026-10-08 02:02:22.264000
MSTR,D_DEPT3_CD,DEPT5_ID,TEXT,,72,72,5,2026-10-08 02:02:22.264000
MSTR,D_DEPT3_CD,SORT_ORDR,NUMBER,,72,2,2,2026-10-08 02:02:22.264000
MSTR,D_DEPT3_CD,USE_YN,TEXT,,72,72,2,2026-10-08 02:02:22.264000
MSTR,D_DEPT3_CD,ACMSLT_DEPT_YN,TEXT,,72,72,2,2026-10-08 02:02:22.264000
MSTR,D_DEPT3_CD,WORK_DE,TEXT,,72,72,1,2026-10-08 02:02:22.264000
MSTR,D_STRD_MT_CD,STRD_MT,TEXT,,722,722,727,2026-10-08 02:02:20.108000
MSTR,D_STRD_MT_CD,STRD_NM,TEXT,,722,722,732,2026-10-08 02:02:20.108000
MSTR,D_STRD_MT_CD,PRE_STRD_MT,TEXT,,722,722,727,2026-10-08 02:02:20.108000
MSTR,D_STRD_MT_CD,PRE_YY_STRD_MT,TEXT,,722,722,727,2026-10-08 02:02:20.108000
MSTR,D_STRD_MT_CD,STRD_YY,TEXT,,722,722,62,2026-10-08 02:02:20.108000
MSTR,D_STRD_MT_CD,STRD_QT,TEXT,,722,722,4,2026-10-08 02:02:20.108000
MSTR,D_STRD_MT_CD,STRD_MM,TEXT,,722,722,12,2026-10-08 02:02:20.108000
MSTR,D_STRD_MT_CD,PRE_YY_12_MT,TEXT,,722,722,62,2026-10-08 02:02:20.108000
MSTR,D_STRD_MT_CD,PPRE_YY_12_MT,TEXT,,722,722,62,2026-10-08 02:02:20.108000
MSTR,F_MM_SPNSR_DVLP,STRD_MT,TEXT,,946889,946889,34,2026-10-08 02:02:16.313000
MSTR,F_MM_SPNSR_DVLP,OCCRRNC_DE,TEXT,,946889,946889,997,2026-10-08 02:02:16.313000
MSTR,F_MM_SPNSR_DVLP,SPNSR_NO,TEXT,,946889,946889,703760,2026-10-08 02:02:16.313000
MSTR,F_MM_SPNSR_DVLP,SPNSR_BSNS_NO,NUMBER,,946889,946889,738719,2026-10-08 02:02:16.313000
MSTR,F_MM_SPNSR_DVLP,SER_NO,NUMBER,,946889,946889,917647,2026-10-08 02:02:16.313000
MSTR,F_MM_SPNSR_DVLP,MBER_NO,TEXT,,946889,946889,565276,2026-10-08 02:02:16.313000
MSTR,F_MM_SPNSR_DVLP,ACT_DEPT_CD,TEXT,,946889,946884,345,2026-10-08 02:02:16.313000
MSTR,F_MM_SPNSR_DVLP,ACMSLT_DEPT_CD,TEXT,,946889,946885,328,2026-10-08 02:02:16.313000
MSTR,F_MM_SPNSR_DVLP,ACMSLT_DEPT2_CD,TEXT,,946889,946885,254,2026-10-08 02:02:16.313000
MSTR,F_MM_SPNSR_DVLP,ACMSLT_DEPT3_CD,TEXT,,946889,946885,65,2026-10-08 02:02:16.313000
MSTR,F_MM_SPNSR_DVLP,ACMSLT_DEPT4_CD,TEXT,,946889,946885,8,2026-10-08 02:02:16.313000
MSTR,F_MM_SPNSR_DVLP,CMPGN_CD,TEXT,,946889,946889,12341,2026-10-08 02:02:16.313000
MSTR,F_MM_SPNSR_DVLP,CMPGN_CLS1_CD,TEXT,,946889,946889,1,2026-10-08 02:02:16.313000
MSTR,F_MM_SPNSR_DVLP,CMPGN_CLS2_CD,TEXT,,946889,946889,1,2026-10-08 02:02:16.313000
MSTR,F_MM_SPNSR_DVLP,CMPGN_CLS3_CD,TEXT,,946889,946889,1,2026-10-08 02:02:16.313000
MSTR,F_MM_SPNSR_DVLP,UPPER_CMPGN_CD,TEXT,,946889,946889,946,2026-10-08 02:02:16.313000
MSTR,F_MM_SPNSR_DVLP,BRND_ID,TEXT,,946889,946889,66,2026-10-08 02:02:16.313000
MSTR,F_MM_SPNSR_DVLP,PR_MTH_CD,TEXT,,946889,946889,87,2026-10-08 02:02:16.313000
MSTR,F_MM_SPNSR_DVLP,SPCL_CMPGN_YN,TEXT,,946889,946889,1,2026-10-08 02:02:16.313000
MSTR,F_MM_SPNSR_DVLP,PRE_CMPGN_CD,TEXT,,946889,946889,339,2026-10-08 02:02:16.313000
MSTR,F_MM_SPNSR_DVLP,SETLE_CD,TEXT,,946889,946889,7,2026-10-08 02:02:16.313000
MSTR,F_MM_SPNSR_DVLP,MBER_DIV_CD,TEXT,,946889,946889,3,2026-10-08 02:02:16.313000
MSTR,F_MM_SPNSR_DVLP,SEX,TEXT,,946889,946889,8,2026-10-08 02:02:16.313000
MSTR,F_MM_SPNSR_DVLP,AREA_CD,TEXT,,946889,946883,19,2026-10-08 02:02:16.313000
MSTR,F_MM_SPNSR_DVLP,AGE_TERM_CD,TEXT,,946889,946889,12,2026-10-08 02:02:16.313000
MSTR,F_MM_SPNSR_DVLP,AGE,NUMBER,BRTHDY 부재로 NULL,946889,42589,1,2026-10-08 02:02:16.313000
MSTR,F_MM_SPNSR_DVLP,PAYER_AGE_TERM_CD,TEXT,,946889,946889,1,2026-10-08 02:02:16.313000
MSTR,F_MM_SPNSR_DVLP,SPNSR_TIME_CO,NUMBER,,946889,946889,24,2026-10-08 02:02:16.313000
MSTR,F_MM_SPNSR_DVLP,SPNSR_TERM_MT_CNT,NUMBER,,946889,946889,1,2026-10-08 02:02:16.313000
MSTR,F_MM_SPNSR_DVLP,SPNSR_TERM_CD,TEXT,,946889,946889,1,2026-10-08 02:02:16.313000
MSTR,F_MM_SPNSR_DVLP,SPNSR_AMT_CD,TEXT,,946889,946889,5,2026-10-08 02:02:16.313000
MSTR,F_MM_SPNSR_DVLP,SPNSR_TERM2_CD,TEXT,,946889,946889,1,2026-10-08 02:02:16.313000
MSTR,F_MM_SPNSR_DVLP,SPNSR_AMT2_CD,TEXT,,946889,946889,1,2026-10-08 02:02:16.313000
MSTR,F_MM_SPNSR_DVLP,SPNSR_BSNS_ID,TEXT,,946889,946889,19,2026-10-08 02:02:16.313000
MSTR,F_MM_SPNSR_DVLP,SPNSR_BSNS_ABRV_CD,TEXT,,946889,946889,5,2026-10-08 02:02:16.313000
MSTR,F_MM_SPNSR_DVLP,CPR_DIV_CD,TEXT,,946889,946889,2,2026-10-08 02:02:16.313000
MSTR,F_MM_SPNSR_DVLP,CANCL_RDCAMT_RSN_CD,TEXT,,946889,946889,24,2026-10-08 02:02:16.313000
MSTR,F_MM_SPNSR_DVLP,SPNSR_AMT,NUMBER,,946889,946889,537,2026-10-08 02:02:16.313000
MSTR,F_MM_SPNSR_DVLP,MT_GOAL_CNT,NUMBER,,946889,946889,576,2026-10-08 02:02:16.313000
MSTR,F_MM_SPNSR_DVLP,YY_GOAL_CNT,NUMBER,,946889,946889,71,2026-10-08 02:02:16.313000
MSTR,F_MM_SPNSR_DVLP,DVLP_DIV_CD,TEXT,,946889,946889,5,2026-10-08 02:02:16.313000
MSTR,F_MM_SPNSR_DVLP,DVLP_CNT,NUMBER,,946889,946889,2,2026-10-08 02:02:16.313000
MSTR,F_MM_SPNSR_DVLP,RDCAMT_YN,TEXT,,946889,946889,1,2026-10-08 02:02:16.313000
MSTR,F_MM_SPNSR_DVLP,MT_ADD_SPNSR_AMT_YN,TEXT,,946889,946889,2,2026-10-08 02:02:16.313000
MSTR,F_MM_SPNSR_DVLP,WORK_DE,TEXT,,946889,946889,1,2026-10-08 02:02:16.313000
MSTR,D_STRD_DE_CD,STRD_DE,TEXT,,21902,21902,21615,2026-10-08 02:02:14.230000
MSTR,D_STRD_DE_CD,STRD_NM,TEXT,,21902,21902,22134,2026-10-08 02:02:14.230000
MSTR,D_STRD_DE_CD,STRD_PRE_DE,TEXT,,21902,21902,21625,2026-10-08 02:02:14.230000
MSTR,D_STRD_DE_CD,STRD_PRE_MT_DE,TEXT,,21902,21902,21240,2026-10-08 02:02:14.230000
MSTR,D_STRD_DE_CD,STRD_PRE_YMT_DE,TEXT,,21902,21902,21563,2026-10-08 02:02:14.230000
MSTR,D_STRD_DE_CD,STRD_MT,TEXT,,21902,21902,727,2026-10-08 02:02:14.230000
MSTR,D_STRD_DE_CD,STRD_QT,TEXT,,21902,21902,4,2026-10-08 02:02:14.230000
MSTR,D_STRD_DE_CD,STRD_YY,TEXT,,21902,21902,62,2026-10-08 02:02:14.230000
MSTR,D_STRD_DE_CD,MT_ID,TEXT,,21902,21902,12,2026-10-08 02:02:14.230000
MSTR,D_STRD_DE_CD,WORK_DE,TEXT,,21902,21902,1,2026-10-08 02:02:14.230000
MSTR,D_DEPT_CD,DEPT_ID,TEXT,,488,488,490,2026-10-08 02:02:07.897000
MSTR,D_DEPT_CD,DEPT_NM,TEXT,,488,488,355,2026-10-08 02:02:07.897000
MSTR,D_DEPT_CD,DEPT2_ID,TEXT,,488,488,374,2026-10-08 02:02:07.897000
MSTR,D_DEPT_CD,DEPT3_ID,TEXT,,488,488,73,2026-10-08 02:02:07.897000
MSTR,D_DEPT_CD,DEPT4_ID,TEXT,,488,488,9,2026-10-08 02:02:07.897000
MSTR,D_DEPT_CD,DEPT5_ID,TEXT,,488,488,5,2026-10-08 02:02:07.897000
MSTR,D_DEPT_CD,SORT_ORDR,NUMBER,,488,1,1,2026-10-08 02:02:07.897000
MSTR,D_DEPT_CD,USE_YN,TEXT,,488,488,2,2026-10-08 02:02:07.897000
MSTR,D_DEPT_CD,ACMSLT_DEPT_YN,TEXT,,488,472,2,2026-10-08 02:02:07.897000
MSTR,D_DEPT_CD,FST_DE,TEXT,,488,488,52,2026-10-08 02:02:07.897000
MSTR,D_DEPT_CD,LST_DE,TEXT,,488,488,52,2026-10-08 02:02:07.897000
MSTR,D_DEPT_CD,WORK_DE,TEXT,,488,488,1,2026-10-08 02:02:07.897000
MSTR,D_STRD_CAL_CD,YMD,TEXT,,21902,21902,21615,2026-10-08 02:02:04.757000
MSTR,D_STRD_CAL_CD,YM,TEXT,,21902,21902,727,2026-10-08 02:02:04.757000
MSTR,D_STRD_CAL_CD,YY,TEXT,,21902,21902,62,2026-10-08 02:02:04.757000
MSTR,D_STRD_CAL_CD,MM,TEXT,,21902,21902,12,2026-10-08 02:02:04.757000
MSTR,D_STRD_CAL_CD,DD,TEXT,,21902,21902,31,2026-10-08 02:02:04.757000
MSTR,D_STRD_CAL_CD,QQ,TEXT,,21902,21902,4,2026-10-08 02:02:04.757000
MSTR,D_STRD_CAL_CD,BA,TEXT,,21902,21902,2,2026-10-08 02:02:04.757000
MSTR,D_STRD_CAL_CD,DW,TEXT,,21902,21902,7,2026-10-08 02:02:04.757000
MSTR,D_STRD_CAL_CD,HDAY_YN,TEXT,,21902,21902,2,2026-10-08 02:02:04.757000
MSTR,D_STRD_CAL_CD,HDAY_NM,TEXT,,21902,6258,2,2026-10-08 02:02:04.757000
MSTR,D_STRD_CAL_CD,WORK_DE,TEXT,,21902,21902,1,2026-10-08 02:02:04.757000
MSTR,D_DEPT4_CD,DEPT4_ID,TEXT,,9,9,9,2026-10-08 02:02:03.227000
MSTR,D_DEPT4_CD,DEPT4_NM,TEXT,,9,9,9,2026-10-08 02:02:03.227000
MSTR,D_DEPT4_CD,DEPT5_ID,TEXT,,9,9,5,2026-10-08 02:02:03.227000
MSTR,D_DEPT4_CD,SORT_ORDR,NUMBER,,9,1,1,2026-10-08 02:02:03.227000
MSTR,D_DEPT4_CD,USE_YN,TEXT,,9,9,2,2026-10-08 02:02:03.227000
MSTR,D_DEPT4_CD,ACMSLT_DEPT_YN,TEXT,,9,9,2,2026-10-08 02:02:03.227000
MSTR,D_DEPT4_CD,FST_DE,TEXT,,9,9,2,2026-10-08 02:02:03.227000
MSTR,D_DEPT4_CD,LST_DE,TEXT,,9,9,2,2026-10-08 02:02:03.227000
MSTR,D_DEPT4_CD,WORK_DE,TEXT,,9,9,1,2026-10-08 02:02:03.227000
MSTR,D_PR_MTH_CD,PR_MTH_CD,TEXT,,120,120,122,2026-10-08 02:02:01.787000
MSTR,D_PR_MTH_CD,PR_MTH_NM,TEXT,,120,120,120,2026-10-08 02:02:01.787000
MSTR,D_PR_MTH_CD,SORT_ORDR,NUMBER,,120,120,121,2026-10-08 02:02:01.787000
MSTR,D_PR_MTH_CD,USE_YN,TEXT,,120,120,1,2026-10-08 02:02:01.787000
MSTR,D_DVLP_DIV_CD,DVLP_DIV_CD,TEXT,,6,6,6,2026-10-08 02:02:00.362000
MSTR,D_DVLP_DIV_CD,DVLP_DIV_NM,TEXT,,6,6,6,2026-10-08 02:02:00.362000
MSTR,D_DVLP_DIV_CD,SORT_ORDR,NUMBER,,6,6,6,2026-10-08 02:02:00.362000
MSTR,D_DVLP_DIV_CD,USE_YN,TEXT,,6,6,1,2026-10-08 02:02:00.362000
MSTR,D_SPNSR_BSNS_INFO,SPNSR_BSNS_ID,TEXT,,51,51,51,2026-10-08 02:01:58.822000
MSTR,D_SPNSR_BSNS_INFO,SPNSR_DIV_CD,TEXT,,51,51,3,2026-10-08 02:01:58.822000
MSTR,D_SPNSR_BSNS_INFO,SPNSR_BSNS_NM,TEXT,,51,51,51,2026-10-08 02:01:58.822000
MSTR,D_SPNSR_BSNS_INFO,SPNSR_BSNS_ABRV_CD,TEXT,,51,51,7,2026-10-08 02:01:58.822000
MSTR,D_SPNSR_BSNS_INFO,DNTN_TY_CD,TEXT,,51,51,3,2026-10-08 02:01:58.822000
MSTR,D_SPNSR_BSNS_INFO,SORT_ORDR,NUMBER,,51,51,34,2026-10-08 02:01:58.822000
MSTR,D_SPNSR_BSNS_INFO,CPR_DIV_CD,TEXT,,51,51,3,2026-10-08 02:01:58.822000
MSTR,D_SPNSR_BSNS_INFO,RM,TEXT,,51,6,5,2026-10-08 02:01:58.822000
MSTR,D_SPNSR_BSNS_INFO,USE_YN,TEXT,,51,51,2,2026-10-08 02:01:58.822000
MSTR,D_SPNSR_BSNS_INFO,FRST_RGSTR_ID,TEXT,,51,51,4,2026-10-08 02:01:58.822000
MSTR,D_SPNSR_BSNS_INFO,LAST_UPDUSR_ID,TEXT,,51,51,4,2026-10-08 02:01:58.822000
MSTR,D_SPNSR_BSNS_INFO,WORK_DE,TEXT,,51,51,1,2026-10-08 02:01:58.822000
MSTR,D_BRND_CD,BRND_ID,TEXT,,104,104,103,2026-10-08 02:01:57.456000
MSTR,D_BRND_CD,BRND_NM,TEXT,,104,104,99,2026-10-08 02:01:57.456000
MSTR,D_BRND_CD,USE_DEPT_CD,TEXT,,104,104,20,2026-10-08 02:01:57.456000
MSTR,D_BRND_CD,USE_YN,TEXT,,104,104,2,2026-10-08 02:01:57.456000
MSTR,D_BRND_CD,FRST_RGSTR_ID,TEXT,,104,104,33,2026-10-08 02:01:57.456000
MSTR,D_BRND_CD,LAST_UPDUSR_ID,TEXT,,104,104,11,2026-10-08 02:01:57.456000
MSTR,D_BRND_CD,PR_MTH_LIST,TEXT,,104,93,69,2026-10-08 02:01:57.456000
MSTR,D_BRND_CD,WORK_DE,TEXT,,104,104,1,2026-10-08 02:01:57.456000
ML,ML_RST_DATA_MKTG_CHANNEL_MBER_AVG_LTV,MKTG_CHANNEL,TEXT,캠페인 채널 코드 (MKTG_CHANNEL),1152,1152,48,2026-10-08 02:01:32.919000
ML,ML_RST_DATA_MKTG_CHANNEL_MBER_AVG_LTV,STDR_MT,TEXT,예측 실행 기준월 (YYYYMM),1152,1152,2,2026-10-08 02:01:32.919000
ML,ML_RST_DATA_CMPGN_CTGR_AMT,CMPGN_CTGR_CD,TEXT,캠페인 카테고리 코드 (CMPGN_CTGR_CD),1332,1332,57,2026-10-08 02:01:31.540000
ML,ML_RST_DATA_CMPGN_CTGR_AMT,STDR_MT,TEXT,예측 실행 기준월 (YYYYMM),1332,1332,2,2026-10-08 02:01:31.540000
ML,ML_RST_DATA_LOYAL_MBER,MBER_NO,TEXT,회원번호,72360,72360,51139,2026-10-08 02:01:30.095000
ML,ML_RST_DATA_LOYAL_MBER,STDR_MT,TEXT,기준월 (YYYYMM),72360,72360,2,2026-10-08 02:01:30.095000
ML,ML_RST_DATA_MBER_CHURN_12M,MBER_NO,TEXT,회원번호,70158,70158,72362,2026-10-08 02:01:28.540000
ML,ML_RST_DATA_MBER_CHURN_12M,STDR_MT,TEXT,기준월 (YYYYMM),70158,70158,1,2026-10-08 02:01:28.540000
ML,ML_RST_DATA_DVLP_INC_CONTRIBUTION,STDR_MT,TEXT,분석 실행 기준월 (YYYYMM),22,22,2,2026-10-08 02:01:25.311000
ML,ML_RST_DATA_DVLP_INC_CONTRIBUTION,RANK,NUMBER,피처 중요도 순위,22,22,11,2026-10-08 02:01:25.311000
ML,ML_RST_DATA_DVLP_INC_CONTRIBUTION,FEATURE,TEXT,피처명,22,22,11,2026-10-08 02:01:25.311000
ML,ML_RST_DATA_DVLP_INC_CONTRIBUTION,FEATURE_TYPE,TEXT,피처 유형 (user_provided),22,22,1,2026-10-08 02:01:25.311000
ML,ML_RST_DATA_ONCE_CONVERSION,ONCE_MBER_NO,TEXT,회원번호,49858,49858,8790,2026-10-08 02:01:23.820000
ML,ML_RST_DATA_CMPGN_SPNSR_AMT_LTV,STDR_MT,TEXT,예측 실행 기준월 (YYYYMM),1200,1200,2,2026-10-08 02:01:22.363000
ML,ML_RST_DATA_CMPGN_SPNSR_AMT_LTV,MKTG_CHANNEL,TEXT,캠페인 채널 코드 (MKTG_CHANNEL),1200,1200,50,2026-10-08 02:01:22.363000
ML,ML_RST_DATA_MONTHLY_CMPGN_DVLP_AMT,STDR_MT,TEXT,예측 실행 기준월 (YYYYMM),2400,2400,2,2026-10-08 02:01:20.997000
ML,ML_RST_DATA_MONTHLY_CMPGN_DVLP_AMT,CMPGN_CD,TEXT,캠페인코드 (CMPGN_CD),2400,2400,100,2026-10-08 02:01:20.997000
ML,ML_RST_DATA_MBER_INC_12M,STDR_MT,TEXT,기준월 (YYYYMM),188449,188449,2,2026-10-08 02:01:17.538000
ML,ML_RST_DATA_MBER_INC_12M,MBER_NO,TEXT,회원번호,188449,188449,128445,2026-10-08 02:01:17.538000
ML,ML_RST_DATA_CHANNEL_NEW_SPNSR_DVLP_CONTRIBUTION,STDR_MT,TEXT,분석 실행 기준월 (YYYYMM),22,22,2,2026-10-08 02:01:16.084000
ML,ML_RST_DATA_CHANNEL_NEW_SPNSR_DVLP_CONTRIBUTION,RANK,NUMBER,피처 중요도 순위,22,22,11,2026-10-08 02:01:16.084000
ML,ML_RST_DATA_CHANNEL_NEW_SPNSR_DVLP_CONTRIBUTION,FEATURE,TEXT,피처명,22,22,11,2026-10-08 02:01:16.084000
ML,ML_RST_DATA_MONTHLY_DVLP_AMT,STDR_MT,TEXT,예측 실행 기준월 (YYYYMM),24,24,2,2026-10-08 02:01:19.136000
ML,ML_RST_DATA_ONCE_CONVERSION,STDR_MT,TEXT,기준월 (YYYYMM),49858,49858,2,2026-10-08 02:01:23.820000
ML,ML_RST_DATA_SPNSR_CHURN_12M,STDR_MT,TEXT,기준월 (YYYYMM),1686372,1686372,2,2026-10-08 02:01:26.656000
ML,ML_RST_DATA_SPNSR_CHURN_12M,MBER_NO,TEXT,회원번호,1686372,1686372,750249,2026-10-08 02:01:26.656000
ML,ML_RST_DATA_SPNSR_CHURN_12M,SPNSR_BSNS_ID,TEXT,후원사업ID,1686372,1686372,19,2026-10-08 02:01:26.656000
ML,ML_RST_DATA_SPNSR_CHURN_12M,SPNSR_BSNS_NO,TEXT,후원사업번호,1686372,1686372,888892,2026-10-08 02:01:26.656000
ML,ML_RST_DATA_SPNSR_CHURN_12M,CMPGN_CTGR_CD,TEXT,캠페인 카테고리 코드,1686372,1686372,57,2026-10-08 02:01:26.656000
MSTR,D_AGE_TERM_CD,AGE_TERM_CD,TEXT,,13,13,13,2026-10-08 02:01:54.963000
MSTR,D_AGE_TERM_CD,AGE_TERM_NM,TEXT,,13,13,13,2026-10-08 02:01:54.963000
MSTR,D_AGE_TERM_CD,SORT_ORDR,NUMBER,,13,13,13,2026-10-08 02:01:54.963000
MSTR,D_AGE_TERM_CD,USE_YN,TEXT,,13,13,1,2026-10-08 02:01:54.963000
MSTR,F_MM_SPNSR_DVLP_SUM,STRD_MT,TEXT,기준년월,821991,821991,34,2026-10-08 02:02:10.185000
MSTR,F_MM_SPNSR_DVLP_SUM,OCCRRNC_DE,TEXT,발생일자,821991,821991,997,2026-10-08 02:02:10.185000
MSTR,F_MM_SPNSR_DVLP_SUM,SPNSR_NO,TEXT,후원번호,821991,821991,649790,2026-10-08 02:02:10.185000
MSTR,F_MM_SPNSR_DVLP_SUM,SPNSR_BSNS_NO,NUMBER,후원사업번호,821991,821991,680356,2026-10-08 02:02:10.185000
MSTR,F_MM_SPNSR_DVLP_SUM,SER_NO,NUMBER,일련번호,821991,821991,799223,2026-10-08 02:02:10.185000
MSTR,F_MM_SPNSR_DVLP_SUM,MBER_NO,TEXT,회원번호,821991,821991,553951,2026-10-08 02:02:10.185000
MSTR,F_MM_SPNSR_DVLP_SUM,ACT_DEPT_CD,TEXT,활동부서코드,821991,821990,345,2026-10-08 02:02:10.185000
MSTR,F_MM_SPNSR_DVLP_SUM,ACMSLT_DEPT_CD,TEXT,실적부서코드,821991,821991,328,2026-10-08 02:02:10.185000
MSTR,F_MM_SPNSR_DVLP_SUM,ACMSLT_DEPT2_CD,TEXT,실적부서2코드,821991,821991,254,2026-10-08 02:02:10.185000
MSTR,F_MM_SPNSR_DVLP_SUM,ACMSLT_DEPT3_CD,TEXT,실적부서3코드,821991,821991,65,2026-10-08 02:02:10.185000
MSTR,F_MM_SPNSR_DVLP_SUM,ACMSLT_DEPT4_CD,TEXT,실적부서4코드,821991,821991,8,2026-10-08 02:02:10.185000
MSTR,F_MM_SPNSR_DVLP_SUM,CMPGN_CD,TEXT,캠페인코드,821991,821991,11826,2026-10-08 02:02:10.185000
MSTR,F_MM_SPNSR_DVLP_SUM,CMPGN_CLS1_CD,TEXT,캠페인구분 희망TV. ExplCampList 미이관(IT 확인 skip) — 고정 99,821991,821991,1,2026-10-08 02:02:10.185000
MSTR,F_MM_SPNSR_DVLP_SUM,CMPGN_CLS2_CD,TEXT,캠페인구분 희망편지쓰기. ExplCampList 미이관(IT 확인 skip) — 고정 99,821991,821991,1,2026-10-08 02:02:10.185000
MSTR,F_MM_SPNSR_DVLP_SUM,CMPGN_CLS3_CD,TEXT,캠페인구분 희망학교(후원사업 38 기준 산출),821991,821991,2,2026-10-08 02:02:10.185000
MSTR,F_MM_SPNSR_DVLP_SUM,UPPER_CMPGN_CD,TEXT,상위캠페인코드,821991,821991,944,2026-10-08 02:02:10.185000
MSTR,F_MM_SPNSR_DVLP_SUM,BRND_ID,TEXT,브랜드ID,821991,821991,65,2026-10-08 02:02:10.185000
MSTR,F_MM_SPNSR_DVLP_SUM,PR_MTH_CD,TEXT,홍보방법코드(미매핑 9999 수용 위해 4자리),821991,821991,87,2026-10-08 02:02:10.185000
MSTR,F_MM_SPNSR_DVLP_SUM,SPCL_CMPGN_YN,TEXT,특정캠페인여부. ExplCampList 미이관(IT 확인 skip) — 고정 N,821991,821991,1,2026-10-08 02:02:10.185000
MSTR,F_MM_SPNSR_DVLP_SUM,PRE_CMPGN_CD,TEXT,직전캠페인코드,821991,821991,114,2026-10-08 02:02:10.185000
MSTR,F_MM_SPNSR_DVLP_SUM,SETLE_CD,TEXT,결제코드,821991,821991,7,2026-10-08 02:02:10.185000
MSTR,F_MM_SPNSR_DVLP_SUM,MBER_DIV_CD,TEXT,회원구분코드,821991,821991,3,2026-10-08 02:02:10.185000
MSTR,F_MM_SPNSR_DVLP_SUM,SEX,TEXT,성별,821991,821991,8,2026-10-08 02:02:10.185000
MSTR,F_MM_SPNSR_DVLP_SUM,AREA_CD,TEXT,지역코드,821991,821989,19,2026-10-08 02:02:10.185000
MSTR,F_MM_SPNSR_DVLP_SUM,AGE_TERM_CD,TEXT,연령대코드(원천 AGE),821991,821991,12,2026-10-08 02:02:10.185000
MSTR,F_MM_SPNSR_DVLP_SUM,AGE,NUMBER,연령. BRONZE TM_MM_FDRM_MBER_INFO 에 BRTHDY 부재로 NULL,821991,39593,1,2026-10-08 02:02:10.185000
MSTR,F_MM_SPNSR_DVLP_SUM,PAYER_AGE_TERM_CD,TEXT,결제자연령대코드,821991,821991,1,2026-10-08 02:02:10.185000
MSTR,F_MM_SPNSR_DVLP_SUM,SPNSR_TIME_CO,NUMBER,후원시간수,821991,821991,24,2026-10-08 02:02:10.185000
MSTR,F_MM_SPNSR_DVLP_SUM,SPNSR_TERM_MT_CNT,NUMBER,후원기간월수,821991,821991,355,2026-10-08 02:02:10.185000
MSTR,F_MM_SPNSR_DVLP_SUM,SPNSR_TERM_CD,TEXT,후원기간대코드,821991,821991,4,2026-10-08 02:02:10.185000
MSTR,F_MM_SPNSR_DVLP_SUM,SPNSR_AMT_CD,TEXT,후원금액코드,821991,821991,5,2026-10-08 02:02:10.185000
MSTR,F_MM_SPNSR_DVLP_SUM,SPNSR_TERM2_CD,TEXT,후원기간대2코드,821991,821991,11,2026-10-08 02:02:10.185000
MSTR,F_MM_SPNSR_DVLP_SUM,SPNSR_AMT2_CD,TEXT,후원금액2코드,821991,821991,13,2026-10-08 02:02:10.185000
MSTR,F_MM_SPNSR_DVLP_SUM,SPNSR_BSNS_ID,TEXT,후원사업ID,821991,821991,19,2026-10-08 02:02:10.185000
MSTR,F_MM_SPNSR_DVLP_SUM,SPNSR_BSNS2_ID,TEXT,후원사업2ID(14·15·16·21·22 → 4),821991,821991,14,2026-10-08 02:02:10.185000
MSTR,F_MM_SPNSR_DVLP_SUM,SPNSR_BSNS_ABRV_CD,TEXT,후원사업약칭코드,821991,821991,5,2026-10-08 02:02:10.185000
MSTR,F_MM_SPNSR_DVLP_SUM,CPR_DIV_CD,TEXT,법인구분코드,821991,821991,2,2026-10-08 02:02:10.185000
MSTR,F_MM_SPNSR_DVLP_SUM,CANCL_RDCAMT_RSN_CD,TEXT,취소감액사유코드,821991,357203,21,2026-10-08 02:02:10.185000
MSTR,F_MM_SPNSR_DVLP_SUM,SPNSR_AMT,NUMBER,후원금액,821991,821991,446,2026-10-08 02:02:10.185000
MSTR,F_MM_SPNSR_DVLP_SUM,MT_GOAL_CNT,NUMBER,월목표후원건수,821991,821991,576,2026-10-08 02:02:10.185000
MSTR,F_MM_SPNSR_DVLP_SUM,YY_GOAL_CNT,NUMBER,년목표후원건수,821991,821991,71,2026-10-08 02:02:10.185000
MSTR,F_MM_SPNSR_DVLP_SUM,DVLP_DIV_CD,TEXT,개발구분코드,821991,821991,5,2026-10-08 02:02:10.185000
MSTR,F_MM_SPNSR_DVLP_SUM,DVLP_CNT,NUMBER,개발구분건수,821991,821991,1,2026-10-08 02:02:10.185000
MSTR,F_MM_SPNSR_DVLP_SUM,RDCAMT_YN,TEXT,감액여부,821991,821991,2,2026-10-08 02:02:10.185000
MSTR,F_MM_SPNSR_DVLP_SUM,MT_ADD_SPNSR_AMT_YN,TEXT,증액여부,821991,821991,2,2026-10-08 02:02:10.185000
MSTR,F_MM_SPNSR_DVLP_SUM,WORK_DE,TEXT,작업일자,821991,821991,1,2026-10-08 02:02:10.185000
MSTR,F_MM_SPNSR_DVLP_SUM,NEW_OLD_DIV_CD,TEXT,신규기존구분,821991,821991,2,2026-10-08 02:02:10.185000
MSTR,D_MBER_DVLP_GOAL_CD,STDYY,TEXT,,25344,25344,15,2026-10-08 02:02:27.924000
MSTR,D_MBER_DVLP_GOAL_CD,STDR_MT,TEXT,월(MM 2자리 — 원천 실측),25344,25344,12,2026-10-08 02:02:27.924000
MSTR,D_MBER_DVLP_GOAL_CD,MBER_DVLP_DIV_CD,TEXT,,25344,25344,3,2026-10-08 02:02:27.924000
MSTR,D_MBER_DVLP_GOAL_CD,DEPT_ID,TEXT,,25344,25344,236,2026-10-08 02:02:27.924000
MSTR,D_MBER_DVLP_GOAL_CD,GOAL_CNT,NUMBER,,25344,25337,1318,2026-10-08 02:02:27.924000
MSTR,D_MBER_DVLP_GOAL_CD,FRST_RGSTR_ID,TEXT,,25344,25344,59,2026-10-08 02:02:27.924000
MSTR,D_MBER_DVLP_GOAL_CD,LAST_UPDUSR_ID,TEXT,,25344,25344,31,2026-10-08 02:02:27.924000
MSTR,D_MBER_DVLP_GOAL_CD,WORK_DE,TEXT,,25344,25344,1,2026-10-08 02:02:27.924000
BRONZE_CRM,TM_MS_EMAIL_TMPLAT_MNG,TMPLAT_KEY,NUMBER,템플릿KEY,458,458,450,2026-10-08 02:04:14.960000
BRONZE_CRM,TM_MS_EMAIL_TMPLAT_MNG,CPR_DIV_CD,TEXT,법인구분코드,458,457,3,2026-10-08 02:04:14.960000
BRONZE_CRM,TM_MS_EMAIL_TMPLAT_MNG,SNDNG_CD_ID,TEXT,발신코드ID,458,457,5,2026-10-08 02:04:14.960000
BRONZE_CRM,TM_MS_EMAIL_TMPLAT_MNG,SNDNG_DTL_CD_ID,TEXT,발신상세코드ID,458,457,45,2026-10-08 02:04:14.960000
BRONZE_CRM,TM_MS_EMAIL_TMPLAT_MNG,ATMC_YN,TEXT,자동여부,458,456,2,2026-10-08 02:04:14.960000
BRONZE_CRM,TM_MS_EMAIL_TMPLAT_MNG,TIT,TEXT,제목,458,456,416,2026-10-08 02:04:14.960000
BRONZE_CRM,TM_MS_EMAIL_TMPLAT_MNG,EMAIL_CTNT,TEXT,이메일내용,458,457,408,2026-10-08 02:04:14.960000
BRONZE_CRM,TM_MS_EMAIL_TMPLAT_MNG,WRITNG_DEPT_ID,TEXT,작성부서ID,458,443,9,2026-10-08 02:04:14.960000
BRONZE_CRM,TM_MS_EMAIL_TMPLAT_MNG,WRITNG_DEPT_NM,TEXT,작성부서명,458,443,14,2026-10-08 02:04:14.960000
BRONZE_CRM,TM_MS_EMAIL_TMPLAT_MNG,CHRG_DEPT_ID,TEXT,담당부서ID,458,456,9,2026-10-08 02:04:14.960000
BRONZE_CRM,TM_MS_EMAIL_TMPLAT_MNG,FRST_RGSTR_ID,TEXT,최초등록자ID,458,458,55,2026-10-08 02:04:14.960000
BRONZE_CRM,TM_MS_EMAIL_TMPLAT_MNG,LAST_UPDUSR_ID,TEXT,최종수정자ID,458,458,51,2026-10-08 02:04:14.960000
BRONZE_CRM,TM_MS_EMAIL_TMPLAT_MNG,_BATCH_ID,TEXT,배치ID (적재 배치 식별자),458,458,3,2026-10-08 02:04:14.960000
BRONZE_CRM,TM_MS_EMAIL_TMPLAT_MNG,_STDR_YM,TEXT,기준년월 (적재 대상 마감 기준 YYYYMM),458,458,87,2026-10-08 02:04:14.960000
BRONZE_CRM,TM_CM_CMPGN_MNG,CMPGN_CD,TEXT,캠페인코드,37204,37204,37275,2026-10-08 02:04:25.654000
BRONZE_CRM,TM_CM_CMPGN_MNG,CMPGN_NM,TEXT,캠페인명,37204,37204,28958,2026-10-08 02:04:25.654000
BRONZE_CRM,TM_CM_CMPGN_MNG,UPPER_CMPGN_CD,TEXT,상위캠페인코드,37204,35728,1346,2026-10-08 02:04:25.654000
BRONZE_CRM,TM_CM_CMPGN_MNG,UPPER_CMPGN_YN,TEXT,상위캠페인여부,37204,37204,2,2026-10-08 02:04:25.654000
BRONZE_CRM,TM_CM_CMPGN_MNG,SPNSR_DIV_CD,TEXT,후원구분코드,37204,35728,2,2026-10-08 02:04:25.654000
BRONZE_CRM,TM_CM_CMPGN_MNG,CPR_DIV_CD,TEXT,법인구분코드,37204,35728,3,2026-10-08 02:04:25.654000
BRONZE_CRM,TM_CM_CMPGN_MNG,CMPGN_TRGET_CD,TEXT,캠페인대상코드,37204,35728,10,2026-10-08 02:04:25.654000
BRONZE_CRM,TM_CM_CMPGN_MNG,USE_DEPT_CD,TEXT,사용부서코드,37204,34368,113,2026-10-08 02:04:25.654000
BRONZE_CRM,TM_CM_CMPGN_MNG,USE_SCOPE,TEXT,사용범위,37204,35728,3,2026-10-08 02:04:25.654000
BRONZE_CRM,TM_CM_CMPGN_MNG,SPNSR_ENTRPRS_ID,TEXT,후원기업ID,37204,3184,371,2026-10-08 02:04:25.654000
BRONZE_CRM,TM_CM_CMPGN_MNG,BRND_ID,TEXT,브랜드ID,37204,35728,84,2026-10-08 02:04:25.654000
BRONZE_CRM,TM_CM_CMPGN_MNG,PR_MTH_CD,TEXT,홍보방법코드,37204,35728,95,2026-10-08 02:04:25.654000
BRONZE_CRM,TM_CM_CMPGN_MNG,CMPGN_STRT_DE,TEXT,캠페인시작일,37204,35728,3297,2026-10-08 02:04:25.654000
BRONZE_CRM,TM_CM_CMPGN_MNG,MBRFEE_BNKB_LIST,TEXT,회비통장리스트,37204,264,25,2026-10-08 02:04:25.654000
BRONZE_CRM,TM_CM_CMPGN_MNG,INICIS_ACNT_NO,TEXT,이니시스계정번호,37204,11536,24,2026-10-08 02:04:25.654000
BRONZE_CRM,TM_CM_CMPGN_MNG,USE_YN,TEXT,사용여부,37204,37204,2,2026-10-08 02:04:25.654000
BRONZE_CRM,TM_CM_CMPGN_MNG,REFER_URL,TEXT,참고URL,37204,1196,1065,2026-10-08 02:04:25.654000
BRONZE_CRM,TM_CM_CMPGN_MNG,SPNSR_BSNS_ID,TEXT,후원사업ID,37204,35728,481,2026-10-08 02:04:25.654000
BRONZE_CRM,TM_CM_CMPGN_MNG,CMPGN_DC,TEXT,캠페인설명,37204,567,422,2026-10-08 02:04:25.654000
BRONZE_CRM,TM_CM_CMPGN_MNG,EMRGNCY_AID_BPLC_CD,NUMBER,긴급구호사업장코드,37204,5247,13,2026-10-08 02:04:25.654000
BRONZE_CRM,TM_CM_CMPGN_MNG,CMPGN_PRPT_YN,TEXT,캠페인특성여부,37204,22525,2,2026-10-08 02:04:25.654000
BRONZE_CRM,TM_CM_CMPGN_MNG,ATCHFL_ID,TEXT,첨부파일ID,37204,5,5,2026-10-08 02:04:25.654000
BRONZE_CRM,TM_CM_CMPGN_MNG,FRST_RGSTR_ID,TEXT,최초등록자ID,37204,37190,274,2026-10-08 02:04:25.654000
BRONZE_CRM,TM_CM_CMPGN_MNG,LAST_UPDUSR_ID,TEXT,최종수정자ID,37204,37204,145,2026-10-08 02:04:25.654000
BRONZE_CRM,TM_CM_CMPGN_MNG,RM,TEXT,비고,37204,0,0,2026-10-08 02:04:25.654000
BRONZE_CRM,TM_CM_CMPGN_MNG,MBER_INFLOW_PATH_CD,NUMBER,개발인입경로,37204,35294,12,2026-10-08 02:04:25.654000
BRONZE_CRM,TM_CM_CMPGN_MNG,CMPGN_CTGR_CD,NUMBER,캠페인 카테고리,37204,35294,59,2026-10-08 02:04:25.654000
BRONZE_CRM,TM_CM_CMPGN_MNG,CMPGN_TYPE1_BSN,NUMBER,캠페인유형(국내/해외),37204,35294,4,2026-10-08 02:04:25.654000
BRONZE_CRM,TM_CM_CMPGN_MNG,CMPGN_TYPE2_BSN,NUMBER,캠페인유형(사업/사례),37204,35294,4,2026-10-08 02:04:25.654000
BRONZE_CRM,TM_CM_CMPGN_MNG,MKTG_CMPGN_NM,NUMBER,마케팅갬페인명,37204,35294,591,2026-10-08 02:04:25.654000
BRONZE_CRM,TM_CM_CMPGN_MNG,CMMN_BRND,NUMBER,공통브랜드 (2026-08-29 신규 · 명명규칙 부여 · 현업 확인 대상),37204,35294,17,2026-10-08 02:04:25.654000
BRONZE_CRM,TM_CM_CMPGN_MNG,MKTG_UTM,NUMBER,마케팅UTM (2026-08-29 신규 · 명명규칙 부여 · 현업 확인 대상),37204,19512,255,2026-10-08 02:04:25.654000
BRONZE_CRM,TM_CM_CMPGN_MNG,MKTG_CHANNEL,NUMBER,마케팅채널 (2026-09-15 신규 · 캠페인채널 정보 · TC_MKTNG_DTL_CD C002 대응),37204,35294,126,2026-10-08 02:04:25.654000
BRONZE_CRM,TM_CM_CMPGN_MNG,_BATCH_ID,TEXT,배치ID (적재 배치 식별자),37204,37204,1,2026-10-08 02:04:25.654000
BRONZE_CRM,TM_CM_CMPGN_MNG,_STDR_YM,TEXT,기준년월 (적재 대상 마감 기준 YYYYMM),37204,37204,218,2026-10-08 02:04:25.654000
BRONZE_CRM,SND_MEMBER_MAIL_LINK_LOG,LOG_SEQ,NUMBER,로그순번,551,551,552,2026-10-08 02:05:08.563000
BRONZE_CRM,SND_MEMBER_MAIL_LINK_LOG,REQ_SEQ_NO,NUMBER,발송요청순번 (참조: SND_REQ_MST.SEQ_NO),551,551,15,2026-10-08 02:05:08.563000
BRONZE_CRM,SND_MEMBER_MAIL_LINK_LOG,R_NUM,NUMBER,순번 (참조: SND_MEMBER_LIST.R_NUM),551,551,375,2026-10-08 02:05:08.563000
BRONZE_CRM,SND_MEMBER_MAIL_LINK_LOG,MBER_NO,TEXT,회원번호,551,551,372,2026-10-08 02:05:08.563000
BRONZE_CRM,SND_MEMBER_MAIL_LINK_LOG,LINK_ID,TEXT,링크ID,551,551,45,2026-10-08 02:05:08.563000
BRONZE_CRM,SND_MEMBER_MAIL_LINK_LOG,LINK_IMG_URL,TEXT,링크이미지URL,551,551,34,2026-10-08 02:05:08.563000
BRONZE_CRM,SND_MEMBER_MAIL_LINK_LOG,LINK_PAGE,TEXT,링크페이지,551,551,25,2026-10-08 02:05:08.563000
BRONZE_CRM,SND_MEMBER_MAIL_LINK_LOG,AGENT,TEXT,접속에이전트,551,551,5,2026-10-08 02:05:08.563000
BRONZE_CRM,SND_MEMBER_MAIL_LINK_LOG,LINK_NM,TEXT,링크명,551,0,0,2026-10-08 02:05:08.563000
BRONZE_CRM,SND_MEMBER_MAIL_LINK_LOG,_BATCH_ID,TEXT,배치ID (적재 배치 식별자),551,551,3,2026-10-08 02:05:08.563000
BRONZE_CRM,SND_MEMBER_MAIL_LINK_LOG,_STDR_YM,TEXT,기준년월 (적재 대상 마감 기준 YYYYMM),551,551,2,2026-10-08 02:05:08.563000
BRONZE_CRM,TM_CM_MBER_DVLP_GOAL_DIV,YEAR,TEXT,연도,437,437,1,2026-10-08 02:05:31.147000
BRONZE_CRM,TM_CM_MBER_DVLP_GOAL_DIV,BDGT_PRCD_NM,TEXT,예산절차,437,437,1,2026-10-08 02:05:31.147000
BRONZE_CRM,TM_CM_MBER_DVLP_GOAL_DIV,GOAL_TYPE_NM,TEXT,목표구분,437,437,9,2026-10-08 02:05:31.147000
BRONZE_CRM,TM_CM_MBER_DVLP_GOAL_DIV,CPR_DIV_NM,TEXT,법인구분,437,437,2,2026-10-08 02:05:31.147000
BRONZE_CRM,TM_CM_MBER_DVLP_GOAL_DIV,NEW_OLD_DIV_NM,TEXT,신규기존구분,437,301,4,2026-10-08 02:05:31.147000
BRONZE_CRM,TM_CM_MBER_DVLP_GOAL_DIV,ORG_DIV_NM,TEXT,조직구분,437,340,3,2026-10-08 02:05:31.147000
BRONZE_CRM,TM_CM_MBER_DVLP_GOAL_DIV,TEAM_NM,TEXT,팀명,437,290,10,2026-10-08 02:05:31.147000
BRONZE_CRM,TM_CM_MBER_DVLP_GOAL_DIV,SPNSR_BSNS_DIV_NM,TEXT,후원사업구분,437,422,15,2026-10-08 02:05:31.147000
BRONZE_CRM,TM_CM_MBER_DVLP_GOAL_DIV,DTL_DIV_NM,TEXT,상세목표구분,437,136,11,2026-10-08 02:05:31.147000
BRONZE_CRM,TM_CM_MBER_DVLP_GOAL_DIV,M01_GOAL_CNT,NUMBER,1월 목표치,437,437,200,2026-10-08 02:05:31.147000
BRONZE_CRM,TM_CM_MBER_DVLP_GOAL_DIV,M02_GOAL_CNT,NUMBER,2월 목표치,437,437,227,2026-10-08 02:05:31.147000
BRONZE_CRM,TM_CM_MBER_DVLP_GOAL_DIV,M03_GOAL_CNT,NUMBER,3월 목표치,437,437,238,2026-10-08 02:05:31.147000
BRONZE_CRM,TM_CM_MBER_DVLP_GOAL_DIV,M04_GOAL_CNT,NUMBER,4월 목표치,437,437,239,2026-10-08 02:05:31.147000
BRONZE_CRM,TM_CM_MBER_DVLP_GOAL_DIV,M05_GOAL_CNT,NUMBER,5월 목표치,437,437,231,2026-10-08 02:05:31.147000
BRONZE_CRM,TM_CM_MBER_DVLP_GOAL_DIV,M06_GOAL_CNT,NUMBER,6월 목표치,437,437,240,2026-10-08 02:05:31.147000
BRONZE_CRM,TM_CM_MBER_DVLP_GOAL_DIV,M07_GOAL_CNT,NUMBER,7월 목표치,437,437,231,2026-10-08 02:05:31.147000
BRONZE_CRM,TM_CM_MBER_DVLP_GOAL_DIV,M08_GOAL_CNT,NUMBER,8월 목표치,437,437,234,2026-10-08 02:05:31.147000
BRONZE_CRM,TM_CM_MBER_DVLP_GOAL_DIV,M09_GOAL_CNT,NUMBER,9월 목표치,437,437,234,2026-10-08 02:05:31.147000
BRONZE_CRM,TM_CM_MBER_DVLP_GOAL_DIV,M10_GOAL_CNT,NUMBER,10월 목표치,437,437,234,2026-10-08 02:05:31.147000
BRONZE_CRM,TM_CM_MBER_DVLP_GOAL_DIV,M11_GOAL_CNT,NUMBER,11월 목표치,437,437,236,2026-10-08 02:05:31.147000
BRONZE_CRM,TM_CM_MBER_DVLP_GOAL_DIV,M12_GOAL_CNT,NUMBER,12월 목표치,437,437,239,2026-10-08 02:05:31.147000
BRONZE_CRM,TM_MM_FDRM_MBER_RE_SPNSR,MBER_NO,TEXT,회원번호,119815,119815,101100,2026-10-08 02:05:36.216000
BRONZE_CRM,TM_MM_FDRM_MBER_RE_SPNSR,SER_NO,NUMBER,일련번호,119815,119815,118627,2026-10-08 02:05:36.216000
BRONZE_CRM,TM_MM_FDRM_MBER_RE_SPNSR,RE_SPNSR_DE,TEXT,재후원일,119815,119815,6653,2026-10-08 02:05:36.216000
BRONZE_CRM,TM_MM_FDRM_MBER_RE_SPNSR,REGIST_DEPT_CD,TEXT,등록부서코드,119815,89849,314,2026-10-08 02:05:36.216000
BRONZE_CRM,TM_MM_FDRM_MBER_RE_SPNSR,FRST_RGSTR_ID,TEXT,최초등록자ID,119815,119757,30979,2026-10-08 02:05:36.216000
BRONZE_CRM,TM_MM_FDRM_MBER_RE_SPNSR,_BATCH_ID,TEXT,배치ID (적재 배치 식별자),119815,119815,7,2026-10-08 02:05:36.216000
BRONZE_CRM,TM_MM_FDRM_MBER_RE_SPNSR,_STDR_YM,TEXT,기준년월 (적재 대상 마감 기준 YYYYMM),119815,119815,289,2026-10-08 02:05:36.216000
BRONZE_CRM,TD_MS_EMAIL_SNDNG_DTLS,SNDNG_KEY,NUMBER,발신KEY,7856025,7856025,523381,2026-10-08 02:06:01.544000
BRONZE_CRM,TD_MS_EMAIL_SNDNG_DTLS,SNDNG_DTL_KEY,NUMBER,발신상세KEY,7856025,7856025,7808528,2026-10-08 02:06:01.544000
BRONZE_CRM,TD_MS_EMAIL_SNDNG_DTLS,MBER_NO,TEXT,회원번호,7856025,7856020,631988,2026-10-08 02:06:01.544000
BRONZE_CRM,TD_MS_EMAIL_SNDNG_DTLS,SNDNG_RST_CD,TEXT,발신결과코드,7856025,7856025,2,2026-10-08 02:06:01.544000
BRONZE_CRM,TD_MS_EMAIL_SNDNG_DTLS,ATCHFL_ID,TEXT,첨부파일ID,7856025,28724,28598,2026-10-08 02:06:01.544000
BRONZE_CRM,TD_MS_EMAIL_SNDNG_DTLS,FRST_RGSTR_ID,TEXT,최초등록자ID,7856025,7820343,30496,2026-10-08 02:06:01.544000
BRONZE_CRM,TD_MS_EMAIL_SNDNG_DTLS,LAST_UPDUSR_ID,TEXT,최종수정자ID,7856025,7820343,30496,2026-10-08 02:06:01.544000
BRONZE_CRM,TD_MS_EMAIL_SNDNG_DTLS,_BATCH_ID,TEXT,배치ID (적재 배치 식별자),7856025,7856025,8,2026-10-08 02:06:01.544000
BRONZE_CRM,TD_MS_EMAIL_SNDNG_DTLS,_STDR_YM,TEXT,기준년월 (적재 대상 마감 기준 YYYYMM),7856025,7856025,34,2026-10-08 02:06:01.544000
BRONZE_CRM,TH_PM_SETLE_INFO_HIST,SETLE_KEY,NUMBER,결제KEY,1102618,1102618,1102857,2026-10-08 02:06:03.621000
BRONZE_CRM,TH_PM_SETLE_INFO_HIST,UPDUSR_ID,TEXT,수정자ID,1102618,1102565,139018,2026-10-08 02:06:03.621000
BRONZE_CRM,TH_PM_SETLE_INFO_HIST,UPDUSR_NM,TEXT,수정자명,1102618,1038251,52239,2026-10-08 02:06:03.621000
BRONZE_CRM,TH_PM_SETLE_INFO_HIST,MBER_NO,TEXT,회원번호,1102618,1102618,469101,2026-10-08 02:06:03.621000
BRONZE_CRM,TH_PM_SETLE_INFO_HIST,CPR_DIV_CD,TEXT,법인구분코드,1102618,1102618,2,2026-10-08 02:06:03.621000
BRONZE_CRM,TH_PM_SETLE_INFO_HIST,SETLE_CD,TEXT,결제코드,1102618,1102618,6,2026-10-08 02:06:03.621000
BRONZE_CRM,TH_PM_SETLE_INFO_HIST,WTDRW_ASMT_SQNC,NUMBER,출금지정차수,1102618,1102616,2,2026-10-08 02:06:03.621000
BRONZE_CRM,TH_PM_SETLE_INFO_HIST,FNLT_DIV_CD,TEXT,금융기관구분코드,1102618,1040704,3,2026-10-08 02:06:03.621000
BRONZE_CRM,TH_PM_SETLE_INFO_HIST,FNLT_CD,TEXT,금융기관코드,1102618,333817,106,2026-10-08 02:06:03.621000
BRONZE_CRM,TH_PM_SETLE_INFO_HIST,SETLE_ENTRPS_CD,TEXT,결제업체코드,1102618,1039552,56,2026-10-08 02:06:03.621000
BRONZE_CRM,TH_PM_SETLE_INFO_HIST,CARD_TRMVT,TEXT,결제번호암호화,1102618,0,0,2026-10-08 02:06:03.621000
BRONZE_CRM,TH_PM_SETLE_INFO_HIST,ACNUT_SER_NO,NUMBER,카드유효기간,1102618,21781,13,2026-10-08 02:06:03.621000
BRONZE_CRM,TH_PM_SETLE_INFO_HIST,PAYER_NM,TEXT,결제자명,1102618,1036779,139530,2026-10-08 02:06:03.621000
BRONZE_CRM,TH_PM_SETLE_INFO_HIST,CARD_DIV_CD,TEXT,카드구분코드,1102618,467482,3,2026-10-08 02:06:03.621000
BRONZE_CRM,TH_PM_SETLE_INFO_HIST,ETC_CTTPC,TEXT,기타연락처,1102618,38097,20238,2026-10-08 02:06:03.621000
BRONZE_CRM,TH_PM_SETLE_INFO_HIST,ETC_CTTPC_REL_CD,TEXT,기타연락처관계코드,1102618,74734,14,2026-10-08 02:06:03.621000
BRONZE_CRM,TH_PM_SETLE_INFO_HIST,PAYER_MBER_REL_CD,TEXT,결제자회원관계코드,1102618,986530,14,2026-10-08 02:06:03.621000
BRONZE_CRM,TH_PM_SETLE_INFO_HIST,CRTFC_MTH_CD,TEXT,인증방법코드,1102618,712540,5,2026-10-08 02:06:03.621000
BRONZE_CRM,TH_PM_SETLE_INFO_HIST,CRTFC_FILE_NM,TEXT,인증파일명,1102618,346242,218685,2026-10-08 02:06:03.621000
BRONZE_CRM,TH_PM_SETLE_INFO_HIST,CRTFC_DATA_CTNT,TEXT,인증데이터내용,1102618,11950,11745,2026-10-08 02:06:03.621000
BRONZE_CRM,TH_PM_SETLE_INFO_HIST,FILE_SIZE,NUMBER,파일크기,1102618,346349,40639,2026-10-08 02:06:03.621000
BRONZE_CRM,TH_PM_SETLE_INFO_HIST,BILLKEY,TEXT,빌키,1102618,431513,280269,2026-10-08 02:06:03.621000
BRONZE_CRM,TH_PM_SETLE_INFO_HIST,SETLE_STAT_CD,TEXT,결제상태코드,1102618,1102616,8,2026-10-08 02:06:03.621000
BRONZE_CRM,TH_PM_SETLE_INFO_HIST,BF_SETLE_STAT_CD,TEXT,이전결제상태코드,1102618,877358,9,2026-10-08 02:06:03.621000
BRONZE_CRM,TH_PM_SETLE_INFO_HIST,RQST_DIV_CD,TEXT,신청구분코드,1102618,568819,6,2026-10-08 02:06:03.621000
BRONZE_CRM,TH_PM_SETLE_INFO_HIST,RCEPT_DIV_CD,TEXT,접수구분코드,1102618,568809,6,2026-10-08 02:06:03.621000
BRONZE_CRM,TH_PM_SETLE_INFO_HIST,APRV_YN,TEXT,승인여부,1102618,1095564,2,2026-10-08 02:06:03.621000
BRONZE_CRM,TH_PM_SETLE_INFO_HIST,APRV_REQUST_KEY,NUMBER,승인요청KEY,1102618,332073,288376,2026-10-08 02:06:03.621000
BRONZE_CRM,TH_PM_SETLE_INFO_HIST,APRV_RST_KEY,NUMBER,승인결과KEY,1102618,468358,405027,2026-10-08 02:06:03.621000
BRONZE_CRM,TH_PM_SETLE_INFO_HIST,RQEST_EXCL_YN,TEXT,청구제외여부,1102618,1102616,2,2026-10-08 02:06:03.621000
BRONZE_CRM,TH_PM_SETLE_INFO_HIST,APPLCNT_NM,TEXT,신청자명,1102618,1063463,143060,2026-10-08 02:06:03.621000
BRONZE_CRM,TH_PM_SETLE_INFO_HIST,APPLCNT_ETC_CTTPC,TEXT,신청자기타연락처,1102618,31992,18187,2026-10-08 02:06:03.621000
BRONZE_CRM,TH_PM_SETLE_INFO_HIST,APPLCNT_ETC_CTTPC_REL_CD,TEXT,신청자기타연락처관계코드,1102618,80291,14,2026-10-08 02:06:03.621000
BRONZE_CRM,TH_PM_SETLE_INFO_HIST,APPLCNT_MBER_REL_CD,TEXT,신청자회원관계코드,1102618,1062403,14,2026-10-08 02:06:03.621000
BRONZE_CRM,TH_PM_SETLE_INFO_HIST,BF_SETLE_KEY,NUMBER,이전결제KEY,1102618,376642,375866,2026-10-08 02:06:03.621000
BRONZE_CRM,TH_PM_SETLE_INFO_HIST,OPERT_DIV_CD,TEXT,작업구분코드,1102618,240395,6,2026-10-08 02:06:03.621000
BRONZE_CRM,TH_PM_SETLE_INFO_HIST,CRTFC_TY_CD,TEXT,인증유형코드,1102618,571582,6,2026-10-08 02:06:03.621000
BRONZE_CRM,TH_PM_SETLE_INFO_HIST,USE_YN,TEXT,사용여부,1102618,1102616,2,2026-10-08 02:06:03.621000
BRONZE_CRM,TH_PM_SETLE_INFO_HIST,RGSTR_ID,TEXT,등록자ID,1102618,1102159,149483,2026-10-08 02:06:03.621000
BRONZE_CRM,TH_PM_SETLE_INFO_HIST,RGSTR_NM,TEXT,등록자명,1102618,1013990,65817,2026-10-08 02:06:03.621000
BRONZE_CRM,TH_PM_SETLE_INFO_HIST,_BATCH_ID,TEXT,배치ID (적재 배치 식별자),1102618,1102618,7,2026-10-08 02:06:03.621000
BRONZE_CRM,TH_PM_SETLE_INFO_HIST,_STDR_YM,TEXT,기준년월 (적재 대상 마감 기준 YYYYMM),1102618,1102618,419,2026-10-08 02:06:03.621000
GOLD,FACT_MEMBER_MONTHLY,MONTH_KEY,NUMBER,YYYYMM,42736516,42736516,469,2026-10-08 02:07:25.729000
GOLD,FACT_MEMBER_MONTHLY,MEMBER_DK,TEXT,월 스냅샷 대상 회원 (불변키),42736516,42736516,1780291,2026-10-08 02:07:25.729000
GOLD,FACT_MEMBER_MONTHLY,CAMPAIGN_SK,NUMBER,캠페인 (FK→DIM_CAMPAIGN),42736516,42736516,1,2026-10-08 02:07:25.729000
GOLD,FACT_MEMBER_MONTHLY,SPONSORSHIP_SK,NUMBER,후원사업 (FK→DIM_SPONSORSHIP),42736516,42736516,32,2026-10-08 02:07:25.729000
GOLD,FACT_MEMBER_MONTHLY,PAYMENT_SK,NUMBER,납입/결제 유형 (FK→DIM_PAYMENT),42736516,42736516,1,2026-10-08 02:07:25.729000
GOLD,FACT_MEMBER_MONTHLY,REASON_SK,NUMBER,대리키,42736516,42736516,92,2026-10-08 02:07:25.729000
GOLD,FACT_MEMBER_MONTHLY,DEV_CNT,NUMBER,"개발(건) (#4) = [O202] MSTR 개발(건)(인정금액 ÷ 10,000) 월 합.",42736516,42736516,655,2026-10-08 02:07:25.729000
GOLD,FACT_MEMBER_MONTHLY,DEV_MEMBERS,NUMBER,개발(명) (#148) = [O202] 그 달 MSTR 개발 인정 행 보유 1/0.,42736516,42736516,2,2026-10-08 02:07:25.729000
GOLD,FACT_MEMBER_MONTHLY,STOP_CNT,NUMBER,중단(건) (#35).,42736516,42736516,52,2026-10-08 02:07:25.729000
GOLD,FACT_MEMBER_MONTHLY,UNPAID_CNT,NUMBER,미납(건) (#36),42736516,40439910,449,2026-10-08 02:07:25.729000
GOLD,FACT_MEMBER_MONTHLY,ACTIVE_CNT,NUMBER,활동(건) (#37·157) (#37).,42736516,42057762,1060,2026-10-08 02:07:25.729000
GOLD,FACT_MEMBER_MONTHLY,ACTIVE_MEMBERS,NUMBER,활동(명) (#156).,42736516,42736516,2,2026-10-08 02:07:25.729000
GOLD,FACT_MEMBER_MONTHLY,ACTIVE_CUM_CNT,NUMBER,활동누계(건) (#159). 당해년도 1월~조회월 활동(건) 누계.,42736516,42057762,5360,2026-10-08 02:07:25.729000
GOLD,FACT_MEMBER_MONTHLY,ACTIVE_CUM_MEMBERS,NUMBER,활동누계(명) (#158).,42736516,42057762,13,2026-10-08 02:07:25.729000
GOLD,FACT_MEMBER_MONTHLY,INCREASE_CNT,NUMBER,증액(건) (#151),42736516,42057762,632,2026-10-08 02:07:25.729000
GOLD,FACT_MEMBER_MONTHLY,INCREASE_MEMBERS,NUMBER,증액(명) (#150),42736516,42057762,2,2026-10-08 02:07:25.729000
GOLD,FACT_MEMBER_MONTHLY,DECREASE_CNT,NUMBER,감액(건) SUM(감액금액)/10000 (#38),42736516,42736516,379,2026-10-08 02:07:25.729000
GOLD,FACT_MEMBER_MONTHLY,CHURN_CNT,NUMBER,이탈(건) SUM(취소+감액)/10000 (신규#20),42736516,42736516,1032,2026-10-08 02:07:25.729000
GOLD,FACT_MEMBER_MONTHLY,STOP_AMT_CNT,NUMBER,"[O202] 중단(건) (#35) = 그 달 중단 후원사업 약정금액 ÷ 10,000. 공54~57 분자(DEV_CNT 와 같은 단위). STOP_CNT(사건 수)와 다르다.",42736516,42736516,890,2026-10-08 02:07:25.729000
GOLD,FACT_MEMBER_MONTHLY,YEAR_START_ACTIVE_CNT,NUMBER,연도초 활동회원(건) (#49).,42736516,42057762,734,2026-10-08 02:07:25.729000
GOLD,FACT_MEMBER_MONTHLY,YEAR_END_ACTIVE_CNT,NUMBER,연도말 활동회원(건) (#50).,42736516,42057762,941,2026-10-08 02:07:25.729000
GOLD,FACT_MEMBER_MONTHLY,MONTH_END_ACTIVE_CNT,NUMBER,월말활동회원(건) (#52).,42736516,42057762,1060,2026-10-08 02:07:25.729000
GOLD,FACT_MEMBER_MONTHLY,PREV_MONTH_END_ACTIVE_CNT,NUMBER,전월말 활동회원(건) (#53).,42736516,42057762,1057,2026-10-08 02:07:25.729000
GOLD,FACT_MEMBER_MONTHLY,CAMPAIGN_UNPAID_CNT,NUMBER,캠페인별 미납(건) (#83),42736516,42736516,1,2026-10-08 02:07:25.729000
GOLD,FACT_MEMBER_MONTHLY,STATUS_UNPAID_CNT,NUMBER,회원상태별 미납(건) (#84),42736516,3960958,666,2026-10-08 02:07:25.729000
GOLD,FACT_MEMBER_MONTHLY,REGULAR_FEE,NUMBER,정기회비(원) (#66),42736516,39184387,682,2026-10-08 02:07:25.729000
GOLD,FACT_MEMBER_MONTHLY,REGULAR_ONETIME_FEE,NUMBER,정기회원 일시회비(원) (#67),42736516,29886,3367,2026-10-08 02:07:25.729000
GOLD,FACT_MEMBER_MONTHLY,ONETIME_ONETIME_FEE,NUMBER,일시회원 일시회비(원) (#68),42736516,646755,31008,2026-10-08 02:07:25.729000
GOLD,FACT_MEMBER_MONTHLY,PAID_FEE,NUMBER,납입 **총액**(원) = 회비+기부금 (#69·70 단일화) (#69).,42736516,39846290,32744,2026-10-08 02:07:25.729000
GOLD,FACT_MEMBER_MONTHLY,BILLED_AMT,NUMBER,BILLED_AMT (#71).,42736516,39793047,4611,2026-10-08 02:07:25.729000
GOLD,FACT_MEMBER_MONTHLY,PAID_FEE_BILLABLE,NUMBER,회비만 납입액(원).,42736516,39199354,4345,2026-10-08 02:07:25.729000
GOLD,FACT_MEMBER_MONTHLY,UNPAID_BILLED_AMT,NUMBER,미납 청구액(원).,42736516,3960958,665,2026-10-08 02:07:25.729000
GOLD,FACT_MEMBER_MONTHLY,INBOUND_CALL_CNT,NUMBER,인바운드콜수 (overview).,42736516,42736516,1,2026-10-08 02:07:25.729000
GOLD,FACT_MEMBER_MONTHLY,TS_CALL_CNT,NUMBER,TS콜수 (overview) — 비-CRM 별도 입력,42736516,42736516,1,2026-10-08 02:07:25.729000
GOLD,FACT_MEMBER_MONTHLY,DEV_TYPE,TEXT,개발구분 (#121). 그 달 개발구분이 하나로 확정될 때만 값. 코드id:MM015.,42736516,2041138,3,2026-10-08 02:07:25.729000
GOLD,FACT_MEMBER_MONTHLY,NEW_FLAG,BOOLEAN,신규 (#32). 최초가입 연도 = 조회년도.,42736516,42736374,2,2026-10-08 02:07:25.729000
GOLD,FACT_MEMBER_MONTHLY,INCREASE_FLAG,BOOLEAN,증액 (#33). 그 달 증액 개발 사건 존재.,42736516,42736516,2,2026-10-08 02:07:25.729000
GOLD,FACT_MEMBER_MONTHLY,REDONATE_FLAG,BOOLEAN,재후원 (#34). 그 달 재후원 개발 사건 존재.,42736516,42736516,2,2026-10-08 02:07:25.729000
GOLD,FACT_MEMBER_MONTHLY,AMOUNT_BAND1,TEXT,후원금액대1 5만 (#72). 약정 없음 NULL.,42736516,41069443,88,2026-10-08 02:07:25.729000
GOLD,FACT_MEMBER_MONTHLY,AMOUNT_BAND2,TEXT,후원금액대2 1만 (#73). 약정 없음 NULL.,42736516,41069443,296,2026-10-08 02:07:25.729000
GOLD,FACT_MEMBER_MONTHLY,PERIOD_BAND1,TEXT,후원기간대1 5년 (#74). 기준일 없음 NULL.,42736516,42736374,8,2026-10-08 02:07:25.729000
GOLD,FACT_MEMBER_MONTHLY,PERIOD_BAND2,TEXT,후원기간대2 1년 (#75). 기준일 없음 NULL.,42736516,42736374,36,2026-10-08 02:07:25.729000
GOLD,FACT_MEMBER_MONTHLY,SPONSOR_MONTHS,NUMBER,후원기간(개월) (#127),42736516,42736374,425,2026-10-08 02:07:25.729000
GOLD,FACT_MEMBER_MONTHLY,SPONSOR_YEARS,NUMBER,후원기간(년) (#128),42736516,42736374,36,2026-10-08 02:07:25.729000
GOLD,FACT_MEMBER_MONTHLY,PAID_MONTHS,NUMBER,납입개월수 (#129),42736516,42736374,216,2026-10-08 02:07:25.729000
GOLD,FACT_MEMBER_MONTHLY,NEW_EXISTING_FLAG,TEXT,신규/기존 구분 (#113). 기준일 없음 NULL.,42736516,42736374,2,2026-10-08 02:07:25.729000
GOLD,FACT_MEMBER_MONTHLY,UNPAID_FLAG_EOM,BOOLEAN,월말 미납회원 여부 (#80).,42736516,40439983,2,2026-10-08 02:07:25.729000
GOLD,FACT_MEMBER_MONTHLY,AMT_INCREASE_CUM_CNT,NUMBER,AMT_INCREASE_CUM_CNT (#151).,42736516,42736516,92,2026-10-08 02:07:25.729000
GOLD,FACT_MEMBER_MONTHLY,AMT_DECREASE_CUM_CNT,NUMBER,AMT_DECREASE_CUM_CNT (#38).,42736516,42736516,70,2026-10-08 02:07:25.729000
GOLD,FACT_MEMBER_MONTHLY,PAID_SPONSOR_BIZ_CNT,NUMBER,PAID_SPONSOR_BIZ_CNT.,42736516,40439983,13,2026-10-08 02:07:25.729000
GOLD,FACT_MEMBER_MONTHLY,IS_MULTI_PAID_BIZ,BOOLEAN,IS_MULTI_PAID_BIZ.,42736516,40439983,2,2026-10-08 02:07:25.729000
GOLD,FACT_MEMBER_MONTHLY,IS_MULTI_SPONSORSHIP,BOOLEAN,[DEC.,42736516,42736516,2,2026-10-08 02:07:25.729000
GOLD,FACT_MEMBER_MONTHLY,HAS_BILLING,BOOLEAN,결제(billing) 행 존재 여부.,42736516,42736516,2,2026-10-08 02:07:25.729000
GOLD,FACT_MEMBER_MONTHLY,UNPAID_FLAG_BOM,BOOLEAN,월초 미납회원 여부(=전월말 상태) (#80).,42736516,39320727,2,2026-10-08 02:07:25.729000
GOLD,WIDE_AD_BROADCAST,AD_PERF_DK,TEXT,광고성과 행 식별자(grain) — 코어 WIDE_AD_PERFORMANCE 조인키,50226,50226,51179,2026-10-08 02:08:21.624000
GOLD,WIDE_AD_BROADCAST,AD_SOURCE_TYPE,TEXT,광고 원천유형 — 본 뷰는 방송 2종(**VIDEO·REBROADCAST**)만 담는다. 🔴두 원천은 보고 항목이 다르다: 전용 컬럼이 서로 배타적이며 NULL 은 결측이 아니라 개념 부재다. 디지털은 본 뷰에 없다 — 전 유형 집계는 코어 `WIDE_AD_PERFORMANCE`.,50226,50226,2,2026-10-08 02:08:21.624000
GOLD,WIDE_AD_BROADCAST,PERF_DATE_SK,NUMBER,광고 실적일 YYYYMMDD,50226,50226,1351,2026-10-08 02:08:21.624000
GOLD,WIDE_AD_BROADCAST,AD_COST,NUMBER,[코어] 광고비(원) — VIDEO=실집행·REBRDC=편성비용,50226,40418,3139,2026-10-08 02:08:21.624000
GOLD,WIDE_AD_BROADCAST,INBOUND_CALL,NUMBER,[코어] 인입콜수 🔴[O51-F 실측] 채움이 **VIDEO 안에서 부분**다. 커버리지를 모르고 비중·순위를 내면 결론이 뒤집힌다. 🔴채널·시간대별 인입콜 비교 시 미보고 행이 0 이 아니라 NULL 이므로 평균이 왜곡될 수 있다. 실측 규모는 이슈원장 §O51-F.,50226,22704,225,2026-10-08 02:08:21.624000
GOLD,WIDE_AD_BROADCAST,TIME_BAND,TEXT,시간대,50226,38875,82,2026-10-08 02:08:21.624000
GOLD,WIDE_AD_BROADCAST,CM_POSITION,TEXT,CM위치 (VIDEO 전용),50226,34437,16,2026-10-08 02:08:21.624000
GOLD,WIDE_AD_BROADCAST,RT_TYPE,TEXT,RT(재방송)유형 (REBRDC 전용),50226,2111,2,2026-10-08 02:08:21.624000
GOLD,WIDE_AD_BROADCAST,AD_START_TIME,TEXT,광고시작시간 (VIDEO 전용),50226,35440,23645,2026-10-08 02:08:21.624000
GOLD,WIDE_AD_BROADCAST,AD_END_TIME,TEXT,광고종료시간 (VIDEO 전용) 🔴[O51-F 실측] 채움이 **VIDEO 안에서 부분**다. 커버리지를 모르고 비중·순위를 내면 결론이 뒤집힌다. ⚠️시작시간은 더 많이 채워져 있어 **시작·종료를 함께 요구하면 표본이 줄어든다**. 실측 규모는 이슈원장 §O51-F.,50226,17712,13136,2026-10-08 02:08:21.624000
GOLD,WIDE_AD_BROADCAST,PROGRAM_NM,TEXT,프로그램/편성명,50226,37735,1851,2026-10-08 02:08:21.624000
GOLD,WIDE_AD_BROADCAST,CHANNEL_COMPANY,TEXT,채널사,50226,50226,61,2026-10-08 02:08:21.624000
GOLD,WIDE_AD_BROADCAST,CHANNEL_COMPANY_TYPE,TEXT,채널사유형 (VIDEO 전용),50226,44707,9,2026-10-08 02:08:21.624000
GOLD,WIDE_AD_BROADCAST,SPOT_TYPE,TEXT,SPOT유형 (VIDEO 전용) 🔴[O51-F 실측] 채움이 **VIDEO 안에서 부분**다. 커버리지를 모르고 비중·순위를 내면 결론이 뒤집힌다. 실측 규모는 이슈원장 §O51-F.,50226,16709,4,2026-10-08 02:08:21.624000
GOLD,WIDE_AD_BROADCAST,DURATION_SEC,NUMBER,광고 초수 (VIDEO 전용),50226,35660,4,2026-10-08 02:08:21.624000
GOLD,WIDE_AD_BROADCAST,DAY_DIV,TEXT,요일구분 평일/주말 (VIDEO 전용),50226,36764,3,2026-10-08 02:08:21.624000
GOLD,WIDE_AD_BROADCAST,PRG_START_TIME,TEXT,프로그램 시작시간 (VIDEO 전용),50226,34621,1602,2026-10-08 02:08:21.624000
GOLD,WIDE_AD_BROADCAST,CTV_DIV,TEXT,CTV구분 (VIDEO 전용) 🔴[O51-F 실측] 채움이 **VIDEO 안에서도 소수**다. 커버리지를 모르고 비중·순위를 내면 결론이 뒤집힌다. 실측 규모는 이슈원장 §O51-F.,50226,48115,4,2026-10-08 02:08:21.624000
GOLD,WIDE_AD_BROADCAST,BRDC_DIV,TEXT,방송구분 (REBRDC 전용) 🔴[O51-F 실측] 채움이 **REBROADCAST 안에서도 일부**다. 커버리지를 모르고 비중·순위를 내면 결론이 뒤집힌다. 실측 규모는 이슈원장 §O51-F.,50226,2111,6,2026-10-08 02:08:21.624000
GOLD,WIDE_AD_BROADCAST,AD_CNT,NUMBER,광고횟수,50226,37669,1,2026-10-08 02:08:21.624000
GOLD,WIDE_AD_BROADCAST,CONV_CALL_CNT,NUMBER,전환콜 (VIDEO 전용) — 인입콜과 별개 🔴🔴[O51-F 실측] **전건 NULL — 원천 자체가 비어 있다**(`BRONZE_AGENCY.VIDEO_AD_CMPGN_DTLS.CONV_CALL_CNT`). 결측이 아니라 **대행사가 항목을 보고하지 않는다**: 0 이나 '해당없음' 으로 대체 해석하지 말 것(P21). 필터 조건으로 쓰면 전건이 탈락한다. 🔴🔴종전 문서가 *「VIDEO 는 개발실적 대신 전환콜을 보고한다」* 고 적었으나 **그 컬럼도 원천에서 전건 비어 있다** — 즉 VIDEO 구간은 개발도 전환콜도 측정할 수 없다(AD-5 보강). REBROADCAST 원천에는 컬럼 자체가 없다. 실측 규모는 이슈원장 §O51-F.,50226,0,0,2026-10-08 02:08:21.624000
GOLD,WIDE_AD_BROADCAST,DVLP_MEMBER_CNT,NUMBER,개발회원수 (방송 · VIDEO·REBRDC) — ⚠️GA 전환이 아님(O16 분리). 🔴 [O184 정정] 종전 「REBROADCAST 전용」은 O182 원천 재편으로 거짓이 됐다 — VIDEO 도 일부 행에 보고한다. 디지털행은 원천 부재로 NULL. 출처(AD_SOURCE_TYPE)별로 나눠 집계할 것.,50226,10845,132,2026-10-08 02:08:21.624000
GOLD,WIDE_AD_BROADCAST,DVLP_CNT,NUMBER,개발건수 (방송 · VIDEO·REBRDC) — ⚠️GA 전환이 아님(O16 분리). 🔴 [O184 정정] 종전 「REBROADCAST 전용」은 O182 원천 재편으로 거짓이 됐다 — VIDEO 도 일부 행에 보고한다. 디지털행은 원천 부재로 NULL. 출처(AD_SOURCE_TYPE)별로 나눠 집계할 것.,50226,10846,357,2026-10-08 02:08:21.624000
GOLD,WIDE_AD_BROADCAST,AD_VIEW_RT_SRC,NUMBER,"광고시청률(대행사 산정) — 비가산 N, 재합산 금지. ⚠️**VIDEO 전용** — 다른 원천 행은 개념 자체가 없어 NULL 이며 결측이 아니다.",50226,34437,771,2026-10-08 02:08:21.624000
GOLD,WIDE_AD_BROADCAST,CPC_CALL_SRC,NUMBER,"방송 **콜당** 단가(대행사 산정) — 비가산 N, 재합산 금지. 🔴 클릭 분모가 아니다(O174 개명 · 디지털 CPC_CLICK_SRC 와 합산 금지). ⚠️**VIDEO 전용** — 다른 원천 행은 개념 자체가 없어 NULL 이며 결측이 아니다.",50226,35260,1541,2026-10-08 02:08:21.624000
GOLD,WIDE_AD_BROADCAST,PERF_YEAR,NUMBER,DIM_DATE.YEAR — 실적일 년,50226,50226,4,2026-10-08 02:08:21.624000
GOLD,WIDE_AD_BROADCAST,PERF_MONTH,NUMBER,DIM_DATE.MONTH — 실적일 월,50226,50226,12,2026-10-08 02:08:21.624000
GOLD,WIDE_AD_BROADCAST,PERF_QUARTER,NUMBER,DIM_DATE.QUARTER — 실적일 분기,50226,50226,4,2026-10-08 02:08:21.624000
GOLD,WIDE_AD_BROADCAST,PERF_IS_HOLIDAY,BOOLEAN,"DIM_DATE.IS_HOLIDAY — 실적일 휴일여부 🔴🔴[O51-F 실측] **휴일축이 미주입이다 — 전건 `FALSE`.** `DIM_DATE.IS_HOLIDAY` 에 TRUE 가 하나도 없다. NULL 이 아니라 FALSE 라서 **집계가 성공한 것처럼 보이고**, 「휴일 대비 평일 성과」 질의가 **전건 평일**로 응답된다. ⇒ 이 컬럼으로 휴일 분석을 하지 말 것(기지 **HOL-1** — 공휴일 원천이 전 스키마에 없어 외부 입고 대기). 실측 규모는 이슈원장 §O51-F.",50226,50226,2,2026-10-08 02:08:21.624000
GOLD,WIDE_AD_BROADCAST,CAMPAIGN_NAME,TEXT,DIM_CAMPAIGN.CAMPAIGN_NAME — 캠페인명 🔴🔴[O51-F 실측] **전건 `'(미매핑)'` 센티넬** — NULL 이 아니라 **문자열**이라 GROUP BY 하면 단일 그룹이 생겨 **집계에 성공한 것처럼 보인다.** 원인 = `FACT_AD_PERFORMANCE.CAMPAIGN_SK` 의 실측값이 센티넬 하나뿐이다. ⇒ 이 컬럼으로 분해를 시도하지 말 것 — 「캠페인별」·「부서별」 요구에 **조용히 총계 1행**이 돌아온다. 🟢대안 = 마케팅캠페인 축(`MKTG_CAMPAIGN_SK`)은 살아 있다(O45) — 광고↔개발 결합은 그 grain 에서 한다. 실측 규모는 이슈원장 §O51-F.,50226,50226,1,2026-10-08 02:08:21.624000
GOLD,WIDE_AD_BROADCAST,AD_MEDIA_NAME,TEXT,"DIM_AD_CREATIVE.MEDIA_NAME — 매체명 🔴🔴[O51-F 실측] **이 뷰에서 전건 NULL** — 원인은 차원이 아니라 **팩트 FK 가 전건 센티넬**이다: `FACT_AD_PERFORMANCE.AD_CREATIVE_SK` 의 실측값이 센티넬 하나뿐이다. ⇒ **이 축으로는 분해가 불가능하다.** 차원 자체는 채워져 있다. 🔴🔴 원천에는 있는 축이다 — SILVER `AGENCY_AD_PERFORMANCE.MEDIA_CHANNEL_NM`·`CREATIVE_NM` 과 BRONZE 매체명은 **전건 채워져 있다.** GOLD 에서만 소실됐다 — 팩트 FK 가 0 하드코딩이다(기지 **P52·O38-C**, 연결키는 **Q10** 소관). 실측 규모는 이슈원장 §O51-F.",50226,0,0,2026-10-08 02:08:21.624000
GOLD,WIDE_AD_BROADCAST,AD_CREATIVE,TEXT,"DIM_AD_CREATIVE.CREATIVE — 소재 🔴🔴[O51-F 실측] **이 뷰에서 전건 NULL** — 원인은 차원이 아니라 **팩트 FK 가 전건 센티넬**이다: `FACT_AD_PERFORMANCE.AD_CREATIVE_SK` 의 실측값이 센티넬 하나뿐이다. ⇒ **이 축으로는 분해가 불가능하다.** 차원 자체는 채워져 있다. 🔴🔴 원천에는 있는 축이다 — SILVER `AGENCY_AD_PERFORMANCE.MEDIA_CHANNEL_NM`·`CREATIVE_NM` 과 BRONZE 매체명은 **전건 채워져 있다.** GOLD 에서만 소실됐다 — 팩트 FK 가 0 하드코딩이다(기지 **P52·O38-C**, 연결키는 **Q10** 소관). 실측 규모는 이슈원장 §O51-F.",50226,0,0,2026-10-08 02:08:21.624000
GOLD,DIM_SEND_REQUEST,SEND_REQUEST_SK,NUMBER,대리키 = HASH(SNDNG_KEY) · FACT_MESSAGE_DISPATCH.SEND_REQUEST_SK 가 참조,1904889,1904889,1872404,2026-10-08 02:08:27.491000
GOLD,DIM_SEND_REQUEST,SNDNG_KEY,NUMBER,발송키 (PK) [원천: SILVER.CRM_SEND_REQUEST],1904889,1904889,1836969,2026-10-08 02:08:27.491000
GOLD,DIM_SEND_REQUEST,SEND_CHANNEL,TEXT,발송채널 (SND/SMS/EMAIL 등) [원천: SILVER.CRM_SEND_REQUEST],1904889,1904889,4,2026-10-08 02:08:27.491000
GOLD,DIM_SEND_REQUEST,SNDNG_TY_CD,TEXT,발송유형코드 [원천: SILVER.CRM_SEND_REQUEST],1904889,1902675,4,2026-10-08 02:08:27.491000
GOLD,DIM_SEND_REQUEST,SEND_GBN_TOP,TEXT,발송구분 대분류코드 [원천: SILVER.CRM_SEND_REQUEST],1904889,2210,12,2026-10-08 02:08:27.491000
GOLD,DIM_SEND_REQUEST,SEND_GBN_TOP_NM,TEXT,발송구분 대분류명 [원천: SILVER.CRM_SEND_REQUEST],1904889,2210,9,2026-10-08 02:08:27.491000
GOLD,DIM_SEND_REQUEST,SEND_GBN_MID,TEXT,발송구분 중분류코드 [원천: SILVER.CRM_SEND_REQUEST],1904889,2210,16,2026-10-08 02:08:27.491000
GOLD,DIM_SEND_REQUEST,SEND_GBN_MID_NM,TEXT,발송구분 중분류명 [원천: SILVER.CRM_SEND_REQUEST],1904889,2210,29,2026-10-08 02:08:27.491000
GOLD,DIM_SEND_REQUEST,SEND_GBN_BOT,TEXT,발송구분 소분류코드 [원천: SILVER.CRM_SEND_REQUEST],1904889,2210,46,2026-10-08 02:08:27.491000
GOLD,DIM_SEND_REQUEST,SEND_GBN_BOT_NM,TEXT,발송구분 소분류명 [원천: SILVER.CRM_SEND_REQUEST],1904889,2210,61,2026-10-08 02:08:27.491000
GOLD,DIM_SEND_REQUEST,TIT,TEXT,발송 제목 [원천: SILVER.CRM_SEND_REQUEST],1904889,1740423,34339,2026-10-08 02:08:27.491000
GOLD,DIM_SEND_REQUEST,REQ_SEQ_NO,NUMBER,요청 일련번호 [원천: SILVER.CRM_SEND_REQUEST],1904889,2210,2178,2026-10-08 02:08:27.491000
GOLD,DIM_SEND_REQUEST,SNDNG_CD_ID,TEXT,발신코드ID [원천: SILVER.CRM_SEND_REQUEST],1904889,1902652,29,2026-10-08 02:08:27.491000
GOLD,DIM_SEND_REQUEST,SNDNG_DTL_CD_ID,TEXT,발신상세코드ID [원천: SILVER.CRM_SEND_REQUEST],1904889,1902520,226,2026-10-08 02:08:27.491000
GOLD,DIM_SEND_REQUEST,PRCS_YN,TEXT,처리여부 [원천: SILVER.CRM_SEND_REQUEST],1904889,540048,2,2026-10-08 02:08:27.491000
GOLD,DIM_SEND_REQUEST,TMPLAT_ID,TEXT,템플릿ID [원천: SILVER.CRM_SEND_REQUEST],1904889,1195126,2355,2026-10-08 02:08:27.491000
GOLD,DIM_SEND_REQUEST,ALTRTV_MSG_SNDNG_YN,TEXT,대체메시지발신여부 [원천: SILVER.CRM_SEND_REQUEST],1904889,1117998,2,2026-10-08 02:08:27.491000
GOLD,DIM_SEND_REQUEST,LQY_YN,TEXT,대량여부 [원천: SILVER.CRM_SEND_REQUEST],1904889,125465,2,2026-10-08 02:08:27.491000
GOLD,DIM_SEND_REQUEST,RE_SNDNG_YN,TEXT,재발신여부 [원천: SILVER.CRM_SEND_REQUEST],1904889,125465,2,2026-10-08 02:08:27.491000
GOLD,DIM_SEND_REQUEST,MSG_TYPE,TEXT,메시지 유형 [원천: SILVER.CRM_SEND_REQUEST],1904889,2210,3,2026-10-08 02:08:27.491000
GOLD,DIM_SEND_REQUEST,REGULARLY,TEXT,발송 유형 (정기/비정기) [원천: SILVER.CRM_SEND_REQUEST],1904889,2210,3,2026-10-08 02:08:27.491000
GOLD,DIM_SEND_REQUEST,SEND_STATUS,TEXT,발송 상태 [원천: SILVER.CRM_SEND_REQUEST],1904889,2210,1,2026-10-08 02:08:27.491000
GOLD,DIM_SEND_REQUEST,SEND_ROUND,NUMBER,발송차수 [원천: SILVER.CRM_SEND_REQUEST],1904889,2210,3,2026-10-08 02:08:27.491000
GOLD,DIM_SEND_REQUEST,CONDITION_TITLE,TEXT,발송 조건 제목 [원천: SILVER.CRM_SEND_REQUEST],1904889,2210,2178,2026-10-08 02:08:27.491000
GOLD,DIM_SEND_REQUEST,MENU_CODE,TEXT,메뉴코드 [원천: SILVER.CRM_SEND_REQUEST],1904889,2210,10,2026-10-08 02:08:27.491000
GOLD,DIM_SEND_REQUEST,SERVICE_MENU_CODE,TEXT,서비스메뉴코드 [원천: SILVER.CRM_SEND_REQUEST],1904889,2210,13,2026-10-08 02:08:27.491000
GOLD,DIM_SEND_REQUEST,USE_YN,TEXT,사용 여부 [원천: SILVER.CRM_SEND_REQUEST],1904889,2210,1,2026-10-08 02:08:27.491000
GOLD,DIM_SEND_REQUEST,RECPTN_CNT,NUMBER,수신건수 [원천: SILVER.CRM_SEND_RESULT],1904889,430686,225,2026-10-08 02:08:27.491000
GOLD,DIM_SEND_REQUEST,ALTRTV_SNDNG_CNT,NUMBER,알림톡대체발송건수 [원천: SILVER.CRM_SEND_RESULT],1904889,1236658,886,2026-10-08 02:08:27.491000
GOLD,DIM_SEND_REQUEST,SNDNG_SQNC,NUMBER,발신차수 [원천: SILVER.CRM_SEND_RESULT],1904889,2325,35,2026-10-08 02:08:27.491000
GOLD,DIM_SEND_REQUEST,SNDNG_TIT,TEXT,발신제목 [원천: SILVER.CRM_SEND_RESULT],1904889,2325,2264,2026-10-08 02:08:27.491000
GOLD,WIDE_DVLP_GOAL_ACMSLT,MONTH_KEY,NUMBER,기준월 YYYYMM ← YEAR × M01~M12 열 위치,576,576,12,2026-10-08 02:09:39.350000
GOLD,WIDE_DVLP_GOAL_ACMSLT,CAL_YEAR,NUMBER,연도 ← YEAR,576,576,1,2026-10-08 02:09:39.350000
GOLD,WIDE_DVLP_GOAL_ACMSLT,CAL_MONTH,NUMBER,월(1~12) ← M01~M12 열 위치,576,576,12,2026-10-08 02:09:39.350000
GOLD,WIDE_DVLP_GOAL_ACMSLT,DEPT_DIV_NM,TEXT,부서 구분 명,576,576,6,2026-10-08 02:09:39.350000
GOLD,WIDE_DVLP_GOAL_ACMSLT,NEW_EXST_DIV_NM,TEXT,신규기존구분명,576,576,2,2026-10-08 02:09:39.350000
GOLD,WIDE_DVLP_GOAL_ACMSLT,SPNSR_BSNS_GRP_NM,TEXT,후원 사업 그룹 명,576,576,4,2026-10-08 02:09:39.350000
GOLD,WIDE_DVLP_GOAL_ACMSLT,GOAL_CNT,NUMBER,개발 목표 건수 ← DATA_TYPE_NM='목표' 행의 해당 월 값,576,576,327,2026-10-08 02:09:39.350000
GOLD,WIDE_DVLP_GOAL_ACMSLT,ACMSLT_CNT,NUMBER,개발 실적 건수 ← DATA_TYPE_NM='실적' 행의 해당 월 값. 미도래 월은 NULL.,576,432,289,2026-10-08 02:09:39.350000
GOLD,FACT_RELATION_ACTIVITY,DATE_SK,NUMBER,활동일 YYYYMMDD(서신 = 접수일 · 선물금 = 발송일) → DIM_DATE · 0=일자 무효,401721,401721,4623,2026-10-08 02:10:20.970000
GOLD,FACT_RELATION_ACTIVITY,MEMBER_DK,TEXT,회원번호 — 결연키로 결연 마스터(CRM_SPONSOR_RELATION)를 조회한 MBER_NO · 매칭 실패(고아 결연)는 NULL,401721,401406,114028,2026-10-08 02:10:20.970000
GOLD,FACT_RELATION_ACTIVITY,ACTIVITY_KEY,TEXT,결연활동 대체키 (PK) [원천: SILVER.CRM_RELATION_ACTIVITY],401721,401721,399287,2026-10-08 02:10:20.970000
GOLD,FACT_RELATION_ACTIVITY,ACTIVITY_TYPE,TEXT,활동유형 파생 (서신/선물금) [원천: SILVER.CRM_RELATION_ACTIVITY],401721,401721,2,2026-10-08 02:10:20.970000
GOLD,FACT_RELATION_ACTIVITY,RELATNSP_KEY,NUMBER,결연키 (→CRM_SPONSOR_RELATION) [원천: SILVER.CRM_RELATION_ACTIVITY],401721,401721,143199,2026-10-08 02:10:20.970000
GOLD,FACT_RELATION_ACTIVITY,MNG_NO,TEXT,관리번호 [원천: SILVER.CRM_RELATION_ACTIVITY],401721,401721,434,2026-10-08 02:10:20.970000
GOLD,FACT_RELATION_ACTIVITY,ACTIVITY_CNT,NUMBER,활동(건) = 1 · 회원수는 MEMBER_DK 중복제거로 센다,401721,401721,1,2026-10-08 02:10:20.970000
GOLD,FACT_RELATION_ACTIVITY,GFTMNEY,NUMBER,선물금 (원단위) [원천: SILVER.CRM_RELATION_ACTIVITY],401721,184679,54,2026-10-08 02:10:20.970000
GOLD,FACT_RELATION_ACTIVITY,LETTER_DIV_CD,NUMBER,서신구분코드 [원천: SILVER.CRM_RELATION_ACTIVITY],401721,217042,3,2026-10-08 02:10:20.970000
GOLD,FACT_RELATION_ACTIVITY,LETTER_STAT_CD,NUMBER,편지상태코드 [원천: SILVER.CRM_RELATION_ACTIVITY],401721,217042,3,2026-10-08 02:10:20.970000
GOLD,FACT_RELATION_ACTIVITY,LANG_CD,TEXT,언어코드 [원천: SILVER.CRM_RELATION_ACTIVITY],401721,206141,391,2026-10-08 02:10:20.970000
GOLD,FACT_RELATION_ACTIVITY,ONLINE_POST_WRITNG_YN,TEXT,온라인우편작성여부 [원천: SILVER.CRM_RELATION_ACTIVITY],401721,216839,2,2026-10-08 02:10:20.970000
GOLD,FACT_RELATION_ACTIVITY,ONLINE_INFLOW_CD,NUMBER,온라인유입코드 [원천: SILVER.CRM_RELATION_ACTIVITY],401721,173916,3,2026-10-08 02:10:20.970000
GOLD,FACT_RELATION_ACTIVITY,UNREPLY_RSN_CD,NUMBER,미답신사유코드 [원천: SILVER.CRM_RELATION_ACTIVITY],401721,17042,3,2026-10-08 02:10:20.970000
GOLD,FACT_RELATION_ACTIVITY,MBRFEE_KEY,NUMBER,회비KEY [원천: SILVER.CRM_RELATION_ACTIVITY],401721,184679,187929,2026-10-08 02:10:20.970000
GOLD,FACT_RELATION_ACTIVITY,SETLE_CD,TEXT,결제코드 [원천: SILVER.CRM_RELATION_ACTIVITY],401721,184676,11,2026-10-08 02:10:20.970000
GOLD,FACT_RELATION_ACTIVITY,GFT_DIV_CD,TEXT,선물구분코드 [원천: SILVER.CRM_RELATION_ACTIVITY],401721,169023,7,2026-10-08 02:10:20.970000
GOLD,FACT_RELATION_ACTIVITY,GFTMNEY_DOLLAR_AMT,TEXT,선물금미화금액 [원천: SILVER.CRM_RELATION_ACTIVITY],401721,163426,50,2026-10-08 02:10:20.970000
GOLD,FACT_RELATION_ACTIVITY,TRNSFER_YN,TEXT,이관여부 [원천: SILVER.CRM_RELATION_ACTIVITY],401721,146639,3,2026-10-08 02:10:20.970000
GOLD,FACT_AD_DIGITAL,AD_PERF_DK,TEXT,"코어 1:1 조인키(GRAIN·PK, FK→FACT_AD_PERFORMANCE). staging 발급값 승계 — 재계산 금지",221131,221131,222213,2026-10-08 02:10:41.305000
GOLD,FACT_AD_DIGITAL,PAGE_TYPE,TEXT,페이지유형 ← DGT.PAGE_TYPE_NM,221131,1043,3,2026-10-08 02:10:41.305000
GOLD,FACT_AD_DIGITAL,AD_GROUP_NM,TEXT,광고그룹명 ← DGT.AD_GRP_NM,221131,3308,31,2026-10-08 02:10:41.305000
GOLD,FACT_AD_DIGITAL,GROUP_DIV,TEXT,그룹구분 ← DGT.GRP_DIV_NM,221131,0,0,2026-10-08 02:10:41.305000
GOLD,FACT_AD_DIGITAL,CREATIVE_TYPE,TEXT,소재유형 ← DGT.MATR_TY_NM,221131,105436,5,2026-10-08 02:10:41.305000
GOLD,FACT_AD_DIGITAL,AD_TYPE_NM,TEXT,광고유형명(대행사 표기) ← DGT.AD_TY_NM. ⚠️코어 AD_SOURCE_TYPE(원천 출처축 DIGITAL/VIDEO/REBROADCAST)과 다른 개념,221131,221131,7,2026-10-08 02:10:41.305000
GOLD,FACT_AD_DIGITAL,READ_CNT,NUMBER,읽음수 ← DGT.READ_CNT (가산),221131,9125,3252,2026-10-08 02:10:41.305000
GOLD,FACT_AD_DIGITAL,MEDIA_POTENTIAL_CUST_CNT,NUMBER,매체 잠재고객수 ← DGT.MEDIA_PTNT_CUST_CNT (가산),221131,0,0,2026-10-08 02:10:41.305000
GOLD,FACT_AD_DIGITAL,CRM_DEV_CNT,NUMBER,CRM 개발건수 ← DGT.CRM_DVLP_CNT (가산),221131,0,0,2026-10-08 02:10:41.305000
GOLD,FACT_AD_DIGITAL,CTR_SRC,NUMBER,[비가산 N] 대행사 산정 CTR ← DGT.CTR. DW 재계산=CLICKS/IMPRESSIONS,221131,19264,9113,2026-10-08 02:10:41.305000
GOLD,FACT_AD_DIGITAL,CVR_SRC,NUMBER,[비가산 N] 대행사 산정 CVR ← DGT.CVR. DW 재계산=AGENCY_CONV_MEMBERS/CLICKS (O5 확정),221131,19264,1877,2026-10-08 02:10:41.305000
GOLD,FACT_AD_DIGITAL,CPC_CLICK_SRC,NUMBER,[비가산 N] 대행사 산정 **클릭당** 단가 ← DGT.CPC. DW 재계산=AD_COST/CLICKS. 🔴 방송 CPC_CALL_SRC 와 합산 금지 (O174 개명),221131,191984,141440,2026-10-08 02:10:41.305000
GOLD,FACT_AD_DIGITAL,CPM_SRC,NUMBER,[비가산 N] 대행사 산정 CPM ← DGT.CPM. DW 재계산=AD_COST/IMPRESSIONS×1000,221131,215286,183669,2026-10-08 02:10:41.305000
GOLD,FACT_AD_DIGITAL,CPA_SRC,NUMBER,[비가산 N] 대행사 산정 CPA ← DGT.CPA. DW 재계산=AD_COST/AGENCY_CONV_CNT,221131,72694,42699,2026-10-08 02:10:41.305000
GOLD,FACT_AD_DIGITAL,DEV_UNIT_PRICE_SRC,NUMBER,[비가산 N] 대행사 산정 개발단가 ← DGT.DEV_UNIT_PRICE. DW 재계산=AD_COST/개발건수,221131,72693,44044,2026-10-08 02:10:41.305000
GOLD,FACT_AD_DIGITAL,VTR_SRC,NUMBER,[비가산 N] 대행사 산정 VTR ← DGT.VTR. base 부재로 재계산 불가(대조 대상 아닌 유일값),221131,9125,6378,2026-10-08 02:10:41.305000
GOLD,FACT_AD_BROADCAST,AD_PERF_DK,TEXT,"코어 1:1 조인키(GRAIN·PK, FK→FACT_AD_PERFORMANCE). staging 발급값 승계 — 재계산 금지",50226,50226,51179,2026-10-08 02:10:42.644000
GOLD,FACT_AD_BROADCAST,TIME_BAND,TEXT,시간대 ← VIDEO.TIME_RNG / REBRDC.TIME_RNG_DIV_NM(1순위)·BRDC_TIME(대체). 코어에서 이관(종전 CAST(NULL) 하드코딩),50226,38875,82,2026-10-08 02:10:42.644000
GOLD,FACT_AD_BROADCAST,CM_POSITION,TEXT,CM위치 ← VIDEO.CM_AREA [VIDEO 전용]. 코어에서 이관,50226,34437,16,2026-10-08 02:10:42.644000
GOLD,FACT_AD_BROADCAST,RT_TYPE,TEXT,RT(재방송)유형 ← REBRDC.DIV_NM(재송출/방송,50226,2111,2,2026-10-08 02:10:42.644000
GOLD,FACT_AD_BROADCAST,AD_START_TIME,TEXT,광고시작시간 ← VIDEO.AD_STRT_TIME [VIDEO 전용]. 코어에서 이관,50226,35440,23645,2026-10-08 02:10:42.644000
GOLD,FACT_AD_BROADCAST,AD_END_TIME,TEXT,광고종료시간 ← VIDEO.AD_END_TIME [VIDEO 전용]. 신규 노출,50226,17712,13136,2026-10-08 02:10:42.644000
GOLD,FACT_AD_BROADCAST,PROGRAM_NM,TEXT,프로그램/편성명 ← VIDEO.SCHDL_NM / REBRDC.BRDC_NM,50226,37735,1851,2026-10-08 02:10:42.644000
GOLD,FACT_AD_BROADCAST,CHANNEL_COMPANY,TEXT,채널사 ← VIDEO.CHNNL_NM / REBRDC.CHNNL_CMPNY,50226,50226,61,2026-10-08 02:10:42.644000
GOLD,FACT_AD_BROADCAST,CHANNEL_COMPANY_TYPE,TEXT,채널사유형 ← VIDEO.CHNNL_CMPNY_TY_NM [VIDEO 전용],50226,44707,9,2026-10-08 02:10:42.644000
GOLD,FACT_AD_BROADCAST,SPOT_TYPE,TEXT,SPOT유형 ← VIDEO.SPOT_TY [VIDEO 전용],50226,16709,4,2026-10-08 02:10:42.644000
GOLD,FACT_AD_BROADCAST,DURATION_SEC,NUMBER,🔴 광고 초수 ← VIDEO.AD_SEC(TEXT→TRY_TO_NUMBER) [VIDEO 전용] — **현재 값 신뢰 금지(O29)**. 적재값이 초로 읽을 수 없는 크기라 「초」로 해석하면 오답이다(µs 해석 유력하나 미확정·현업 확인 대기 · 실측값은 문서10 §26). 원천 HH:MM:SS 표기가 캐스팅에서 무성 소실 → 유효 커버리지와 파싱 시 회복률은 문서10 §26. REBRDC NULL 은 결손 아니라 원천 부재,50226,35660,4,2026-10-08 02:10:42.644000
GOLD,FACT_AD_BROADCAST,DAY_DIV,TEXT,요일구분 평일/주말 ← VIDEO.DAY_DIV_NM [VIDEO 전용],50226,36764,3,2026-10-08 02:10:42.644000
GOLD,FACT_AD_BROADCAST,PRG_START_TIME,TEXT,프로그램 시작시간 ← VIDEO.PRG_STRT_TIME [VIDEO 전용],50226,34621,1602,2026-10-08 02:10:42.644000
GOLD,FACT_AD_BROADCAST,CTV_DIV,TEXT,CTV구분 ← VIDEO.CTV_DIV_NM [VIDEO 전용],50226,48115,4,2026-10-08 02:10:42.644000
GOLD,FACT_AD_BROADCAST,BRDC_DIV,TEXT,방송구분 ← REBRDC.BRDC_DIV_NM [REBRDC 전용],50226,2111,6,2026-10-08 02:10:42.644000
GOLD,FACT_AD_BROADCAST,AD_CNT,NUMBER,광고횟수 ← VIDEO·REBRDC.AD_CNT (가산),50226,37669,1,2026-10-08 02:10:42.644000
GOLD,FACT_AD_BROADCAST,CONV_CALL_CNT,NUMBER,전환콜 ← VIDEO.CONV_CALL_CNT [VIDEO 전용]. 코어 INBOUND_CALL(인입콜)과 별개 measure,50226,0,0,2026-10-08 02:10:42.644000
GOLD,FACT_AD_BROADCAST,DVLP_MEMBER_CNT,NUMBER,"개발회원수 ← REBRDC.DVLP_MBER_CNT [VIDEO·REBRDC · O185 정정: O182 원천 재편 후 VIDEO 도 일부 행 보고 · 출처별 집계]. ⚠️O16 이관: 종전 코어 AGENCY_CONV_MEMBERS 로 혼입(대행사 전환이 아니라 재방송 개발실적). ⚠️소수 척도 유지 이유: 원천에 0.5 단위 값이 실존해 NUMBER(38,0) 은 반올림으로 총합을 왜곡한다(해당 행·왜곡 규모는 문서10 §26). 원천값 보존 우선",50226,10845,132,2026-10-08 02:10:42.644000
GOLD,FACT_AD_BROADCAST,DVLP_CNT,NUMBER,개발건수 ← REBRDC.DVLP_CNT [VIDEO·REBRDC · O185 정정: O182 원천 재편 후 VIDEO 도 일부 행 보고 · 출처별 집계]. ⚠️O16 이관: 종전 코어 AGENCY_CONV_CNT 로 혼입(대행사 전환 아님),50226,10846,357,2026-10-08 02:10:42.644000
GOLD,FACT_AD_BROADCAST,AD_VIEW_RT_SRC,NUMBER,[비가산 N] 대행사 산정 광고시청률 ← VIDEO.AD_VIEW_RT [VIDEO 전용]. base 부재로 DW 재계산 불가,50226,34437,771,2026-10-08 02:10:42.644000
GOLD,FACT_AD_BROADCAST,CPC_CALL_SRC,NUMBER,[비가산 N] 대행사 산정 **콜당** 단가 ← VIDEO.CPC(TEXT) [VIDEO 전용]. 🔴 클릭 분모가 아니다 — 디지털 CPC_CLICK_SRC 와 합산 금지 (O174 개명),50226,35260,1541,2026-10-08 02:10:42.644000
SILVER,AGENCY_AD_ROW_DGT,AD_PERF_DK,TEXT,행 식별자 — 본 테이블이 발급 단일지점,221137,221137,222213,2026-10-08 02:11:10.470000
SILVER,AGENCY_AD_ROW_DGT,AD_SOURCE_TYPE,TEXT,광고유형 상수 DIGITAL,221137,221137,1,2026-10-08 02:11:10.470000
SILVER,AGENCY_AD_ROW_DGT,ROW_HASH,TEXT,원천 전컬럼 해시,221137,221137,224705,2026-10-08 02:11:10.470000
SILVER,AGENCY_AD_ROW_DGT,DUP_SEQ,NUMBER,전컬럼 중복 그룹 내 순번,221137,221137,5,2026-10-08 02:11:10.470000
SILVER,AGENCY_AD_ROW_DGT,TIME,TEXT,[원천보존] 시간,221137,35,1,2026-10-08 02:11:10.470000
SILVER,AGENCY_AD_ROW_DGT,YEAR,TEXT,[원천보존] 연도 텍스트,221137,221137,3,2026-10-08 02:11:10.470000
SILVER,AGENCY_AD_ROW_DGT,BDGT_SOURCE_NM,TEXT,[원천보존] 예산출처,221137,221137,3,2026-10-08 02:11:10.470000
SILVER,AGENCY_AD_ROW_DGT,CMPGN_TYPE1_BSN_NM,TEXT,[원천보존] 캠페인유형1,221137,221137,4,2026-10-08 02:11:10.470000
SILVER,AGENCY_AD_ROW_DGT,CMPGN_TYPE2_BSN_NM,TEXT,[원천보존] 캠페인유형2,221137,221137,5,2026-10-08 02:11:10.470000
SILVER,AGENCY_AD_ROW_DGT,CMPGN_TYPE_BSN_NM,TEXT,[원천보존] 캠페인유형,221137,221137,8,2026-10-08 02:11:10.470000
SILVER,AGENCY_AD_ROW_DGT,AD_TY_NM,TEXT,[원천보존] 광고유형명,221137,221137,7,2026-10-08 02:11:10.470000
SILVER,AGENCY_AD_ROW_DGT,MONTH,TEXT,[원천보존] 월 텍스트,221137,221137,12,2026-10-08 02:11:10.470000
SILVER,AGENCY_AD_ROW_DGT,DEVICE,TEXT,[원천보존] 기기 M/PC,221137,221137,2,2026-10-08 02:11:10.470000
SILVER,AGENCY_AD_ROW_DGT,MEDIA_NM,TEXT,[원천보존] 매체명,221137,220947,32,2026-10-08 02:11:10.470000
SILVER,AGENCY_AD_ROW_DGT,WEEK,TEXT,[원천보존] 주차 텍스트,221137,221137,13,2026-10-08 02:11:10.470000
SILVER,AGENCY_AD_ROW_DGT,DAY,TEXT,[원천보존] 일 텍스트,221137,221137,31,2026-10-08 02:11:10.470000
SILVER,AGENCY_AD_ROW_DGT,DOW,TEXT,[원천보존] 요일 텍스트,221137,221137,7,2026-10-08 02:11:10.470000
SILVER,AGENCY_AD_ROW_DGT,CMPGN_NM,TEXT,[원천보존] 캠페인명,221137,221137,115,2026-10-08 02:11:10.470000
SILVER,AGENCY_AD_ROW_DGT,MATR,TEXT,[원천보존] 소재명,221137,221137,6563,2026-10-08 02:11:10.470000
SILVER,AGENCY_AD_ROW_DGT,MATR_TY_NM,TEXT,[원천보존] 소재유형명,221137,105436,5,2026-10-08 02:11:10.470000
SILVER,AGENCY_AD_ROW_DGT,UTM_CMPGN_NM,TEXT,[원천보존] utm_campaign (구 CMPGN_UTM_NM),221137,201780,109,2026-10-08 02:11:10.470000
SILVER,AGENCY_AD_ROW_DGT,PAGE_TYPE_NM,TEXT,[원천보존] 지면구분,221137,1043,3,2026-10-08 02:11:10.470000
SILVER,AGENCY_AD_ROW_DGT,AD_GRP_NM,TEXT,[원천보존] 광고그룹명,221137,3308,31,2026-10-08 02:11:10.470000
SILVER,AGENCY_AD_ROW_DGT,GRP_DIV_NM,TEXT,[원천보존] 그룹구분,221137,0,0,2026-10-08 02:11:10.470000
SILVER,CRM_DEV_TARGET,STDYY,TEXT,기준연도 YYYY (PK),25344,25344,15,2026-10-08 02:11:53.010000
SILVER,CRM_DEV_TARGET,STDR_MT,TEXT,기준월 YYYYMM (PK),25344,25344,12,2026-10-08 02:11:53.010000
SILVER,CRM_DEV_TARGET,MBER_DVLP_DIV_CD,TEXT,회원개발 구분코드 (PK),25344,25344,3,2026-10-08 02:11:53.010000
SILVER,CRM_DEV_TARGET,DEPT_ID,TEXT,"부서ID (PK, →CRM_ORG)",25344,25344,236,2026-10-08 02:11:53.010000
SILVER,CRM_DEV_TARGET,GOAL_CNT,NUMBER,목표 건수,25344,25337,1318,2026-10-08 02:11:53.010000
SILVER,CRM_DEV_TARGET,TARGET_TYPE,TEXT,목표 유형 (ORIGINAL/당초 등) [O145-8],25344,25344,1,2026-10-08 02:11:53.010000
SILVER,AGENCY_AD_DIGITAL,AD_PERF_DK,TEXT,코어 1:1 조인키(staging 발급값 승계),221131,221131,222213,2026-10-08 02:12:10.124000
SILVER,AGENCY_AD_DIGITAL,PAGE_TYPE_NM,TEXT,페이지유형,221131,1043,3,2026-10-08 02:12:10.124000
SILVER,AGENCY_AD_DIGITAL,AD_GRP_NM,TEXT,광고그룹명,221131,3308,31,2026-10-08 02:12:10.124000
SILVER,AGENCY_AD_DIGITAL,GRP_DIV_NM,TEXT,그룹구분,221131,0,0,2026-10-08 02:12:10.124000
SILVER,AGENCY_AD_DIGITAL,MATR_TY_NM,TEXT,소재유형,221131,105436,5,2026-10-08 02:12:10.124000
SILVER,AGENCY_AD_DIGITAL,AD_TY_NM,TEXT,광고유형명(대행사 표기),221131,221131,7,2026-10-08 02:12:10.124000
SILVER,CRM_MEMBER_DISCONTINUE,MBER_NO,TEXT,회원번호 (PK),1073967,1073967,901908,2026-10-08 02:12:13.033000
SILVER,CRM_MEMBER_DISCONTINUE,SPNSR_DSCNTC_DE,TEXT,후원중단일자 YYYYMMDD (PK),1073967,1073967,6645,2026-10-08 02:12:13.033000
SILVER,CRM_MEMBER_DISCONTINUE,SER_NO,NUMBER,일련번호 (PK),1073967,1073967,1088469,2026-10-08 02:12:13.033000
SILVER,CRM_MEMBER_DISCONTINUE,DSCNTC_RSN_CD,TEXT,중단사유코드,1073967,1073967,20,2026-10-08 02:12:13.033000
SILVER,CRM_MEMBER_DISCONTINUE,DSCNTC_RSN_NM,TEXT,중단사유명 (코드 라벨),1073967,1073967,20,2026-10-08 02:12:13.033000
SILVER,CRM_MEMBER_DISCONTINUE,DSCNTC_PATH,TEXT,중단경로,1073967,1073967,3,2026-10-08 02:12:13.033000
SILVER,CRM_MEMBER_DISCONTINUE,DSCNTC_PATH_NM,TEXT,중단경로명. 코드id:MM287.,1073967,1073967,3,2026-10-08 02:12:13.033000
SILVER,CRM_MEMBER_DISCONTINUE,REGIST_DEPT_CD,TEXT,등록부서코드 (→CRM_ORG),1073967,961653,54,2026-10-08 02:12:13.033000
SILVER,CRM_EVENT,EVENT_KEY,TEXT,행사키 (PK),4028,4028,3982,2026-10-08 02:12:35.032000
SILVER,CRM_EVENT,EVENT_SOURCE,TEXT,행사출처 (이벤트/캠페인행사),4028,4028,2,2026-10-08 02:12:35.032000
SILVER,CRM_EVENT,EVENT_DIV_CD,TEXT,행사구분코드 (raw · 원천별 다체계.,4028,4028,19,2026-10-08 02:12:35.032000
SILVER,CRM_EVENT,EVENT_NM,TEXT,행사명,4028,4027,4063,2026-10-08 02:12:35.032000
SILVER,CRM_EVENT,STRT_DE,TEXT,시작일자 YYYYMMDD,4028,4027,1630,2026-10-08 02:12:35.032000
SILVER,CRM_EVENT,END_DE,TEXT,종료일자 YYYYMMDD,4028,4027,1662,2026-10-08 02:12:35.032000
SILVER,CRM_EVENT,RCRIT_PSNNL_CO,NUMBER,모집인원 수,4028,3594,68,2026-10-08 02:12:35.032000
SILVER,CRM_EVENT,BRNCH_DEPT_ID,TEXT,주관부서ID (→CRM_ORG),4028,19,19,2026-10-08 02:12:35.032000
SILVER,CRM_EVENT,EVENT_DIV_GROUP,TEXT,EVENT_DIV_GROUP. 코드id:MS286.,4028,4028,2,2026-10-08 02:12:35.032000
SILVER,CRM_EVENT,EVENT_DIV_NM,TEXT,행사구분 라벨 (CRM_CODE 조인 · 두 체계 겹침 0).,4028,4028,19,2026-10-08 02:12:35.032000
SILVER,CRM_EVENT,PRZWIN_PSNNL_CO,NUMBER,당첨인원수 [원천: BRONZE_CRM.TM_MS_EVENT],4028,385,62,2026-10-08 02:12:35.032000
SILVER,CRM_EVENT,PRZWIN_GFT_SNDNG_DE,TEXT,당첨선물발송일 [원천: BRONZE_CRM.TM_MS_EVENT],4028,116,85,2026-10-08 02:12:35.032000
SILVER,CRM_EVENT,CRMN_PLACE_NM,TEXT,행사장소명 [원천: BRONZE_CRM.TM_MS_CRMN],4028,413,234,2026-10-08 02:12:35.032000
SILVER,CRM_EVENT,CRMN_PART_STRT_DE,TEXT,캠페인참여시작일자 [원천: BRONZE_CRM.TM_MS_CRMN],4028,1341,419,2026-10-08 02:12:35.032000
SILVER,CRM_EVENT,CRMN_PART_END_DE,TEXT,캠페인참여종료일자 [원천: BRONZE_CRM.TM_MS_CRMN],4028,1341,419,2026-10-08 02:12:35.032000
SILVER,CRM_EVENT,TAT,NUMBER,소요시간 [원천: BRONZE_CRM.TM_MS_CRMN],4028,1732,24,2026-10-08 02:12:35.032000
SILVER,CRM_EVENT,RESRCE_SRVC_FG,BOOLEAN,자원봉사유무 [원천: BRONZE_CRM.TM_MS_CRMN],4028,3594,2,2026-10-08 02:12:35.032000
SILVER,CRM_EVENT,CPR_DIV_CD,TEXT,법인구분코드 [원천: BRONZE_CRM.TM_MS_CRMN],4028,3138,2,2026-10-08 02:12:35.032000
SILVER,CRM_EVENT,ENTRPS_CD,NUMBER,업체코드 [원천: BRONZE_CRM.TM_MS_CRMN],4028,1722,1,2026-10-08 02:12:35.032000
SILVER,CRM_EVENT,USE_YN,TEXT,사용여부 [원천: BRONZE_CRM.TM_MS_CRMN],4028,3643,2,2026-10-08 02:12:35.032000
SILVER,CRM_MARKETING_CAMPAIGN,MK_CMPGN_CD,TEXT,MK_CMPGN_CD (PK · TC_MKTNG_DTL_CD DTL_CD_ID).,590,590,576,2026-10-08 02:12:42.120000
SILVER,CRM_MARKETING_CAMPAIGN,MK_CMPGN_NM,TEXT,MK_CMPGN_NM (TC_MKTNG_DTL_CD DTL_CD_NM).,590,590,583,2026-10-08 02:12:42.120000
SILVER,CRM_MARKETING_CAMPAIGN,USE_YN,TEXT,"사용여부 Y/N. 고유값:Y,N",590,590,1,2026-10-08 02:12:42.120000
SILVER,CRM_MARKETING_CAMPAIGN,RM,TEXT,비고,590,0,0,2026-10-08 02:12:42.120000
SILVER,AGENCY_AD_PERFORMANCE,AD_PERF_DK,TEXT,불변 비즈니스 식별자,271357,271357,271055,2026-10-08 02:12:52.100000
SILVER,AGENCY_AD_PERFORMANCE,AD_SOURCE_TYPE,TEXT,AD_SOURCE_TYPE.,271357,271357,3,2026-10-08 02:12:52.100000
SILVER,AGENCY_AD_PERFORMANCE,SOURCE_SYSTEM,TEXT,소스 시스템.,271357,271357,3,2026-10-08 02:12:52.100000
SILVER,AGENCY_AD_PERFORMANCE,AD_YEAR,NUMBER,광고 집행연도 YYYY,271357,271357,4,2026-10-08 02:12:52.100000
SILVER,AGENCY_AD_PERFORMANCE,AD_MONTH,NUMBER,광고 집행월 1~12,271357,271357,12,2026-10-08 02:12:52.100000
SILVER,AGENCY_AD_PERFORMANCE,CAMPAIGN_NM,TEXT,캠페인명,271357,224467,115,2026-10-08 02:12:52.100000
SILVER,AGENCY_AD_PERFORMANCE,UPPER_CAMPAIGN_NM,TEXT,상위 캠페인명 (VIDEO 전용),271357,3963,15,2026-10-08 02:12:52.100000
SILVER,AGENCY_AD_PERFORMANCE,MEDIA_CHANNEL_NM,TEXT,매체/채널명,271357,271167,92,2026-10-08 02:12:52.100000
SILVER,AGENCY_AD_PERFORMANCE,DEVICE_NM,TEXT,디바이스 (DGT만),271357,266435,4,2026-10-08 02:12:52.100000
SILVER,AGENCY_AD_PERFORMANCE,CREATIVE_NM,TEXT,소재명,271357,270884,6909,2026-10-08 02:12:52.100000
SILVER,AGENCY_AD_PERFORMANCE,PROGRAM_NM,TEXT,프로그램명 (REBRDC/VIDEO),271357,37735,1851,2026-10-08 02:12:52.100000
SILVER,AGENCY_AD_PERFORMANCE,IMPRESSION_CNT,NUMBER,노출수 (DGT만),271357,224024,63515,2026-10-08 02:12:52.100000
SILVER,AGENCY_AD_PERFORMANCE,CLICK_CNT,NUMBER,클릭수 (DGT만),271357,223964,3892,2026-10-08 02:12:52.100000
SILVER,AGENCY_AD_PERFORMANCE,CONV_MEMBER_CNT,NUMBER,GA 전환 명수 (DIGITAL 전용),271357,221022,53,2026-10-08 02:12:52.100000
SILVER,AGENCY_AD_PERFORMANCE,CONV_UNIT_CNT,NUMBER,GA 전환 VU/건수 (DIGITAL 전용),271357,221089,200,2026-10-08 02:12:52.100000
SILVER,AGENCY_AD_PERFORMANCE,INBOUND_CALL_CNT,NUMBER,인입콜 수 (REBRDC+VIDEO),271357,22704,225,2026-10-08 02:12:52.100000
SILVER,AGENCY_AD_PERFORMANCE,CONV_CALL_CNT,NUMBER,VIDEO 전환콜,271357,0,0,2026-10-08 02:12:52.100000
SILVER,AGENCY_AD_PERFORMANCE,AD_CNT,NUMBER,광고횟수 (REBRDC/VIDEO),271357,37669,1,2026-10-08 02:12:52.100000
SILVER,AGENCY_AD_PERFORMANCE,AD_COST,NUMBER,광고비 (소스별 컬럼 상이),271357,261544,108375,2026-10-08 02:12:52.100000
SILVER,AGENCY_AD_PERFORMANCE,COST_TYPE,TEXT,비용유형 (GA/편성/집행),271357,271357,3,2026-10-08 02:12:52.100000
SILVER,AGENCY_AD_PERFORMANCE,CONTENTS_PUR_COST,NUMBER,콘텐츠구입비(원) (REBROADCAST 전용 · 그 외 원천 개념 부재 NULL),271357,1547,21,2026-10-08 02:12:52.100000
SILVER,AGENCY_AD_PERFORMANCE,CALL_CTR_OPER_COST,NUMBER,콜센터운영비(원) (REBROADCAST 전용 · 그 외 원천 개념 부재 NULL),271357,2111,341,2026-10-08 02:12:52.100000
SILVER,AGENCY_AD_PERFORMANCE,TOT_COST,NUMBER,총비용(원) = 편성비(AD_COST)+콘텐츠구입비+콜센터운영비 (REBROADCAST 전용 · 그 외 NULL),271357,2111,473,2026-10-08 02:12:52.100000
SILVER,CRM_MEMBER_SPONSOR_SPAN,MBER_NO,TEXT,회원번호.,2219549,2219549,1607342,2026-10-08 02:12:54.415000
SILVER,CRM_MEMBER_SPONSOR_SPAN,SPNSR_NO,TEXT,후원번호 (PK),2219549,2219549,2147387,2026-10-08 02:12:54.415000
SILVER,CRM_MEMBER_SPONSOR_SPAN,SPNSR_BSNS_NO,NUMBER,SPNSR_BSNS_NO (#51).,2219549,2219549,2253328,2026-10-08 02:12:54.415000
SILVER,CRM_MEMBER_SPONSOR_SPAN,SPNSR_BSNS_ID,TEXT,후원사업 ID (→CRM_SPONSORSHIP),2219549,2219549,29,2026-10-08 02:12:54.415000
SILVER,CRM_MEMBER_SPONSOR_SPAN,SPNSR_AMT,NUMBER,SPNSR_AMT (#52).,2219549,2219549,599,2026-10-08 02:12:54.415000
SILVER,CRM_MEMBER_SPONSOR_SPAN,START_MONTH_KEY,NUMBER,활동 개시 월키 YYYYMM.,2219549,2219456,431,2026-10-08 02:12:54.415000
SILVER,CRM_MEMBER_SPONSOR_SPAN,DSCNTC_MONTH_KEY,NUMBER,중단 월키 YYYYMM.,2219549,1378411,300,2026-10-08 02:12:54.415000
SILVER,CRM_MEMBER_SPONSOR_SPAN,SPNSR_DSCNTC_DE,TEXT,중단일 raw YYYYMMDD (원천 TEXT),2219549,1378413,7397,2026-10-08 02:12:54.415000
SILVER,CRM_MEMBER_SPONSOR_SPAN,SPNSR_DSCNTC_YN,TEXT,중단여부 raw,2219549,2219549,2,2026-10-08 02:12:54.415000
SILVER,CRM_MEMBER_SPONSOR_SPAN,JOIN_PATH_CD,TEXT,후원 가입경로 코드 raw. 코드id:MM014,2219549,2219549,6,2026-10-08 02:12:54.415000
SILVER,CRM_MEMBER_SPONSOR_SPAN,CMPGN_CD,TEXT,후원(SPNSR_NO) 등록 캠페인코드 raw [원천: BRONZE_CRM.TM_MM_FDRM_MBER_SPNSR: 캠페인코드],2219549,2219549,17091,2026-10-08 02:12:54.415000
SILVER,CRM_MEMBER_SPONSOR_SPAN,ACMSLT_DEPT_CD,TEXT,후원(SPNSR_NO) 실적부서코드 raw [원천: 실적부서코드 (참조: TM_CM_DEPT_INFO)],2219549,2219547,355,2026-10-08 02:12:54.415000
SILVER,CRM_PAYMENT_BILLING,PAY_KEY,TEXT,납입/청구 대체키 (PK),50835087,50835087,50795211,2026-10-08 02:13:03.776000
SILVER,CRM_PAYMENT_BILLING,PAYMENT_TYPE,TEXT,납입유형 파생 (회비/기부금),50835087,50835087,2,2026-10-08 02:13:03.776000
SILVER,CRM_PAYMENT_BILLING,MBER_NO,TEXT,회원번호,50835087,50835082,1339874,2026-10-08 02:13:03.776000
SILVER,CRM_PAYMENT_BILLING,SPNSR_BSNS_ID,TEXT,후원사업ID (→CRM_SPONSORSHIP),50835087,50747564,36,2026-10-08 02:13:03.776000
SILVER,CRM_PAYMENT_BILLING,RELATNSP_KEY,NUMBER,결연키 (→CRM_SPONSOR_RELATION),50835087,13455988,422155,2026-10-08 02:13:03.776000
SILVER,CRM_PAYMENT_BILLING,MBRFEE_MT,TEXT,회비 대상월 YYYYMM,50835087,49701037,254,2026-10-08 02:13:03.776000
SILVER,CRM_PAYMENT_BILLING,MBRFEE_SQNC,NUMBER,회비 회차,50835087,49366670,52,2026-10-08 02:13:03.776000
SILVER,CRM_PAYMENT_BILLING,RQEST_AMT,NUMBER,청구금액 (원단위),50835087,49701037,3554,2026-10-08 02:13:03.776000
SILVER,CRM_PAYMENT_BILLING,PAY_AMT,NUMBER,납입금액 (원단위),50835087,50150405,31081,2026-10-08 02:13:03.776000
SILVER,CRM_PAYMENT_BILLING,PAY_STAT_CD,TEXT,납입상태코드. ★미납 판정축(DEC.,50835087,50151084,2,2026-10-08 02:13:03.776000
SILVER,CRM_PAYMENT_BILLING,SETLE_CD,TEXT,SETLE_CD.,50835087,50728799,11,2026-10-08 02:13:03.776000
SILVER,CRM_PAYMENT_BILLING,GFT_DIV_CD,TEXT,기부구분코드,50835087,88019,7,2026-10-08 02:13:03.776000
SILVER,CRM_PAYMENT_BILLING,RQEST_RST_CD,TEXT,RQEST_RST_CD. 코드id:PM002.,50835087,49008588,100,2026-10-08 02:13:03.776000
SILVER,CRM_PAYMENT_BILLING,PRCS_RST_CD,TEXT,처리결과코드.,50835087,48831007,7,2026-10-08 02:13:03.776000
SILVER,CRM_PAYMENT_BILLING,CPR_DIV_CD,TEXT,CPR_DIV_CD. 코드id:CM019.,50835087,50834926,3,2026-10-08 02:13:03.776000
SILVER,CRM_PAYMENT_BILLING,MBER_DIV_CD,TEXT,회원구분 원천코드 raw. 코드id:MM018,50835087,49701037,3,2026-10-08 02:13:03.776000
SILVER,CRM_PAYMENT_BILLING,MBRFEE_DIV_CD,TEXT,MBRFEE_DIV_CD. 코드id:PM010.,50835087,49701037,4,2026-10-08 02:13:03.776000
SILVER,CRM_PAYMENT_BILLING,OPERT_DIV_CD,TEXT,OPERT_DIV_CD. 코드id:MM014.,50835087,49697393,6,2026-10-08 02:13:03.776000
SILVER,CRM_PAYMENT_BILLING,MBRFEE_PRCS_STAT_CD,TEXT,처리상태 코드 raw (정본 PM013). 코드id:PM013.,50835087,49701037,3,2026-10-08 02:13:03.776000
SILVER,CRM_PAYMENT_BILLING,RETUN_RSN_CD,TEXT,RETUN_RSN_CD. 코드id:PM042.,50835087,16350,11,2026-10-08 02:13:03.776000
SILVER,CRM_PAYMENT_BILLING,RQEST_DIV_CD,TEXT,RQEST_DIV_CD. 코드id:PM024.,50835087,49693752,4,2026-10-08 02:13:03.776000
SILVER,CRM_PAYMENT_BILLING,RQEST_MT,TEXT,청구월 [원천: BRONZE_CRM.TM_PM_MBRFEE_ACMSLT],50835087,49701037,218,2026-10-08 02:13:03.776000
SILVER,CRM_PAYMENT_BILLING,RQEST_SQNC,NUMBER,청구차수 [원천: BRONZE_CRM.TM_PM_MBRFEE_ACMSLT],50835087,49701037,69,2026-10-08 02:13:03.776000
SILVER,CRM_PAYMENT_BILLING,TOGETH_WTDRW_YN,TEXT,함께출금여부 [원천: BRONZE_CRM.TM_PM_MBRFEE_ACMSLT],50835087,49701037,2,2026-10-08 02:13:03.776000
SILVER,CRM_PAYMENT_BILLING,SETLE_ENTRPS_CD,TEXT,결제업체코드 [원천: BRONZE_CRM.TM_PM_MBRFEE_ACMSLT · BRONZE_CRM.TM_PM_DNTN_DTLS],50835087,50317830,168,2026-10-08 02:13:03.776000
SILVER,CRM_PAYMENT_BILLING,ONCE_CMPGN_CD,TEXT,일시후원캠페인코드 [원천: BRONZE_CRM.TM_PM_DNTN_DTLS],50835087,1134050,989,2026-10-08 02:13:03.776000
SILVER,CRM_PAYMENT_BILLING,ACMSLT_DEPT_CD,TEXT,실적부서코드 [원천: BRONZE_CRM.TM_PM_DNTN_DTLS],50835087,1124970,32,2026-10-08 02:13:03.776000
SILVER,CRM_PAYMENT_BILLING,USE_YN,TEXT,사용여부 [원천: BRONZE_CRM.TM_PM_MBRFEE_ACMSLT · BRONZE_CRM.TM_PM_DNTN_DTLS],50835087,50835087,2,2026-10-08 02:13:03.776000
SILVER,CRM_CODE_GROUP,CD_ID,TEXT,코드ID [원천: BRONZE_CRM.TC_CMMN_CD],339,339,333,2026-10-08 02:13:25.251000
SILVER,CRM_CODE_GROUP,CD_NM,TEXT,코드명 [원천: BRONZE_CRM.TC_CMMN_CD],339,339,331,2026-10-08 02:13:25.251000
SILVER,CRM_CODE_GROUP,CD_DC,TEXT,코드설명 [원천: BRONZE_CRM.TC_CMMN_CD],339,312,310,2026-10-08 02:13:25.251000
SILVER,CRM_CODE_GROUP,SORT_ORDR,NUMBER,정렬순서 [원천: BRONZE_CRM.TC_CMMN_CD],339,339,193,2026-10-08 02:13:25.251000
SILVER,CRM_CODE_GROUP,RM,TEXT,비고 [원천: BRONZE_CRM.TC_CMMN_CD],339,64,52,2026-10-08 02:13:25.251000
SILVER,CRM_CODE_GROUP,USE_YN,TEXT,사용여부 [원천: BRONZE_CRM.TC_CMMN_CD],339,339,2,2026-10-08 02:13:25.251000
