SRC_SCHEMA,SRC_TABLE,SRC_COLUMN,TGT_SCHEMA,TGT_TABLE,TGT_COLUMN,DISTANCE,TRACED_AT
SILVER,CRM_PAYMENT_BILLING,PAYMENT_TYPE,GOLD,FACT_MEMBER_FEE,PAYMENT_TYPE,1,2026-10-08 04:12:12.982000
SILVER,CRM_PAYMENT_BILLING,PAYMENT_TYPE,GOLD,WIDE_MEMBER_FEE,PAYMENT_TYPE,2,2026-10-08 04:12:12.982000
SILVER,CRM_PAYMENT_BILLING,SPNSR_BSNS_ID,GOLD,FACT_MEMBER_MONTHLY,PAID_SPONSOR_BIZ_CNT,1,2026-10-08 04:12:14.465000
SILVER,CRM_PAYMENT_BILLING,MBRFEE_MT,GOLD,FACT_MEMBER_EVENT,NEW_EXISTING_FLAG,1,2026-10-08 04:12:15.817000
SILVER,CRM_PAYMENT_BILLING,MBRFEE_MT,GOLD,FACT_MEMBER_FEE,MONTH_KEY,1,2026-10-08 04:12:15.817000
SILVER,CRM_PAYMENT_BILLING,MBRFEE_MT,GOLD,FACT_MEMBER_MONTHLY,MONTH_KEY,1,2026-10-08 04:12:15.817000
SILVER,CRM_PAYMENT_BILLING,MBRFEE_MT,GOLD,FACT_MEMBER_MONTHLY,NEW_FLAG,1,2026-10-08 04:12:15.817000
SILVER,CRM_PAYMENT_BILLING,MBRFEE_MT,GOLD,FACT_MEMBER_MONTHLY,JOIN_DATE,1,2026-10-08 04:12:15.817000
SILVER,CRM_PAYMENT_BILLING,MBRFEE_MT,GOLD,FACT_MEMBER_MONTHLY,PERIOD_BAND2,1,2026-10-08 04:12:15.817000
SILVER,CRM_PAYMENT_BILLING,MBRFEE_MT,GOLD,FACT_MEMBER_MONTHLY,SPONSOR_MONTHS,1,2026-10-08 04:12:15.817000
SILVER,CRM_PAYMENT_BILLING,MBRFEE_MT,GOLD,FACT_MEMBER_MONTHLY,NEW_EXISTING_FLAG,1,2026-10-08 04:12:15.817000
SILVER,CRM_PAYMENT_BILLING,MBRFEE_MT,GOLD,FACT_MEMBER_MONTHLY,SPONSOR_YEARS,1,2026-10-08 04:12:15.817000
SILVER,CRM_PAYMENT_BILLING,MBRFEE_MT,GOLD,FACT_MEMBER_MONTHLY,PERIOD_BAND1,1,2026-10-08 04:12:15.817000
SILVER,CRM_PAYMENT_BILLING,MBRFEE_MT,GOLD,WIDE_MEMBER_FEE,MONTH_KEY,2,2026-10-08 04:12:15.817000
SILVER,CRM_PAYMENT_BILLING,MBRFEE_MT,GOLD,WIDE_MEMBER_FEE,CAL_YEAR,2,2026-10-08 04:12:15.817000
SILVER,CRM_PAYMENT_BILLING,MBRFEE_MT,GOLD,WIDE_MEMBER_MONTHLY_KPI,MONTH_KEY,2,2026-10-08 04:12:15.817000
SILVER,CRM_PAYMENT_BILLING,MBRFEE_MT,GOLD,WIDE_MEMBER_MONTHLY,CAL_MONTH,2,2026-10-08 04:12:15.817000
SILVER,CRM_PAYMENT_BILLING,MBRFEE_MT,GOLD,WIDE_MEMBER_MONTHLY,PERIOD_BAND2,2,2026-10-08 04:12:15.817000
SILVER,CRM_PAYMENT_BILLING,MBRFEE_MT,GOLD,WIDE_MEMBER_MONTHLY,NEW_EXISTING_FLAG,2,2026-10-08 04:12:15.817000
SILVER,CRM_PAYMENT_BILLING,MBRFEE_MT,GOLD,WIDE_MEMBER_MONTHLY,SPONSOR_MONTHS,2,2026-10-08 04:12:15.817000
SILVER,CRM_PAYMENT_BILLING,MBRFEE_MT,GOLD,WIDE_MEMBER_MONTHLY,MONTH_KEY,2,2026-10-08 04:12:15.817000
SILVER,CRM_PAYMENT_BILLING,MBRFEE_MT,GOLD,WIDE_MEMBER_MONTHLY_KPI,NEW_EXISTING_FLAG,2,2026-10-08 04:12:15.817000
SILVER,CRM_PAYMENT_BILLING,MBRFEE_MT,GOLD,WIDE_MEMBER_MONTHLY_KPI,CAL_YEAR,2,2026-10-08 04:12:15.817000
SILVER,CRM_PAYMENT_BILLING,MBRFEE_MT,GOLD,FACT_MEMBER_MONTHLY,PAID_MONTHS,1,2026-10-08 04:12:15.817000
SILVER,CRM_PAYMENT_BILLING,MBRFEE_MT,GOLD,WIDE_MEMBER_FEE,CAL_MONTH,2,2026-10-08 04:12:15.817000
SILVER,CRM_PAYMENT_BILLING,MBRFEE_MT,GOLD,WIDE_MEMBER_MONTHLY,CAL_YEAR,2,2026-10-08 04:12:15.817000
SILVER,CRM_PAYMENT_BILLING,MBRFEE_MT,GOLD,WIDE_MEMBER_MONTHLY,JOIN_DATE,2,2026-10-08 04:12:15.817000
SILVER,CRM_PAYMENT_BILLING,MBRFEE_MT,GOLD,WIDE_MEMBER_MONTHLY,NEW_FLAG,2,2026-10-08 04:12:15.817000
SILVER,CRM_PAYMENT_BILLING,MBRFEE_MT,GOLD,WIDE_MEMBER_MONTHLY,PAID_MONTHS,2,2026-10-08 04:12:15.817000
SILVER,CRM_PAYMENT_BILLING,MBRFEE_MT,GOLD,WIDE_MEMBER_MONTHLY,PERIOD_BAND1,2,2026-10-08 04:12:15.817000
SILVER,CRM_PAYMENT_BILLING,MBRFEE_MT,GOLD,WIDE_MEMBER_MONTHLY,SPONSOR_YEARS,2,2026-10-08 04:12:15.817000
SILVER,CRM_PAYMENT_BILLING,MBRFEE_MT,GOLD,WIDE_MEMBER_EVENT,NEW_EXISTING_FLAG,2,2026-10-08 04:12:15.817000
SILVER,CRM_PAYMENT_BILLING,PAY_STAT_CD,GOLD,FACT_MEMBER_FEE,UNPAID_BILLED_AMT,1,2026-10-08 04:12:18.796000
SILVER,CRM_PAYMENT_BILLING,PAY_STAT_CD,GOLD,FACT_MEMBER_FEE,UNPAID_FLAG,1,2026-10-08 04:12:18.796000
SILVER,CRM_PAYMENT_BILLING,PAY_STAT_CD,GOLD,FACT_MEMBER_MONTHLY,UNPAID_CNT,1,2026-10-08 04:12:18.796000
SILVER,CRM_PAYMENT_BILLING,PAY_STAT_CD,GOLD,FACT_MEMBER_MONTHLY,UNPAID_FLAG_EOM,1,2026-10-08 04:12:18.796000
SILVER,CRM_PAYMENT_BILLING,PAY_STAT_CD,GOLD,FACT_MEMBER_MONTHLY,UNPAID_FLAG_BOM,1,2026-10-08 04:12:18.796000
SILVER,CRM_PAYMENT_BILLING,PAY_STAT_CD,GOLD,FACT_MEMBER_MONTHLY,UNPAID_BILLED_AMT,1,2026-10-08 04:12:18.796000
SILVER,CRM_PAYMENT_BILLING,PAY_STAT_CD,GOLD,WIDE_MEMBER_FEE,UNPAID_BILLED_AMT,2,2026-10-08 04:12:18.796000
SILVER,CRM_PAYMENT_BILLING,PAY_STAT_CD,GOLD,WIDE_MEMBER_MONTHLY,UNPAID_CNT,2,2026-10-08 04:12:18.796000
SILVER,CRM_PAYMENT_BILLING,PAY_STAT_CD,GOLD,WIDE_MEMBER_MONTHLY,UNPAID_FLAG_EOM,2,2026-10-08 04:12:18.796000
SILVER,CRM_PAYMENT_BILLING,PAY_STAT_CD,GOLD,WIDE_MEMBER_MONTHLY,UNPAID_FLAG_BOM,2,2026-10-08 04:12:18.796000
SILVER,CRM_PAYMENT_BILLING,PAY_STAT_CD,GOLD,FACT_MEMBER_MONTHLY,STATUS_UNPAID_CNT,1,2026-10-08 04:12:18.796000
SILVER,CRM_PAYMENT_BILLING,PAY_STAT_CD,GOLD,WIDE_MEMBER_MONTHLY,STATUS_UNPAID_CNT,2,2026-10-08 04:12:18.796000
SILVER,CRM_PAYMENT_BILLING,PAY_STAT_CD,GOLD,WIDE_MEMBER_FEE,UNPAID_FLAG,2,2026-10-08 04:12:18.796000
SILVER,CRM_PAYMENT_BILLING,SETLE_CD,GOLD,FACT_MEMBER_FEE,SETLE_CD,1,2026-10-08 04:12:20.337000
SILVER,CRM_PAYMENT_BILLING,SETLE_CD,GOLD,WIDE_MEMBER_FEE,SETLE_CD,2,2026-10-08 04:12:20.337000
SILVER,CRM_PAYMENT_BILLING,MBRFEE_DIV_CD,GOLD,FACT_MEMBER_FEE,FEE_DIV_CD,1,2026-10-08 04:12:28.974000
SILVER,CRM_PAYMENT_BILLING,MBRFEE_DIV_CD,GOLD,WIDE_MEMBER_FEE,FEE_DIV_CD,2,2026-10-08 04:12:28.974000
BRONZE_CRM,TM_PM_MBRFEE_ACMSLT,MBRFEE_MT,GOLD,FACT_MEMBER_EVENT,NEW_EXISTING_FLAG,2,2026-10-08 04:12:43.382000
BRONZE_CRM,TM_PM_MBRFEE_ACMSLT,MBRFEE_MT,GOLD,FACT_MEMBER_FEE,MONTH_KEY,2,2026-10-08 04:12:43.382000
BRONZE_CRM,TM_PM_MBRFEE_ACMSLT,MBRFEE_MT,GOLD,FACT_MEMBER_MONTHLY,MONTH_KEY,2,2026-10-08 04:12:43.382000
BRONZE_CRM,TM_PM_MBRFEE_ACMSLT,MBRFEE_MT,GOLD,FACT_MEMBER_MONTHLY,NEW_FLAG,2,2026-10-08 04:12:43.382000
BRONZE_CRM,TM_PM_MBRFEE_ACMSLT,MBRFEE_MT,GOLD,FACT_MEMBER_MONTHLY,JOIN_DATE,2,2026-10-08 04:12:43.382000
BRONZE_CRM,TM_PM_MBRFEE_ACMSLT,MBRFEE_MT,GOLD,FACT_MEMBER_MONTHLY,SPONSOR_MONTHS,2,2026-10-08 04:12:43.382000
BRONZE_CRM,TM_PM_MBRFEE_ACMSLT,MBRFEE_MT,GOLD,FACT_MEMBER_MONTHLY,SPONSOR_YEARS,2,2026-10-08 04:12:43.382000
BRONZE_CRM,TM_PM_MBRFEE_ACMSLT,MBRFEE_MT,GOLD,FACT_MEMBER_MONTHLY,PAID_MONTHS,2,2026-10-08 04:12:43.382000
BRONZE_CRM,TM_PM_MBRFEE_ACMSLT,MBRFEE_MT,GOLD,FACT_MEMBER_MONTHLY,NEW_EXISTING_FLAG,2,2026-10-08 04:12:43.382000
BRONZE_CRM,TM_PM_MBRFEE_ACMSLT,MBRFEE_MT,GOLD,WIDE_MEMBER_FEE,MONTH_KEY,3,2026-10-08 04:12:43.382000
BRONZE_CRM,TM_PM_MBRFEE_ACMSLT,MBRFEE_MT,GOLD,WIDE_MEMBER_FEE,CAL_MONTH,3,2026-10-08 04:12:43.382000
BRONZE_CRM,TM_PM_MBRFEE_ACMSLT,MBRFEE_MT,GOLD,WIDE_MEMBER_MONTHLY_KPI,MONTH_KEY,3,2026-10-08 04:12:43.382000
BRONZE_CRM,TM_PM_MBRFEE_ACMSLT,MBRFEE_MT,GOLD,WIDE_MEMBER_MONTHLY,MONTH_KEY,3,2026-10-08 04:12:43.382000
BRONZE_CRM,TM_PM_MBRFEE_ACMSLT,MBRFEE_MT,GOLD,WIDE_MEMBER_MONTHLY,CAL_YEAR,3,2026-10-08 04:12:43.382000
BRONZE_CRM,TM_PM_MBRFEE_ACMSLT,MBRFEE_MT,GOLD,WIDE_MEMBER_MONTHLY,NEW_FLAG,3,2026-10-08 04:12:43.382000
BRONZE_CRM,TM_PM_MBRFEE_ACMSLT,MBRFEE_MT,GOLD,WIDE_MEMBER_MONTHLY,JOIN_DATE,3,2026-10-08 04:12:43.382000
BRONZE_CRM,TM_PM_MBRFEE_ACMSLT,MBRFEE_MT,GOLD,WIDE_MEMBER_MONTHLY,PAID_MONTHS,3,2026-10-08 04:12:43.382000
BRONZE_CRM,TM_PM_MBRFEE_ACMSLT,MBRFEE_MT,GOLD,WIDE_MEMBER_EVENT,NEW_EXISTING_FLAG,3,2026-10-08 04:12:43.382000
BRONZE_CRM,TM_PM_MBRFEE_ACMSLT,MBRFEE_MT,GOLD,FACT_MEMBER_MONTHLY,PERIOD_BAND2,2,2026-10-08 04:12:43.382000
BRONZE_CRM,TM_PM_MBRFEE_ACMSLT,MBRFEE_MT,GOLD,FACT_MEMBER_MONTHLY,PERIOD_BAND1,2,2026-10-08 04:12:43.382000
BRONZE_CRM,TM_PM_MBRFEE_ACMSLT,MBRFEE_MT,GOLD,WIDE_MEMBER_MONTHLY,PERIOD_BAND1,3,2026-10-08 04:12:43.382000
BRONZE_CRM,TM_PM_MBRFEE_ACMSLT,MBRFEE_MT,GOLD,WIDE_MEMBER_MONTHLY,SPONSOR_MONTHS,3,2026-10-08 04:12:43.382000
BRONZE_CRM,TM_PM_MBRFEE_ACMSLT,MBRFEE_MT,GOLD,WIDE_MEMBER_MONTHLY_KPI,CAL_YEAR,3,2026-10-08 04:12:43.382000
BRONZE_CRM,TM_PM_MBRFEE_ACMSLT,MBRFEE_MT,GOLD,WIDE_MEMBER_MONTHLY_KPI,NEW_EXISTING_FLAG,3,2026-10-08 04:12:43.382000
BRONZE_CRM,TM_PM_MBRFEE_ACMSLT,MBRFEE_MT,GOLD,WIDE_MEMBER_MONTHLY,SPONSOR_YEARS,3,2026-10-08 04:12:43.382000
BRONZE_CRM,TM_PM_MBRFEE_ACMSLT,MBRFEE_MT,GOLD,WIDE_MEMBER_MONTHLY,NEW_EXISTING_FLAG,3,2026-10-08 04:12:43.382000
BRONZE_CRM,TM_PM_MBRFEE_ACMSLT,MBRFEE_MT,GOLD,WIDE_MEMBER_MONTHLY,PERIOD_BAND2,3,2026-10-08 04:12:43.382000
BRONZE_CRM,TM_PM_MBRFEE_ACMSLT,MBRFEE_MT,GOLD,WIDE_MEMBER_MONTHLY,CAL_MONTH,3,2026-10-08 04:12:43.382000
BRONZE_CRM,TM_PM_MBRFEE_ACMSLT,MBRFEE_MT,GOLD,WIDE_MEMBER_FEE,CAL_YEAR,3,2026-10-08 04:12:43.382000
BRONZE_CRM,TM_PM_MBRFEE_ACMSLT,SETLE_CD,GOLD,FACT_MEMBER_FEE,SETLE_CD,2,2026-10-08 04:12:53.070000
BRONZE_CRM,TM_PM_MBRFEE_ACMSLT,SETLE_CD,GOLD,WIDE_MEMBER_FEE,SETLE_CD,3,2026-10-08 04:12:53.070000
BRONZE_CRM,TM_PM_MBRFEE_ACMSLT,MBRFEE_DIV_CD,GOLD,FACT_MEMBER_FEE,FEE_DIV_CD,2,2026-10-08 04:12:58.425000
BRONZE_CRM,TM_PM_MBRFEE_ACMSLT,MBRFEE_DIV_CD,GOLD,WIDE_MEMBER_FEE,FEE_DIV_CD,3,2026-10-08 04:12:58.425000
BRONZE_CRM,TM_PM_MBRFEE_ACMSLT,SPNSR_BSNS_ID,GOLD,FACT_MEMBER_MONTHLY,PAID_SPONSOR_BIZ_CNT,2,2026-10-08 04:13:04.073000
BRONZE_CRM,TM_PM_MBRFEE_ACMSLT,PAY_STAT_CD,GOLD,FACT_MEMBER_FEE,UNPAID_BILLED_AMT,2,2026-10-08 04:13:05.278000
BRONZE_CRM,TM_PM_MBRFEE_ACMSLT,PAY_STAT_CD,GOLD,FACT_MEMBER_FEE,UNPAID_FLAG,2,2026-10-08 04:13:05.278000
BRONZE_CRM,TM_PM_MBRFEE_ACMSLT,PAY_STAT_CD,GOLD,FACT_MEMBER_MONTHLY,STATUS_UNPAID_CNT,2,2026-10-08 04:13:05.278000
BRONZE_CRM,TM_PM_MBRFEE_ACMSLT,PAY_STAT_CD,GOLD,FACT_MEMBER_MONTHLY,UNPAID_BILLED_AMT,2,2026-10-08 04:13:05.278000
BRONZE_CRM,TM_PM_MBRFEE_ACMSLT,PAY_STAT_CD,GOLD,FACT_MEMBER_MONTHLY,UNPAID_FLAG_EOM,2,2026-10-08 04:13:05.278000
BRONZE_CRM,TM_PM_MBRFEE_ACMSLT,PAY_STAT_CD,GOLD,FACT_MEMBER_MONTHLY,UNPAID_FLAG_BOM,2,2026-10-08 04:13:05.278000
BRONZE_CRM,TM_PM_MBRFEE_ACMSLT,PAY_STAT_CD,GOLD,FACT_MEMBER_MONTHLY,UNPAID_CNT,2,2026-10-08 04:13:05.278000
BRONZE_CRM,TM_PM_MBRFEE_ACMSLT,PAY_STAT_CD,GOLD,WIDE_MEMBER_FEE,UNPAID_BILLED_AMT,3,2026-10-08 04:13:05.278000
BRONZE_CRM,TM_PM_MBRFEE_ACMSLT,PAY_STAT_CD,GOLD,WIDE_MEMBER_MONTHLY,UNPAID_CNT,3,2026-10-08 04:13:05.278000
BRONZE_CRM,TM_PM_MBRFEE_ACMSLT,PAY_STAT_CD,GOLD,WIDE_MEMBER_MONTHLY,STATUS_UNPAID_CNT,3,2026-10-08 04:13:05.278000
BRONZE_CRM,TM_PM_MBRFEE_ACMSLT,PAY_STAT_CD,GOLD,WIDE_MEMBER_MONTHLY,UNPAID_FLAG_BOM,3,2026-10-08 04:13:05.278000
BRONZE_CRM,TM_PM_MBRFEE_ACMSLT,PAY_STAT_CD,GOLD,WIDE_MEMBER_FEE,UNPAID_FLAG,3,2026-10-08 04:13:05.278000
BRONZE_CRM,TM_PM_MBRFEE_ACMSLT,PAY_STAT_CD,GOLD,WIDE_MEMBER_MONTHLY,UNPAID_FLAG_EOM,3,2026-10-08 04:13:05.278000
SILVER,CRM_SEND_MEMBER,RESPONSED_YN,GOLD,FACT_MESSAGE_DISPATCH,RESPONSED_YN,1,2026-10-08 04:13:06.707000
SILVER,CRM_SEND_MEMBER,CINFO,GOLD,FACT_MESSAGE_DISPATCH,CINFO,1,2026-10-08 04:13:07.847000
SILVER,CRM_SEND_MEMBER,MNG_NO,GOLD,FACT_MESSAGE_DISPATCH,MNG_NO,1,2026-10-08 04:13:09.291000
SILVER,CRM_SEND_MEMBER,CURRENT_BRND,GOLD,FACT_MESSAGE_DISPATCH,CURRENT_BRND,1,2026-10-08 04:13:10.348000
SILVER,CRM_SEND_MEMBER,LST_BRND_NM,GOLD,FACT_MESSAGE_DISPATCH,LST_BRND_NM,1,2026-10-08 04:13:11.409000
SILVER,CRM_SEND_MEMBER,SEND_CHANNEL,GOLD,FACT_MESSAGE_DISPATCH,SEND_TYPE,1,2026-10-08 04:13:12.472000
SILVER,CRM_SEND_MEMBER,SEND_CHANNEL,GOLD,WIDE_SERVICE_EVENT,SEND_TYPE,2,2026-10-08 04:13:12.472000
SILVER,CRM_SEND_MEMBER,FRST_BRND_NM,GOLD,FACT_MESSAGE_DISPATCH,FRST_BRND_NM,1,2026-10-08 04:13:13.582000
SILVER,CRM_SEND_MEMBER,SNDNG_RST_CD,GOLD,FACT_MESSAGE_DISPATCH,SEND_STATUS,1,2026-10-08 04:13:14.971000
SILVER,CRM_SEND_MEMBER,SNDNG_RST_CD,GOLD,WIDE_SERVICE_EVENT,SEND_STATUS,2,2026-10-08 04:13:14.971000
SILVER,CRM_SEND_MEMBER,FRST_BRND_CD,GOLD,FACT_MESSAGE_DISPATCH,FRST_BRND_CD,1,2026-10-08 04:13:16.075000
SILVER,CRM_SEND_MEMBER,SEND_RESULT_NAME,GOLD,FACT_MESSAGE_DISPATCH,SEND_RESULT_NAME,1,2026-10-08 04:13:17.262000
SILVER,CRM_SEND_MEMBER,SEND_RESULT_NAME,GOLD,WIDE_SERVICE_EVENT,SEND_RESULT_NAME,2,2026-10-08 04:13:17.262000
SILVER,CRM_SEND_MEMBER,SEND_RESULT_GROUP,GOLD,FACT_MESSAGE_DISPATCH,SEND_RESULT_GROUP,1,2026-10-08 04:13:18.340000
SILVER,CRM_SEND_MEMBER,SEND_RESULT_GROUP,GOLD,WIDE_SERVICE_EVENT,SEND_RESULT_GROUP,2,2026-10-08 04:13:18.340000
SILVER,CRM_SEND_MEMBER,SEND_RESULT_CD,GOLD,FACT_MESSAGE_DISPATCH,SEND_RESULT_CD,1,2026-10-08 04:13:19.442000
SILVER,CRM_SEND_MEMBER,SEND_RESULT_CD,GOLD,WIDE_SERVICE_EVENT,SEND_RESULT_CD,2,2026-10-08 04:13:19.442000
SILVER,CRM_SEND_MEMBER,SEND_STATUS_NAME,GOLD,FACT_MESSAGE_DISPATCH,SEND_STATUS_NAME,1,2026-10-08 04:13:20.511000
SILVER,CRM_SEND_MEMBER,SEND_STATUS_NAME,GOLD,WIDE_SERVICE_EVENT,SEND_STATUS_NAME,2,2026-10-08 04:13:20.511000
SILVER,CRM_SEND_MEMBER,LST_BRND_CD,GOLD,FACT_MESSAGE_DISPATCH,LST_BRND_CD,1,2026-10-08 04:13:22.006000
BRONZE_CRM,TD_MS_MSG_AT_SNDNG_DTLS,TRNSMS_STAT_CD,GOLD,FACT_MESSAGE_DISPATCH,SEND_STATUS,2,2026-10-08 04:13:23.069000
BRONZE_CRM,TD_MS_MSG_AT_SNDNG_DTLS,TRNSMS_STAT_CD,GOLD,WIDE_SERVICE_EVENT,SEND_STATUS,3,2026-10-08 04:13:23.069000
BRONZE_CRM,TD_MS_MSG_AT_SNDNG_DTLS,TRNSMS_STAT_CD,GOLD,WIDE_SERVICE_EVENT,FAIL_MEMBERS,3,2026-10-08 04:13:23.069000
BRONZE_CRM,TD_MS_MSG_AT_SNDNG_DTLS,TRNSMS_STAT_CD,GOLD,WIDE_SERVICE_EVENT,SEND_STATUS_GROUP,3,2026-10-08 04:13:23.069000
BRONZE_CRM,TD_MS_MSG_AT_SNDNG_DTLS,TRNSMS_STAT_CD,GOLD,WIDE_SERVICE_EVENT,SUCCESS_MEMBERS,3,2026-10-08 04:13:23.069000
BRONZE_CRM,TD_MS_MSG_AT_SNDNG_DTLS,TRNSMS_STAT_CD,GOLD,FACT_MESSAGE_DISPATCH,SUCCESS_MEMBERS,2,2026-10-08 04:13:23.069000
BRONZE_CRM,TD_MS_MSG_AT_SNDNG_DTLS,TRNSMS_STAT_CD,GOLD,FACT_MESSAGE_DISPATCH,FAIL_MEMBERS,2,2026-10-08 04:13:23.069000
BRONZE_CRM,TD_MS_MSG_AT_SNDNG_DTLS,TRNSMS_STAT_CD,GOLD,FACT_MESSAGE_DISPATCH,SEND_STATUS_GROUP,2,2026-10-08 04:13:23.069000
BRONZE_CRM,TD_MS_MSG_AT_SNDNG_DTLS,TRNSMS_FAILR_CD_ID,GOLD,FACT_MESSAGE_DISPATCH,SEND_RESULT_CD,2,2026-10-08 04:13:24.333000
BRONZE_CRM,TD_MS_MSG_AT_SNDNG_DTLS,TRNSMS_FAILR_CD_ID,GOLD,WIDE_SERVICE_EVENT,SEND_RESULT_CD,3,2026-10-08 04:13:24.333000
BRONZE_CRM,SND_MEMBER_LIST,LST_BRND_CD,GOLD,FACT_MESSAGE_DISPATCH,LST_BRND_CD,2,2026-10-08 04:13:33.309000
BRONZE_CRM,SND_MEMBER_LIST,FRST_BRND_CD,GOLD,FACT_MESSAGE_DISPATCH,FRST_BRND_CD,2,2026-10-08 04:13:41.338000
BRONZE_CRM,SND_MEMBER_LIST,FRST_BRND_NM,GOLD,FACT_MESSAGE_DISPATCH,FRST_BRND_NM,2,2026-10-08 04:13:42.355000
BRONZE_CRM,SND_MEMBER_LIST,SND_YN,GOLD,FACT_MESSAGE_DISPATCH,SEND_STATUS,2,2026-10-08 04:13:43.416000
BRONZE_CRM,SND_MEMBER_LIST,SND_YN,GOLD,FACT_MESSAGE_DISPATCH,SUCCESS_MEMBERS,2,2026-10-08 04:13:43.416000
BRONZE_CRM,SND_MEMBER_LIST,SND_YN,GOLD,FACT_MESSAGE_DISPATCH,SEND_STATUS_GROUP,2,2026-10-08 04:13:43.416000
BRONZE_CRM,SND_MEMBER_LIST,SND_YN,GOLD,WIDE_SERVICE_EVENT,SEND_STATUS,3,2026-10-08 04:13:43.416000
BRONZE_CRM,SND_MEMBER_LIST,SND_YN,GOLD,WIDE_SERVICE_EVENT,SUCCESS_MEMBERS,3,2026-10-08 04:13:43.416000
BRONZE_CRM,SND_MEMBER_LIST,SND_YN,GOLD,WIDE_SERVICE_EVENT,FAIL_MEMBERS,3,2026-10-08 04:13:43.416000
BRONZE_CRM,SND_MEMBER_LIST,SND_YN,GOLD,FACT_MESSAGE_DISPATCH,FAIL_MEMBERS,2,2026-10-08 04:13:43.416000
BRONZE_CRM,SND_MEMBER_LIST,SND_YN,GOLD,WIDE_SERVICE_EVENT,SEND_STATUS_GROUP,3,2026-10-08 04:13:43.416000
BRONZE_CRM,SND_MEMBER_LIST,CALL_STATUS,GOLD,FACT_MESSAGE_DISPATCH,SEND_RESULT_CD,2,2026-10-08 04:13:51.259000
BRONZE_CRM,SND_MEMBER_LIST,CALL_STATUS,GOLD,WIDE_SERVICE_EVENT,SEND_RESULT_CD,3,2026-10-08 04:13:51.259000
BRONZE_CRM,SND_MEMBER_LIST,CURRENT_BRND,GOLD,FACT_MESSAGE_DISPATCH,CURRENT_BRND,2,2026-10-08 04:13:54.974000
BRONZE_CRM,SND_MEMBER_LIST,CINFO,GOLD,FACT_MESSAGE_DISPATCH,CINFO,2,2026-10-08 04:13:56.005000
BRONZE_CRM,SND_MEMBER_LIST,RESPONSED_YN,GOLD,FACT_MESSAGE_DISPATCH,RESPONSED_YN,2,2026-10-08 04:13:57.047000
BRONZE_CRM,SND_MEMBER_LIST,LST_BRND_NM,GOLD,FACT_MESSAGE_DISPATCH,LST_BRND_NM,2,2026-10-08 04:13:58.114000
SILVER,BIGQUERY_REFINED_DATA,EP_EVENT_CATEGORY,GOLD,DIM_BIGQUERY_EVENT,EVENT_CATEGORY,3,2026-10-08 04:14:11.578000
SILVER,BIGQUERY_REFINED_DATA,EP_EVENT_CATEGORY,GOLD,WIDE_BIGQUERY_BEHAVIOR,BIGQUERY_EVENT_CATEGORY,4,2026-10-08 04:14:11.578000
SILVER,BIGQUERY_REFINED_DATA,EP_EVENT_CATEGORY,GOLD,DIM_BIGQUERY_EVENT,BIGQUERY_EVENT_SK,3,2026-10-08 04:14:11.578000
SILVER,BIGQUERY_REFINED_DATA,EP_EVENT_CATEGORY,GOLD,FACT_BIGQUERY_BEHAVIOR,BIGQUERY_EVENT_SK,4,2026-10-08 04:14:11.578000
SILVER,BIGQUERY_BASIC,EVENT_CATEGORY,GOLD,DIM_BIGQUERY_EVENT,BIGQUERY_EVENT_SK,2,2026-10-08 04:14:19.357000
SILVER,BIGQUERY_BASIC,EVENT_CATEGORY,GOLD,DIM_BIGQUERY_EVENT,EVENT_CATEGORY,2,2026-10-08 04:14:19.357000
SILVER,BIGQUERY_BASIC,EVENT_CATEGORY,GOLD,FACT_BIGQUERY_BEHAVIOR,BIGQUERY_EVENT_SK,3,2026-10-08 04:14:19.357000
SILVER,BIGQUERY_BASIC,EVENT_CATEGORY,GOLD,WIDE_BIGQUERY_BEHAVIOR,BIGQUERY_EVENT_CATEGORY,3,2026-10-08 04:14:19.357000
SILVER,BIGQUERY_BASIC,DEVICE_TYPE,GOLD,DIM_DEVICE,DEVICE_SK,2,2026-10-08 04:14:20.833000
SILVER,BIGQUERY_BASIC,DEVICE_TYPE,GOLD,DIM_DEVICE,DEVICE_TYPE,2,2026-10-08 04:14:20.833000
SILVER,BIGQUERY_BASIC,DEVICE_TYPE,GOLD,DIM_DEVICE,DEVICE_SCOPE_DESC,2,2026-10-08 04:14:20.833000
SILVER,BIGQUERY_BASIC,DEVICE_TYPE,GOLD,FACT_AD_PERFORMANCE,DEVICE_SK,3,2026-10-08 04:14:20.833000
SILVER,BIGQUERY_BASIC,DEVICE_TYPE,GOLD,FACT_BIGQUERY_BEHAVIOR,DEVICE_SK,3,2026-10-08 04:14:20.833000
SILVER,BIGQUERY_BASIC,DEVICE_TYPE,GOLD,WIDE_AD_DIGITAL,DEVICE_TYPE,3,2026-10-08 04:14:20.833000
SILVER,BIGQUERY_BASIC,DEVICE_TYPE,GOLD,WIDE_AD_PERFORMANCE,DEVICE_TYPE,3,2026-10-08 04:14:20.833000
SILVER,BIGQUERY_BASIC,DEVICE_TYPE,GOLD,WIDE_BIGQUERY_BEHAVIOR,DEVICE_TYPE,3,2026-10-08 04:14:20.833000
SILVER,BIGQUERY_BASIC,DEVICE_TYPE,GOLD,WIDE_AD_PERFORMANCE,DEVICE_SCOPE_DESC,3,2026-10-08 04:14:20.833000
SILVER,BIGQUERY_BASIC,DEVICE_TYPE,GOLD,WIDE_AD_COMBINED,DEVICE_SK,4,2026-10-08 04:14:20.833000
SILVER,BIGQUERY_BASIC,UTM_SOURCE,GOLD,DIM_BIGQUERY_SOURCE,BIGQUERY_SOURCE_SK,2,2026-10-08 04:14:51.848000
SILVER,BIGQUERY_BASIC,UTM_SOURCE,GOLD,DIM_BIGQUERY_SOURCE,UTM_SOURCE,2,2026-10-08 04:14:51.848000
SILVER,BIGQUERY_BASIC,UTM_SOURCE,GOLD,FACT_BIGQUERY_BEHAVIOR,BIGQUERY_SOURCE_SK,3,2026-10-08 04:14:51.848000
SILVER,BIGQUERY_BASIC,UTM_SOURCE,GOLD,WIDE_BIGQUERY_BEHAVIOR,BIGQUERY_UTM_SOURCE,3,2026-10-08 04:14:51.848000
SILVER,BIGQUERY_BASIC,UTM_MEDIUM,GOLD,DIM_BIGQUERY_SOURCE,BIGQUERY_SOURCE_SK,2,2026-10-08 04:14:53.095000
SILVER,BIGQUERY_BASIC,UTM_MEDIUM,GOLD,DIM_BIGQUERY_SOURCE,UTM_MEDIUM,2,2026-10-08 04:14:53.095000
SILVER,BIGQUERY_BASIC,UTM_MEDIUM,GOLD,FACT_BIGQUERY_BEHAVIOR,BIGQUERY_SOURCE_SK,3,2026-10-08 04:14:53.095000
SILVER,BIGQUERY_BASIC,UTM_MEDIUM,GOLD,WIDE_BIGQUERY_BEHAVIOR,BIGQUERY_UTM_MEDIUM,3,2026-10-08 04:14:53.095000
SILVER,BIGQUERY_BASIC,SOURCE_MEDIUM,GOLD,WIDE_BIGQUERY_BEHAVIOR,BIGQUERY_SOURCE_MEDIUM,3,2026-10-08 04:14:54.465000
SILVER,BIGQUERY_BASIC,SOURCE_MEDIUM,GOLD,DIM_BIGQUERY_SOURCE,SOURCE_MEDIUM,2,2026-10-08 04:14:54.465000
SILVER,BIGQUERY_REFINED_DATA,DEVICE_CATEGORY,GOLD,DIM_DEVICE,DEVICE_SK,3,2026-10-08 04:15:08.540000
SILVER,BIGQUERY_REFINED_DATA,DEVICE_CATEGORY,GOLD,DIM_DEVICE,DEVICE_TYPE,3,2026-10-08 04:15:08.540000
SILVER,BIGQUERY_REFINED_DATA,DEVICE_CATEGORY,GOLD,FACT_BIGQUERY_BEHAVIOR,DEVICE_SK,4,2026-10-08 04:15:08.540000
SILVER,BIGQUERY_REFINED_DATA,DEVICE_CATEGORY,GOLD,WIDE_AD_PERFORMANCE,DEVICE_TYPE,4,2026-10-08 04:15:08.540000
SILVER,BIGQUERY_REFINED_DATA,DEVICE_CATEGORY,GOLD,WIDE_BIGQUERY_BEHAVIOR,DEVICE_TYPE,4,2026-10-08 04:15:08.540000
SILVER,BIGQUERY_REFINED_DATA,DEVICE_CATEGORY,GOLD,WIDE_AD_PERFORMANCE,DEVICE_SCOPE_DESC,4,2026-10-08 04:15:08.540000
SILVER,BIGQUERY_REFINED_DATA,DEVICE_CATEGORY,GOLD,DIM_DEVICE,DEVICE_SCOPE_DESC,3,2026-10-08 04:15:08.540000
SILVER,BIGQUERY_REFINED_DATA,DEVICE_CATEGORY,GOLD,WIDE_AD_DIGITAL,DEVICE_TYPE,4,2026-10-08 04:15:08.540000
SILVER,BIGQUERY_REFINED_DATA,DEVICE_CATEGORY,GOLD,FACT_AD_PERFORMANCE,DEVICE_SK,4,2026-10-08 04:15:08.540000
SILVER,BIGQUERY_REFINED_DATA,STSLC_CRC_DEFAULT_CHANNEL_GROUP,GOLD,DIM_BIGQUERY_SOURCE,DEFAULT_CHANNEL_GROUP,3,2026-10-08 04:15:21.077000
SILVER,BIGQUERY_REFINED_DATA,STSLC_CRC_MEDIUM,GOLD,DIM_BIGQUERY_SOURCE,SOURCE_MEDIUM,3,2026-10-08 04:15:22.159000
SILVER,BIGQUERY_REFINED_DATA,STSLC_CRC_MEDIUM,GOLD,WIDE_BIGQUERY_BEHAVIOR,BIGQUERY_SOURCE_MEDIUM,4,2026-10-08 04:15:22.159000
SILVER,BIGQUERY_REFINED_DATA,STSLC_CRC_SOURCE,GOLD,DIM_BIGQUERY_SOURCE,SOURCE_MEDIUM,3,2026-10-08 04:15:24.354000
SILVER,BIGQUERY_REFINED_DATA,STSLC_CRC_SOURCE,GOLD,WIDE_BIGQUERY_BEHAVIOR,BIGQUERY_SOURCE_MEDIUM,4,2026-10-08 04:15:24.354000
SILVER,BIGQUERY_REFINED_DATA,STSLC_MC_MEDIUM,GOLD,DIM_BIGQUERY_SOURCE,BIGQUERY_SOURCE_SK,3,2026-10-08 04:15:30.455000
SILVER,BIGQUERY_REFINED_DATA,STSLC_MC_MEDIUM,GOLD,DIM_BIGQUERY_SOURCE,UTM_MEDIUM,3,2026-10-08 04:15:30.455000
SILVER,BIGQUERY_REFINED_DATA,STSLC_MC_MEDIUM,GOLD,FACT_BIGQUERY_BEHAVIOR,BIGQUERY_SOURCE_SK,4,2026-10-08 04:15:30.455000
SILVER,BIGQUERY_REFINED_DATA,STSLC_MC_MEDIUM,GOLD,WIDE_BIGQUERY_BEHAVIOR,BIGQUERY_UTM_MEDIUM,4,2026-10-08 04:15:30.455000
SILVER,BIGQUERY_REFINED_DATA,STSLC_MC_SOURCE,GOLD,DIM_BIGQUERY_SOURCE,BIGQUERY_SOURCE_SK,3,2026-10-08 04:15:31.636000
SILVER,BIGQUERY_REFINED_DATA,STSLC_MC_SOURCE,GOLD,DIM_BIGQUERY_SOURCE,UTM_SOURCE,3,2026-10-08 04:15:31.636000
SILVER,BIGQUERY_REFINED_DATA,STSLC_MC_SOURCE,GOLD,FACT_BIGQUERY_BEHAVIOR,BIGQUERY_SOURCE_SK,4,2026-10-08 04:15:31.636000
SILVER,BIGQUERY_REFINED_DATA,STSLC_MC_SOURCE,GOLD,WIDE_BIGQUERY_BEHAVIOR,BIGQUERY_UTM_SOURCE,4,2026-10-08 04:15:31.636000
SILVER,BIGQUERY_BASIC,DEFAULT_CHANNEL_GROUP,GOLD,DIM_BIGQUERY_SOURCE,DEFAULT_CHANNEL_GROUP,2,2026-10-08 04:15:34.948000
SILVER,BIGQUERY_REFINED_DATA,EVENT_DATE,GOLD,FACT_BIGQUERY_BEHAVIOR,DATE_SK,3,2026-10-08 04:15:39.836000
SILVER,BIGQUERY_REFINED_DATA,EVENT_DATE,GOLD,WIDE_BIGQUERY_BEHAVIOR,DATE_SK,4,2026-10-08 04:15:39.836000
SILVER,BIGQUERY_REFINED_DATA,EP_PERCENT_SCROLLED,GOLD,FACT_BIGQUERY_BEHAVIOR,SCROLL_DEPTH,3,2026-10-08 04:15:42.425000
SILVER,BIGQUERY_REFINED_DATA,EP_PERCENT_SCROLLED,GOLD,WIDE_BIGQUERY_BEHAVIOR,SCROLL_DEPTH,4,2026-10-08 04:15:42.425000
BRONZE_CRM,TD_MS_EMAIL_SNDNG_DTLS,SNDNG_RST_CD,GOLD,FACT_MESSAGE_DISPATCH,SEND_STATUS,2,2026-10-08 04:15:43.579000
BRONZE_CRM,TD_MS_EMAIL_SNDNG_DTLS,SNDNG_RST_CD,GOLD,FACT_MESSAGE_DISPATCH,FAIL_MEMBERS,2,2026-10-08 04:15:43.579000
BRONZE_CRM,TD_MS_EMAIL_SNDNG_DTLS,SNDNG_RST_CD,GOLD,FACT_MESSAGE_DISPATCH,SEND_STATUS_GROUP,2,2026-10-08 04:15:43.579000
BRONZE_CRM,TD_MS_EMAIL_SNDNG_DTLS,SNDNG_RST_CD,GOLD,FACT_MESSAGE_DISPATCH,SUCCESS_MEMBERS,2,2026-10-08 04:15:43.579000
BRONZE_CRM,TD_MS_EMAIL_SNDNG_DTLS,SNDNG_RST_CD,GOLD,WIDE_SERVICE_EVENT,SEND_STATUS,3,2026-10-08 04:15:43.579000
BRONZE_CRM,TD_MS_EMAIL_SNDNG_DTLS,SNDNG_RST_CD,GOLD,WIDE_SERVICE_EVENT,SUCCESS_MEMBERS,3,2026-10-08 04:15:43.579000
BRONZE_CRM,TD_MS_EMAIL_SNDNG_DTLS,SNDNG_RST_CD,GOLD,WIDE_SERVICE_EVENT,SEND_STATUS_GROUP,3,2026-10-08 04:15:43.579000
BRONZE_CRM,TD_MS_EMAIL_SNDNG_DTLS,SNDNG_RST_CD,GOLD,WIDE_SERVICE_EVENT,FAIL_MEMBERS,3,2026-10-08 04:15:43.579000
BRONZE_CRM,TH_MM_FDRM_MBER_STNG_DTLS,BF_STAT_CD,GOLD,DIM_MEMBER_STATUS_HISTORY,PREV_MBER_STAT_CD,2,2026-10-08 04:15:44.846000
BRONZE_CRM,TH_MM_FDRM_MBER_STNG_DTLS,BF_STAT_CD,GOLD,WIDE_MEMBER_EVENT,PREV_MBER_STAT_CD,3,2026-10-08 04:15:44.846000
BRONZE_CRM,TH_MM_FDRM_MBER_STNG_DTLS,BF_STAT_CD,GOLD,WIDE_MEMBER_MONTHLY,PREV_MBER_STAT_CD,3,2026-10-08 04:15:44.846000
BRONZE_CRM,TH_MM_FDRM_MBER_STNG_DTLS,CHN_STAT_CD,GOLD,DIM_MEMBER_STATUS_HISTORY,MBER_STAT_CD,2,2026-10-08 04:15:46.033000
BRONZE_CRM,TH_MM_FDRM_MBER_STNG_DTLS,CHN_STAT_CD,GOLD,DIM_MEMBER_STATUS_HISTORY,MEMBER_STATUS_GROUP,2,2026-10-08 04:15:46.033000
BRONZE_CRM,TH_MM_FDRM_MBER_STNG_DTLS,CHN_STAT_CD,GOLD,DIM_MEMBER,MBER_STAT_CD,3,2026-10-08 04:15:46.033000
BRONZE_CRM,TH_MM_FDRM_MBER_STNG_DTLS,CHN_STAT_CD,GOLD,WIDE_EVENT_PARTICIPATION,MBER_STAT_CD,3,2026-10-08 04:15:46.033000
BRONZE_CRM,TH_MM_FDRM_MBER_STNG_DTLS,CHN_STAT_CD,GOLD,WIDE_MEMBER_MONTHLY,MBER_STAT_CD,3,2026-10-08 04:15:46.033000
BRONZE_CRM,TH_MM_FDRM_MBER_STNG_DTLS,CHN_STAT_CD,GOLD,WIDE_MEMBER_EVENT,MEMBER_STATUS_NAME,3,2026-10-08 04:15:46.033000
BRONZE_CRM,TH_MM_FDRM_MBER_STNG_DTLS,CHN_STAT_CD,GOLD,WIDE_MEMBER_EVENT,MBER_STAT_CD,3,2026-10-08 04:15:46.033000
BRONZE_CRM,TH_MM_FDRM_MBER_STNG_DTLS,CHN_STAT_CD,GOLD,DIM_MEMBER,MEMBER_STATUS_GROUP,3,2026-10-08 04:15:46.033000
BRONZE_CRM,TH_MM_FDRM_MBER_STNG_DTLS,CHN_STAT_CD,GOLD,WIDE_MEMBER_FEE,MEMBER_STATUS_NAME,4,2026-10-08 04:15:46.033000
BRONZE_CRM,TH_MM_FDRM_MBER_STNG_DTLS,CHN_STAT_CD,GOLD,DIM_MEMBER_STATUS_HISTORY,MEMBER_STATUS_NAME,2,2026-10-08 04:15:46.033000
BRONZE_CRM,TH_MM_FDRM_MBER_STNG_DTLS,CHN_STAT_CD,GOLD,WIDE_SERVICE_EVENT,MBER_STAT_CD,3,2026-10-08 04:15:46.033000
BRONZE_CRM,TH_MM_FDRM_MBER_STNG_DTLS,CHN_STAT_CD,GOLD,DIM_MEMBER,MEMBER_STATUS_NAME,3,2026-10-08 04:15:46.033000
BRONZE_CRM,TH_MM_FDRM_MBER_STNG_DTLS,CHN_STAT_CD,GOLD,WIDE_EVENT_PARTICIPATION,MEMBER_STATUS_NAME,3,2026-10-08 04:15:46.033000
BRONZE_CRM,TH_MM_FDRM_MBER_STNG_DTLS,CHN_STAT_CD,GOLD,WIDE_SERVICE_EVENT,MEMBER_STATUS_NAME,3,2026-10-08 04:15:46.033000
BRONZE_CRM,TH_MM_FDRM_MBER_STNG_DTLS,CHN_STAT_CD,GOLD,WIDE_MEMBER_MONTHLY,MEMBER_STATUS_NAME,3,2026-10-08 04:15:46.033000
BRONZE_CRM,TH_MM_FDRM_MBER_STNG_DTLS,CHN_STAT_CD,GOLD,WIDE_MEMBER_FEE,MBER_STAT_CD,4,2026-10-08 04:15:46.033000
SILVER,CRM_MEMBER_STATUS_HIST,BF_STAT_CD,GOLD,DIM_MEMBER_STATUS_HISTORY,PREV_MBER_STAT_CD,1,2026-10-08 04:15:47.630000
SILVER,CRM_MEMBER_STATUS_HIST,BF_STAT_CD,GOLD,WIDE_MEMBER_MONTHLY,PREV_MBER_STAT_CD,2,2026-10-08 04:15:47.630000
SILVER,CRM_MEMBER_STATUS_HIST,BF_STAT_CD,GOLD,WIDE_MEMBER_EVENT,PREV_MBER_STAT_CD,2,2026-10-08 04:15:47.630000
SILVER,CRM_MEMBER_STATUS_HIST,CHN_STAT_CD,GOLD,DIM_MEMBER_STATUS_HISTORY,MBER_STAT_CD,1,2026-10-08 04:15:49.870000
SILVER,CRM_MEMBER_STATUS_HIST,CHN_STAT_CD,GOLD,DIM_MEMBER_STATUS_HISTORY,MEMBER_STATUS_NAME,1,2026-10-08 04:15:49.870000
SILVER,CRM_MEMBER_STATUS_HIST,CHN_STAT_CD,GOLD,DIM_MEMBER_STATUS_HISTORY,MEMBER_STATUS_GROUP,1,2026-10-08 04:15:49.870000
SILVER,CRM_MEMBER_STATUS_HIST,CHN_STAT_CD,GOLD,DIM_MEMBER,MBER_STAT_CD,2,2026-10-08 04:15:49.870000
SILVER,CRM_MEMBER_STATUS_HIST,CHN_STAT_CD,GOLD,WIDE_MEMBER_EVENT,MBER_STAT_CD,2,2026-10-08 04:15:49.870000
SILVER,CRM_MEMBER_STATUS_HIST,CHN_STAT_CD,GOLD,WIDE_MEMBER_MONTHLY,MBER_STAT_CD,2,2026-10-08 04:15:49.870000
SILVER,CRM_MEMBER_STATUS_HIST,CHN_STAT_CD,GOLD,DIM_MEMBER,MEMBER_STATUS_NAME,2,2026-10-08 04:15:49.870000
SILVER,CRM_MEMBER_STATUS_HIST,CHN_STAT_CD,GOLD,WIDE_EVENT_PARTICIPATION,MEMBER_STATUS_NAME,2,2026-10-08 04:15:49.870000
SILVER,CRM_MEMBER_STATUS_HIST,CHN_STAT_CD,GOLD,WIDE_MEMBER_EVENT,MEMBER_STATUS_NAME,2,2026-10-08 04:15:49.870000
SILVER,CRM_MEMBER_STATUS_HIST,CHN_STAT_CD,GOLD,WIDE_SERVICE_EVENT,MEMBER_STATUS_NAME,2,2026-10-08 04:15:49.870000
SILVER,CRM_MEMBER_STATUS_HIST,CHN_STAT_CD,GOLD,DIM_MEMBER,MEMBER_STATUS_GROUP,2,2026-10-08 04:15:49.870000
SILVER,CRM_MEMBER_STATUS_HIST,CHN_STAT_CD,GOLD,WIDE_SERVICE_EVENT,MBER_STAT_CD,2,2026-10-08 04:15:49.870000
SILVER,CRM_MEMBER_STATUS_HIST,CHN_STAT_CD,GOLD,WIDE_MEMBER_FEE,MBER_STAT_CD,3,2026-10-08 04:15:49.870000
SILVER,CRM_MEMBER_STATUS_HIST,CHN_STAT_CD,GOLD,WIDE_MEMBER_FEE,MEMBER_STATUS_NAME,3,2026-10-08 04:15:49.870000
SILVER,CRM_MEMBER_STATUS_HIST,CHN_STAT_CD,GOLD,WIDE_MEMBER_MONTHLY,MEMBER_STATUS_NAME,2,2026-10-08 04:15:49.870000
SILVER,CRM_MEMBER_STATUS_HIST,CHN_STAT_CD,GOLD,WIDE_EVENT_PARTICIPATION,MBER_STAT_CD,2,2026-10-08 04:15:49.870000
BRONZE_CRM,TM_MM_FDRM_MBER_DVLP_AMT,ACT_DEPT_CD,MSTR,F_MM_SPNSR_DVLP,ACT_DEPT_CD,1,2026-10-08 04:15:53.986000
BRONZE_CRM,TM_MM_FDRM_MBER_DVLP_AMT,ACT_DEPT_CD,MSTR,F_MM_SPNSR_DVLP,ACT_DEPT_CD,2,2026-10-08 04:15:53.986000
BRONZE_CRM,TM_MM_FDRM_MBER_DVLP_AMT,ACT_DEPT_CD,MSTR,F_MM_SPNSR_DVLP,ACT_DEPT_CD,3,2026-10-08 04:15:53.986000
BRONZE_CRM,TM_MM_FDRM_MBER_DVLP_AMT,ACT_DEPT_CD,MSTR,F_MM_SPNSR_DVLP,ACT_DEPT_CD,4,2026-10-08 04:15:53.986000
BRONZE_CRM,TM_MM_FDRM_MBER_DVLP_AMT,ACMSLT_DEPT_CD,MSTR,F_MM_SPNSR_DVLP,ACMSLT_DEPT_CD,1,2026-10-08 04:15:55.521000
BRONZE_CRM,TM_MM_FDRM_MBER_DVLP_AMT,ACMSLT_DEPT_CD,MSTR,F_MM_SPNSR_DVLP,ACMSLT_DEPT_CD,2,2026-10-08 04:15:55.521000
BRONZE_CRM,TM_MM_FDRM_MBER_DVLP_AMT,ACMSLT_DEPT_CD,MSTR,F_MM_SPNSR_DVLP,ACMSLT_DEPT_CD,3,2026-10-08 04:15:55.521000
BRONZE_CRM,TM_MM_FDRM_MBER_DVLP_AMT,ACMSLT_DEPT_CD,MSTR,F_MM_SPNSR_DVLP,ACMSLT_DEPT_CD,4,2026-10-08 04:15:55.521000
BRONZE_CRM,TM_MM_FDRM_MBER_DVLP_AMT,SETLE_CD,MSTR,F_MM_SPNSR_DVLP,SETLE_CD,1,2026-10-08 04:15:57.455000
BRONZE_CRM,TM_MM_FDRM_MBER_DVLP_AMT,SETLE_CD,MSTR,F_MM_SPNSR_DVLP,SETLE_CD,2,2026-10-08 04:15:57.455000
BRONZE_CRM,TM_MM_FDRM_MBER_DVLP_AMT,SETLE_CD,MSTR,F_MM_SPNSR_DVLP,SETLE_CD,3,2026-10-08 04:15:57.455000
BRONZE_CRM,TM_MM_FDRM_MBER_DVLP_AMT,SETLE_CD,MSTR,F_MM_SPNSR_DVLP,SETLE_CD,4,2026-10-08 04:15:57.455000
BRONZE_CRM,TM_MM_FDRM_MBER_DVLP_AMT,MBER_DIV_CD,MSTR,F_MM_SPNSR_DVLP,MBER_DIV_CD,1,2026-10-08 04:15:58.915000
BRONZE_CRM,TM_MM_FDRM_MBER_DVLP_AMT,MBER_DIV_CD,MSTR,F_MM_SPNSR_DVLP,MBER_DIV_CD,2,2026-10-08 04:15:58.915000
BRONZE_CRM,TM_MM_FDRM_MBER_DVLP_AMT,MBER_DIV_CD,MSTR,F_MM_SPNSR_DVLP,MBER_DIV_CD,3,2026-10-08 04:15:58.915000
BRONZE_CRM,TM_MM_FDRM_MBER_DVLP_AMT,MBER_DIV_CD,MSTR,F_MM_SPNSR_DVLP,MBER_DIV_CD,4,2026-10-08 04:15:58.915000
BRONZE_CRM,TM_MM_FDRM_MBER_DVLP_AMT,SEX,MSTR,F_MM_SPNSR_DVLP,SEX,1,2026-10-08 04:16:00.242000
BRONZE_CRM,TM_MM_FDRM_MBER_DVLP_AMT,SEX,GOLD,FACT_MEMBER_EVENT,SEX_AT_EVENT,2,2026-10-08 04:16:00.242000
BRONZE_CRM,TM_MM_FDRM_MBER_DVLP_AMT,SEX,MSTR,F_MM_SPNSR_DVLP,SEX,2,2026-10-08 04:16:00.242000
BRONZE_CRM,TM_MM_FDRM_MBER_DVLP_AMT,SEX,GOLD,FACT_MEMBER_COHORT,ACQ_SEX_CD,3,2026-10-08 04:16:00.242000
BRONZE_CRM,TM_MM_FDRM_MBER_DVLP_AMT,SEX,MSTR,F_MM_SPNSR_DVLP,SEX,3,2026-10-08 04:16:00.242000
BRONZE_CRM,TM_MM_FDRM_MBER_DVLP_AMT,SEX,GOLD,DIM_MEMBER_ACQUISITION,ACQ_SEX_CD,4,2026-10-08 04:16:00.242000
BRONZE_CRM,TM_MM_FDRM_MBER_DVLP_AMT,SEX,MSTR,F_MM_SPNSR_DVLP,SEX,4,2026-10-08 04:16:00.242000
BRONZE_CRM,TM_MM_FDRM_MBER_DVLP_AMT,AREA_CD,MSTR,F_MM_SPNSR_DVLP,AREA_CD,1,2026-10-08 04:16:01.899000
BRONZE_CRM,TM_MM_FDRM_MBER_DVLP_AMT,AREA_CD,GOLD,FACT_MEMBER_EVENT,AREA_CD_AT_EVENT,2,2026-10-08 04:16:01.899000
BRONZE_CRM,TM_MM_FDRM_MBER_DVLP_AMT,AREA_CD,GOLD,DIM_MEMBER_STATUS_HISTORY,AREA_CD,2,2026-10-08 04:16:01.899000
BRONZE_CRM,TM_MM_FDRM_MBER_DVLP_AMT,AREA_CD,MSTR,F_MM_SPNSR_DVLP,AREA_CD,2,2026-10-08 04:16:01.899000
BRONZE_CRM,TM_MM_FDRM_MBER_DVLP_AMT,AREA_CD,GOLD,FACT_MEMBER_COHORT,ACQ_AREA_CD,3,2026-10-08 04:16:01.899000
BRONZE_CRM,TM_MM_FDRM_MBER_DVLP_AMT,AREA_CD,GOLD,WIDE_MEMBER_EVENT,AREA_CD_AT_EVENT,3,2026-10-08 04:16:01.899000
BRONZE_CRM,TM_MM_FDRM_MBER_DVLP_AMT,AREA_CD,GOLD,WIDE_EVENT_PARTICIPATION,MEMBER_AREA_CD,3,2026-10-08 04:16:01.899000
BRONZE_CRM,TM_MM_FDRM_MBER_DVLP_AMT,AREA_CD,GOLD,WIDE_MEMBER_EVENT,MEMBER_AREA_CD,3,2026-10-08 04:16:01.899000
BRONZE_CRM,TM_MM_FDRM_MBER_DVLP_AMT,AREA_CD,GOLD,WIDE_MEMBER_MONTHLY,MEMBER_AREA_CD,3,2026-10-08 04:16:01.899000
BRONZE_CRM,TM_MM_FDRM_MBER_DVLP_AMT,AREA_CD,GOLD,WIDE_SERVICE_EVENT,MEMBER_AREA_CD,3,2026-10-08 04:16:01.899000
BRONZE_CRM,TM_MM_FDRM_MBER_DVLP_AMT,AREA_CD,GOLD,DIM_MEMBER_ACQUISITION,ACQ_AREA_CD,4,2026-10-08 04:16:01.899000
BRONZE_CRM,TM_MM_FDRM_MBER_DVLP_AMT,AREA_CD,MSTR,F_MM_SPNSR_DVLP,AREA_CD,4,2026-10-08 04:16:01.899000
BRONZE_CRM,TM_MM_FDRM_MBER_DVLP_AMT,AREA_CD,MSTR,F_MM_SPNSR_DVLP,AREA_CD,3,2026-10-08 04:16:01.899000
BRONZE_CRM,TM_MM_FDRM_MBER_DVLP_AMT,SPNSR_AMT_CD,MSTR,F_MM_SPNSR_DVLP,SPNSR_AMT_CD,1,2026-10-08 04:16:04.362000
BRONZE_CRM,TM_MM_FDRM_MBER_DVLP_AMT,SPNSR_AMT_CD,MSTR,F_MM_SPNSR_DVLP,SPNSR_AMT_CD,2,2026-10-08 04:16:04.362000
BRONZE_CRM,TM_MM_FDRM_MBER_DVLP_AMT,SPNSR_AMT_CD,MSTR,F_MM_SPNSR_DVLP,SPNSR_AMT_CD,3,2026-10-08 04:16:04.362000
BRONZE_CRM,TM_MM_FDRM_MBER_DVLP_AMT,SPNSR_AMT_CD,MSTR,F_MM_SPNSR_DVLP,SPNSR_AMT_CD,4,2026-10-08 04:16:04.362000
BRONZE_CRM,TM_MM_FDRM_MBER_DVLP_AMT,SPNSR_BSNS_ID,MSTR,F_MM_SPNSR_DVLP,SPNSR_BSNS_ID,1,2026-10-08 04:16:05.907000
BRONZE_CRM,TM_MM_FDRM_MBER_DVLP_AMT,SPNSR_BSNS_ID,GOLD,DIM_MEMBER_STATUS_HISTORY,FIRST_SPONSORSHIP,2,2026-10-08 04:16:05.907000
BRONZE_CRM,TM_MM_FDRM_MBER_DVLP_AMT,SPNSR_BSNS_ID,MSTR,F_MM_SPNSR_DVLP,SPNSR_BSNS_ID,2,2026-10-08 04:16:05.907000
BRONZE_CRM,TM_MM_FDRM_MBER_DVLP_AMT,SPNSR_BSNS_ID,GOLD,DIM_MEMBER,FIRST_SPONSORSHIP,3,2026-10-08 04:16:05.907000
BRONZE_CRM,TM_MM_FDRM_MBER_DVLP_AMT,SPNSR_BSNS_ID,GOLD,WIDE_MEMBER_MONTHLY,MEMBER_FIRST_SPONSORSHIP,3,2026-10-08 04:16:05.907000
BRONZE_CRM,TM_MM_FDRM_MBER_DVLP_AMT,SPNSR_BSNS_ID,MSTR,F_MM_SPNSR_DVLP,SPNSR_BSNS_ID,3,2026-10-08 04:16:05.907000
BRONZE_CRM,TM_MM_FDRM_MBER_DVLP_AMT,SPNSR_BSNS_ID,MSTR,F_MM_SPNSR_DVLP,SPNSR_BSNS_ID,4,2026-10-08 04:16:05.907000
BRONZE_CRM,TM_MM_FDRM_MBER_DVLP_AMT,CANCL_RDCAMT_RSN_CD,MSTR,F_MM_SPNSR_DVLP,CANCL_RDCAMT_RSN_CD,1,2026-10-08 04:16:07.195000
BRONZE_CRM,TM_MM_FDRM_MBER_DVLP_AMT,CANCL_RDCAMT_RSN_CD,MSTR,F_MM_SPNSR_DVLP,CANCL_RDCAMT_RSN_CD,2,2026-10-08 04:16:07.195000
BRONZE_CRM,TM_MM_FDRM_MBER_DVLP_AMT,CANCL_RDCAMT_RSN_CD,MSTR,F_MM_SPNSR_DVLP,CANCL_RDCAMT_RSN_CD,3,2026-10-08 04:16:07.195000
BRONZE_CRM,TM_MM_FDRM_MBER_DVLP_AMT,CANCL_RDCAMT_RSN_CD,MSTR,F_MM_SPNSR_DVLP,CANCL_RDCAMT_RSN_CD,4,2026-10-08 04:16:07.195000
BRONZE_CRM,TM_MM_FDRM_MBER_DVLP_AMT,DVLP_DIV_CD,MSTR,F_MM_SPNSR_DVLP,DVLP_DIV_CD,1,2026-10-08 04:16:08.248000
BRONZE_CRM,TM_MM_FDRM_MBER_DVLP_AMT,DVLP_DIV_CD,GOLD,FACT_MEMBER_EVENT,DVLP_DIV_CD,2,2026-10-08 04:16:08.248000
BRONZE_CRM,TM_MM_FDRM_MBER_DVLP_AMT,DVLP_DIV_CD,GOLD,FACT_MEMBER_EVENT,DEV_CNT,2,2026-10-08 04:16:08.248000
BRONZE_CRM,TM_MM_FDRM_MBER_DVLP_AMT,DVLP_DIV_CD,GOLD,FACT_MEMBER_EVENT,DEV_MEMBERS,2,2026-10-08 04:16:08.248000
BRONZE_CRM,TM_MM_FDRM_MBER_DVLP_AMT,DVLP_DIV_CD,MSTR,F_MM_SPNSR_DVLP,DVLP_DIV_CD,2,2026-10-08 04:16:08.248000
BRONZE_CRM,TM_MM_FDRM_MBER_DVLP_AMT,DVLP_DIV_CD,GOLD,FACT_MEMBER_COHORT,ACQ_DVLP_DIV_CD,3,2026-10-08 04:16:08.248000
BRONZE_CRM,TM_MM_FDRM_MBER_DVLP_AMT,DVLP_DIV_CD,GOLD,FACT_MEMBER_DEV_ACHIEVEMENT,DEV_TYPE,3,2026-10-08 04:16:08.248000
BRONZE_CRM,TM_MM_FDRM_MBER_DVLP_AMT,DVLP_DIV_CD,GOLD,WIDE_MEMBER_EVENT,DVLP_DIV_CD,3,2026-10-08 04:16:08.248000
BRONZE_CRM,TM_MM_FDRM_MBER_DVLP_AMT,DVLP_DIV_CD,GOLD,FACT_MEMBER_MONTHLY,DEV_CNT,3,2026-10-08 04:16:08.248000
BRONZE_CRM,TM_MM_FDRM_MBER_DVLP_AMT,DVLP_DIV_CD,GOLD,FACT_MEMBER_DEV_ACHIEVEMENT,ACTUAL_CNT,3,2026-10-08 04:16:08.248000
BRONZE_CRM,TM_MM_FDRM_MBER_DVLP_AMT,DVLP_DIV_CD,GOLD,WIDE_MEMBER_MONTHLY_KPI,DEV_CUM_AMT_CNT,3,2026-10-08 04:16:08.248000
BRONZE_CRM,TM_MM_FDRM_MBER_DVLP_AMT,DVLP_DIV_CD,MSTR,F_MM_SPNSR_DVLP,DVLP_DIV_CD,3,2026-10-08 04:16:08.248000
BRONZE_CRM,TM_MM_FDRM_MBER_DVLP_AMT,DVLP_DIV_CD,GOLD,WIDE_MEMBER_EVENT,DEV_MEMBERS,3,2026-10-08 04:16:08.248000
BRONZE_CRM,TM_MM_FDRM_MBER_DVLP_AMT,DVLP_DIV_CD,GOLD,WIDE_MEMBER_EVENT,DEV_CNT,3,2026-10-08 04:16:08.248000
BRONZE_CRM,TM_MM_FDRM_MBER_DVLP_AMT,DVLP_DIV_CD,GOLD,FACT_MEMBER_DEV_ACHIEVEMENT,ACTUAL_CNT_YEAR,3,2026-10-08 04:16:08.248000
BRONZE_CRM,TM_MM_FDRM_MBER_DVLP_AMT,DVLP_DIV_CD,GOLD,DIM_MEMBER_ACQUISITION,ACQ_DVLP_DIV_CD,4,2026-10-08 04:16:08.248000
BRONZE_CRM,TM_MM_FDRM_MBER_DVLP_AMT,DVLP_DIV_CD,GOLD,WIDE_MEMBER_MONTHLY,DEV_TYPE,4,2026-10-08 04:16:08.248000
BRONZE_CRM,TM_MM_FDRM_MBER_DVLP_AMT,DVLP_DIV_CD,GOLD,WIDE_MEMBER_MONTHLY_KPI,DEV_CNT,4,2026-10-08 04:16:08.248000
BRONZE_CRM,TM_MM_FDRM_MBER_DVLP_AMT,DVLP_DIV_CD,GOLD,WIDE_MEMBER_MONTHLY_KPI,DEV_CUM_CNT,4,2026-10-08 04:16:08.248000
BRONZE_CRM,TM_MM_FDRM_MBER_DVLP_AMT,DVLP_DIV_CD,GOLD,FACT_MEMBER_MONTHLY,DEV_TYPE,3,2026-10-08 04:16:08.248000
BRONZE_CRM,TM_MM_FDRM_MBER_DVLP_AMT,DVLP_DIV_CD,GOLD,FACT_MEMBER_DEV_ACHIEVEMENT,ACTUAL_CNT_YTD,3,2026-10-08 04:16:08.248000
BRONZE_CRM,TM_MM_FDRM_MBER_DVLP_AMT,DVLP_DIV_CD,GOLD,WIDE_MEMBER_MONTHLY_KPI,DEV_AMT_CNT,3,2026-10-08 04:16:08.248000
BRONZE_CRM,TM_MM_FDRM_MBER_DVLP_AMT,DVLP_DIV_CD,MSTR,F_MM_SPNSR_DVLP,DVLP_DIV_CD,4,2026-10-08 04:16:08.248000
BRONZE_CRM,TM_MM_FDRM_MBER_DVLP_AMT,DVLP_DIV_CD,GOLD,WIDE_MEMBER_MONTHLY,DEV_CNT,4,2026-10-08 04:16:08.248000
SILVER,CRM_MEMBER_DEV,CPR_DIV_NM,GOLD,FACT_MEMBER_EVENT,CPR_DIV_NM_AT_EVENT,1,2026-10-08 04:16:10.952000
SILVER,CRM_MEMBER_DEV,CPR_DIV_NM,GOLD,FACT_MEMBER_SPONSORSHIP_SPAN,ACQ_CPR_DIV_NM,1,2026-10-08 04:16:10.952000
SILVER,CRM_MEMBER_DEV,CPR_DIV_NM,GOLD,FACT_MEMBER_COHORT,ACQ_CPR_DIV_NM,2,2026-10-08 04:16:10.952000
SILVER,CRM_MEMBER_DEV,CPR_DIV_NM,GOLD,DIM_MEMBER_ACQUISITION,ACQ_CPR_DIV_NM,3,2026-10-08 04:16:10.952000
SILVER,CRM_MEMBER_DEV,CPR_DIV_NM,GOLD,WIDE_MEMBER_FEE,ACQ_CPR_DIV_NM,4,2026-10-08 04:16:10.952000
SILVER,CRM_MEMBER_DEV,CPR_DIV_NM,GOLD,WIDE_MEMBER_SERVICE_COHORT,ACQ_CPR_DIV_NM,4,2026-10-08 04:16:10.952000
SILVER,CRM_MEMBER_DEV,CPR_DIV_NM,GOLD,WIDE_MEMBER_EVENT,CAMPAIGN_CPR_DIV_NM,2,2026-10-08 04:16:10.952000
SILVER,CRM_MEMBER_DEV,SPNSR_BSNS_ID,GOLD,DIM_MEMBER_STATUS_HISTORY,FIRST_SPONSORSHIP,1,2026-10-08 04:16:12.275000
SILVER,CRM_MEMBER_DEV,SPNSR_BSNS_ID,GOLD,DIM_MEMBER,FIRST_SPONSORSHIP,2,2026-10-08 04:16:12.275000
SILVER,CRM_MEMBER_DEV,SPNSR_BSNS_ID,GOLD,WIDE_MEMBER_MONTHLY,MEMBER_FIRST_SPONSORSHIP,2,2026-10-08 04:16:12.275000
SILVER,CRM_MEMBER_DEV,DVLP_DIV_CD,GOLD,FACT_MEMBER_EVENT,DVLP_DIV_CD,1,2026-10-08 04:16:13.362000
SILVER,CRM_MEMBER_DEV,DVLP_DIV_CD,GOLD,FACT_MEMBER_EVENT,DEV_CNT,1,2026-10-08 04:16:13.362000
SILVER,CRM_MEMBER_DEV,DVLP_DIV_CD,GOLD,FACT_MEMBER_EVENT,DEV_MEMBERS,1,2026-10-08 04:16:13.362000
SILVER,CRM_MEMBER_DEV,DVLP_DIV_CD,GOLD,FACT_MEMBER_COHORT,ACQ_DVLP_DIV_CD,2,2026-10-08 04:16:13.362000
SILVER,CRM_MEMBER_DEV,DVLP_DIV_CD,GOLD,FACT_MEMBER_MONTHLY,DEV_TYPE,2,2026-10-08 04:16:13.362000
SILVER,CRM_MEMBER_DEV,DVLP_DIV_CD,GOLD,FACT_MEMBER_DEV_ACHIEVEMENT,DEV_TYPE,2,2026-10-08 04:16:13.362000
SILVER,CRM_MEMBER_DEV,DVLP_DIV_CD,GOLD,WIDE_MEMBER_EVENT,DVLP_DIV_CD,2,2026-10-08 04:16:13.362000
SILVER,CRM_MEMBER_DEV,DVLP_DIV_CD,GOLD,FACT_MEMBER_MONTHLY,DEV_CNT,2,2026-10-08 04:16:13.362000
SILVER,CRM_MEMBER_DEV,DVLP_DIV_CD,GOLD,WIDE_MEMBER_EVENT,DEV_CNT,2,2026-10-08 04:16:13.362000
SILVER,CRM_MEMBER_DEV,DVLP_DIV_CD,GOLD,WIDE_MEMBER_MONTHLY_KPI,DEV_AMT_CNT,2,2026-10-08 04:16:13.362000
SILVER,CRM_MEMBER_DEV,DVLP_DIV_CD,GOLD,WIDE_MEMBER_MONTHLY_KPI,DEV_CUM_AMT_CNT,2,2026-10-08 04:16:13.362000
SILVER,CRM_MEMBER_DEV,DVLP_DIV_CD,GOLD,WIDE_MEMBER_EVENT,DEV_MEMBERS,2,2026-10-08 04:16:13.362000
SILVER,CRM_MEMBER_DEV,DVLP_DIV_CD,GOLD,DIM_MEMBER_ACQUISITION,ACQ_DVLP_DIV_CD,3,2026-10-08 04:16:13.362000
SILVER,CRM_MEMBER_DEV,DVLP_DIV_CD,GOLD,WIDE_MEMBER_MONTHLY,DEV_TYPE,3,2026-10-08 04:16:13.362000
SILVER,CRM_MEMBER_DEV,DVLP_DIV_CD,GOLD,WIDE_MEMBER_MONTHLY_KPI,DEV_CNT,3,2026-10-08 04:16:13.362000
SILVER,CRM_MEMBER_DEV,DVLP_DIV_CD,GOLD,FACT_MEMBER_DEV_ACHIEVEMENT,ACTUAL_CNT,2,2026-10-08 04:16:13.362000
SILVER,CRM_MEMBER_DEV,DVLP_DIV_CD,GOLD,FACT_MEMBER_DEV_ACHIEVEMENT,ACTUAL_CNT_YEAR,2,2026-10-08 04:16:13.362000
SILVER,CRM_MEMBER_DEV,DVLP_DIV_CD,GOLD,FACT_MEMBER_DEV_ACHIEVEMENT,ACTUAL_CNT_YTD,2,2026-10-08 04:16:13.362000
SILVER,CRM_MEMBER_DEV,DVLP_DIV_CD,GOLD,WIDE_MEMBER_MONTHLY_KPI,DEV_CUM_CNT,3,2026-10-08 04:16:13.362000
SILVER,CRM_MEMBER_DEV,DVLP_DIV_CD,GOLD,WIDE_MEMBER_MONTHLY,DEV_CNT,3,2026-10-08 04:16:13.362000
SILVER,CRM_MEMBER_DEV,DVLP_DIV_NM,GOLD,FACT_MEMBER_EVENT,DVLP_DIV_NM,1,2026-10-08 04:16:14.922000
SILVER,CRM_MEMBER_DEV,DVLP_DIV_NM,GOLD,WIDE_MEMBER_EVENT,DVLP_DIV_NM,2,2026-10-08 04:16:14.922000
SILVER,CRM_MEMBER_DEV,BRND_NM,GOLD,FACT_MEMBER_EVENT,BRAND_AT_EVENT,1,2026-10-08 04:16:18.843000
SILVER,CRM_MEMBER_DEV,BRND_NM,GOLD,FACT_MEMBER_SPONSORSHIP_SPAN,ACQ_BRAND,1,2026-10-08 04:16:18.843000
SILVER,CRM_MEMBER_DEV,BRND_NM,GOLD,FACT_MEMBER_COHORT,ACQ_BRAND,2,2026-10-08 04:16:18.843000
SILVER,CRM_MEMBER_DEV,BRND_NM,GOLD,WIDE_MEMBER_FEE,ACQ_BRAND,4,2026-10-08 04:16:18.843000
SILVER,CRM_MEMBER_DEV,BRND_NM,GOLD,WIDE_MEMBER_SERVICE_COHORT,ACQ_BRAND,4,2026-10-08 04:16:18.843000
SILVER,CRM_MEMBER_DEV,BRND_NM,GOLD,DIM_MEMBER_ACQUISITION,ACQ_BRAND,3,2026-10-08 04:16:18.843000
SILVER,CRM_MEMBER_DEV,AREA_CD,GOLD,FACT_MEMBER_EVENT,AREA_CD_AT_EVENT,1,2026-10-08 04:16:20.094000
SILVER,CRM_MEMBER_DEV,AREA_CD,GOLD,DIM_MEMBER_STATUS_HISTORY,AREA_CD,1,2026-10-08 04:16:20.094000
SILVER,CRM_MEMBER_DEV,AREA_CD,GOLD,FACT_MEMBER_COHORT,ACQ_AREA_CD,2,2026-10-08 04:16:20.094000
SILVER,CRM_MEMBER_DEV,AREA_CD,GOLD,WIDE_MEMBER_EVENT,AREA_CD_AT_EVENT,2,2026-10-08 04:16:20.094000
SILVER,CRM_MEMBER_DEV,AREA_CD,GOLD,WIDE_MEMBER_EVENT,MEMBER_AREA_CD,2,2026-10-08 04:16:20.094000
SILVER,CRM_MEMBER_DEV,AREA_CD,GOLD,WIDE_SERVICE_EVENT,MEMBER_AREA_CD,2,2026-10-08 04:16:20.094000
SILVER,CRM_MEMBER_DEV,AREA_CD,GOLD,WIDE_EVENT_PARTICIPATION,MEMBER_AREA_CD,2,2026-10-08 04:16:20.094000
SILVER,CRM_MEMBER_DEV,AREA_CD,GOLD,DIM_MEMBER_ACQUISITION,ACQ_AREA_CD,3,2026-10-08 04:16:20.094000
SILVER,CRM_MEMBER_DEV,AREA_CD,GOLD,WIDE_MEMBER_MONTHLY,MEMBER_AREA_CD,2,2026-10-08 04:16:20.094000
SILVER,CRM_MEMBER_DEV,AREA_NM,GOLD,FACT_MEMBER_EVENT,REGION_AT_EVENT,1,2026-10-08 04:16:21.534000
SILVER,CRM_MEMBER_DEV,AREA_NM,GOLD,FACT_MEMBER_COHORT,ACQ_REGION,2,2026-10-08 04:16:21.534000
SILVER,CRM_MEMBER_DEV,AREA_NM,GOLD,WIDE_MEMBER_EVENT,REGION_AT_EVENT,2,2026-10-08 04:16:21.534000
SILVER,CRM_MEMBER_DEV,AREA_NM,GOLD,WIDE_MEMBER_FEE,ACQ_REGION,4,2026-10-08 04:16:21.534000
SILVER,CRM_MEMBER_DEV,AREA_NM,GOLD,DIM_MEMBER_ACQUISITION,ACQ_REGION,3,2026-10-08 04:16:21.534000
SILVER,CRM_MEMBER_DEV,AREA_NM,GOLD,WIDE_MEMBER_SERVICE_COHORT,ACQ_REGION,4,2026-10-08 04:16:21.534000
SILVER,CRM_MEMBER_DEV,SEX,GOLD,FACT_MEMBER_EVENT,SEX_AT_EVENT,1,2026-10-08 04:16:25.738000
SILVER,CRM_MEMBER_DEV,SEX,GOLD,FACT_MEMBER_COHORT,ACQ_SEX_CD,2,2026-10-08 04:16:25.738000
SILVER,CRM_MEMBER_DEV,SEX,GOLD,DIM_MEMBER_ACQUISITION,ACQ_SEX_CD,3,2026-10-08 04:16:25.738000
SILVER,CRM_MEMBER_DEV,MBER_INFLOW_PATH_NM,GOLD,FACT_MEMBER_EVENT,MBER_INFLOW_PATH_NM_AT_EVENT,1,2026-10-08 04:16:28.315000
SILVER,CRM_MEMBER_DEV,MBER_INFLOW_PATH_NM,GOLD,FACT_MEMBER_SPONSORSHIP_SPAN,ACQ_MBER_INFLOW_PATH_NM,1,2026-10-08 04:16:28.315000
SILVER,CRM_MEMBER_DEV,MBER_INFLOW_PATH_NM,GOLD,FACT_MEMBER_COHORT,ACQ_MBER_INFLOW_PATH_NM,2,2026-10-08 04:16:28.315000
SILVER,CRM_MEMBER_DEV,MBER_INFLOW_PATH_NM,GOLD,WIDE_MEMBER_EVENT,CAMPAIGN_INFLOW_PATH,2,2026-10-08 04:16:28.315000
SILVER,CRM_MEMBER_DEV,MBER_INFLOW_PATH_NM,GOLD,DIM_MEMBER_ACQUISITION,ACQ_INFLOW_PATH,3,2026-10-08 04:16:28.315000
SILVER,CRM_MEMBER_DEV,MBER_INFLOW_PATH_NM,GOLD,WIDE_MEMBER_SERVICE_COHORT,ACQ_INFLOW_PATH,4,2026-10-08 04:16:28.315000
SILVER,CRM_MEMBER_DEV,MBER_INFLOW_PATH_NM,GOLD,WIDE_MEMBER_FEE,ACQ_INFLOW_PATH,4,2026-10-08 04:16:28.315000
SILVER,CRM_MEMBER_DEV,CMPGN_CTGR_NM,GOLD,FACT_MEMBER_EVENT,CMPGN_CTGR_NM_AT_EVENT,1,2026-10-08 04:16:29.714000
SILVER,CRM_MEMBER_DEV,CMPGN_CTGR_NM,GOLD,FACT_MEMBER_SPONSORSHIP_SPAN,ACQ_CMPGN_CTGR_NM,1,2026-10-08 04:16:29.714000
SILVER,CRM_MEMBER_DEV,CMPGN_CTGR_NM,GOLD,FACT_MEMBER_COHORT,ACQ_CMPGN_CTGR_NM,2,2026-10-08 04:16:29.714000
SILVER,CRM_MEMBER_DEV,CMPGN_CTGR_NM,GOLD,WIDE_MEMBER_EVENT,CAMPAIGN_CATEGORY,2,2026-10-08 04:16:29.714000
SILVER,CRM_MEMBER_DEV,CMPGN_CTGR_NM,GOLD,WIDE_MEMBER_SERVICE_COHORT,ACQ_CAMPAIGN_TYPE,4,2026-10-08 04:16:29.714000
SILVER,CRM_MEMBER_DEV,CMPGN_CTGR_NM,GOLD,DIM_MEMBER_ACQUISITION,ACQ_CAMPAIGN_TYPE,3,2026-10-08 04:16:29.714000
SILVER,CRM_MEMBER_DEV,CMPGN_CTGR_NM,GOLD,WIDE_MEMBER_FEE,ACQ_CAMPAIGN_TYPE,4,2026-10-08 04:16:29.714000
SILVER,CRM_MEMBER_DEV,CMPGN_TYPE1_NM,GOLD,FACT_MEMBER_EVENT,CMPGN_TYPE1_NM_AT_EVENT,1,2026-10-08 04:16:31.849000
SILVER,CRM_MEMBER_DEV,CMPGN_TYPE1_NM,GOLD,FACT_MEMBER_SPONSORSHIP_SPAN,ACQ_CMPGN_TYPE1_NM,1,2026-10-08 04:16:31.849000
SILVER,CRM_MEMBER_DEV,CMPGN_TYPE1_NM,GOLD,FACT_MEMBER_COHORT,ACQ_CMPGN_TYPE1_NM,2,2026-10-08 04:16:31.849000
SILVER,CRM_MEMBER_DEV,CMPGN_TYPE1_NM,GOLD,WIDE_MEMBER_EVENT,CAMPAIGN_DOMESTIC_OVERSEAS,2,2026-10-08 04:16:31.849000
SILVER,CRM_MEMBER_DEV,CMPGN_TYPE1_NM,GOLD,DIM_MEMBER_ACQUISITION,ACQ_DOMESTIC_OVERSEAS,3,2026-10-08 04:16:31.849000
SILVER,CRM_MEMBER_DEV,CMPGN_TYPE1_NM,GOLD,WIDE_MEMBER_FEE,ACQ_DOMESTIC_OVERSEAS,4,2026-10-08 04:16:31.849000
SILVER,CRM_MEMBER_DEV,CMPGN_TYPE2_NM,GOLD,FACT_MEMBER_EVENT,CMPGN_TYPE2_NM_AT_EVENT,1,2026-10-08 04:16:33.278000
SILVER,CRM_MEMBER_DEV,CMPGN_TYPE2_NM,GOLD,FACT_MEMBER_SPONSORSHIP_SPAN,ACQ_CMPGN_TYPE2_NM,1,2026-10-08 04:16:33.278000
SILVER,CRM_MEMBER_DEV,CMPGN_TYPE2_NM,GOLD,FACT_MEMBER_COHORT,ACQ_CMPGN_TYPE2_NM,2,2026-10-08 04:16:33.278000
SILVER,CRM_MEMBER_DEV,CMPGN_TYPE2_NM,GOLD,WIDE_MEMBER_EVENT,CAMPAIGN_BIZ_CASE_TYPE,2,2026-10-08 04:16:33.278000
SILVER,CRM_MEMBER_DEV,CMPGN_TYPE2_NM,GOLD,DIM_MEMBER_ACQUISITION,ACQ_BIZ_CASE_TYPE,3,2026-10-08 04:16:33.278000
SILVER,CRM_MEMBER_DEV,CMPGN_TYPE2_NM,GOLD,WIDE_MEMBER_FEE,ACQ_BIZ_CASE_TYPE,4,2026-10-08 04:16:33.278000
SILVER,CRM_MEMBER_DEV,CMMN_BRND_NM,GOLD,FACT_MEMBER_EVENT,CMMN_BRND_NM_AT_EVENT,1,2026-10-08 04:16:34.617000
SILVER,CRM_MEMBER_DEV,CMMN_BRND_NM,GOLD,FACT_MEMBER_SPONSORSHIP_SPAN,ACQ_CMMN_BRND_NM,1,2026-10-08 04:16:34.617000
SILVER,CRM_MEMBER_DEV,CMMN_BRND_NM,GOLD,FACT_MEMBER_COHORT,ACQ_CMMN_BRND_NM,2,2026-10-08 04:16:34.617000
SILVER,CRM_MEMBER_DEV,CMMN_BRND_NM,GOLD,WIDE_MEMBER_EVENT,CAMPAIGN_CMMN_BRND,2,2026-10-08 04:16:34.617000
SILVER,CRM_MEMBER_DEV,CMMN_BRND_NM,GOLD,DIM_MEMBER_ACQUISITION,ACQ_CMMN_BRND_NM,3,2026-10-08 04:16:34.617000
SILVER,CRM_MEMBER_DEV,CMMN_BRND_NM,GOLD,WIDE_MEMBER_FEE,ACQ_CMMN_BRND_NM,4,2026-10-08 04:16:34.617000
SILVER,CRM_MEMBER_DEV,MKTG_UTM_NM,GOLD,FACT_MEMBER_EVENT,MKTG_UTM_NM_AT_EVENT,1,2026-10-08 04:16:35.839000
SILVER,CRM_MEMBER_DEV,MKTG_UTM_NM,GOLD,FACT_MEMBER_SPONSORSHIP_SPAN,ACQ_MKTG_UTM_NM,1,2026-10-08 04:16:35.839000
SILVER,CRM_MEMBER_DEV,MKTG_UTM_NM,GOLD,FACT_MEMBER_COHORT,ACQ_MKTG_UTM_NM,2,2026-10-08 04:16:35.839000
SILVER,CRM_MEMBER_DEV,MKTG_UTM_NM,GOLD,WIDE_MEMBER_EVENT,CAMPAIGN_MKTG_UTM,2,2026-10-08 04:16:35.839000
SILVER,CRM_MEMBER_DEV,MKTG_UTM_NM,GOLD,DIM_MEMBER_ACQUISITION,ACQ_MKTG_UTM_NM,3,2026-10-08 04:16:35.839000
SILVER,CRM_MEMBER_DEV,MKTG_UTM_NM,GOLD,WIDE_MEMBER_FEE,ACQ_MKTG_UTM_NM,4,2026-10-08 04:16:35.839000
SILVER,CRM_MEMBER_DEV,MKTG_CHANNEL_NM,GOLD,FACT_MEMBER_EVENT,MKTG_CHANNEL_NM_AT_EVENT,1,2026-10-08 04:16:37.224000
SILVER,CRM_MEMBER_DEV,SPNSR_DIV_CD,GOLD,FACT_MEMBER_EVENT,SPNSR_DIV_CD_AT_EVENT,1,2026-10-08 04:16:39.027000
SILVER,CRM_MEMBER_DEV,SPNSR_DIV_CD,GOLD,FACT_MEMBER_SPONSORSHIP_SPAN,ACQ_SPNSR_DIV_CD,1,2026-10-08 04:16:39.027000
SILVER,CRM_MEMBER_DEV,SPNSR_DIV_CD,GOLD,WIDE_MEMBER_EVENT,CAMPAIGN_SPNSR_DIV_CD,2,2026-10-08 04:16:39.027000
SILVER,CRM_MEMBER_DEV,SPNSR_DIV_CD,GOLD,FACT_MEMBER_COHORT,ACQ_SPNSR_DIV_CD,2,2026-10-08 04:16:39.027000
SILVER,CRM_MEMBER_DEV,SPNSR_DIV_NM,GOLD,FACT_MEMBER_EVENT,SPNSR_DIV_NM_AT_EVENT,1,2026-10-08 04:16:40.356000
SILVER,CRM_MEMBER_DEV,SPNSR_DIV_NM,GOLD,FACT_MEMBER_SPONSORSHIP_SPAN,ACQ_SPNSR_DIV_NM,1,2026-10-08 04:16:40.356000
SILVER,CRM_MEMBER_DEV,SPNSR_DIV_NM,GOLD,FACT_MEMBER_COHORT,ACQ_SPNSR_DIV_NM,2,2026-10-08 04:16:40.356000
SILVER,CRM_MEMBER_DEV,SPNSR_DIV_NM,GOLD,WIDE_MEMBER_EVENT,CAMPAIGN_SPNSR_DIV_NM,2,2026-10-08 04:16:40.356000
SILVER,CRM_MEMBER_DEV,SPNSR_DIV_NM,GOLD,WIDE_MEMBER_FEE,ACQ_SPNSR_DIV_NM,4,2026-10-08 04:16:40.356000
SILVER,CRM_MEMBER_DEV,SPNSR_DIV_NM,GOLD,DIM_MEMBER_ACQUISITION,ACQ_SPNSR_DIV_NM,3,2026-10-08 04:16:40.356000
SILVER,CRM_MEMBER_DEV,CPR_DIV_CD,GOLD,FACT_MEMBER_EVENT,CPR_DIV_CD_AT_EVENT,1,2026-10-08 04:16:41.619000
SILVER,CRM_MEMBER_DEV,CPR_DIV_CD,GOLD,FACT_MEMBER_SPONSORSHIP_SPAN,ACQ_CPR_DIV_CD,1,2026-10-08 04:16:41.619000
SILVER,CRM_MEMBER_DEV,CPR_DIV_CD,GOLD,FACT_MEMBER_COHORT,ACQ_CPR_DIV_CD,2,2026-10-08 04:16:41.619000
SILVER,CRM_MEMBER_DEV,CPR_DIV_CD,GOLD,WIDE_MEMBER_EVENT,CAMPAIGN_CPR_DIV_CD,2,2026-10-08 04:16:41.619000
SILVER,CRM_MEMBER_DEV,PROMO_METHOD_NAME,GOLD,FACT_MEMBER_EVENT,PROMO_METHOD_NAME_AT_EVENT,1,2026-10-08 04:16:43.685000
SILVER,CRM_MEMBER_DEV,PROMO_METHOD_NAME,GOLD,FACT_MEMBER_SPONSORSHIP_SPAN,ACQ_PROMO_METHOD_NAME,1,2026-10-08 04:16:43.685000
SILVER,CRM_MEMBER_DEV,PROMO_METHOD_NAME,GOLD,FACT_MEMBER_COHORT,ACQ_PROMO_METHOD_NAME,2,2026-10-08 04:16:43.685000
SILVER,CRM_MEMBER_DEV,PROMO_METHOD_NAME,GOLD,DIM_MEMBER_ACQUISITION,ACQ_PROMO_METHOD_NAME,3,2026-10-08 04:16:43.685000
SILVER,CRM_MEMBER_DEV,PROMO_METHOD_NAME,GOLD,WIDE_MEMBER_FEE,ACQ_PROMO_METHOD_NAME,4,2026-10-08 04:16:43.685000
BRONZE_CRM,TM_PM_SETLE_INFO,SETLE_CD,GOLD,DIM_PAYMENT,PAYMENT_SK,2,2026-10-08 04:17:01.866000
BRONZE_CRM,TM_PM_SETLE_INFO,SETLE_CD,GOLD,DIM_PAYMENT,PAYMENT_METHOD,2,2026-10-08 04:17:01.866000
BRONZE_CRM,TM_PM_SETLE_INFO,SETLE_CD,GOLD,FACT_MEMBER_FEE,PAYMENT_SK,3,2026-10-08 04:17:01.866000
BRONZE_CRM,TM_PM_SETLE_INFO,SETLE_CD,GOLD,WIDE_MEMBER_MONTHLY,PAYMENT_METHOD,3,2026-10-08 04:17:01.866000
BRONZE_CRM,TM_PM_SETLE_INFO,SETLE_CD,GOLD,WIDE_MEMBER_FEE,PAYMENT_SK,4,2026-10-08 04:17:01.866000
SILVER,CRM_PAYMENT_METHOD,SETLE_CD,GOLD,DIM_PAYMENT,PAYMENT_SK,1,2026-10-08 04:17:12.657000
SILVER,CRM_PAYMENT_METHOD,SETLE_CD,GOLD,DIM_PAYMENT,PAYMENT_METHOD,1,2026-10-08 04:17:12.657000
SILVER,CRM_PAYMENT_METHOD,SETLE_CD,GOLD,FACT_MEMBER_FEE,PAYMENT_SK,2,2026-10-08 04:17:12.657000
SILVER,CRM_PAYMENT_METHOD,SETLE_CD,GOLD,WIDE_MEMBER_MONTHLY,PAYMENT_METHOD,2,2026-10-08 04:17:12.657000
SILVER,CRM_PAYMENT_METHOD,SETLE_CD,GOLD,WIDE_MEMBER_FEE,PAYMENT_SK,3,2026-10-08 04:17:12.657000
SILVER,CRM_PAYMENT_METHOD,SETLE_NM,GOLD,DIM_PAYMENT,SETTLE_METHOD,1,2026-10-08 04:17:21.580000
SILVER,CRM_PAYMENT_METHOD,SETLE_NM,GOLD,WIDE_MEMBER_FEE,PAYMENT_METHOD_NAME,2,2026-10-08 04:17:21.580000
SILVER,CRM_PAYMENT_METHOD,SETLE_NM,GOLD,WIDE_MEMBER_MONTHLY,PAYMENT_SETTLE_METHOD,2,2026-10-08 04:17:21.580000
BRONZE_CRM,TM_MM_FDRM_MBER_SPNSR,ACMSLT_DEPT_CD,MSTR,D_SPNSR_BSNS_V,ACMSLT_DEPT_CD,1,2026-10-08 04:17:24.510000
BRONZE_CRM,TM_MM_FDRM_MBER_SPNSR,ACMSLT_DEPT_CD,GOLD,FACT_MEMBER_SPONSORSHIP_SPAN,SPNSR_ACMSLT_DEPT_CD,2,2026-10-08 04:17:24.510000
BRONZE_CRM,TM_MM_FDRM_MBER_SPNSR,JOIN_PATH_CD,MSTR,D_SPNSR_BSNS_V,JOIN_PATH_CD,1,2026-10-08 04:17:25.920000
BRONZE_CRM,TM_MM_FDRM_MBER_SPNSR,JOIN_PATH_CD,GOLD,FACT_MEMBER_SPONSORSHIP_SPAN,SPNSR_JOIN_PATH_CD,2,2026-10-08 04:17:25.920000
BRONZE_CRM,TM_MM_FDRM_MBER_SPNSR_BSNS,SPNSR_BSNS_ID,MSTR,D_SPNSR_BSNS_V,SPNSR_BSNS_ID,1,2026-10-08 04:17:27.319000
BRONZE_CRM,TM_MM_FDRM_MBER_SPNSR_BSNS,SPNSR_DSCNTC_YN,MSTR,D_SPNSR_BSNS_V,SPNSR_DSCNTC_YN,1,2026-10-08 04:17:28.881000
BRONZE_CRM,TM_MM_FDRM_MBER_SPNSR_BSNS,SPNSR_DSCNTC_RSN_CD,MSTR,D_SPNSR_BSNS_V,SPNSR_DSCNTC_RSN_CD,1,2026-10-08 04:17:30.390000
SILVER,CRM_MEMBER_SPONSOR_SPAN,JOIN_PATH_CD,GOLD,FACT_MEMBER_SPONSORSHIP_SPAN,SPNSR_JOIN_PATH_CD,1,2026-10-08 04:17:39.571000
SILVER,CRM_MEMBER_SPONSOR_SPAN,ACMSLT_DEPT_CD,GOLD,FACT_MEMBER_SPONSORSHIP_SPAN,SPNSR_ACMSLT_DEPT_CD,1,2026-10-08 04:17:40.726000
BRONZE_CRM,TD_MS_PSTMTR_SNDNG_DTL,MNG_NO,GOLD,FACT_MESSAGE_DISPATCH,MNG_NO,2,2026-10-08 04:17:41.867000
SILVER,CRM_SEND_REQUEST,SEND_CHANNEL,GOLD,DIM_SERVICE,SERVICE_SK,1,2026-10-08 04:17:43.005000
SILVER,CRM_SEND_REQUEST,SEND_CHANNEL,GOLD,DIM_SERVICE,CHANNEL,1,2026-10-08 04:17:43.005000
SILVER,CRM_SEND_REQUEST,SEND_CHANNEL,GOLD,FACT_MESSAGE_DISPATCH,SERVICE_SK,1,2026-10-08 04:17:43.005000
SILVER,CRM_SEND_REQUEST,SEND_CHANNEL,GOLD,DIM_SEND_REQUEST,SEND_CHANNEL,1,2026-10-08 04:17:43.005000
SILVER,CRM_SEND_REQUEST,SEND_CHANNEL,GOLD,WIDE_SERVICE_EVENT,SERVICE_CHANNEL,2,2026-10-08 04:17:43.005000
SILVER,CRM_SEND_REQUEST,SNDNG_TY_CD,GOLD,DIM_SERVICE,SERVICE_SK,1,2026-10-08 04:17:44.817000
SILVER,CRM_SEND_REQUEST,SNDNG_TY_CD,GOLD,DIM_SERVICE,SUBTYPE,1,2026-10-08 04:17:44.817000
SILVER,CRM_SEND_REQUEST,SNDNG_TY_CD,GOLD,DIM_SEND_REQUEST,SNDNG_TY_CD,1,2026-10-08 04:17:44.817000
SILVER,CRM_SEND_REQUEST,SNDNG_TY_CD,GOLD,FACT_MESSAGE_DISPATCH,SERVICE_SK,1,2026-10-08 04:17:44.817000
SILVER,CRM_SEND_REQUEST,SNDNG_TY_CD,GOLD,WIDE_SERVICE_EVENT,SERVICE_SUBTYPE,2,2026-10-08 04:17:44.817000
SILVER,CRM_SEND_REQUEST,SEND_GBN_TOP,GOLD,DIM_SEND_REQUEST,SEND_GBN_TOP,1,2026-10-08 04:17:46.098000
SILVER,CRM_SEND_REQUEST,SEND_GBN_TOP,GOLD,FACT_MESSAGE_DISPATCH,SEND_TYPE_SK,1,2026-10-08 04:17:46.098000
SILVER,CRM_SEND_REQUEST,SEND_GBN_TOP,GOLD,DIM_SEND_TYPE,SEND_TYPE_SK,1,2026-10-08 04:17:46.098000
SILVER,CRM_SEND_REQUEST,SEND_GBN_TOP,GOLD,DIM_SEND_TYPE,SEND_TYPE_BK,1,2026-10-08 04:17:46.098000
SILVER,CRM_SEND_REQUEST,SEND_GBN_TOP,GOLD,DIM_SEND_TYPE,SEND_GBN_TOP,1,2026-10-08 04:17:46.098000
SILVER,CRM_SEND_REQUEST,SEND_GBN_TOP,GOLD,WIDE_SERVICE_EVENT,SEND_TYPE_L_CD,2,2026-10-08 04:17:46.098000
SILVER,CRM_SEND_REQUEST,SEND_GBN_TOP_NM,GOLD,DIM_SEND_REQUEST,SEND_GBN_TOP_NM,1,2026-10-08 04:17:47.335000
SILVER,CRM_SEND_REQUEST,SEND_GBN_TOP_NM,GOLD,DIM_SEND_TYPE,SEND_TYPE_L,1,2026-10-08 04:17:47.335000
SILVER,CRM_SEND_REQUEST,SEND_GBN_TOP_NM,GOLD,WIDE_SERVICE_EVENT,SEND_TYPE_L,2,2026-10-08 04:17:47.335000
SILVER,CRM_SEND_REQUEST,SEND_GBN_MID,GOLD,DIM_SEND_REQUEST,SEND_GBN_MID,1,2026-10-08 04:17:48.488000
SILVER,CRM_SEND_REQUEST,SEND_GBN_MID,GOLD,FACT_MESSAGE_DISPATCH,SEND_TYPE_SK,1,2026-10-08 04:17:48.488000
SILVER,CRM_SEND_REQUEST,SEND_GBN_MID,GOLD,DIM_SEND_TYPE,SEND_TYPE_SK,1,2026-10-08 04:17:48.488000
SILVER,CRM_SEND_REQUEST,SEND_GBN_MID,GOLD,DIM_SEND_TYPE,SEND_TYPE_BK,1,2026-10-08 04:17:48.488000
SILVER,CRM_SEND_REQUEST,SEND_GBN_MID,GOLD,DIM_SEND_TYPE,SEND_GBN_MID,1,2026-10-08 04:17:48.488000
SILVER,CRM_SEND_REQUEST,SEND_GBN_MID,GOLD,WIDE_SERVICE_EVENT,SEND_TYPE_M_CD,2,2026-10-08 04:17:48.488000
SILVER,CRM_SEND_REQUEST,SEND_GBN_MID_NM,GOLD,DIM_SEND_REQUEST,SEND_GBN_MID_NM,1,2026-10-08 04:17:49.735000
SILVER,CRM_SEND_REQUEST,SEND_GBN_MID_NM,GOLD,DIM_SEND_TYPE,SEND_TYPE_M,1,2026-10-08 04:17:49.735000
SILVER,CRM_SEND_REQUEST,SEND_GBN_MID_NM,GOLD,WIDE_SERVICE_EVENT,SEND_TYPE_M,2,2026-10-08 04:17:49.735000
SILVER,CRM_SEND_REQUEST,SEND_GBN_BOT,GOLD,DIM_SEND_REQUEST,SEND_GBN_BOT,1,2026-10-08 04:17:50.906000
SILVER,CRM_SEND_REQUEST,SEND_GBN_BOT,GOLD,FACT_MESSAGE_DISPATCH,SEND_TYPE_SK,1,2026-10-08 04:17:50.906000
SILVER,CRM_SEND_REQUEST,SEND_GBN_BOT,GOLD,DIM_SEND_TYPE,SEND_TYPE_SK,1,2026-10-08 04:17:50.906000
SILVER,CRM_SEND_REQUEST,SEND_GBN_BOT,GOLD,DIM_SEND_TYPE,SEND_TYPE_BK,1,2026-10-08 04:17:50.906000
SILVER,CRM_SEND_REQUEST,SEND_GBN_BOT,GOLD,DIM_SEND_TYPE,SEND_GBN_BOT,1,2026-10-08 04:17:50.906000
SILVER,CRM_SEND_REQUEST,SEND_GBN_BOT,GOLD,WIDE_SERVICE_EVENT,SEND_TYPE_S_CD,2,2026-10-08 04:17:50.906000
SILVER,CRM_SEND_REQUEST,SEND_GBN_BOT_NM,GOLD,DIM_SEND_REQUEST,SEND_GBN_BOT_NM,1,2026-10-08 04:17:52.077000
SILVER,CRM_SEND_REQUEST,SEND_GBN_BOT_NM,GOLD,DIM_SEND_TYPE,SEND_TYPE_S,1,2026-10-08 04:17:52.077000
SILVER,CRM_SEND_REQUEST,SEND_GBN_BOT_NM,GOLD,WIDE_SERVICE_EVENT,SEND_TYPE_S,2,2026-10-08 04:17:52.077000
SILVER,CRM_SEND_REQUEST,SNDNG_CD_ID,GOLD,DIM_SEND_REQUEST,SNDNG_CD_ID,1,2026-10-08 04:17:57.054000
SILVER,CRM_SEND_REQUEST,SNDNG_DTL_CD_ID,GOLD,DIM_SEND_REQUEST,SNDNG_DTL_CD_ID,1,2026-10-08 04:17:58.227000
SILVER,CRM_SEND_REQUEST,PRCS_YN,GOLD,DIM_SEND_REQUEST,PRCS_YN,1,2026-10-08 04:17:59.394000
SILVER,CRM_SEND_REQUEST,ALTRTV_MSG_SNDNG_YN,GOLD,DIM_SEND_REQUEST,ALTRTV_MSG_SNDNG_YN,1,2026-10-08 04:18:00.522000
SILVER,CRM_SEND_REQUEST,LQY_YN,GOLD,DIM_SEND_REQUEST,LQY_YN,1,2026-10-08 04:18:01.618000
SILVER,CRM_SEND_REQUEST,RE_SNDNG_YN,GOLD,DIM_SEND_REQUEST,RE_SNDNG_YN,1,2026-10-08 04:18:02.957000
SILVER,CRM_SEND_REQUEST,MSG_TYPE,GOLD,DIM_SEND_REQUEST,MSG_TYPE,1,2026-10-08 04:18:04.074000
SILVER,CRM_SEND_REQUEST,REGULARLY,GOLD,DIM_SEND_REQUEST,REGULARLY,1,2026-10-08 04:18:05.678000
SILVER,CRM_SEND_REQUEST,MENU_CODE,GOLD,DIM_SEND_REQUEST,MENU_CODE,1,2026-10-08 04:18:06.739000
SILVER,CRM_SEND_REQUEST,SERVICE_MENU_CODE,GOLD,DIM_SEND_REQUEST,SERVICE_MENU_CODE,1,2026-10-08 04:18:07.842000
SILVER,CRM_MEMBER,SPECL_MNG_CD1,GOLD,DIM_MEMBER,SPECL_MNG_CD1,1,2026-10-08 04:18:08.901000
SILVER,CRM_MEMBER,CHRCTR_RECPTN_YN,GOLD,DIM_MEMBER,CHRCTR_RECPTN_YN,1,2026-10-08 04:18:09.971000
SILVER,CRM_MEMBER,MBER_DIV_CD,GOLD,DIM_MEMBER_STATUS_HISTORY,MBER_DIV_CD,1,2026-10-08 04:18:11.071000
SILVER,CRM_MEMBER,MBER_DIV_CD,GOLD,DIM_MEMBER,MBER_DIV_CD,2,2026-10-08 04:18:11.071000
SILVER,CRM_MEMBER,MBER_DIV_CD,GOLD,WIDE_MEMBER_MONTHLY,MBER_DIV_CD,2,2026-10-08 04:18:11.071000
SILVER,CRM_MEMBER,MBER_DIV_CD,GOLD,WIDE_SERVICE_EVENT,MBER_DIV_CD,2,2026-10-08 04:18:11.071000
SILVER,CRM_MEMBER,MBER_DIV_CD,GOLD,WIDE_EVENT_PARTICIPATION,MBER_DIV_CD,2,2026-10-08 04:18:11.071000
SILVER,CRM_MEMBER,MBER_DIV_CD,GOLD,WIDE_MEMBER_EVENT,MBER_DIV_CD,2,2026-10-08 04:18:11.071000
SILVER,CRM_MEMBER,MBER_DIV_CD,GOLD,WIDE_MEMBER_FEE,MBER_DIV_CD,3,2026-10-08 04:18:11.071000
SILVER,CRM_MEMBER,MBER_DIV_NM,SERVING,ML_ONCE_CONVERSION_V,MEMBER_DIV_NAME,1,2026-10-08 04:18:12.350000
SILVER,CRM_MEMBER,SEX,GOLD,DIM_MEMBER_STATUS_HISTORY,SEX,1,2026-10-08 04:18:14.583000
SILVER,CRM_MEMBER,SEX,GOLD,DIM_MEMBER,SEX,2,2026-10-08 04:18:14.583000
SILVER,CRM_MEMBER,SEX,GOLD,WIDE_EVENT_PARTICIPATION,SEX,2,2026-10-08 04:18:14.583000
SILVER,CRM_MEMBER,SEX,GOLD,WIDE_MEMBER_EVENT,SEX,2,2026-10-08 04:18:14.583000
SILVER,CRM_MEMBER,SEX,GOLD,WIDE_MEMBER_MONTHLY,SEX,2,2026-10-08 04:18:14.583000
SILVER,CRM_MEMBER,SEX,GOLD,WIDE_SERVICE_EVENT,SEX,2,2026-10-08 04:18:14.583000
SILVER,CRM_MEMBER,SEX,GOLD,WIDE_MEMBER_FEE,SEX,3,2026-10-08 04:18:14.583000
SILVER,CRM_MEMBER,SEX_NM,GOLD,DIM_MEMBER_STATUS_HISTORY,SEX_NM,1,2026-10-08 04:18:16.494000
SILVER,CRM_MEMBER,SEX_NM,SERVING,ML_ONCE_CONVERSION_V,SEX_NAME,1,2026-10-08 04:18:16.494000
SILVER,CRM_MEMBER,SEX_NM,GOLD,DIM_MEMBER,SEX_NM,2,2026-10-08 04:18:16.494000
SILVER,CRM_MEMBER,SEX_NM,GOLD,WIDE_EVENT_PARTICIPATION,SEX_NM,2,2026-10-08 04:18:16.494000
SILVER,CRM_MEMBER,SEX_NM,GOLD,WIDE_MEMBER_EVENT,SEX_NM,2,2026-10-08 04:18:16.494000
SILVER,CRM_MEMBER,SEX_NM,GOLD,WIDE_SERVICE_EVENT,SEX_NM,2,2026-10-08 04:18:16.494000
SILVER,CRM_MEMBER,SEX_NM,GOLD,WIDE_MEMBER_MONTHLY,SEX_NM,2,2026-10-08 04:18:16.494000
SILVER,CRM_MEMBER,MEMBER_TYPE,GOLD,DIM_MEMBER_STATUS_HISTORY,MEMBER_TYPE,1,2026-10-08 04:18:17.786000
SILVER,CRM_MEMBER,MEMBER_TYPE,GOLD,DIM_MEMBER,MEMBER_TYPE,2,2026-10-08 04:18:17.786000
SILVER,CRM_MEMBER,JOIN_PATH_CD,GOLD,DIM_MEMBER_STATUS_HISTORY,JOIN_PATH_CD,1,2026-10-08 04:18:22.036000
SILVER,CRM_MEMBER,JOIN_PATH_CD,GOLD,DIM_MEMBER_STATUS_HISTORY,ENROLL_PATH_NAME,1,2026-10-08 04:18:22.036000
SILVER,CRM_MEMBER,JOIN_PATH_CD,GOLD,DIM_MEMBER,JOIN_PATH_CD,2,2026-10-08 04:18:22.036000
SILVER,CRM_MEMBER,JOIN_PATH_CD,GOLD,WIDE_MEMBER_EVENT,JOIN_PATH_CD,2,2026-10-08 04:18:22.036000
SILVER,CRM_MEMBER,JOIN_PATH_CD,GOLD,WIDE_MEMBER_EVENT,MEMBER_ENROLL_PATH_NAME,2,2026-10-08 04:18:22.036000
SILVER,CRM_MEMBER,JOIN_PATH_CD,GOLD,WIDE_MEMBER_MONTHLY,MEMBER_ENROLL_PATH_NAME,2,2026-10-08 04:18:22.036000
SILVER,CRM_MEMBER,JOIN_PATH_CD,GOLD,WIDE_MEMBER_MONTHLY,JOIN_PATH_CD,2,2026-10-08 04:18:22.036000
SILVER,CRM_MEMBER,JOIN_PATH_CD,GOLD,DIM_MEMBER,ENROLL_PATH_NAME,2,2026-10-08 04:18:22.036000
SILVER,CRM_MEMBER,MBER_STAT_CD,GOLD,DIM_MEMBER_STATUS_HISTORY,MBER_STAT_CD,1,2026-10-08 04:18:36.495000
SILVER,CRM_MEMBER,MBER_STAT_CD,GOLD,DIM_MEMBER_STATUS_HISTORY,MEMBER_STATUS_NAME,1,2026-10-08 04:18:36.495000
SILVER,CRM_MEMBER,MBER_STAT_CD,GOLD,DIM_MEMBER_STATUS_HISTORY,MEMBER_STATUS_GROUP,1,2026-10-08 04:18:36.495000
SILVER,CRM_MEMBER,MBER_STAT_CD,GOLD,WIDE_EVENT_PARTICIPATION,MBER_STAT_CD,2,2026-10-08 04:18:36.495000
SILVER,CRM_MEMBER,MBER_STAT_CD,GOLD,WIDE_MEMBER_EVENT,MBER_STAT_CD,2,2026-10-08 04:18:36.495000
SILVER,CRM_MEMBER,MBER_STAT_CD,GOLD,WIDE_MEMBER_MONTHLY,MBER_STAT_CD,2,2026-10-08 04:18:36.495000
SILVER,CRM_MEMBER,MBER_STAT_CD,GOLD,WIDE_SERVICE_EVENT,MBER_STAT_CD,2,2026-10-08 04:18:36.495000
SILVER,CRM_MEMBER,MBER_STAT_CD,GOLD,WIDE_MEMBER_MONTHLY,MEMBER_STATUS_NAME,2,2026-10-08 04:18:36.495000
SILVER,CRM_MEMBER,MBER_STAT_CD,GOLD,DIM_MEMBER,MEMBER_STATUS_GROUP,2,2026-10-08 04:18:36.495000
SILVER,CRM_MEMBER,MBER_STAT_CD,GOLD,DIM_MEMBER,MEMBER_STATUS_NAME,2,2026-10-08 04:18:36.495000
SILVER,CRM_MEMBER,MBER_STAT_CD,GOLD,WIDE_SERVICE_EVENT,MEMBER_STATUS_NAME,2,2026-10-08 04:18:36.495000
SILVER,CRM_MEMBER,MBER_STAT_CD,GOLD,WIDE_MEMBER_EVENT,MEMBER_STATUS_NAME,2,2026-10-08 04:18:36.495000
SILVER,CRM_MEMBER,MBER_STAT_CD,GOLD,WIDE_MEMBER_FEE,MEMBER_STATUS_NAME,3,2026-10-08 04:18:36.495000
SILVER,CRM_MEMBER,MBER_STAT_CD,GOLD,DIM_MEMBER,MBER_STAT_CD,2,2026-10-08 04:18:36.495000
SILVER,CRM_MEMBER,MBER_STAT_CD,GOLD,WIDE_EVENT_PARTICIPATION,MEMBER_STATUS_NAME,2,2026-10-08 04:18:36.495000
SILVER,CRM_MEMBER,MBER_STAT_CD,GOLD,WIDE_MEMBER_FEE,MBER_STAT_CD,3,2026-10-08 04:18:36.495000
ML,ML_RST_DATA_SPNSR_CHURN_12M,SPNSR_BSNS_ID,SERVING,ML_SPONSOR_RISK_V,SPNSR_BSNS_ID,1,2026-10-08 04:18:38.968000
ML,ML_RST_DATA_SPNSR_CHURN_12M,CMPGN_CTGR_CD,SERVING,ML_SPONSOR_RISK_V,CMPGN_CTGR_CD,1,2026-10-08 04:18:40.118000
BRONZE_CRM,TM_MM_FDRM_MBER_INFO,MBER_DIV_CD,GOLD,DIM_MEMBER_STATUS_HISTORY,MBER_DIV_CD,2,2026-10-08 04:18:41.259000
BRONZE_CRM,TM_MM_FDRM_MBER_INFO,MBER_DIV_CD,GOLD,DIM_MEMBER,MBER_DIV_CD,3,2026-10-08 04:18:41.259000
BRONZE_CRM,TM_MM_FDRM_MBER_INFO,MBER_DIV_CD,GOLD,WIDE_EVENT_PARTICIPATION,MBER_DIV_CD,3,2026-10-08 04:18:41.259000
BRONZE_CRM,TM_MM_FDRM_MBER_INFO,MBER_DIV_CD,GOLD,WIDE_MEMBER_EVENT,MBER_DIV_CD,3,2026-10-08 04:18:41.259000
BRONZE_CRM,TM_MM_FDRM_MBER_INFO,MBER_DIV_CD,GOLD,WIDE_MEMBER_MONTHLY,MBER_DIV_CD,3,2026-10-08 04:18:41.259000
BRONZE_CRM,TM_MM_FDRM_MBER_INFO,MBER_DIV_CD,GOLD,WIDE_SERVICE_EVENT,MBER_DIV_CD,3,2026-10-08 04:18:41.259000
BRONZE_CRM,TM_MM_FDRM_MBER_INFO,MBER_DIV_CD,GOLD,WIDE_MEMBER_FEE,MBER_DIV_CD,4,2026-10-08 04:18:41.259000
BRONZE_CRM,TM_MM_FDRM_MBER_INFO,CHRCTR_RECPTN_YN,GOLD,DIM_MEMBER,CHRCTR_RECPTN_YN,2,2026-10-08 04:18:54.814000
BRONZE_CRM,TM_MM_FDRM_MBER_INFO,SPECL_MNG_CD1,GOLD,DIM_MEMBER,SPECL_MNG_CD1,2,2026-10-08 04:18:56.562000
BRONZE_CRM,TM_MM_FDRM_MBER_INFO,MBER_STAT_CD,GOLD,DIM_MEMBER_STATUS_HISTORY,MBER_STAT_CD,2,2026-10-08 04:19:00.609000
BRONZE_CRM,TM_MM_FDRM_MBER_INFO,MBER_STAT_CD,GOLD,DIM_MEMBER_STATUS_HISTORY,MEMBER_STATUS_NAME,2,2026-10-08 04:19:00.609000
BRONZE_CRM,TM_MM_FDRM_MBER_INFO,MBER_STAT_CD,GOLD,DIM_MEMBER_STATUS_HISTORY,MEMBER_STATUS_GROUP,2,2026-10-08 04:19:00.609000
BRONZE_CRM,TM_MM_FDRM_MBER_INFO,MBER_STAT_CD,GOLD,DIM_MEMBER,MBER_STAT_CD,3,2026-10-08 04:19:00.609000
BRONZE_CRM,TM_MM_FDRM_MBER_INFO,MBER_STAT_CD,GOLD,WIDE_EVENT_PARTICIPATION,MBER_STAT_CD,3,2026-10-08 04:19:00.609000
BRONZE_CRM,TM_MM_FDRM_MBER_INFO,MBER_STAT_CD,GOLD,WIDE_MEMBER_MONTHLY,MBER_STAT_CD,3,2026-10-08 04:19:00.609000
BRONZE_CRM,TM_MM_FDRM_MBER_INFO,MBER_STAT_CD,GOLD,WIDE_SERVICE_EVENT,MBER_STAT_CD,3,2026-10-08 04:19:00.609000
BRONZE_CRM,TM_MM_FDRM_MBER_INFO,MBER_STAT_CD,GOLD,DIM_MEMBER,MEMBER_STATUS_NAME,3,2026-10-08 04:19:00.609000
BRONZE_CRM,TM_MM_FDRM_MBER_INFO,MBER_STAT_CD,GOLD,WIDE_EVENT_PARTICIPATION,MEMBER_STATUS_NAME,3,2026-10-08 04:19:00.609000
BRONZE_CRM,TM_MM_FDRM_MBER_INFO,MBER_STAT_CD,GOLD,WIDE_MEMBER_EVENT,MEMBER_STATUS_NAME,3,2026-10-08 04:19:00.609000
BRONZE_CRM,TM_MM_FDRM_MBER_INFO,MBER_STAT_CD,GOLD,DIM_MEMBER,MEMBER_STATUS_GROUP,3,2026-10-08 04:19:00.609000
BRONZE_CRM,TM_MM_FDRM_MBER_INFO,MBER_STAT_CD,GOLD,WIDE_MEMBER_EVENT,MBER_STAT_CD,3,2026-10-08 04:19:00.609000
BRONZE_CRM,TM_MM_FDRM_MBER_INFO,MBER_STAT_CD,GOLD,WIDE_MEMBER_FEE,MBER_STAT_CD,4,2026-10-08 04:19:00.609000
BRONZE_CRM,TM_MM_FDRM_MBER_INFO,MBER_STAT_CD,GOLD,WIDE_SERVICE_EVENT,MEMBER_STATUS_NAME,3,2026-10-08 04:19:00.609000
BRONZE_CRM,TM_MM_FDRM_MBER_INFO,MBER_STAT_CD,GOLD,WIDE_MEMBER_FEE,MEMBER_STATUS_NAME,4,2026-10-08 04:19:00.609000
BRONZE_CRM,TM_MM_FDRM_MBER_INFO,MBER_STAT_CD,GOLD,WIDE_MEMBER_MONTHLY,MEMBER_STATUS_NAME,3,2026-10-08 04:19:00.609000
BRONZE_CRM,TM_MM_FDRM_MBER_INFO,JOIN_PATH_CD,GOLD,DIM_MEMBER_STATUS_HISTORY,JOIN_PATH_CD,2,2026-10-08 04:19:05.040000
BRONZE_CRM,TM_MM_FDRM_MBER_INFO,JOIN_PATH_CD,GOLD,DIM_MEMBER_STATUS_HISTORY,ENROLL_PATH_NAME,2,2026-10-08 04:19:05.040000
BRONZE_CRM,TM_MM_FDRM_MBER_INFO,JOIN_PATH_CD,GOLD,WIDE_MEMBER_EVENT,JOIN_PATH_CD,3,2026-10-08 04:19:05.040000
BRONZE_CRM,TM_MM_FDRM_MBER_INFO,JOIN_PATH_CD,GOLD,DIM_MEMBER,ENROLL_PATH_NAME,3,2026-10-08 04:19:05.040000
BRONZE_CRM,TM_MM_FDRM_MBER_INFO,JOIN_PATH_CD,GOLD,WIDE_MEMBER_EVENT,MEMBER_ENROLL_PATH_NAME,3,2026-10-08 04:19:05.040000
BRONZE_CRM,TM_MM_FDRM_MBER_INFO,JOIN_PATH_CD,GOLD,WIDE_MEMBER_MONTHLY,MEMBER_ENROLL_PATH_NAME,3,2026-10-08 04:19:05.040000
BRONZE_CRM,TM_MM_FDRM_MBER_INFO,JOIN_PATH_CD,GOLD,WIDE_MEMBER_MONTHLY,JOIN_PATH_CD,3,2026-10-08 04:19:05.040000
BRONZE_CRM,TM_MM_FDRM_MBER_INFO,JOIN_PATH_CD,GOLD,DIM_MEMBER,JOIN_PATH_CD,3,2026-10-08 04:19:05.040000
BRONZE_CRM,TM_MM_FDRM_MBER_INFO,SEX,GOLD,DIM_MEMBER_STATUS_HISTORY,SEX,2,2026-10-08 04:19:08.601000
BRONZE_CRM,TM_MM_FDRM_MBER_INFO,SEX,GOLD,DIM_MEMBER,SEX,3,2026-10-08 04:19:08.601000
BRONZE_CRM,TM_MM_FDRM_MBER_INFO,SEX,GOLD,WIDE_EVENT_PARTICIPATION,SEX,3,2026-10-08 04:19:08.601000
BRONZE_CRM,TM_MM_FDRM_MBER_INFO,SEX,GOLD,WIDE_MEMBER_EVENT,SEX,3,2026-10-08 04:19:08.601000
BRONZE_CRM,TM_MM_FDRM_MBER_INFO,SEX,GOLD,WIDE_MEMBER_MONTHLY,SEX,3,2026-10-08 04:19:08.601000
BRONZE_CRM,TM_MM_FDRM_MBER_INFO,SEX,GOLD,WIDE_SERVICE_EVENT,SEX,3,2026-10-08 04:19:08.601000
BRONZE_CRM,TM_MM_FDRM_MBER_INFO,SEX,GOLD,WIDE_MEMBER_FEE,SEX,4,2026-10-08 04:19:08.601000
BRONZE_CRM,TM_MS_MSG_AT_SNDNG,SNDNG_CD_ID,GOLD,DIM_SEND_REQUEST,SNDNG_CD_ID,2,2026-10-08 04:19:09.894000
BRONZE_CRM,TM_MS_MSG_AT_SNDNG,SNDNG_DTL_CD_ID,GOLD,DIM_SEND_REQUEST,SNDNG_DTL_CD_ID,2,2026-10-08 04:19:11.009000
BRONZE_CRM,TM_MS_MSG_AT_SNDNG,SNDNG_TY_CD,GOLD,DIM_SERVICE,SERVICE_SK,2,2026-10-08 04:19:12.149000
BRONZE_CRM,TM_MS_MSG_AT_SNDNG,SNDNG_TY_CD,GOLD,DIM_SERVICE,SUBTYPE,2,2026-10-08 04:19:12.149000
BRONZE_CRM,TM_MS_MSG_AT_SNDNG,SNDNG_TY_CD,GOLD,DIM_SEND_REQUEST,SNDNG_TY_CD,2,2026-10-08 04:19:12.149000
BRONZE_CRM,TM_MS_MSG_AT_SNDNG,SNDNG_TY_CD,GOLD,FACT_MESSAGE_DISPATCH,SERVICE_SK,2,2026-10-08 04:19:12.149000
BRONZE_CRM,TM_MS_MSG_AT_SNDNG,SNDNG_TY_CD,GOLD,WIDE_SERVICE_EVENT,SERVICE_SUBTYPE,3,2026-10-08 04:19:12.149000
BRONZE_CRM,TM_MS_MSG_AT_SNDNG,ALTRTV_MSG_SNDNG_YN,GOLD,DIM_SEND_REQUEST,ALTRTV_MSG_SNDNG_YN,2,2026-10-08 04:19:17.965000
BRONZE_CRM,TM_MM_FDRM_MBER_RELATNSP_DVLP_AMT,BF_STAT_CD,GOLD,FACT_RELATION_DEV,BF_STAT_CD,2,2026-10-08 04:19:19.197000
BRONZE_CRM,TM_MM_FDRM_MBER_RELATNSP_DVLP_AMT,AF_STAT_CD,GOLD,FACT_RELATION_DEV,AF_STAT_CD,2,2026-10-08 04:19:20.482000
BRONZE_CRM,TM_MM_FDRM_MBER_RELATNSP_DVLP_AMT,RELATNSP_DVLP_DIV_CD,GOLD,FACT_RELATION_DEV,RELATNSP_DVLP_DIV_CD,2,2026-10-08 04:19:21.603000
BRONZE_CRM,TM_MM_FDRM_MBER_RELATNSP_DVLP_AMT,ACCNUT_STATS_CD,GOLD,FACT_RELATION_DEV,ACCNUT_STATS_CD,2,2026-10-08 04:19:22.736000
BRONZE_CRM,TM_MM_FDRM_MBER_RELATNSP_DVLP_AMT,CHILD_STATS_CD,GOLD,FACT_RELATION_DEV,CHILD_STATS_CD,2,2026-10-08 04:19:23.891000
SILVER,CRM_RELATION_DEV,BF_STAT_CD,GOLD,FACT_RELATION_DEV,BF_STAT_CD,1,2026-10-08 04:19:24.973000
SILVER,CRM_RELATION_DEV,AF_STAT_CD,GOLD,FACT_RELATION_DEV,AF_STAT_CD,1,2026-10-08 04:19:26.103000
SILVER,CRM_RELATION_DEV,RELATNSP_DVLP_DIV_CD,GOLD,FACT_RELATION_DEV,RELATNSP_DVLP_DIV_CD,1,2026-10-08 04:19:27.106000
SILVER,CRM_RELATION_DEV,ACCNUT_STATS_CD,GOLD,FACT_RELATION_DEV,ACCNUT_STATS_CD,1,2026-10-08 04:19:28.147000
SILVER,CRM_RELATION_DEV,CHILD_STATS_CD,GOLD,FACT_RELATION_DEV,CHILD_STATS_CD,1,2026-10-08 04:19:29.238000
BRONZE_CRM,TM_PM_DNTN_DTLS,SETLE_CD,GOLD,FACT_MEMBER_FEE,SETLE_CD,2,2026-10-08 04:19:32.008000
BRONZE_CRM,TM_PM_DNTN_DTLS,SETLE_CD,GOLD,WIDE_MEMBER_FEE,SETLE_CD,3,2026-10-08 04:19:32.008000
BRONZE_CRM,TM_PM_DNTN_DTLS,SPNSR_BSNS_ID,GOLD,FACT_MEMBER_MONTHLY,PAID_SPONSOR_BIZ_CNT,2,2026-10-08 04:19:37.426000
BRONZE_CRM,TD_MS_EVENT_PRTCPNT_DTL,EVENT_PARTCPT_DIV_CD,GOLD,FACT_EVENT_ATTENDANCE,EVENT_PARTCPT_DIV_CD,2,2026-10-08 04:19:39.224000
BRONZE_CRM,TD_MS_EVENT_PRTCPNT_DTL,PARTCPT_CHNNL_CD,GOLD,FACT_EVENT_ATTENDANCE,PART_CHANNEL,2,2026-10-08 04:19:40.497000
BRONZE_CRM,TD_MS_EVENT_PRTCPNT_DTL,PARTCPT_CHNNL_CD,GOLD,FACT_EVENT_ATTENDANCE,PART_CHANNEL_GROUP,2,2026-10-08 04:19:40.497000
BRONZE_CRM,TD_MS_EVENT_PRTCPNT_DTL,PARTCPT_CHNNL_CD,GOLD,WIDE_EVENT_PARTICIPATION,PART_CHANNEL_GROUP,3,2026-10-08 04:19:40.497000
BRONZE_CRM,TD_MS_EVENT_PRTCPNT_DTL,PARTCPT_CHNNL_CD,GOLD,WIDE_EVENT_PARTICIPATION,PART_CHANNEL,3,2026-10-08 04:19:40.497000
BRONZE_CRM,TD_MS_EVENT_PRTCPNT_DTL,PARTCPT_PATH_CD,GOLD,FACT_EVENT_ATTENDANCE,PART_PATH,2,2026-10-08 04:19:41.882000
BRONZE_CRM,TD_MS_EVENT_PRTCPNT_DTL,PARTCPT_PATH_CD,GOLD,FACT_EVENT_ATTENDANCE,PART_PATH_GROUP,2,2026-10-08 04:19:41.882000
BRONZE_CRM,TD_MS_EVENT_PRTCPNT_DTL,PARTCPT_PATH_CD,GOLD,WIDE_EVENT_PARTICIPATION,PART_PATH,3,2026-10-08 04:19:41.882000
BRONZE_CRM,TD_MS_EVENT_PRTCPNT_DTL,PARTCPT_PATH_CD,GOLD,WIDE_EVENT_PARTICIPATION,PART_PATH_GROUP,3,2026-10-08 04:19:41.882000
BRONZE_CRM,TD_MS_EVENT_PRTCPNT_DTL,PARTCPT_STAT_CD,GOLD,FACT_EVENT_ATTENDANCE,PART_STATUS,2,2026-10-08 04:19:43.314000
BRONZE_CRM,TD_MS_EVENT_PRTCPNT_DTL,PARTCPT_STAT_CD,GOLD,FACT_EVENT_ATTENDANCE,WAIT_CNT,2,2026-10-08 04:19:43.314000
BRONZE_CRM,TD_MS_EVENT_PRTCPNT_DTL,PARTCPT_STAT_CD,GOLD,FACT_EVENT_ATTENDANCE,PART_STATUS_GROUP,2,2026-10-08 04:19:43.314000
BRONZE_CRM,TD_MS_EVENT_PRTCPNT_DTL,PARTCPT_STAT_CD,GOLD,FACT_EVENT_ATTENDANCE,CANCEL_CNT,2,2026-10-08 04:19:43.314000
BRONZE_CRM,TD_MS_EVENT_PRTCPNT_DTL,PARTCPT_STAT_CD,GOLD,FACT_EVENT_ATTENDANCE,ABSENT_CNT,2,2026-10-08 04:19:43.314000
BRONZE_CRM,TD_MS_EVENT_PRTCPNT_DTL,PARTCPT_STAT_CD,GOLD,WIDE_EVENT_PARTICIPATION,CANCEL_CNT,3,2026-10-08 04:19:43.314000
BRONZE_CRM,TD_MS_EVENT_PRTCPNT_DTL,PARTCPT_STAT_CD,GOLD,WIDE_EVENT_PARTICIPATION,PART_STATUS,3,2026-10-08 04:19:43.314000
BRONZE_CRM,TD_MS_EVENT_PRTCPNT_DTL,PARTCPT_STAT_CD,GOLD,WIDE_EVENT_PARTICIPATION,PART_STATUS_GROUP,3,2026-10-08 04:19:43.314000
BRONZE_CRM,TD_MS_EVENT_PRTCPNT_DTL,PARTCPT_STAT_CD,GOLD,WIDE_EVENT_PARTICIPATION,ABSENT_CNT,3,2026-10-08 04:19:43.314000
BRONZE_CRM,TD_MS_EVENT_PRTCPNT_DTL,PARTCPT_STAT_CD,GOLD,WIDE_EVENT_PARTICIPATION,WAIT_CNT,3,2026-10-08 04:19:43.314000
BRONZE_CRM,TH_PM_SETLE_INFO_HIST,CPR_DIV_CD,GOLD,FACT_PAYMENT_METHOD_CHANGE,CPR_DIV_CD,2,2026-10-08 04:19:44.868000
BRONZE_CRM,TH_PM_SETLE_INFO_HIST,CRTFC_TY_CD,GOLD,FACT_PAYMENT_METHOD_CHANGE,CRTFC_TY_CD,2,2026-10-08 04:19:45.926000
BRONZE_CRM,TH_PM_SETLE_INFO_HIST,OPERT_DIV_CD,GOLD,FACT_PAYMENT_METHOD_CHANGE,OPERT_DIV_CD,2,2026-10-08 04:19:47.002000
BRONZE_CRM,TH_PM_SETLE_INFO_HIST,APPLCNT_MBER_REL_CD,GOLD,FACT_PAYMENT_METHOD_CHANGE,APPLCNT_MBER_REL_CD,2,2026-10-08 04:19:48.008000
BRONZE_CRM,TH_PM_SETLE_INFO_HIST,APPLCNT_ETC_CTTPC_REL_CD,GOLD,FACT_PAYMENT_METHOD_CHANGE,APPLCNT_ETC_CTTPC_REL_CD,2,2026-10-08 04:19:49.693000
BRONZE_CRM,TH_PM_SETLE_INFO_HIST,RQEST_EXCL_YN,GOLD,FACT_PAYMENT_METHOD_CHANGE,RQEST_EXCL_YN,2,2026-10-08 04:19:51.047000
BRONZE_CRM,TH_PM_SETLE_INFO_HIST,APRV_YN,GOLD,FACT_PAYMENT_METHOD_CHANGE,APRV_YN,2,2026-10-08 04:19:52.201000
BRONZE_CRM,TH_PM_SETLE_INFO_HIST,RCEPT_DIV_CD,GOLD,FACT_PAYMENT_METHOD_CHANGE,RCEPT_DIV_CD,2,2026-10-08 04:19:53.223000
BRONZE_CRM,TH_PM_SETLE_INFO_HIST,RQST_DIV_CD,GOLD,FACT_PAYMENT_METHOD_CHANGE,RQST_DIV_CD,2,2026-10-08 04:19:54.298000
BRONZE_CRM,TH_PM_SETLE_INFO_HIST,BF_SETLE_STAT_CD,GOLD,FACT_PAYMENT_METHOD_CHANGE,BF_SETLE_STAT_CD,2,2026-10-08 04:19:55.489000
BRONZE_CRM,TH_PM_SETLE_INFO_HIST,SETLE_STAT_CD,GOLD,FACT_PAYMENT_METHOD_CHANGE,SETLE_STAT_CD,2,2026-10-08 04:19:56.584000
BRONZE_CRM,TH_PM_SETLE_INFO_HIST,CRTFC_MTH_CD,GOLD,FACT_PAYMENT_METHOD_CHANGE,CRTFC_MTH_CD,2,2026-10-08 04:19:57.674000
BRONZE_CRM,TH_PM_SETLE_INFO_HIST,PAYER_MBER_REL_CD,GOLD,FACT_PAYMENT_METHOD_CHANGE,PAYER_MBER_REL_CD,2,2026-10-08 04:19:58.793000
BRONZE_CRM,TH_PM_SETLE_INFO_HIST,ETC_CTTPC_REL_CD,GOLD,FACT_PAYMENT_METHOD_CHANGE,ETC_CTTPC_REL_CD,2,2026-10-08 04:19:59.909000
BRONZE_CRM,TH_PM_SETLE_INFO_HIST,CARD_DIV_CD,GOLD,FACT_PAYMENT_METHOD_CHANGE,CARD_DIV_CD,2,2026-10-08 04:20:01.074000
BRONZE_CRM,TH_PM_SETLE_INFO_HIST,SETLE_ENTRPS_CD,GOLD,FACT_PAYMENT_METHOD_CHANGE,SETLE_ENTRPS_CD,2,2026-10-08 04:20:03.043000
BRONZE_CRM,TH_PM_SETLE_INFO_HIST,FNLT_CD,GOLD,FACT_PAYMENT_METHOD_CHANGE,FNLT_CD,2,2026-10-08 04:20:04.224000
BRONZE_CRM,TH_PM_SETLE_INFO_HIST,FNLT_DIV_CD,GOLD,FACT_PAYMENT_METHOD_CHANGE,FNLT_DIV_CD,2,2026-10-08 04:20:05.496000
BRONZE_CRM,TH_PM_SETLE_INFO_HIST,SETLE_CD,GOLD,FACT_PAYMENT_METHOD_CHANGE,SETLE_CD,2,2026-10-08 04:20:06.633000
SILVER,CRM_PAYMENT_METHOD_HIST,CPR_DIV_CD,GOLD,FACT_PAYMENT_METHOD_CHANGE,CPR_DIV_CD,1,2026-10-08 04:20:07.754000
SILVER,CRM_PAYMENT_METHOD_HIST,SETLE_ENTRPS_CD,GOLD,FACT_PAYMENT_METHOD_CHANGE,SETLE_ENTRPS_CD,1,2026-10-08 04:20:08.828000
SILVER,CRM_PAYMENT_METHOD_HIST,SETLE_CD,GOLD,FACT_PAYMENT_METHOD_CHANGE,SETLE_CD,1,2026-10-08 04:20:10.506000
SILVER,CRM_PAYMENT_METHOD_HIST,FNLT_DIV_CD,GOLD,FACT_PAYMENT_METHOD_CHANGE,FNLT_DIV_CD,1,2026-10-08 04:20:12.712000
SILVER,CRM_PAYMENT_METHOD_HIST,FNLT_CD,GOLD,FACT_PAYMENT_METHOD_CHANGE,FNLT_CD,1,2026-10-08 04:20:14.555000
SILVER,CRM_PAYMENT_METHOD_HIST,APRV_YN,GOLD,FACT_PAYMENT_METHOD_CHANGE,APRV_YN,1,2026-10-08 04:20:16.467000
SILVER,CRM_PAYMENT_METHOD_HIST,RCEPT_DIV_CD,GOLD,FACT_PAYMENT_METHOD_CHANGE,RCEPT_DIV_CD,1,2026-10-08 04:20:18.047000
SILVER,CRM_PAYMENT_METHOD_HIST,CRTFC_TY_CD,GOLD,FACT_PAYMENT_METHOD_CHANGE,CRTFC_TY_CD,1,2026-10-08 04:20:19.575000
SILVER,CRM_PAYMENT_METHOD_HIST,OPERT_DIV_CD,GOLD,FACT_PAYMENT_METHOD_CHANGE,OPERT_DIV_CD,1,2026-10-08 04:20:21.206000
SILVER,CRM_PAYMENT_METHOD_HIST,APPLCNT_MBER_REL_CD,GOLD,FACT_PAYMENT_METHOD_CHANGE,APPLCNT_MBER_REL_CD,1,2026-10-08 04:20:23.051000
SILVER,CRM_PAYMENT_METHOD_HIST,APPLCNT_ETC_CTTPC_REL_CD,GOLD,FACT_PAYMENT_METHOD_CHANGE,APPLCNT_ETC_CTTPC_REL_CD,1,2026-10-08 04:20:24.384000
SILVER,CRM_PAYMENT_METHOD_HIST,RQEST_EXCL_YN,GOLD,FACT_PAYMENT_METHOD_CHANGE,RQEST_EXCL_YN,1,2026-10-08 04:20:25.862000
SILVER,CRM_PAYMENT_METHOD_HIST,RQST_DIV_CD,GOLD,FACT_PAYMENT_METHOD_CHANGE,RQST_DIV_CD,1,2026-10-08 04:20:26.926000
SILVER,CRM_PAYMENT_METHOD_HIST,BF_SETLE_STAT_CD,GOLD,FACT_PAYMENT_METHOD_CHANGE,BF_SETLE_STAT_CD,1,2026-10-08 04:20:28.113000
SILVER,CRM_PAYMENT_METHOD_HIST,SETLE_STAT_CD,GOLD,FACT_PAYMENT_METHOD_CHANGE,SETLE_STAT_CD,1,2026-10-08 04:20:29.081000
SILVER,CRM_PAYMENT_METHOD_HIST,CRTFC_MTH_CD,GOLD,FACT_PAYMENT_METHOD_CHANGE,CRTFC_MTH_CD,1,2026-10-08 04:20:30.085000
SILVER,CRM_PAYMENT_METHOD_HIST,PAYER_MBER_REL_CD,GOLD,FACT_PAYMENT_METHOD_CHANGE,PAYER_MBER_REL_CD,1,2026-10-08 04:20:31.236000
SILVER,CRM_PAYMENT_METHOD_HIST,ETC_CTTPC_REL_CD,GOLD,FACT_PAYMENT_METHOD_CHANGE,ETC_CTTPC_REL_CD,1,2026-10-08 04:20:32.371000
SILVER,CRM_PAYMENT_METHOD_HIST,CARD_DIV_CD,GOLD,FACT_PAYMENT_METHOD_CHANGE,CARD_DIV_CD,1,2026-10-08 04:20:33.496000
BRONZE_CRM,TM_MM_FDRM_MBER_SPNSR_DSCNTC,DSCNTC_PATH,GOLD,FACT_MEMBER_EVENT,STOP_CHANNEL,2,2026-10-08 04:20:34.490000
BRONZE_CRM,TM_MM_FDRM_MBER_SPNSR_DSCNTC,DSCNTC_PATH,GOLD,WIDE_MEMBER_EVENT,STOP_CHANNEL,3,2026-10-08 04:20:34.490000
BRONZE_CRM,TM_MM_FDRM_MBER_SPNSR_DSCNTC,DSCNTC_RSN_CD,GOLD,FACT_MEMBER_EVENT,REASON_SK,2,2026-10-08 04:20:35.615000
BRONZE_CRM,TM_MM_FDRM_MBER_SPNSR_DSCNTC,DSCNTC_RSN_CD,GOLD,FACT_MEMBER_EVENT,STOP_REASON,2,2026-10-08 04:20:35.615000
BRONZE_CRM,TM_MM_FDRM_MBER_SPNSR_DSCNTC,DSCNTC_RSN_CD,GOLD,WIDE_MEMBER_EVENT,STOP_REASON,3,2026-10-08 04:20:35.615000
SILVER,CRM_MEMBER_DISCONTINUE,DSCNTC_RSN_CD,GOLD,FACT_MEMBER_EVENT,REASON_SK,1,2026-10-08 04:20:38.644000
SILVER,CRM_MEMBER_DISCONTINUE,DSCNTC_RSN_CD,GOLD,FACT_MEMBER_EVENT,STOP_REASON,1,2026-10-08 04:20:38.644000
SILVER,CRM_MEMBER_DISCONTINUE,DSCNTC_RSN_CD,GOLD,WIDE_MEMBER_EVENT,STOP_REASON,2,2026-10-08 04:20:38.644000
SILVER,CRM_MEMBER_DISCONTINUE,DSCNTC_RSN_NM,GOLD,FACT_MEMBER_EVENT,UNPAID_STOP_CNT,1,2026-10-08 04:20:39.765000
SILVER,CRM_MEMBER_DISCONTINUE,DSCNTC_RSN_NM,GOLD,FACT_MEMBER_EVENT,UNPAID_STOP_MEMBERS,1,2026-10-08 04:20:39.765000
SILVER,CRM_MEMBER_DISCONTINUE,DSCNTC_RSN_NM,GOLD,FACT_MEMBER_EVENT,STOP_REASON_NM,1,2026-10-08 04:20:39.765000
SILVER,CRM_MEMBER_DISCONTINUE,DSCNTC_RSN_NM,GOLD,WIDE_MEMBER_EVENT,UNPAID_STOP_CNT,2,2026-10-08 04:20:39.765000
SILVER,CRM_MEMBER_DISCONTINUE,DSCNTC_RSN_NM,GOLD,WIDE_MEMBER_EVENT,UNPAID_STOP_MEMBERS,2,2026-10-08 04:20:39.765000
SILVER,CRM_MEMBER_DISCONTINUE,DSCNTC_RSN_NM,GOLD,FACT_MEMBER_COHORT,FIRST_STOP_REASON_NM,2,2026-10-08 04:20:39.765000
SILVER,CRM_MEMBER_DISCONTINUE,DSCNTC_RSN_NM,GOLD,WIDE_MEMBER_SERVICE_COHORT,D5_STOP_REASON,2,2026-10-08 04:20:39.765000
SILVER,CRM_MEMBER_DISCONTINUE,DSCNTC_RSN_NM,GOLD,WIDE_MEMBER_EVENT,STOP_REASON_NM,2,2026-10-08 04:20:39.765000
SILVER,CRM_MEMBER_DISCONTINUE,DSCNTC_RSN_NM,GOLD,WIDE_MEMBER_SERVICE_COHORT,FIRST_STOP_REASON_NM,4,2026-10-08 04:20:39.765000
SILVER,CRM_MEMBER_DISCONTINUE,DSCNTC_RSN_NM,GOLD,DIM_MEMBER_ACQUISITION,FIRST_STOP_REASON_NM,3,2026-10-08 04:20:39.765000
SILVER,CRM_MEMBER_DISCONTINUE,DSCNTC_PATH,GOLD,FACT_MEMBER_EVENT,STOP_CHANNEL,1,2026-10-08 04:20:41.133000
SILVER,CRM_MEMBER_DISCONTINUE,DSCNTC_PATH,GOLD,WIDE_MEMBER_EVENT,STOP_CHANNEL,2,2026-10-08 04:20:41.133000
SILVER,CRM_MEMBER_DISCONTINUE,DSCNTC_PATH_NM,GOLD,FACT_MEMBER_EVENT,STOP_CHANNEL_NM,1,2026-10-08 04:20:42.253000
SILVER,CRM_MEMBER_DISCONTINUE,DSCNTC_PATH_NM,GOLD,WIDE_MEMBER_EVENT,STOP_CHANNEL_NM,2,2026-10-08 04:20:42.253000
SILVER,CRM_MEMBER_DISCONTINUE,DSCNTC_PATH_NM,GOLD,WIDE_MEMBER_SERVICE_COHORT,D5_STOP_CHANNEL,2,2026-10-08 04:20:42.253000
SILVER,CRM_EVENT_PARTICIPATION,SELF_PARTCPT_CD,GOLD,FACT_EVENT_ATTENDANCE,SELF_PART_FLAG,1,2026-10-08 04:20:44.556000
SILVER,CRM_EVENT_PARTICIPATION,SELF_PARTCPT_CD,GOLD,FACT_EVENT_ATTENDANCE,SELF_PARTCPT_CD,1,2026-10-08 04:20:44.556000
SILVER,CRM_EVENT_PARTICIPATION,SELF_PARTCPT_CD,GOLD,WIDE_EVENT_PARTICIPATION,SELF_PART_FLAG,2,2026-10-08 04:20:44.556000
SILVER,CRM_EVENT_PARTICIPATION,RCPMNY_STAT_CD,GOLD,FACT_EVENT_ATTENDANCE,RCPMNY_STAT_CD,1,2026-10-08 04:20:45.733000
SILVER,CRM_EVENT_PARTICIPATION,REFND_DATE,GOLD,FACT_EVENT_ATTENDANCE,REFND_DATE,1,2026-10-08 04:20:46.896000
SILVER,CRM_EVENT_PARTICIPATION,EVENT_PARTCPT_DIV_CD,GOLD,FACT_EVENT_ATTENDANCE,EVENT_PARTCPT_DIV_CD,1,2026-10-08 04:20:48.047000
SILVER,CRM_EVENT_PARTICIPATION,PARTCPT_STAT_CD,GOLD,FACT_EVENT_ATTENDANCE,PART_STATUS,1,2026-10-08 04:20:50.199000
SILVER,CRM_EVENT_PARTICIPATION,PARTCPT_STAT_CD,GOLD,WIDE_EVENT_PARTICIPATION,PART_STATUS,2,2026-10-08 04:20:50.199000
SILVER,CRM_EVENT_PARTICIPATION,PARTCPT_CHNNL_CD,GOLD,FACT_EVENT_ATTENDANCE,PART_CHANNEL,1,2026-10-08 04:20:51.435000
SILVER,CRM_EVENT_PARTICIPATION,PARTCPT_CHNNL_CD,GOLD,WIDE_EVENT_PARTICIPATION,PART_CHANNEL,2,2026-10-08 04:20:51.435000
SILVER,CRM_EVENT_PARTICIPATION,PARTCPT_PATH_CD,GOLD,FACT_EVENT_ATTENDANCE,PART_PATH,1,2026-10-08 04:20:52.700000
SILVER,CRM_EVENT_PARTICIPATION,PARTCPT_PATH_CD,GOLD,WIDE_EVENT_PARTICIPATION,PART_PATH,2,2026-10-08 04:20:52.700000
SILVER,CRM_EVENT_PARTICIPATION,PARTCPT_STAT_GROUP,GOLD,FACT_EVENT_ATTENDANCE,WAIT_CNT,1,2026-10-08 04:20:54.839000
SILVER,CRM_EVENT_PARTICIPATION,PARTCPT_STAT_GROUP,GOLD,FACT_EVENT_ATTENDANCE,CANCEL_CNT,1,2026-10-08 04:20:54.839000
SILVER,CRM_EVENT_PARTICIPATION,PARTCPT_STAT_GROUP,GOLD,FACT_EVENT_ATTENDANCE,ABSENT_CNT,1,2026-10-08 04:20:54.839000
SILVER,CRM_EVENT_PARTICIPATION,PARTCPT_STAT_GROUP,GOLD,FACT_EVENT_ATTENDANCE,PART_STATUS_GROUP,1,2026-10-08 04:20:54.839000
SILVER,CRM_EVENT_PARTICIPATION,PARTCPT_STAT_GROUP,GOLD,WIDE_EVENT_PARTICIPATION,WAIT_CNT,2,2026-10-08 04:20:54.839000
SILVER,CRM_EVENT_PARTICIPATION,PARTCPT_STAT_GROUP,GOLD,WIDE_EVENT_PARTICIPATION,CANCEL_CNT,2,2026-10-08 04:20:54.839000
SILVER,CRM_EVENT_PARTICIPATION,PARTCPT_STAT_GROUP,GOLD,WIDE_EVENT_PARTICIPATION,ABSENT_CNT,2,2026-10-08 04:20:54.839000
SILVER,CRM_EVENT_PARTICIPATION,PARTCPT_STAT_GROUP,GOLD,WIDE_EVENT_PARTICIPATION,PART_STATUS_GROUP,2,2026-10-08 04:20:54.839000
SILVER,CRM_EVENT_PARTICIPATION,PARTCPT_STAT_NM,GOLD,FACT_EVENT_ATTENDANCE,WAIT_CNT,1,2026-10-08 04:20:56.147000
SILVER,CRM_EVENT_PARTICIPATION,PARTCPT_STAT_NM,GOLD,FACT_EVENT_ATTENDANCE,CONFIRM_CNT,1,2026-10-08 04:20:56.147000
SILVER,CRM_EVENT_PARTICIPATION,PARTCPT_STAT_NM,GOLD,FACT_EVENT_ATTENDANCE,PARTICIPATION_TIMES,1,2026-10-08 04:20:56.147000
SILVER,CRM_EVENT_PARTICIPATION,PARTCPT_STAT_NM,GOLD,FACT_EVENT_ATTENDANCE,WAIT_TIMES,1,2026-10-08 04:20:56.147000
SILVER,CRM_EVENT_PARTICIPATION,PARTCPT_STAT_NM,GOLD,FACT_EVENT_ATTENDANCE,PART_STATUS_NAME,1,2026-10-08 04:20:56.147000
SILVER,CRM_EVENT_PARTICIPATION,PARTCPT_STAT_NM,GOLD,WIDE_EVENT_PARTICIPATION,CONFIRM_CNT,2,2026-10-08 04:20:56.147000
SILVER,CRM_EVENT_PARTICIPATION,PARTCPT_STAT_NM,GOLD,WIDE_EVENT_PARTICIPATION,WAIT_TIMES,2,2026-10-08 04:20:56.147000
SILVER,CRM_EVENT_PARTICIPATION,PARTCPT_STAT_NM,GOLD,WIDE_EVENT_PARTICIPATION,PART_STATUS_NAME,2,2026-10-08 04:20:56.147000
SILVER,CRM_EVENT_PARTICIPATION,PARTCPT_STAT_NM,GOLD,WIDE_EVENT_PARTICIPATION,PARTICIPATION_TIMES,2,2026-10-08 04:20:56.147000
SILVER,CRM_EVENT_PARTICIPATION,PARTCPT_STAT_NM,GOLD,WIDE_EVENT_PARTICIPATION,WAIT_CNT,2,2026-10-08 04:20:56.147000
SILVER,CRM_EVENT_PARTICIPATION,PARTCPT_CHNNL_NM,GOLD,FACT_EVENT_ATTENDANCE,PART_CHANNEL_NAME,1,2026-10-08 04:20:57.552000
SILVER,CRM_EVENT_PARTICIPATION,PARTCPT_CHNNL_NM,GOLD,WIDE_EVENT_PARTICIPATION,PART_CHANNEL_NAME,2,2026-10-08 04:20:57.552000
SILVER,CRM_EVENT_PARTICIPATION,PARTCPT_PATH_GROUP,GOLD,FACT_EVENT_ATTENDANCE,PART_PATH_GROUP,1,2026-10-08 04:20:58.784000
SILVER,CRM_EVENT_PARTICIPATION,PARTCPT_PATH_GROUP,GOLD,WIDE_EVENT_PARTICIPATION,PART_PATH_GROUP,2,2026-10-08 04:20:58.784000
SILVER,CRM_EVENT_PARTICIPATION,PARTCPT_PATH_NM,GOLD,FACT_EVENT_ATTENDANCE,PART_PATH_NAME,1,2026-10-08 04:20:59.961000
SILVER,CRM_EVENT_PARTICIPATION,PARTCPT_PATH_NM,GOLD,WIDE_EVENT_PARTICIPATION,PART_PATH_NAME,2,2026-10-08 04:20:59.961000
BRONZE_CRM,TM_MS_EMAIL_SNDNG,SNDNG_CD_ID,GOLD,DIM_SEND_REQUEST,SNDNG_CD_ID,2,2026-10-08 04:21:10.926000
BRONZE_CRM,TM_MS_EMAIL_SNDNG,SNDNG_DTL_CD_ID,GOLD,DIM_SEND_REQUEST,SNDNG_DTL_CD_ID,2,2026-10-08 04:21:12.038000
BRONZE_CRM,TM_MS_EMAIL_SNDNG,SNDNG_TY_CD,GOLD,DIM_SERVICE,SERVICE_SK,2,2026-10-08 04:21:13.099000
BRONZE_CRM,TM_MS_EMAIL_SNDNG,SNDNG_TY_CD,GOLD,DIM_SERVICE,SUBTYPE,2,2026-10-08 04:21:13.099000
BRONZE_CRM,TM_MS_EMAIL_SNDNG,SNDNG_TY_CD,GOLD,DIM_SEND_REQUEST,SNDNG_TY_CD,2,2026-10-08 04:21:13.099000
BRONZE_CRM,TM_MS_EMAIL_SNDNG,SNDNG_TY_CD,GOLD,FACT_MESSAGE_DISPATCH,SERVICE_SK,2,2026-10-08 04:21:13.099000
BRONZE_CRM,TM_MS_EMAIL_SNDNG,SNDNG_TY_CD,GOLD,WIDE_SERVICE_EVENT,SERVICE_SUBTYPE,3,2026-10-08 04:21:13.099000
BRONZE_CRM,TM_MS_EMAIL_SNDNG,PRCS_YN,GOLD,DIM_SEND_REQUEST,PRCS_YN,2,2026-10-08 04:21:14.296000
SILVER,CRM_CHILD,RELATNSP_STAT_CD,GOLD,DIM_CHILD,RELATNSP_STAT_CD,1,2026-10-08 04:21:18.155000
SILVER,CRM_CHILD,CHILD_STAT_CD,GOLD,DIM_CHILD,CHILD_STAT_CD,1,2026-10-08 04:21:19.263000
SILVER,CRM_CHILD,CHILD_DTL_STAT_CD,GOLD,DIM_CHILD,CHILD_DTL_STAT_CD,1,2026-10-08 04:21:20.924000
SILVER,CRM_CHILD,REGIST_DIV_CD,GOLD,DIM_CHILD,REGIST_DIV_CD,1,2026-10-08 04:21:21.935000
SILVER,CRM_CHILD,MNYRS_NATION_CD,GOLD,DIM_CHILD,MNYRS_NATION_CD,1,2026-10-08 04:21:23.170000
SILVER,CRM_CHILD,BPLC_CD,GOLD,DIM_CHILD,BPLC_CD,1,2026-10-08 04:21:24.198000
SILVER,CRM_CHILD,SEX,GOLD,DIM_CHILD,SEX,1,2026-10-08 04:21:25.272000
BRONZE_CRM,TM_RM_CHILD_MSTR_INFO,BPLC_CD,GOLD,DIM_CHILD,BPLC_CD,2,2026-10-08 04:21:26.267000
BRONZE_CRM,TM_RM_CHILD_MSTR_INFO,SEX,GOLD,DIM_CHILD,SEX,2,2026-10-08 04:21:27.326000
BRONZE_CRM,TM_RM_CHILD_MSTR_INFO,RELATNSP_STAT_CD,GOLD,DIM_CHILD,RELATNSP_STAT_CD,2,2026-10-08 04:21:28.410000
BRONZE_CRM,TM_RM_CHILD_MSTR_INFO,CHILD_STAT_CD,GOLD,DIM_CHILD,CHILD_STAT_CD,2,2026-10-08 04:21:29.552000
BRONZE_CRM,TM_RM_CHILD_MSTR_INFO,CHILD_DTL_STAT_CD,GOLD,DIM_CHILD,CHILD_DTL_STAT_CD,2,2026-10-08 04:21:30.637000
BRONZE_CRM,TM_RM_CHILD_MSTR_INFO,REGIST_DIV_CD,GOLD,DIM_CHILD,REGIST_DIV_CD,2,2026-10-08 04:21:31.749000
BRONZE_CRM,TM_RM_CHILD_MSTR_INFO,MNYRS_NATION_CD,GOLD,DIM_CHILD,MNYRS_NATION_CD,2,2026-10-08 04:21:32.852000
SILVER,CRM_RELATION_ACTIVITY,ACTIVITY_TYPE,GOLD,FACT_RELATION_ACTIVITY,ACTIVITY_TYPE,1,2026-10-08 04:21:35.019000
SILVER,CRM_RELATION_ACTIVITY,MNG_NO,GOLD,FACT_RELATION_ACTIVITY,MNG_NO,1,2026-10-08 04:21:36.419000
SILVER,CRM_RELATION_ACTIVITY,LANG_CD,GOLD,FACT_RELATION_ACTIVITY,LANG_CD,1,2026-10-08 04:21:37.852000
SILVER,CRM_RELATION_ACTIVITY,ONLINE_POST_WRITNG_YN,GOLD,FACT_RELATION_ACTIVITY,ONLINE_POST_WRITNG_YN,1,2026-10-08 04:21:39.526000
SILVER,CRM_RELATION_ACTIVITY,SETLE_CD,GOLD,FACT_RELATION_ACTIVITY,SETLE_CD,1,2026-10-08 04:21:41.147000
SILVER,CRM_RELATION_ACTIVITY,GFT_DIV_CD,GOLD,FACT_RELATION_ACTIVITY,GFT_DIV_CD,1,2026-10-08 04:21:42.406000
SILVER,CRM_RELATION_ACTIVITY,GFTMNEY_DOLLAR_AMT,GOLD,FACT_RELATION_ACTIVITY,GFTMNEY_DOLLAR_AMT,1,2026-10-08 04:21:43.653000
SILVER,CRM_RELATION_ACTIVITY,TRNSFER_YN,GOLD,FACT_RELATION_ACTIVITY,TRNSFER_YN,1,2026-10-08 04:21:45
SILVER,AGENCY_AD_PERFORMANCE,AD_SOURCE_TYPE,GOLD,FACT_AD_PERFORMANCE,AD_SOURCE_TYPE,1,2026-10-08 04:22:04.393000
SILVER,AGENCY_AD_PERFORMANCE,AD_SOURCE_TYPE,GOLD,WIDE_AD_BROADCAST_CASE,AD_SOURCE_TYPE,2,2026-10-08 04:22:04.393000
SILVER,AGENCY_AD_PERFORMANCE,AD_SOURCE_TYPE,GOLD,WIDE_AD_DIGITAL,AD_SOURCE_TYPE,2,2026-10-08 04:22:04.393000
SILVER,AGENCY_AD_PERFORMANCE,AD_SOURCE_TYPE,GOLD,WIDE_AD_PERFORMANCE,AD_SOURCE_TYPE,2,2026-10-08 04:22:04.393000
SILVER,AGENCY_AD_PERFORMANCE,AD_SOURCE_TYPE,GOLD,WIDE_AD_COMBINED,AD_SOURCE_TYPE,2,2026-10-08 04:22:04.393000
SILVER,AGENCY_AD_PERFORMANCE,AD_SOURCE_TYPE,GOLD,WIDE_AD_BROADCAST,AD_SOURCE_TYPE,2,2026-10-08 04:22:04.393000
SILVER,AGENCY_AD_ROW_DGT,DAY,GOLD,FACT_AD_PERFORMANCE,PERF_DATE_SK,2,2026-10-08 04:22:12.250000
SILVER,AGENCY_AD_ROW_DGT,DAY,GOLD,FACT_AD_PERFORMANCE,DAY_OF_WEEK,2,2026-10-08 04:22:12.250000
SILVER,AGENCY_AD_ROW_DGT,DAY,GOLD,FACT_AD_PERFORMANCE,WEEK_OF_YEAR,2,2026-10-08 04:22:12.250000
SILVER,AGENCY_AD_ROW_DGT,DAY,GOLD,WIDE_AD_BROADCAST,PERF_DATE_SK,3,2026-10-08 04:22:12.250000
SILVER,AGENCY_AD_ROW_DGT,DAY,GOLD,WIDE_AD_BROADCAST_CASE,PERF_DATE_SK,3,2026-10-08 04:22:12.250000
SILVER,AGENCY_AD_ROW_DGT,DAY,GOLD,WIDE_AD_DIGITAL,PERF_DATE_SK,3,2026-10-08 04:22:12.250000
SILVER,AGENCY_AD_ROW_DGT,DAY,GOLD,WIDE_AD_PERFORMANCE,PERF_DATE_SK,3,2026-10-08 04:22:12.250000
SILVER,AGENCY_AD_ROW_DGT,DAY,GOLD,WIDE_AD_PERFORMANCE,WEEK_OF_YEAR,3,2026-10-08 04:22:12.250000
SILVER,AGENCY_AD_ROW_DGT,DAY,GOLD,WIDE_AD_COMBINED,PERF_DATE_SK,3,2026-10-08 04:22:12.250000
SILVER,AGENCY_AD_ROW_DGT,DAY,GOLD,WIDE_AD_COMBINED,DAY_OF_WEEK,3,2026-10-08 04:22:12.250000
SILVER,AGENCY_AD_ROW_DGT,DAY,GOLD,WIDE_AD_PERFORMANCE,DAY_OF_WEEK,3,2026-10-08 04:22:12.250000
SILVER,AGENCY_AD_ROW_DGT,DAY,GOLD,WIDE_AD_COMBINED,WEEK_OF_YEAR,3,2026-10-08 04:22:12.250000
SILVER,AGENCY_AD_ROW_DGT,PAGE_TYPE_NM,GOLD,FACT_AD_DIGITAL,PAGE_TYPE,2,2026-10-08 04:22:14.788000
SILVER,AGENCY_AD_ROW_DGT,PAGE_TYPE_NM,GOLD,WIDE_AD_COMBINED,PAGE_TYPE,3,2026-10-08 04:22:14.788000
SILVER,AGENCY_AD_ROW_DGT,PAGE_TYPE_NM,GOLD,WIDE_AD_DIGITAL,PAGE_TYPE,3,2026-10-08 04:22:14.788000
BRONZE_AGENCY,DGT_AD_CMPGN_DTLS,YEAR,GOLD,FACT_AD_DIGITAL,AD_PERF_DK,3,2026-10-08 04:22:17.059000
BRONZE_AGENCY,DGT_AD_CMPGN_DTLS,YEAR,GOLD,FACT_AD_PERFORMANCE,AD_PERF_DK,3,2026-10-08 04:22:17.059000
BRONZE_AGENCY,DGT_AD_CMPGN_DTLS,YEAR,GOLD,FACT_AD_PERFORMANCE,WEEK_OF_YEAR,3,2026-10-08 04:22:17.059000
BRONZE_AGENCY,DGT_AD_CMPGN_DTLS,YEAR,GOLD,FACT_AD_PERFORMANCE,PERF_DATE_SK,3,2026-10-08 04:22:17.059000
BRONZE_AGENCY,DGT_AD_CMPGN_DTLS,YEAR,GOLD,WIDE_AD_DIGITAL,AD_PERF_DK,4,2026-10-08 04:22:17.059000
BRONZE_AGENCY,DGT_AD_CMPGN_DTLS,YEAR,GOLD,WIDE_AD_PERFORMANCE,AD_PERF_DK,4,2026-10-08 04:22:17.059000
BRONZE_AGENCY,DGT_AD_CMPGN_DTLS,YEAR,GOLD,WIDE_AD_COMBINED,PERF_DATE_SK,4,2026-10-08 04:22:17.059000
BRONZE_AGENCY,DGT_AD_CMPGN_DTLS,YEAR,GOLD,WIDE_AD_DIGITAL,PERF_DATE_SK,4,2026-10-08 04:22:17.059000
BRONZE_AGENCY,DGT_AD_CMPGN_DTLS,YEAR,GOLD,WIDE_AD_COMBINED,DAY_OF_WEEK,4,2026-10-08 04:22:17.059000
BRONZE_AGENCY,DGT_AD_CMPGN_DTLS,YEAR,GOLD,WIDE_AD_PERFORMANCE,DAY_OF_WEEK,4,2026-10-08 04:22:17.059000
BRONZE_AGENCY,DGT_AD_CMPGN_DTLS,YEAR,GOLD,WIDE_AD_COMBINED,WEEK_OF_YEAR,4,2026-10-08 04:22:17.059000
BRONZE_AGENCY,DGT_AD_CMPGN_DTLS,YEAR,GOLD,WIDE_AD_COMBINED,AD_PERF_DK,4,2026-10-08 04:22:17.059000
BRONZE_AGENCY,DGT_AD_CMPGN_DTLS,YEAR,GOLD,WIDE_AD_BROADCAST,PERF_DATE_SK,4,2026-10-08 04:22:17.059000
BRONZE_AGENCY,DGT_AD_CMPGN_DTLS,YEAR,GOLD,FACT_AD_PERFORMANCE,DAY_OF_WEEK,3,2026-10-08 04:22:17.059000
BRONZE_AGENCY,DGT_AD_CMPGN_DTLS,YEAR,GOLD,WIDE_AD_PERFORMANCE,PERF_DATE_SK,4,2026-10-08 04:22:17.059000
BRONZE_AGENCY,DGT_AD_CMPGN_DTLS,YEAR,GOLD,WIDE_AD_PERFORMANCE,WEEK_OF_YEAR,4,2026-10-08 04:22:17.059000
BRONZE_AGENCY,DGT_AD_CMPGN_DTLS,YEAR,GOLD,WIDE_AD_BROADCAST_CASE,PERF_DATE_SK,4,2026-10-08 04:22:17.059000
BRONZE_AGENCY,DGT_AD_CMPGN_DTLS,BDGT_SOURCE_NM,GOLD,FACT_AD_DIGITAL,AD_PERF_DK,3,2026-10-08 04:22:18.467000
BRONZE_AGENCY,DGT_AD_CMPGN_DTLS,BDGT_SOURCE_NM,GOLD,FACT_AD_PERFORMANCE,AD_PERF_DK,3,2026-10-08 04:22:18.467000
BRONZE_AGENCY,DGT_AD_CMPGN_DTLS,BDGT_SOURCE_NM,GOLD,WIDE_AD_COMBINED,AD_PERF_DK,4,2026-10-08 04:22:18.467000
BRONZE_AGENCY,DGT_AD_CMPGN_DTLS,BDGT_SOURCE_NM,GOLD,WIDE_AD_PERFORMANCE,AD_PERF_DK,4,2026-10-08 04:22:18.467000
BRONZE_AGENCY,DGT_AD_CMPGN_DTLS,BDGT_SOURCE_NM,GOLD,WIDE_AD_DIGITAL,AD_PERF_DK,4,2026-10-08 04:22:18.467000
BRONZE_AGENCY,DGT_AD_CMPGN_DTLS,CMPGN_TYPE1_BSN_NM,GOLD,FACT_AD_DIGITAL,AD_PERF_DK,3,2026-10-08 04:22:19.674000
BRONZE_AGENCY,DGT_AD_CMPGN_DTLS,CMPGN_TYPE1_BSN_NM,GOLD,FACT_AD_PERFORMANCE,AD_PERF_DK,3,2026-10-08 04:22:19.674000
BRONZE_AGENCY,DGT_AD_CMPGN_DTLS,CMPGN_TYPE1_BSN_NM,GOLD,WIDE_AD_COMBINED,AD_PERF_DK,4,2026-10-08 04:22:19.674000
BRONZE_AGENCY,DGT_AD_CMPGN_DTLS,CMPGN_TYPE1_BSN_NM,GOLD,WIDE_AD_PERFORMANCE,AD_PERF_DK,4,2026-10-08 04:22:19.674000
BRONZE_AGENCY,DGT_AD_CMPGN_DTLS,CMPGN_TYPE1_BSN_NM,GOLD,WIDE_AD_DIGITAL,AD_PERF_DK,4,2026-10-08 04:22:19.674000
BRONZE_AGENCY,DGT_AD_CMPGN_DTLS,CMPGN_TYPE2_BSN_NM,GOLD,FACT_AD_PERFORMANCE,AD_PERF_DK,3,2026-10-08 04:22:21.440000
BRONZE_AGENCY,DGT_AD_CMPGN_DTLS,CMPGN_TYPE2_BSN_NM,GOLD,WIDE_AD_COMBINED,AD_PERF_DK,4,2026-10-08 04:22:21.440000
BRONZE_AGENCY,DGT_AD_CMPGN_DTLS,CMPGN_TYPE2_BSN_NM,GOLD,WIDE_AD_DIGITAL,AD_PERF_DK,4,2026-10-08 04:22:21.440000
BRONZE_AGENCY,DGT_AD_CMPGN_DTLS,CMPGN_TYPE2_BSN_NM,GOLD,FACT_AD_DIGITAL,AD_PERF_DK,3,2026-10-08 04:22:21.440000
BRONZE_AGENCY,DGT_AD_CMPGN_DTLS,CMPGN_TYPE2_BSN_NM,GOLD,WIDE_AD_PERFORMANCE,AD_PERF_DK,4,2026-10-08 04:22:21.440000
SILVER,AGENCY_AD_ROW_DGT,MATR_TY_NM,GOLD,WIDE_AD_COMBINED,CREATIVE_TYPE,3,2026-10-08 04:22:22.672000
SILVER,AGENCY_AD_ROW_DGT,MATR_TY_NM,GOLD,WIDE_AD_DIGITAL,CREATIVE_TYPE,3,2026-10-08 04:22:22.672000
SILVER,AGENCY_AD_ROW_DGT,MATR_TY_NM,GOLD,FACT_AD_DIGITAL,CREATIVE_TYPE,2,2026-10-08 04:22:22.672000
SILVER,AGENCY_AD_ROW_DGT,AD_GRP_NM,GOLD,FACT_AD_DIGITAL,AD_GROUP_NM,2,2026-10-08 04:22:23.835000
SILVER,AGENCY_AD_ROW_DGT,AD_GRP_NM,GOLD,WIDE_AD_COMBINED,AD_GROUP_NM,3,2026-10-08 04:22:23.835000
SILVER,AGENCY_AD_ROW_DGT,AD_GRP_NM,GOLD,WIDE_AD_DIGITAL,AD_GROUP_NM,3,2026-10-08 04:22:23.835000
BRONZE_AGENCY,DGT_AD_CMPGN_DTLS,CMPGN_TYPE_BSN_NM,GOLD,FACT_AD_DIGITAL,AD_PERF_DK,3,2026-10-08 04:22:26.063000
BRONZE_AGENCY,DGT_AD_CMPGN_DTLS,CMPGN_TYPE_BSN_NM,GOLD,FACT_AD_PERFORMANCE,AD_PERF_DK,3,2026-10-08 04:22:26.063000
BRONZE_AGENCY,DGT_AD_CMPGN_DTLS,CMPGN_TYPE_BSN_NM,GOLD,WIDE_AD_DIGITAL,AD_PERF_DK,4,2026-10-08 04:22:26.063000
BRONZE_AGENCY,DGT_AD_CMPGN_DTLS,CMPGN_TYPE_BSN_NM,GOLD,WIDE_AD_PERFORMANCE,AD_PERF_DK,4,2026-10-08 04:22:26.063000
BRONZE_AGENCY,DGT_AD_CMPGN_DTLS,CMPGN_TYPE_BSN_NM,GOLD,WIDE_AD_COMBINED,AD_PERF_DK,4,2026-10-08 04:22:26.063000
BRONZE_AGENCY,DGT_AD_CMPGN_DTLS,AD_TY_NM,GOLD,FACT_AD_DIGITAL,AD_PERF_DK,3,2026-10-08 04:22:27.288000
BRONZE_AGENCY,DGT_AD_CMPGN_DTLS,AD_TY_NM,GOLD,FACT_AD_DIGITAL,AD_TYPE_NM,3,2026-10-08 04:22:27.288000
BRONZE_AGENCY,DGT_AD_CMPGN_DTLS,AD_TY_NM,GOLD,WIDE_AD_DIGITAL,AD_PERF_DK,4,2026-10-08 04:22:27.288000
BRONZE_AGENCY,DGT_AD_CMPGN_DTLS,AD_TY_NM,GOLD,WIDE_AD_COMBINED,AD_PERF_DK,4,2026-10-08 04:22:27.288000
BRONZE_AGENCY,DGT_AD_CMPGN_DTLS,AD_TY_NM,GOLD,WIDE_AD_PERFORMANCE,AD_PERF_DK,4,2026-10-08 04:22:27.288000
BRONZE_AGENCY,DGT_AD_CMPGN_DTLS,AD_TY_NM,GOLD,WIDE_AD_COMBINED,AD_TYPE_NM,4,2026-10-08 04:22:27.288000
BRONZE_AGENCY,DGT_AD_CMPGN_DTLS,AD_TY_NM,GOLD,FACT_AD_PERFORMANCE,AD_PERF_DK,3,2026-10-08 04:22:27.288000
BRONZE_AGENCY,DGT_AD_CMPGN_DTLS,AD_TY_NM,GOLD,WIDE_AD_DIGITAL,AD_TYPE_NM,4,2026-10-08 04:22:27.288000
BRONZE_AGENCY,DGT_AD_CMPGN_DTLS,MONTH,GOLD,FACT_AD_DIGITAL,AD_PERF_DK,3,2026-10-08 04:22:28.554000
BRONZE_AGENCY,DGT_AD_CMPGN_DTLS,MONTH,GOLD,FACT_AD_PERFORMANCE,AD_PERF_DK,3,2026-10-08 04:22:28.554000
BRONZE_AGENCY,DGT_AD_CMPGN_DTLS,MONTH,GOLD,FACT_AD_PERFORMANCE,PERF_DATE_SK,3,2026-10-08 04:22:28.554000
BRONZE_AGENCY,DGT_AD_CMPGN_DTLS,MONTH,GOLD,FACT_AD_PERFORMANCE,DAY_OF_WEEK,3,2026-10-08 04:22:28.554000
BRONZE_AGENCY,DGT_AD_CMPGN_DTLS,MONTH,GOLD,WIDE_AD_DIGITAL,AD_PERF_DK,4,2026-10-08 04:22:28.554000
BRONZE_AGENCY,DGT_AD_CMPGN_DTLS,MONTH,GOLD,WIDE_AD_COMBINED,AD_PERF_DK,4,2026-10-08 04:22:28.554000
BRONZE_AGENCY,DGT_AD_CMPGN_DTLS,MONTH,GOLD,WIDE_AD_BROADCAST_CASE,PERF_DATE_SK,4,2026-10-08 04:22:28.554000
BRONZE_AGENCY,DGT_AD_CMPGN_DTLS,MONTH,GOLD,WIDE_AD_COMBINED,PERF_DATE_SK,4,2026-10-08 04:22:28.554000
BRONZE_AGENCY,DGT_AD_CMPGN_DTLS,MONTH,GOLD,WIDE_AD_DIGITAL,PERF_DATE_SK,4,2026-10-08 04:22:28.554000
BRONZE_AGENCY,DGT_AD_CMPGN_DTLS,MONTH,GOLD,WIDE_AD_COMBINED,DAY_OF_WEEK,4,2026-10-08 04:22:28.554000
BRONZE_AGENCY,DGT_AD_CMPGN_DTLS,MONTH,GOLD,WIDE_AD_PERFORMANCE,WEEK_OF_YEAR,4,2026-10-08 04:22:28.554000
BRONZE_AGENCY,DGT_AD_CMPGN_DTLS,MONTH,GOLD,WIDE_AD_BROADCAST,PERF_DATE_SK,4,2026-10-08 04:22:28.554000
BRONZE_AGENCY,DGT_AD_CMPGN_DTLS,MONTH,GOLD,WIDE_AD_PERFORMANCE,DAY_OF_WEEK,4,2026-10-08 04:22:28.554000
BRONZE_AGENCY,DGT_AD_CMPGN_DTLS,MONTH,GOLD,WIDE_AD_COMBINED,WEEK_OF_YEAR,4,2026-10-08 04:22:28.554000
BRONZE_AGENCY,DGT_AD_CMPGN_DTLS,MONTH,GOLD,FACT_AD_PERFORMANCE,WEEK_OF_YEAR,3,2026-10-08 04:22:28.554000
BRONZE_AGENCY,DGT_AD_CMPGN_DTLS,MONTH,GOLD,WIDE_AD_PERFORMANCE,PERF_DATE_SK,4,2026-10-08 04:22:28.554000
BRONZE_AGENCY,DGT_AD_CMPGN_DTLS,MONTH,GOLD,WIDE_AD_PERFORMANCE,AD_PERF_DK,4,2026-10-08 04:22:28.554000
BRONZE_AGENCY,DGT_AD_CMPGN_DTLS,DEVICE,GOLD,FACT_AD_DIGITAL,AD_PERF_DK,3,2026-10-08 04:22:29.844000
BRONZE_AGENCY,DGT_AD_CMPGN_DTLS,DEVICE,GOLD,WIDE_AD_PERFORMANCE,AD_PERF_DK,4,2026-10-08 04:22:29.844000
BRONZE_AGENCY,DGT_AD_CMPGN_DTLS,DEVICE,GOLD,FACT_AD_PERFORMANCE,AD_PERF_DK,3,2026-10-08 04:22:29.844000
BRONZE_AGENCY,DGT_AD_CMPGN_DTLS,DEVICE,GOLD,WIDE_AD_DIGITAL,AD_PERF_DK,4,2026-10-08 04:22:29.844000
BRONZE_AGENCY,DGT_AD_CMPGN_DTLS,DEVICE,GOLD,WIDE_AD_COMBINED,AD_PERF_DK,4,2026-10-08 04:22:29.844000
BRONZE_AGENCY,DGT_AD_CMPGN_DTLS,MEDIA_NM,GOLD,DIM_AD_CREATIVE,AD_CREATIVE_SK,2,2026-10-08 04:22:31.038000
BRONZE_AGENCY,DGT_AD_CMPGN_DTLS,MEDIA_NM,GOLD,DIM_AD_CREATIVE,AD_CREATIVE_BK,2,2026-10-08 04:22:31.038000
BRONZE_AGENCY,DGT_AD_CMPGN_DTLS,MEDIA_NM,GOLD,DIM_AD_CREATIVE,MEDIA_NAME,2,2026-10-08 04:22:31.038000
BRONZE_AGENCY,DGT_AD_CMPGN_DTLS,MEDIA_NM,GOLD,WIDE_AD_PERFORMANCE,AD_CREATIVE_BK,3,2026-10-08 04:22:31.038000
BRONZE_AGENCY,DGT_AD_CMPGN_DTLS,MEDIA_NM,GOLD,WIDE_AD_DIGITAL,AD_MEDIA_NAME,3,2026-10-08 04:22:31.038000
BRONZE_AGENCY,DGT_AD_CMPGN_DTLS,MEDIA_NM,GOLD,FACT_AD_DIGITAL,AD_PERF_DK,3,2026-10-08 04:22:31.038000
BRONZE_AGENCY,DGT_AD_CMPGN_DTLS,MEDIA_NM,GOLD,FACT_AD_PERFORMANCE,AD_PERF_DK,3,2026-10-08 04:22:31.038000
BRONZE_AGENCY,DGT_AD_CMPGN_DTLS,MEDIA_NM,GOLD,WIDE_AD_COMBINED,AD_PERF_DK,4,2026-10-08 04:22:31.038000
BRONZE_AGENCY,DGT_AD_CMPGN_DTLS,MEDIA_NM,GOLD,WIDE_AD_BROADCAST,AD_MEDIA_NAME,3,2026-10-08 04:22:31.038000
BRONZE_AGENCY,DGT_AD_CMPGN_DTLS,MEDIA_NM,GOLD,WIDE_AD_PERFORMANCE,AD_MEDIA_NAME,3,2026-10-08 04:22:31.038000
BRONZE_AGENCY,DGT_AD_CMPGN_DTLS,MEDIA_NM,GOLD,WIDE_AD_PERFORMANCE,AD_PERF_DK,4,2026-10-08 04:22:31.038000
BRONZE_AGENCY,DGT_AD_CMPGN_DTLS,MEDIA_NM,GOLD,WIDE_AD_DIGITAL,AD_PERF_DK,4,2026-10-08 04:22:31.038000
BRONZE_AGENCY,DGT_AD_CMPGN_DTLS,WEEK,GOLD,FACT_AD_DIGITAL,AD_PERF_DK,3,2026-10-08 04:22:32.505000
BRONZE_AGENCY,DGT_AD_CMPGN_DTLS,WEEK,GOLD,FACT_AD_PERFORMANCE,AD_PERF_DK,3,2026-10-08 04:22:32.505000
BRONZE_AGENCY,DGT_AD_CMPGN_DTLS,WEEK,GOLD,WIDE_AD_DIGITAL,AD_PERF_DK,4,2026-10-08 04:22:32.505000
BRONZE_AGENCY,DGT_AD_CMPGN_DTLS,WEEK,GOLD,WIDE_AD_PERFORMANCE,AD_PERF_DK,4,2026-10-08 04:22:32.505000
BRONZE_AGENCY,DGT_AD_CMPGN_DTLS,WEEK,GOLD,WIDE_AD_COMBINED,AD_PERF_DK,4,2026-10-08 04:22:32.505000
BRONZE_AGENCY,DGT_AD_CMPGN_DTLS,DAY,GOLD,FACT_AD_DIGITAL,AD_PERF_DK,3,2026-10-08 04:22:34.262000
BRONZE_AGENCY,DGT_AD_CMPGN_DTLS,DAY,GOLD,FACT_AD_PERFORMANCE,AD_PERF_DK,3,2026-10-08 04:22:34.262000
BRONZE_AGENCY,DGT_AD_CMPGN_DTLS,DAY,GOLD,FACT_AD_PERFORMANCE,DAY_OF_WEEK,3,2026-10-08 04:22:34.262000
BRONZE_AGENCY,DGT_AD_CMPGN_DTLS,DAY,GOLD,FACT_AD_PERFORMANCE,WEEK_OF_YEAR,3,2026-10-08 04:22:34.262000
BRONZE_AGENCY,DGT_AD_CMPGN_DTLS,DAY,GOLD,WIDE_AD_COMBINED,DAY_OF_WEEK,4,2026-10-08 04:22:34.262000
BRONZE_AGENCY,DGT_AD_CMPGN_DTLS,DAY,GOLD,WIDE_AD_COMBINED,AD_PERF_DK,4,2026-10-08 04:22:34.262000
BRONZE_AGENCY,DGT_AD_CMPGN_DTLS,DAY,GOLD,WIDE_AD_DIGITAL,PERF_DATE_SK,4,2026-10-08 04:22:34.262000
BRONZE_AGENCY,DGT_AD_CMPGN_DTLS,DAY,GOLD,WIDE_AD_DIGITAL,AD_PERF_DK,4,2026-10-08 04:22:34.262000
BRONZE_AGENCY,DGT_AD_CMPGN_DTLS,DAY,GOLD,FACT_AD_PERFORMANCE,PERF_DATE_SK,3,2026-10-08 04:22:34.262000
BRONZE_AGENCY,DGT_AD_CMPGN_DTLS,DAY,GOLD,WIDE_AD_PERFORMANCE,AD_PERF_DK,4,2026-10-08 04:22:34.262000
BRONZE_AGENCY,DGT_AD_CMPGN_DTLS,DAY,GOLD,WIDE_AD_BROADCAST,PERF_DATE_SK,4,2026-10-08 04:22:34.262000
BRONZE_AGENCY,DGT_AD_CMPGN_DTLS,DAY,GOLD,WIDE_AD_PERFORMANCE,DAY_OF_WEEK,4,2026-10-08 04:22:34.262000
BRONZE_AGENCY,DGT_AD_CMPGN_DTLS,DAY,GOLD,WIDE_AD_COMBINED,WEEK_OF_YEAR,4,2026-10-08 04:22:34.262000
BRONZE_AGENCY,DGT_AD_CMPGN_DTLS,DAY,GOLD,WIDE_AD_PERFORMANCE,WEEK_OF_YEAR,4,2026-10-08 04:22:34.262000
BRONZE_AGENCY,DGT_AD_CMPGN_DTLS,DAY,GOLD,WIDE_AD_BROADCAST_CASE,PERF_DATE_SK,4,2026-10-08 04:22:34.262000
BRONZE_AGENCY,DGT_AD_CMPGN_DTLS,DAY,GOLD,WIDE_AD_COMBINED,PERF_DATE_SK,4,2026-10-08 04:22:34.262000
BRONZE_AGENCY,DGT_AD_CMPGN_DTLS,DAY,GOLD,WIDE_AD_PERFORMANCE,PERF_DATE_SK,4,2026-10-08 04:22:34.262000
BRONZE_AGENCY,DGT_AD_CMPGN_DTLS,DOW,GOLD,FACT_AD_DIGITAL,AD_PERF_DK,3,2026-10-08 04:22:35.642000
BRONZE_AGENCY,DGT_AD_CMPGN_DTLS,DOW,GOLD,FACT_AD_PERFORMANCE,AD_PERF_DK,3,2026-10-08 04:22:35.642000
BRONZE_AGENCY,DGT_AD_CMPGN_DTLS,DOW,GOLD,WIDE_AD_DIGITAL,AD_PERF_DK,4,2026-10-08 04:22:35.642000
BRONZE_AGENCY,DGT_AD_CMPGN_DTLS,DOW,GOLD,WIDE_AD_COMBINED,AD_PERF_DK,4,2026-10-08 04:22:35.642000
BRONZE_AGENCY,DGT_AD_CMPGN_DTLS,DOW,GOLD,WIDE_AD_PERFORMANCE,AD_PERF_DK,4,2026-10-08 04:22:35.642000
BRONZE_AGENCY,DGT_AD_CMPGN_DTLS,CMPGN_NM,GOLD,FACT_AD_DIGITAL,AD_PERF_DK,3,2026-10-08 04:22:36.979000
BRONZE_AGENCY,DGT_AD_CMPGN_DTLS,CMPGN_NM,GOLD,FACT_AD_PERFORMANCE,AD_PERF_DK,3,2026-10-08 04:22:36.979000
BRONZE_AGENCY,DGT_AD_CMPGN_DTLS,CMPGN_NM,GOLD,WIDE_AD_DIGITAL,AD_PERF_DK,4,2026-10-08 04:22:36.979000
BRONZE_AGENCY,DGT_AD_CMPGN_DTLS,CMPGN_NM,GOLD,WIDE_AD_PERFORMANCE,AD_PERF_DK,4,2026-10-08 04:22:36.979000
BRONZE_AGENCY,DGT_AD_CMPGN_DTLS,CMPGN_NM,GOLD,WIDE_AD_COMBINED,AD_PERF_DK,4,2026-10-08 04:22:36.979000
BRONZE_AGENCY,DGT_AD_CMPGN_DTLS,MATR_TY_NM,GOLD,DIM_AD_CREATIVE,AD_CREATIVE_SK,2,2026-10-08 04:22:38.288000
BRONZE_AGENCY,DGT_AD_CMPGN_DTLS,MATR_TY_NM,GOLD,DIM_AD_CREATIVE,AD_TYPE,2,2026-10-08 04:22:38.288000
BRONZE_AGENCY,DGT_AD_CMPGN_DTLS,MATR_TY_NM,GOLD,WIDE_AD_PERFORMANCE,AD_CREATIVE_BK,3,2026-10-08 04:22:38.288000
BRONZE_AGENCY,DGT_AD_CMPGN_DTLS,MATR_TY_NM,GOLD,WIDE_AD_PERFORMANCE,AD_CREATIVE_TYPE,3,2026-10-08 04:22:38.288000
BRONZE_AGENCY,DGT_AD_CMPGN_DTLS,MATR_TY_NM,GOLD,FACT_AD_DIGITAL,AD_PERF_DK,3,2026-10-08 04:22:38.288000
BRONZE_AGENCY,DGT_AD_CMPGN_DTLS,MATR_TY_NM,GOLD,FACT_AD_PERFORMANCE,AD_PERF_DK,3,2026-10-08 04:22:38.288000
BRONZE_AGENCY,DGT_AD_CMPGN_DTLS,MATR_TY_NM,GOLD,WIDE_AD_DIGITAL,AD_PERF_DK,4,2026-10-08 04:22:38.288000
BRONZE_AGENCY,DGT_AD_CMPGN_DTLS,MATR_TY_NM,GOLD,WIDE_AD_COMBINED,AD_PERF_DK,4,2026-10-08 04:22:38.288000
BRONZE_AGENCY,DGT_AD_CMPGN_DTLS,MATR_TY_NM,GOLD,WIDE_AD_PERFORMANCE,AD_PERF_DK,4,2026-10-08 04:22:38.288000
BRONZE_AGENCY,DGT_AD_CMPGN_DTLS,MATR_TY_NM,GOLD,DIM_AD_CREATIVE,AD_CREATIVE_BK,2,2026-10-08 04:22:38.288000
BRONZE_AGENCY,DGT_AD_CMPGN_DTLS,MATR_TY_NM,GOLD,FACT_AD_DIGITAL,CREATIVE_TYPE,3,2026-10-08 04:22:38.288000
BRONZE_AGENCY,DGT_AD_CMPGN_DTLS,MATR_TY_NM,GOLD,WIDE_AD_COMBINED,CREATIVE_TYPE,4,2026-10-08 04:22:38.288000
BRONZE_AGENCY,DGT_AD_CMPGN_DTLS,MATR_TY_NM,GOLD,WIDE_AD_DIGITAL,CREATIVE_TYPE,4,2026-10-08 04:22:38.288000
BRONZE_AGENCY,DGT_AD_CMPGN_DTLS,UTM_CMPGN_NM,GOLD,FACT_AD_DIGITAL,AD_PERF_DK,3,2026-10-08 04:22:39.709000
BRONZE_AGENCY,DGT_AD_CMPGN_DTLS,UTM_CMPGN_NM,GOLD,FACT_AD_PERFORMANCE,AD_PERF_DK,3,2026-10-08 04:22:39.709000
BRONZE_AGENCY,DGT_AD_CMPGN_DTLS,UTM_CMPGN_NM,GOLD,WIDE_AD_DIGITAL,AD_PERF_DK,4,2026-10-08 04:22:39.709000
BRONZE_AGENCY,DGT_AD_CMPGN_DTLS,UTM_CMPGN_NM,GOLD,WIDE_AD_COMBINED,AD_PERF_DK,4,2026-10-08 04:22:39.709000
BRONZE_AGENCY,DGT_AD_CMPGN_DTLS,UTM_CMPGN_NM,GOLD,WIDE_AD_PERFORMANCE,AD_PERF_DK,4,2026-10-08 04:22:39.709000
BRONZE_AGENCY,DGT_AD_CMPGN_DTLS,PAGE_TYPE_NM,GOLD,FACT_AD_DIGITAL,AD_PERF_DK,3,2026-10-08 04:22:40.855000
BRONZE_AGENCY,DGT_AD_CMPGN_DTLS,PAGE_TYPE_NM,GOLD,FACT_AD_DIGITAL,PAGE_TYPE,3,2026-10-08 04:22:40.855000
BRONZE_AGENCY,DGT_AD_CMPGN_DTLS,PAGE_TYPE_NM,GOLD,WIDE_AD_DIGITAL,AD_PERF_DK,4,2026-10-08 04:22:40.855000
BRONZE_AGENCY,DGT_AD_CMPGN_DTLS,PAGE_TYPE_NM,GOLD,WIDE_AD_DIGITAL,PAGE_TYPE,4,2026-10-08 04:22:40.855000
BRONZE_AGENCY,DGT_AD_CMPGN_DTLS,PAGE_TYPE_NM,GOLD,FACT_AD_PERFORMANCE,AD_PERF_DK,3,2026-10-08 04:22:40.855000
BRONZE_AGENCY,DGT_AD_CMPGN_DTLS,PAGE_TYPE_NM,GOLD,WIDE_AD_COMBINED,AD_PERF_DK,4,2026-10-08 04:22:40.855000
BRONZE_AGENCY,DGT_AD_CMPGN_DTLS,PAGE_TYPE_NM,GOLD,WIDE_AD_PERFORMANCE,AD_PERF_DK,4,2026-10-08 04:22:40.855000
BRONZE_AGENCY,DGT_AD_CMPGN_DTLS,PAGE_TYPE_NM,GOLD,WIDE_AD_COMBINED,PAGE_TYPE,4,2026-10-08 04:22:40.855000
BRONZE_AGENCY,DGT_AD_CMPGN_DTLS,AD_GRP_NM,GOLD,FACT_AD_DIGITAL,AD_PERF_DK,3,2026-10-08 04:22:42.121000
BRONZE_AGENCY,DGT_AD_CMPGN_DTLS,AD_GRP_NM,GOLD,FACT_AD_DIGITAL,AD_GROUP_NM,3,2026-10-08 04:22:42.121000
BRONZE_AGENCY,DGT_AD_CMPGN_DTLS,AD_GRP_NM,GOLD,WIDE_AD_COMBINED,AD_PERF_DK,4,2026-10-08 04:22:42.121000
BRONZE_AGENCY,DGT_AD_CMPGN_DTLS,AD_GRP_NM,GOLD,WIDE_AD_COMBINED,AD_GROUP_NM,4,2026-10-08 04:22:42.121000
BRONZE_AGENCY,DGT_AD_CMPGN_DTLS,AD_GRP_NM,GOLD,WIDE_AD_DIGITAL,AD_GROUP_NM,4,2026-10-08 04:22:42.121000
BRONZE_AGENCY,DGT_AD_CMPGN_DTLS,AD_GRP_NM,GOLD,FACT_AD_PERFORMANCE,AD_PERF_DK,3,2026-10-08 04:22:42.121000
BRONZE_AGENCY,DGT_AD_CMPGN_DTLS,AD_GRP_NM,GOLD,WIDE_AD_DIGITAL,AD_PERF_DK,4,2026-10-08 04:22:42.121000
BRONZE_AGENCY,DGT_AD_CMPGN_DTLS,AD_GRP_NM,GOLD,WIDE_AD_PERFORMANCE,AD_PERF_DK,4,2026-10-08 04:22:42.121000
SILVER,AGENCY_AD_ROW_DGT,YEAR,GOLD,FACT_AD_PERFORMANCE,PERF_DATE_SK,2,2026-10-08 04:22:43.317000
SILVER,AGENCY_AD_ROW_DGT,YEAR,GOLD,FACT_AD_PERFORMANCE,DAY_OF_WEEK,2,2026-10-08 04:22:43.317000
SILVER,AGENCY_AD_ROW_DGT,YEAR,GOLD,FACT_AD_PERFORMANCE,WEEK_OF_YEAR,2,2026-10-08 04:22:43.317000
SILVER,AGENCY_AD_ROW_DGT,YEAR,GOLD,WIDE_AD_BROADCAST_CASE,PERF_DATE_SK,3,2026-10-08 04:22:43.317000
SILVER,AGENCY_AD_ROW_DGT,YEAR,GOLD,WIDE_AD_COMBINED,PERF_DATE_SK,3,2026-10-08 04:22:43.317000
SILVER,AGENCY_AD_ROW_DGT,YEAR,GOLD,WIDE_AD_PERFORMANCE,PERF_DATE_SK,3,2026-10-08 04:22:43.317000
SILVER,AGENCY_AD_ROW_DGT,YEAR,GOLD,WIDE_AD_PERFORMANCE,DAY_OF_WEEK,3,2026-10-08 04:22:43.317000
SILVER,AGENCY_AD_ROW_DGT,YEAR,GOLD,WIDE_AD_DIGITAL,PERF_DATE_SK,3,2026-10-08 04:22:43.317000
SILVER,AGENCY_AD_ROW_DGT,YEAR,GOLD,WIDE_AD_COMBINED,DAY_OF_WEEK,3,2026-10-08 04:22:43.317000
SILVER,AGENCY_AD_ROW_DGT,YEAR,GOLD,WIDE_AD_PERFORMANCE,WEEK_OF_YEAR,3,2026-10-08 04:22:43.317000
SILVER,AGENCY_AD_ROW_DGT,YEAR,GOLD,WIDE_AD_BROADCAST,PERF_DATE_SK,3,2026-10-08 04:22:43.317000
SILVER,AGENCY_AD_ROW_DGT,YEAR,GOLD,WIDE_AD_COMBINED,WEEK_OF_YEAR,3,2026-10-08 04:22:43.317000
SILVER,AGENCY_AD_ROW_DGT,AD_TY_NM,GOLD,FACT_AD_DIGITAL,AD_TYPE_NM,2,2026-10-08 04:22:49.665000
SILVER,AGENCY_AD_ROW_DGT,AD_TY_NM,GOLD,WIDE_AD_COMBINED,AD_TYPE_NM,3,2026-10-08 04:22:49.665000
SILVER,AGENCY_AD_ROW_DGT,AD_TY_NM,GOLD,WIDE_AD_DIGITAL,AD_TYPE_NM,3,2026-10-08 04:22:49.665000
SILVER,AGENCY_AD_ROW_DGT,MONTH,GOLD,FACT_AD_PERFORMANCE,PERF_DATE_SK,2,2026-10-08 04:22:50.775000
SILVER,AGENCY_AD_ROW_DGT,MONTH,GOLD,FACT_AD_PERFORMANCE,DAY_OF_WEEK,2,2026-10-08 04:22:50.775000
SILVER,AGENCY_AD_ROW_DGT,MONTH,GOLD,FACT_AD_PERFORMANCE,WEEK_OF_YEAR,2,2026-10-08 04:22:50.775000
SILVER,AGENCY_AD_ROW_DGT,MONTH,GOLD,WIDE_AD_BROADCAST,PERF_DATE_SK,3,2026-10-08 04:22:50.775000
SILVER,AGENCY_AD_ROW_DGT,MONTH,GOLD,WIDE_AD_DIGITAL,PERF_DATE_SK,3,2026-10-08 04:22:50.775000
SILVER,AGENCY_AD_ROW_DGT,MONTH,GOLD,WIDE_AD_PERFORMANCE,PERF_DATE_SK,3,2026-10-08 04:22:50.775000
SILVER,AGENCY_AD_ROW_DGT,MONTH,GOLD,WIDE_AD_COMBINED,DAY_OF_WEEK,3,2026-10-08 04:22:50.775000
SILVER,AGENCY_AD_ROW_DGT,MONTH,GOLD,WIDE_AD_PERFORMANCE,DAY_OF_WEEK,3,2026-10-08 04:22:50.775000
SILVER,AGENCY_AD_ROW_DGT,MONTH,GOLD,WIDE_AD_PERFORMANCE,WEEK_OF_YEAR,3,2026-10-08 04:22:50.775000
SILVER,AGENCY_AD_ROW_DGT,MONTH,GOLD,WIDE_AD_BROADCAST_CASE,PERF_DATE_SK,3,2026-10-08 04:22:50.775000
SILVER,AGENCY_AD_ROW_DGT,MONTH,GOLD,WIDE_AD_COMBINED,WEEK_OF_YEAR,3,2026-10-08 04:22:50.775000
SILVER,AGENCY_AD_ROW_DGT,MONTH,GOLD,WIDE_AD_COMBINED,PERF_DATE_SK,3,2026-10-08 04:22:50.775000
SILVER,AGENCY_AD_DIGITAL,AD_TY_NM,GOLD,FACT_AD_DIGITAL,AD_TYPE_NM,1,2026-10-08 04:22:56.527000
SILVER,AGENCY_AD_DIGITAL,AD_TY_NM,GOLD,WIDE_AD_COMBINED,AD_TYPE_NM,2,2026-10-08 04:22:56.527000
SILVER,AGENCY_AD_DIGITAL,AD_TY_NM,GOLD,WIDE_AD_DIGITAL,AD_TYPE_NM,2,2026-10-08 04:22:56.527000
SILVER,AGENCY_AD_DIGITAL,PAGE_TYPE_NM,GOLD,FACT_AD_DIGITAL,PAGE_TYPE,1,2026-10-08 04:22:57.694000
SILVER,AGENCY_AD_DIGITAL,PAGE_TYPE_NM,GOLD,WIDE_AD_COMBINED,PAGE_TYPE,2,2026-10-08 04:22:57.694000
SILVER,AGENCY_AD_DIGITAL,PAGE_TYPE_NM,GOLD,WIDE_AD_DIGITAL,PAGE_TYPE,2,2026-10-08 04:22:57.694000
SILVER,AGENCY_AD_DIGITAL,AD_GRP_NM,GOLD,FACT_AD_DIGITAL,AD_GROUP_NM,1,2026-10-08 04:22:58.845000
SILVER,AGENCY_AD_DIGITAL,AD_GRP_NM,GOLD,WIDE_AD_COMBINED,AD_GROUP_NM,2,2026-10-08 04:22:58.845000
SILVER,AGENCY_AD_DIGITAL,AD_GRP_NM,GOLD,WIDE_AD_DIGITAL,AD_GROUP_NM,2,2026-10-08 04:22:58.845000
SILVER,AGENCY_AD_DIGITAL,MATR_TY_NM,GOLD,FACT_AD_DIGITAL,CREATIVE_TYPE,1,2026-10-08 04:22:59.931000
SILVER,AGENCY_AD_DIGITAL,MATR_TY_NM,GOLD,WIDE_AD_DIGITAL,CREATIVE_TYPE,2,2026-10-08 04:22:59.931000
SILVER,AGENCY_AD_DIGITAL,MATR_TY_NM,GOLD,WIDE_AD_COMBINED,CREATIVE_TYPE,2,2026-10-08 04:22:59.931000
BRONZE_CRM,TM_RM_RELATNSP_LETTER_INFO,LANG_CD,GOLD,FACT_RELATION_ACTIVITY,LANG_CD,2,2026-10-08 04:23:01.075000
BRONZE_CRM,TM_RM_RELATNSP_LETTER_INFO,ONLINE_POST_WRITNG_YN,GOLD,FACT_RELATION_ACTIVITY,ONLINE_POST_WRITNG_YN,2,2026-10-08 04:23:02.282000
BRONZE_CRM,TM_RM_RELATNSP_LETTER_INFO,MNG_NO,GOLD,FACT_RELATION_ACTIVITY,ACTIVITY_KEY,2,2026-10-08 04:23:04.925000
BRONZE_CRM,TM_RM_RELATNSP_LETTER_INFO,MNG_NO,GOLD,FACT_RELATION_ACTIVITY,MNG_NO,2,2026-10-08 04:23:04.925000
BRONZE_CRM,TM_RM_RELATNSP_CHG_INFO,CHG_YN,GOLD,FACT_RELATION_CHANGE,CHG_YN,2,2026-10-08 04:23:07.106000
BRONZE_CRM,TM_RM_RELATNSP_CHG_INFO,CHG_PERSON_ID,GOLD,FACT_RELATION_CHANGE,CHG_PERSON_ID,2,2026-10-08 04:23:08.906000
SILVER,CRM_RELATION_CHANGE,CHG_PERSON_ID,GOLD,FACT_RELATION_CHANGE,CHG_PERSON_ID,1,2026-10-08 04:23:10.723000
SILVER,CRM_RELATION_CHANGE,CHG_YN,GOLD,FACT_RELATION_CHANGE,CHG_YN,1,2026-10-08 04:23:12.109000
BRONZE_CRM,TM_RM_RELATNSP_GFTMNEY_INFO,MNG_NO,GOLD,FACT_RELATION_ACTIVITY,ACTIVITY_KEY,2,2026-10-08 04:23:13.355000
BRONZE_CRM,TM_RM_RELATNSP_GFTMNEY_INFO,MNG_NO,GOLD,FACT_RELATION_ACTIVITY,MNG_NO,2,2026-10-08 04:23:13.355000
BRONZE_CRM,TM_RM_RELATNSP_GFTMNEY_INFO,SETLE_CD,GOLD,FACT_RELATION_ACTIVITY,SETLE_CD,2,2026-10-08 04:23:14.827000
BRONZE_CRM,TM_RM_RELATNSP_GFTMNEY_INFO,GFT_DIV_CD,GOLD,FACT_RELATION_ACTIVITY,GFT_DIV_CD,2,2026-10-08 04:23:17.727000
BRONZE_CRM,TM_RM_RELATNSP_GFTMNEY_INFO,GFTMNEY_DOLLAR_AMT,GOLD,FACT_RELATION_ACTIVITY,GFTMNEY_DOLLAR_AMT,2,2026-10-08 04:23:20.403000
BRONZE_CRM,TM_RM_RELATNSP_GFTMNEY_INFO,TRNSFER_YN,GOLD,FACT_RELATION_ACTIVITY,TRNSFER_YN,2,2026-10-08 04:23:21.576000
BRONZE_CRM,TM_MM_ONCE_MBER_INFO,SEX,GOLD,DIM_MEMBER_STATUS_HISTORY,SEX,2,2026-10-08 04:23:25.181000
BRONZE_CRM,TM_MM_ONCE_MBER_INFO,SEX,GOLD,DIM_MEMBER,SEX,3,2026-10-08 04:23:25.181000
BRONZE_CRM,TM_MM_ONCE_MBER_INFO,SEX,GOLD,WIDE_MEMBER_EVENT,SEX,3,2026-10-08 04:23:25.181000
BRONZE_CRM,TM_MM_ONCE_MBER_INFO,SEX,GOLD,WIDE_SERVICE_EVENT,SEX,3,2026-10-08 04:23:25.181000
BRONZE_CRM,TM_MM_ONCE_MBER_INFO,SEX,GOLD,WIDE_MEMBER_MONTHLY,SEX,3,2026-10-08 04:23:25.181000
BRONZE_CRM,TM_MM_ONCE_MBER_INFO,SEX,GOLD,WIDE_EVENT_PARTICIPATION,SEX,3,2026-10-08 04:23:25.181000
BRONZE_CRM,TM_MM_ONCE_MBER_INFO,SEX,GOLD,WIDE_MEMBER_FEE,SEX,4,2026-10-08 04:23:25.181000
BRONZE_CRM,TM_MM_ONCE_MBER_INFO,MBER_DIV_CD,GOLD,DIM_MEMBER_STATUS_HISTORY,MBER_DIV_CD,2,2026-10-08 04:23:28.436000
BRONZE_CRM,TM_MM_ONCE_MBER_INFO,MBER_DIV_CD,GOLD,DIM_MEMBER,MBER_DIV_CD,3,2026-10-08 04:23:28.436000
BRONZE_CRM,TM_MM_ONCE_MBER_INFO,MBER_DIV_CD,GOLD,WIDE_MEMBER_EVENT,MBER_DIV_CD,3,2026-10-08 04:23:28.436000
BRONZE_CRM,TM_MM_ONCE_MBER_INFO,MBER_DIV_CD,GOLD,WIDE_MEMBER_MONTHLY,MBER_DIV_CD,3,2026-10-08 04:23:28.436000
BRONZE_CRM,TM_MM_ONCE_MBER_INFO,MBER_DIV_CD,GOLD,WIDE_EVENT_PARTICIPATION,MBER_DIV_CD,3,2026-10-08 04:23:28.436000
BRONZE_CRM,TM_MM_ONCE_MBER_INFO,MBER_DIV_CD,GOLD,WIDE_MEMBER_FEE,MBER_DIV_CD,4,2026-10-08 04:23:28.436000
BRONZE_CRM,TM_MM_ONCE_MBER_INFO,MBER_DIV_CD,GOLD,WIDE_SERVICE_EVENT,MBER_DIV_CD,3,2026-10-08 04:23:28.436000
BRONZE_CRM,TM_MM_ONCE_MBER_INFO,CHRCTR_RECPTN_YN,GOLD,DIM_MEMBER,CHRCTR_RECPTN_YN,2,2026-10-08 04:23:30.867000
BRONZE_CRM,TM_MM_ONCE_MBER_INFO,SPECL_MNG_CD1,GOLD,DIM_MEMBER,SPECL_MNG_CD1,2,2026-10-08 04:23:31.896000
BRONZE_CRM,TD_MS_CRMN_PRTCPNT,RQST_PATH_CD,GOLD,FACT_EVENT_ATTENDANCE,PART_PATH,2,2026-10-08 04:23:36.554000
BRONZE_CRM,TD_MS_CRMN_PRTCPNT,RQST_PATH_CD,GOLD,WIDE_EVENT_PARTICIPATION,PART_PATH,3,2026-10-08 04:23:36.554000
BRONZE_CRM,TD_MS_CRMN_PRTCPNT,RQST_PATH_CD,GOLD,FACT_EVENT_ATTENDANCE,PART_PATH_GROUP,2,2026-10-08 04:23:36.554000
BRONZE_CRM,TD_MS_CRMN_PRTCPNT,RQST_PATH_CD,GOLD,WIDE_EVENT_PARTICIPATION,PART_PATH_GROUP,3,2026-10-08 04:23:36.554000
BRONZE_CRM,TD_MS_CRMN_PRTCPNT,PARTCPT_STAT_CD,GOLD,FACT_EVENT_ATTENDANCE,PART_STATUS,2,2026-10-08 04:23:37.846000
BRONZE_CRM,TD_MS_CRMN_PRTCPNT,PARTCPT_STAT_CD,GOLD,FACT_EVENT_ATTENDANCE,WAIT_CNT,2,2026-10-08 04:23:37.846000
BRONZE_CRM,TD_MS_CRMN_PRTCPNT,PARTCPT_STAT_CD,GOLD,FACT_EVENT_ATTENDANCE,ABSENT_CNT,2,2026-10-08 04:23:37.846000
BRONZE_CRM,TD_MS_CRMN_PRTCPNT,PARTCPT_STAT_CD,GOLD,FACT_EVENT_ATTENDANCE,PART_STATUS_GROUP,2,2026-10-08 04:23:37.846000
BRONZE_CRM,TD_MS_CRMN_PRTCPNT,PARTCPT_STAT_CD,GOLD,WIDE_EVENT_PARTICIPATION,CANCEL_CNT,3,2026-10-08 04:23:37.846000
BRONZE_CRM,TD_MS_CRMN_PRTCPNT,PARTCPT_STAT_CD,GOLD,WIDE_EVENT_PARTICIPATION,ABSENT_CNT,3,2026-10-08 04:23:37.846000
BRONZE_CRM,TD_MS_CRMN_PRTCPNT,PARTCPT_STAT_CD,GOLD,FACT_EVENT_ATTENDANCE,CANCEL_CNT,2,2026-10-08 04:23:37.846000
BRONZE_CRM,TD_MS_CRMN_PRTCPNT,PARTCPT_STAT_CD,GOLD,WIDE_EVENT_PARTICIPATION,PART_STATUS,3,2026-10-08 04:23:37.846000
BRONZE_CRM,TD_MS_CRMN_PRTCPNT,PARTCPT_STAT_CD,GOLD,WIDE_EVENT_PARTICIPATION,PART_STATUS_GROUP,3,2026-10-08 04:23:37.846000
BRONZE_CRM,TD_MS_CRMN_PRTCPNT,PARTCPT_STAT_CD,GOLD,WIDE_EVENT_PARTICIPATION,WAIT_CNT,3,2026-10-08 04:23:37.846000
BRONZE_CRM,TD_MS_CRMN_PRTCPNT,SELF_PARTCPT_CD,GOLD,FACT_EVENT_ATTENDANCE,SELF_PART_FLAG,2,2026-10-08 04:23:39.214000
BRONZE_CRM,TD_MS_CRMN_PRTCPNT,SELF_PARTCPT_CD,GOLD,FACT_EVENT_ATTENDANCE,SELF_PARTCPT_CD,2,2026-10-08 04:23:39.214000
BRONZE_CRM,TD_MS_CRMN_PRTCPNT,SELF_PARTCPT_CD,GOLD,WIDE_EVENT_PARTICIPATION,SELF_PART_FLAG,3,2026-10-08 04:23:39.214000
BRONZE_CRM,TD_MS_CRMN_PRTCPNT,RCPMNY_STAT_CD,GOLD,FACT_EVENT_ATTENDANCE,RCPMNY_STAT_CD,2,2026-10-08 04:23:40.390000
BRONZE_CRM,TD_MS_CRMN_PRTCPNT,REFND_DATE,GOLD,FACT_EVENT_ATTENDANCE,REFND_DATE,2,2026-10-08 04:23:41.488000
BRONZE_CRM,TM_MS_PSTMTR_SNDNG,SNDNG_CD_ID,GOLD,DIM_SEND_REQUEST,SNDNG_CD_ID,2,2026-10-08 04:23:42.781000
BRONZE_CRM,TM_MS_PSTMTR_SNDNG,SNDNG_DTL_CD_ID,GOLD,DIM_SEND_REQUEST,SNDNG_DTL_CD_ID,2,2026-10-08 04:23:43.909000
BRONZE_CRM,TM_MS_PSTMTR_SNDNG,SNDNG_TY_CD,GOLD,DIM_SERVICE,SERVICE_SK,2,2026-10-08 04:23:45.081000
BRONZE_CRM,TM_MS_PSTMTR_SNDNG,SNDNG_TY_CD,GOLD,DIM_SERVICE,SUBTYPE,2,2026-10-08 04:23:45.081000
BRONZE_CRM,TM_MS_PSTMTR_SNDNG,SNDNG_TY_CD,GOLD,FACT_MESSAGE_DISPATCH,SERVICE_SK,2,2026-10-08 04:23:45.081000
BRONZE_CRM,TM_MS_PSTMTR_SNDNG,SNDNG_TY_CD,GOLD,WIDE_SERVICE_EVENT,SERVICE_SUBTYPE,3,2026-10-08 04:23:45.081000
BRONZE_CRM,TM_MS_PSTMTR_SNDNG,SNDNG_TY_CD,GOLD,DIM_SEND_REQUEST,SNDNG_TY_CD,2,2026-10-08 04:23:45.081000
BRONZE_CRM,TM_MS_PSTMTR_SNDNG,LQY_YN,GOLD,DIM_SEND_REQUEST,LQY_YN,2,2026-10-08 04:23:49.280000
BRONZE_CRM,TM_MS_PSTMTR_SNDNG,RE_SNDNG_YN,GOLD,DIM_SEND_REQUEST,RE_SNDNG_YN,2,2026-10-08 04:23:50.505000
SILVER,AGENCY_AD_BROADCAST,TIME_BAND,GOLD,FACT_AD_BROADCAST,TIME_BAND,1,2026-10-08 04:24:07.901000
SILVER,AGENCY_AD_BROADCAST,TIME_BAND,GOLD,WIDE_AD_BROADCAST,TIME_BAND,2,2026-10-08 04:24:07.901000
SILVER,AGENCY_AD_BROADCAST,TIME_BAND,GOLD,WIDE_AD_COMBINED,TIME_BAND,2,2026-10-08 04:24:07.901000
SILVER,AGENCY_AD_BROADCAST,CHANNEL_COMPANY,GOLD,FACT_AD_BROADCAST,CHANNEL_COMPANY,1,2026-10-08 04:24:09.054000
SILVER,AGENCY_AD_BROADCAST,CHANNEL_COMPANY,GOLD,WIDE_AD_BROADCAST,CHANNEL_COMPANY,2,2026-10-08 04:24:09.054000
SILVER,AGENCY_AD_BROADCAST,CHANNEL_COMPANY,GOLD,WIDE_AD_BROADCAST_CASE,CHANNEL_COMPANY,2,2026-10-08 04:24:09.054000
SILVER,AGENCY_AD_BROADCAST,CHANNEL_COMPANY,GOLD,WIDE_AD_COMBINED,CHANNEL_COMPANY,2,2026-10-08 04:24:09.054000
SILVER,AGENCY_AD_BROADCAST,CHANNEL_COMPANY_TYPE,GOLD,FACT_AD_BROADCAST,CHANNEL_COMPANY_TYPE,1,2026-10-08 04:24:10.286000
SILVER,AGENCY_AD_BROADCAST,CHANNEL_COMPANY_TYPE,GOLD,WIDE_AD_COMBINED,CHANNEL_COMPANY_TYPE,2,2026-10-08 04:24:10.286000
SILVER,AGENCY_AD_BROADCAST,CHANNEL_COMPANY_TYPE,GOLD,WIDE_AD_BROADCAST,CHANNEL_COMPANY_TYPE,2,2026-10-08 04:24:10.286000
SILVER,AGENCY_AD_BROADCAST,SPOT_TYPE,GOLD,FACT_AD_BROADCAST,SPOT_TYPE,1,2026-10-08 04:24:11.373000
SILVER,AGENCY_AD_BROADCAST,SPOT_TYPE,GOLD,WIDE_AD_BROADCAST,SPOT_TYPE,2,2026-10-08 04:24:11.373000
SILVER,AGENCY_AD_BROADCAST,SPOT_TYPE,GOLD,WIDE_AD_COMBINED,SPOT_TYPE,2,2026-10-08 04:24:11.373000
SILVER,AGENCY_AD_BROADCAST,DAY_DIV,GOLD,FACT_AD_BROADCAST,DAY_DIV,1,2026-10-08 04:24:12.465000
SILVER,AGENCY_AD_BROADCAST,DAY_DIV,GOLD,WIDE_AD_BROADCAST,DAY_DIV,2,2026-10-08 04:24:12.465000
SILVER,AGENCY_AD_BROADCAST,DAY_DIV,GOLD,WIDE_AD_COMBINED,DAY_DIV,2,2026-10-08 04:24:12.465000
SILVER,AGENCY_AD_BROADCAST,CTV_DIV,GOLD,FACT_AD_BROADCAST,CTV_DIV,1,2026-10-08 04:24:13.625000
SILVER,AGENCY_AD_BROADCAST,CTV_DIV,GOLD,WIDE_AD_BROADCAST,CTV_DIV,2,2026-10-08 04:24:13.625000
SILVER,AGENCY_AD_BROADCAST,CTV_DIV,GOLD,WIDE_AD_COMBINED,CTV_DIV,2,2026-10-08 04:24:13.625000
SILVER,AGENCY_AD_BROADCAST,BRDC_DIV,GOLD,FACT_AD_BROADCAST,BRDC_DIV,1,2026-10-08 04:24:14.700000
SILVER,AGENCY_AD_BROADCAST,BRDC_DIV,GOLD,WIDE_AD_BROADCAST,BRDC_DIV,2,2026-10-08 04:24:14.700000
SILVER,AGENCY_AD_BROADCAST,BRDC_DIV,GOLD,WIDE_AD_COMBINED,BRDC_DIV,2,2026-10-08 04:24:14.700000
SILVER,AGENCY_AD_BROADCAST,CM_POSITION,GOLD,FACT_AD_BROADCAST,CM_POSITION,1,2026-10-08 04:24:15.817000
SILVER,AGENCY_AD_BROADCAST,CM_POSITION,GOLD,WIDE_AD_BROADCAST,CM_POSITION,2,2026-10-08 04:24:15.817000
SILVER,AGENCY_AD_BROADCAST,CM_POSITION,GOLD,WIDE_AD_COMBINED,CM_POSITION,2,2026-10-08 04:24:15.817000
SILVER,AGENCY_AD_BROADCAST,RT_TYPE,GOLD,FACT_AD_BROADCAST,RT_TYPE,1,2026-10-08 04:24:16.928000
SILVER,AGENCY_AD_BROADCAST,RT_TYPE,GOLD,WIDE_AD_BROADCAST_CASE,RT_TYPE,2,2026-10-08 04:24:16.928000
SILVER,AGENCY_AD_BROADCAST,RT_TYPE,GOLD,WIDE_AD_COMBINED,RT_TYPE,2,2026-10-08 04:24:16.928000
SILVER,AGENCY_AD_BROADCAST,RT_TYPE,GOLD,WIDE_AD_BROADCAST,RT_TYPE,2,2026-10-08 04:24:16.928000
SILVER,BIGQUERY_EVENT_DIM,EVENT_CATEGORY,GOLD,DIM_BIGQUERY_EVENT,BIGQUERY_EVENT_SK,1,2026-10-08 04:24:19.082000
SILVER,BIGQUERY_EVENT_DIM,EVENT_CATEGORY,GOLD,DIM_BIGQUERY_EVENT,EVENT_CATEGORY,1,2026-10-08 04:24:19.082000
SILVER,BIGQUERY_EVENT_DIM,EVENT_CATEGORY,GOLD,FACT_BIGQUERY_BEHAVIOR,BIGQUERY_EVENT_SK,2,2026-10-08 04:24:19.082000
SILVER,BIGQUERY_EVENT_DIM,EVENT_CATEGORY,GOLD,WIDE_BIGQUERY_BEHAVIOR,BIGQUERY_EVENT_CATEGORY,2,2026-10-08 04:24:19.082000
BRONZE_AGENCY,VIDEO_AD_CMPGN_DTLS,CHNNL_NM,GOLD,DIM_AD_CREATIVE,AD_CREATIVE_SK,2,2026-10-08 04:24:20.241000
BRONZE_AGENCY,VIDEO_AD_CMPGN_DTLS,CHNNL_NM,GOLD,DIM_AD_CREATIVE,AD_CREATIVE_BK,2,2026-10-08 04:24:20.241000
BRONZE_AGENCY,VIDEO_AD_CMPGN_DTLS,CHNNL_NM,GOLD,DIM_AD_CREATIVE,MEDIA_NAME,2,2026-10-08 04:24:20.241000
BRONZE_AGENCY,VIDEO_AD_CMPGN_DTLS,CHNNL_NM,GOLD,FACT_AD_PERFORMANCE,AD_PERF_DK,3,2026-10-08 04:24:20.241000
BRONZE_AGENCY,VIDEO_AD_CMPGN_DTLS,CHNNL_NM,GOLD,WIDE_AD_BROADCAST,AD_MEDIA_NAME,3,2026-10-08 04:24:20.241000
BRONZE_AGENCY,VIDEO_AD_CMPGN_DTLS,CHNNL_NM,GOLD,WIDE_AD_PERFORMANCE,AD_CREATIVE_BK,3,2026-10-08 04:24:20.241000
BRONZE_AGENCY,VIDEO_AD_CMPGN_DTLS,CHNNL_NM,GOLD,WIDE_AD_DIGITAL,AD_MEDIA_NAME,3,2026-10-08 04:24:20.241000
BRONZE_AGENCY,VIDEO_AD_CMPGN_DTLS,CHNNL_NM,GOLD,WIDE_AD_PERFORMANCE,AD_MEDIA_NAME,3,2026-10-08 04:24:20.241000
BRONZE_AGENCY,VIDEO_AD_CMPGN_DTLS,CHNNL_NM,GOLD,WIDE_AD_COMBINED,AD_PERF_DK,4,2026-10-08 04:24:20.241000
BRONZE_AGENCY,VIDEO_AD_CMPGN_DTLS,CHNNL_NM,GOLD,WIDE_AD_PERFORMANCE,AD_PERF_DK,4,2026-10-08 04:24:20.241000
BRONZE_AGENCY,VIDEO_AD_CMPGN_DTLS,CHNNL_NM,GOLD,FACT_AD_BROADCAST,AD_PERF_DK,3,2026-10-08 04:24:20.241000
BRONZE_AGENCY,VIDEO_AD_CMPGN_DTLS,CHNNL_NM,GOLD,FACT_AD_BROADCAST,CHANNEL_COMPANY,3,2026-10-08 04:24:20.241000
BRONZE_AGENCY,VIDEO_AD_CMPGN_DTLS,CHNNL_NM,GOLD,WIDE_AD_BROADCAST,AD_PERF_DK,4,2026-10-08 04:24:20.241000
BRONZE_AGENCY,VIDEO_AD_CMPGN_DTLS,CHNNL_NM,GOLD,WIDE_AD_COMBINED,CHANNEL_COMPANY,4,2026-10-08 04:24:20.241000
BRONZE_AGENCY,VIDEO_AD_CMPGN_DTLS,CHNNL_NM,GOLD,WIDE_AD_BROADCAST_CASE,CHANNEL_COMPANY,4,2026-10-08 04:24:20.241000
BRONZE_AGENCY,VIDEO_AD_CMPGN_DTLS,CHNNL_NM,GOLD,WIDE_AD_BROADCAST,CHANNEL_COMPANY,4,2026-10-08 04:24:20.241000
BRONZE_AGENCY,VIDEO_AD_CMPGN_DTLS,TIME_RNG,GOLD,FACT_AD_PERFORMANCE,AD_PERF_DK,3,2026-10-08 04:24:23.389000
BRONZE_AGENCY,VIDEO_AD_CMPGN_DTLS,TIME_RNG,GOLD,FACT_AD_BROADCAST,AD_PERF_DK,3,2026-10-08 04:24:23.389000
BRONZE_AGENCY,VIDEO_AD_CMPGN_DTLS,TIME_RNG,GOLD,WIDE_AD_COMBINED,AD_PERF_DK,4,2026-10-08 04:24:23.389000
BRONZE_AGENCY,VIDEO_AD_CMPGN_DTLS,TIME_RNG,GOLD,WIDE_AD_COMBINED,TIME_BAND,4,2026-10-08 04:24:23.389000
BRONZE_AGENCY,VIDEO_AD_CMPGN_DTLS,TIME_RNG,GOLD,FACT_AD_BROADCAST,TIME_BAND,3,2026-10-08 04:24:23.389000
BRONZE_AGENCY,VIDEO_AD_CMPGN_DTLS,TIME_RNG,GOLD,WIDE_AD_PERFORMANCE,AD_PERF_DK,4,2026-10-08 04:24:23.389000
BRONZE_AGENCY,VIDEO_AD_CMPGN_DTLS,TIME_RNG,GOLD,WIDE_AD_BROADCAST,AD_PERF_DK,4,2026-10-08 04:24:23.389000
BRONZE_AGENCY,VIDEO_AD_CMPGN_DTLS,TIME_RNG,GOLD,WIDE_AD_BROADCAST,TIME_BAND,4,2026-10-08 04:24:23.389000
BRONZE_AGENCY,VIDEO_AD_CMPGN_DTLS,DAY_DIV_NM,GOLD,FACT_AD_PERFORMANCE,AD_PERF_DK,3,2026-10-08 04:24:24.622000
BRONZE_AGENCY,VIDEO_AD_CMPGN_DTLS,DAY_DIV_NM,GOLD,FACT_AD_BROADCAST,DAY_DIV,3,2026-10-08 04:24:24.622000
BRONZE_AGENCY,VIDEO_AD_CMPGN_DTLS,DAY_DIV_NM,GOLD,FACT_AD_BROADCAST,AD_PERF_DK,3,2026-10-08 04:24:24.622000
BRONZE_AGENCY,VIDEO_AD_CMPGN_DTLS,DAY_DIV_NM,GOLD,WIDE_AD_PERFORMANCE,AD_PERF_DK,4,2026-10-08 04:24:24.622000
BRONZE_AGENCY,VIDEO_AD_CMPGN_DTLS,DAY_DIV_NM,GOLD,WIDE_AD_BROADCAST,AD_PERF_DK,4,2026-10-08 04:24:24.622000
BRONZE_AGENCY,VIDEO_AD_CMPGN_DTLS,DAY_DIV_NM,GOLD,WIDE_AD_COMBINED,DAY_DIV,4,2026-10-08 04:24:24.622000
BRONZE_AGENCY,VIDEO_AD_CMPGN_DTLS,DAY_DIV_NM,GOLD,WIDE_AD_COMBINED,AD_PERF_DK,4,2026-10-08 04:24:24.622000
BRONZE_AGENCY,VIDEO_AD_CMPGN_DTLS,DAY_DIV_NM,GOLD,WIDE_AD_BROADCAST,DAY_DIV,4,2026-10-08 04:24:24.622000
BRONZE_AGENCY,VIDEO_AD_CMPGN_DTLS,CM,GOLD,WIDE_AD_COMBINED,AD_PERF_DK,4,2026-10-08 04:24:25.894000
BRONZE_AGENCY,VIDEO_AD_CMPGN_DTLS,CM,GOLD,WIDE_AD_PERFORMANCE,AD_PERF_DK,4,2026-10-08 04:24:25.894000
BRONZE_AGENCY,VIDEO_AD_CMPGN_DTLS,CM,GOLD,WIDE_AD_BROADCAST,AD_PERF_DK,4,2026-10-08 04:24:25.894000
BRONZE_AGENCY,VIDEO_AD_CMPGN_DTLS,CM,GOLD,FACT_AD_PERFORMANCE,AD_PERF_DK,3,2026-10-08 04:24:25.894000
BRONZE_AGENCY,VIDEO_AD_CMPGN_DTLS,CM,GOLD,FACT_AD_BROADCAST,AD_PERF_DK,3,2026-10-08 04:24:25.894000
BRONZE_AGENCY,VIDEO_AD_CMPGN_DTLS,CM_AREA,GOLD,DIM_AD_CREATIVE,AD_CREATIVE_BK,2,2026-10-08 04:24:27.041000
BRONZE_AGENCY,VIDEO_AD_CMPGN_DTLS,CM_AREA,GOLD,DIM_AD_CREATIVE,AD_CREATIVE_SK,2,2026-10-08 04:24:27.041000
BRONZE_AGENCY,VIDEO_AD_CMPGN_DTLS,CM_AREA,GOLD,FACT_AD_PERFORMANCE,AD_PERF_DK,3,2026-10-08 04:24:27.041000
BRONZE_AGENCY,VIDEO_AD_CMPGN_DTLS,CM_AREA,GOLD,FACT_AD_BROADCAST,AD_PERF_DK,3,2026-10-08 04:24:27.041000
BRONZE_AGENCY,VIDEO_AD_CMPGN_DTLS,CM_AREA,GOLD,FACT_AD_BROADCAST,CM_POSITION,3,2026-10-08 04:24:27.041000
BRONZE_AGENCY,VIDEO_AD_CMPGN_DTLS,CM_AREA,GOLD,WIDE_AD_COMBINED,AD_PERF_DK,4,2026-10-08 04:24:27.041000
BRONZE_AGENCY,VIDEO_AD_CMPGN_DTLS,CM_AREA,GOLD,WIDE_AD_PERFORMANCE,AD_PERF_DK,4,2026-10-08 04:24:27.041000
BRONZE_AGENCY,VIDEO_AD_CMPGN_DTLS,CM_AREA,GOLD,WIDE_AD_BROADCAST,AD_PERF_DK,4,2026-10-08 04:24:27.041000
BRONZE_AGENCY,VIDEO_AD_CMPGN_DTLS,CM_AREA,GOLD,WIDE_AD_BROADCAST,CM_POSITION,4,2026-10-08 04:24:27.041000
BRONZE_AGENCY,VIDEO_AD_CMPGN_DTLS,CM_AREA,GOLD,WIDE_AD_COMBINED,CM_POSITION,4,2026-10-08 04:24:27.041000
BRONZE_AGENCY,VIDEO_AD_CMPGN_DTLS,CM_AREA,GOLD,DIM_AD_CREATIVE,CM_POSITION,2,2026-10-08 04:24:27.041000
BRONZE_AGENCY,VIDEO_AD_CMPGN_DTLS,CM_AREA,GOLD,WIDE_AD_PERFORMANCE,AD_CREATIVE_BK,3,2026-10-08 04:24:27.041000
BRONZE_AGENCY,VIDEO_AD_CMPGN_DTLS,SPOT_TY,GOLD,FACT_AD_PERFORMANCE,AD_PERF_DK,3,2026-10-08 04:24:28.431000
BRONZE_AGENCY,VIDEO_AD_CMPGN_DTLS,SPOT_TY,GOLD,FACT_AD_BROADCAST,AD_PERF_DK,3,2026-10-08 04:24:28.431000
BRONZE_AGENCY,VIDEO_AD_CMPGN_DTLS,SPOT_TY,GOLD,FACT_AD_BROADCAST,SPOT_TYPE,3,2026-10-08 04:24:28.431000
BRONZE_AGENCY,VIDEO_AD_CMPGN_DTLS,SPOT_TY,GOLD,WIDE_AD_COMBINED,AD_PERF_DK,4,2026-10-08 04:24:28.431000
BRONZE_AGENCY,VIDEO_AD_CMPGN_DTLS,SPOT_TY,GOLD,WIDE_AD_BROADCAST,SPOT_TYPE,4,2026-10-08 04:24:28.431000
BRONZE_AGENCY,VIDEO_AD_CMPGN_DTLS,SPOT_TY,GOLD,WIDE_AD_COMBINED,SPOT_TYPE,4,2026-10-08 04:24:28.431000
BRONZE_AGENCY,VIDEO_AD_CMPGN_DTLS,SPOT_TY,GOLD,WIDE_AD_PERFORMANCE,AD_PERF_DK,4,2026-10-08 04:24:28.431000
BRONZE_AGENCY,VIDEO_AD_CMPGN_DTLS,SPOT_TY,GOLD,WIDE_AD_BROADCAST,AD_PERF_DK,4,2026-10-08 04:24:28.431000
BRONZE_AGENCY,VIDEO_AD_CMPGN_DTLS,AD_SEC,GOLD,DIM_AD_CREATIVE,AD_CREATIVE_SK,2,2026-10-08 04:24:29.704000
BRONZE_AGENCY,VIDEO_AD_CMPGN_DTLS,AD_SEC,GOLD,DIM_AD_CREATIVE,AD_CREATIVE_BK,2,2026-10-08 04:24:29.704000
BRONZE_AGENCY,VIDEO_AD_CMPGN_DTLS,AD_SEC,GOLD,FACT_AD_PERFORMANCE,AD_PERF_DK,3,2026-10-08 04:24:29.704000
BRONZE_AGENCY,VIDEO_AD_CMPGN_DTLS,AD_SEC,GOLD,FACT_AD_BROADCAST,AD_PERF_DK,3,2026-10-08 04:24:29.704000
BRONZE_AGENCY,VIDEO_AD_CMPGN_DTLS,AD_SEC,GOLD,FACT_AD_BROADCAST,DURATION_SEC,3,2026-10-08 04:24:29.704000
BRONZE_AGENCY,VIDEO_AD_CMPGN_DTLS,AD_SEC,GOLD,WIDE_AD_PERFORMANCE,AD_CREATIVE_BK,3,2026-10-08 04:24:29.704000
BRONZE_AGENCY,VIDEO_AD_CMPGN_DTLS,AD_SEC,GOLD,WIDE_AD_BROADCAST,DURATION_SEC,4,2026-10-08 04:24:29.704000
BRONZE_AGENCY,VIDEO_AD_CMPGN_DTLS,AD_SEC,GOLD,WIDE_AD_BROADCAST,AD_PERF_DK,4,2026-10-08 04:24:29.704000
BRONZE_AGENCY,VIDEO_AD_CMPGN_DTLS,AD_SEC,GOLD,WIDE_AD_COMBINED,AD_PERF_DK,4,2026-10-08 04:24:29.704000
BRONZE_AGENCY,VIDEO_AD_CMPGN_DTLS,AD_SEC,GOLD,WIDE_AD_PERFORMANCE,AD_PERF_DK,4,2026-10-08 04:24:29.704000
BRONZE_AGENCY,VIDEO_AD_CMPGN_DTLS,AD_SEC,GOLD,WIDE_AD_COMBINED,DURATION_SEC,4,2026-10-08 04:24:29.704000
BRONZE_AGENCY,VIDEO_AD_CMPGN_DTLS,UPPER_CMPGN_NM,GOLD,FACT_AD_PERFORMANCE,AD_PERF_DK,3,2026-10-08 04:24:31.150000
BRONZE_AGENCY,VIDEO_AD_CMPGN_DTLS,UPPER_CMPGN_NM,GOLD,FACT_AD_BROADCAST,AD_PERF_DK,3,2026-10-08 04:24:31.150000
BRONZE_AGENCY,VIDEO_AD_CMPGN_DTLS,UPPER_CMPGN_NM,GOLD,WIDE_AD_COMBINED,AD_PERF_DK,4,2026-10-08 04:24:31.150000
BRONZE_AGENCY,VIDEO_AD_CMPGN_DTLS,UPPER_CMPGN_NM,GOLD,WIDE_AD_PERFORMANCE,AD_PERF_DK,4,2026-10-08 04:24:31.150000
BRONZE_AGENCY,VIDEO_AD_CMPGN_DTLS,UPPER_CMPGN_NM,GOLD,WIDE_AD_BROADCAST,AD_PERF_DK,4,2026-10-08 04:24:31.150000
BRONZE_AGENCY,VIDEO_AD_CMPGN_DTLS,MATR_NM,GOLD,DIM_AD_CREATIVE,AD_CREATIVE_SK,2,2026-10-08 04:24:32.399000
BRONZE_AGENCY,VIDEO_AD_CMPGN_DTLS,MATR_NM,GOLD,FACT_AD_PERFORMANCE,AD_PERF_DK,3,2026-10-08 04:24:32.399000
BRONZE_AGENCY,VIDEO_AD_CMPGN_DTLS,MATR_NM,GOLD,FACT_AD_BROADCAST,AD_PERF_DK,3,2026-10-08 04:24:32.399000
BRONZE_AGENCY,VIDEO_AD_CMPGN_DTLS,MATR_NM,GOLD,WIDE_AD_BROADCAST,AD_CREATIVE,3,2026-10-08 04:24:32.399000
BRONZE_AGENCY,VIDEO_AD_CMPGN_DTLS,MATR_NM,GOLD,WIDE_AD_PERFORMANCE,AD_CREATIVE,3,2026-10-08 04:24:32.399000
BRONZE_AGENCY,VIDEO_AD_CMPGN_DTLS,MATR_NM,GOLD,WIDE_AD_PERFORMANCE,AD_PERF_DK,4,2026-10-08 04:24:32.399000
BRONZE_AGENCY,VIDEO_AD_CMPGN_DTLS,MATR_NM,GOLD,WIDE_AD_BROADCAST,AD_PERF_DK,4,2026-10-08 04:24:32.399000
BRONZE_AGENCY,VIDEO_AD_CMPGN_DTLS,MATR_NM,GOLD,DIM_AD_CREATIVE,CREATIVE,2,2026-10-08 04:24:32.399000
BRONZE_AGENCY,VIDEO_AD_CMPGN_DTLS,MATR_NM,GOLD,DIM_AD_CREATIVE,AD_CREATIVE_BK,2,2026-10-08 04:24:32.399000
BRONZE_AGENCY,VIDEO_AD_CMPGN_DTLS,MATR_NM,GOLD,WIDE_AD_DIGITAL,AD_CREATIVE,3,2026-10-08 04:24:32.399000
BRONZE_AGENCY,VIDEO_AD_CMPGN_DTLS,MATR_NM,GOLD,WIDE_AD_PERFORMANCE,AD_CREATIVE_BK,3,2026-10-08 04:24:32.399000
BRONZE_AGENCY,VIDEO_AD_CMPGN_DTLS,MATR_NM,GOLD,WIDE_AD_COMBINED,AD_PERF_DK,4,2026-10-08 04:24:32.399000
SILVER,AGENCY_AD_ROW_VIDEO,AD_TY_NM,GOLD,FACT_AD_BROADCAST,CTV_DIV,2,2026-10-08 04:24:33.825000
SILVER,AGENCY_AD_ROW_VIDEO,AD_TY_NM,GOLD,WIDE_AD_BROADCAST,CTV_DIV,3,2026-10-08 04:24:33.825000
SILVER,AGENCY_AD_ROW_VIDEO,AD_TY_NM,GOLD,WIDE_AD_COMBINED,CTV_DIV,3,2026-10-08 04:24:33.825000
BRONZE_AGENCY,VIDEO_AD_CMPGN_DTLS,DOW,GOLD,FACT_AD_PERFORMANCE,AD_PERF_DK,3,2026-10-08 04:24:34.942000
BRONZE_AGENCY,VIDEO_AD_CMPGN_DTLS,DOW,GOLD,WIDE_AD_COMBINED,AD_PERF_DK,4,2026-10-08 04:24:34.942000
BRONZE_AGENCY,VIDEO_AD_CMPGN_DTLS,DOW,GOLD,WIDE_AD_BROADCAST,AD_PERF_DK,4,2026-10-08 04:24:34.942000
BRONZE_AGENCY,VIDEO_AD_CMPGN_DTLS,DOW,GOLD,FACT_AD_BROADCAST,AD_PERF_DK,3,2026-10-08 04:24:34.942000
BRONZE_AGENCY,VIDEO_AD_CMPGN_DTLS,DOW,GOLD,WIDE_AD_PERFORMANCE,AD_PERF_DK,4,2026-10-08 04:24:34.942000
SILVER,AGENCY_AD_ROW_VIDEO,YEAR,GOLD,FACT_AD_PERFORMANCE,PERF_DATE_SK,2,2026-10-08 04:24:36.053000
SILVER,AGENCY_AD_ROW_VIDEO,YEAR,GOLD,FACT_AD_PERFORMANCE,DAY_OF_WEEK,2,2026-10-08 04:24:36.053000
SILVER,AGENCY_AD_ROW_VIDEO,YEAR,GOLD,FACT_AD_PERFORMANCE,WEEK_OF_YEAR,2,2026-10-08 04:24:36.053000
SILVER,AGENCY_AD_ROW_VIDEO,YEAR,GOLD,WIDE_AD_BROADCAST,PERF_DATE_SK,3,2026-10-08 04:24:36.053000
SILVER,AGENCY_AD_ROW_VIDEO,YEAR,GOLD,WIDE_AD_BROADCAST_CASE,PERF_DATE_SK,3,2026-10-08 04:24:36.053000
SILVER,AGENCY_AD_ROW_VIDEO,YEAR,GOLD,WIDE_AD_COMBINED,PERF_DATE_SK,3,2026-10-08 04:24:36.053000
SILVER,AGENCY_AD_ROW_VIDEO,YEAR,GOLD,WIDE_AD_COMBINED,DAY_OF_WEEK,3,2026-10-08 04:24:36.053000
SILVER,AGENCY_AD_ROW_VIDEO,YEAR,GOLD,WIDE_AD_PERFORMANCE,WEEK_OF_YEAR,3,2026-10-08 04:24:36.053000
SILVER,AGENCY_AD_ROW_VIDEO,YEAR,GOLD,WIDE_AD_COMBINED,WEEK_OF_YEAR,3,2026-10-08 04:24:36.053000
SILVER,AGENCY_AD_ROW_VIDEO,YEAR,GOLD,WIDE_AD_PERFORMANCE,PERF_DATE_SK,3,2026-10-08 04:24:36.053000
SILVER,AGENCY_AD_ROW_VIDEO,YEAR,GOLD,WIDE_AD_DIGITAL,PERF_DATE_SK,3,2026-10-08 04:24:36.053000
SILVER,AGENCY_AD_ROW_VIDEO,YEAR,GOLD,WIDE_AD_PERFORMANCE,DAY_OF_WEEK,3,2026-10-08 04:24:36.053000
BRONZE_AGENCY,VIDEO_AD_CMPGN_DTLS,DMST_OVSEA_DIV_NM,GOLD,FACT_AD_PERFORMANCE,AD_PERF_DK,3,2026-10-08 04:24:38.135000
BRONZE_AGENCY,VIDEO_AD_CMPGN_DTLS,DMST_OVSEA_DIV_NM,GOLD,FACT_AD_BROADCAST,AD_PERF_DK,3,2026-10-08 04:24:38.135000
BRONZE_AGENCY,VIDEO_AD_CMPGN_DTLS,DMST_OVSEA_DIV_NM,GOLD,WIDE_AD_COMBINED,AD_PERF_DK,4,2026-10-08 04:24:38.135000
BRONZE_AGENCY,VIDEO_AD_CMPGN_DTLS,DMST_OVSEA_DIV_NM,GOLD,WIDE_AD_BROADCAST,AD_PERF_DK,4,2026-10-08 04:24:38.135000
BRONZE_AGENCY,VIDEO_AD_CMPGN_DTLS,DMST_OVSEA_DIV_NM,GOLD,WIDE_AD_PERFORMANCE,AD_PERF_DK,4,2026-10-08 04:24:38.135000
BRONZE_AGENCY,VIDEO_AD_CMPGN_DTLS,BSNS_CASE_DIV_NM,GOLD,FACT_AD_PERFORMANCE,AD_PERF_DK,3,2026-10-08 04:24:39.397000
BRONZE_AGENCY,VIDEO_AD_CMPGN_DTLS,BSNS_CASE_DIV_NM,GOLD,FACT_AD_BROADCAST,AD_PERF_DK,3,2026-10-08 04:24:39.397000
BRONZE_AGENCY,VIDEO_AD_CMPGN_DTLS,BSNS_CASE_DIV_NM,GOLD,WIDE_AD_PERFORMANCE,AD_PERF_DK,4,2026-10-08 04:24:39.397000
BRONZE_AGENCY,VIDEO_AD_CMPGN_DTLS,BSNS_CASE_DIV_NM,GOLD,WIDE_AD_COMBINED,AD_PERF_DK,4,2026-10-08 04:24:39.397000
BRONZE_AGENCY,VIDEO_AD_CMPGN_DTLS,BSNS_CASE_DIV_NM,GOLD,WIDE_AD_BROADCAST,AD_PERF_DK,4,2026-10-08 04:24:39.397000
BRONZE_AGENCY,VIDEO_AD_CMPGN_DTLS,CMPGN_TY_NM,GOLD,DIM_AD_CREATIVE,AD_CREATIVE_SK,2,2026-10-08 04:24:40.565000
BRONZE_AGENCY,VIDEO_AD_CMPGN_DTLS,CMPGN_TY_NM,GOLD,DIM_AD_CREATIVE,AD_TYPE,2,2026-10-08 04:24:40.565000
BRONZE_AGENCY,VIDEO_AD_CMPGN_DTLS,CMPGN_TY_NM,GOLD,DIM_AD_CREATIVE,AD_CREATIVE_BK,2,2026-10-08 04:24:40.565000
BRONZE_AGENCY,VIDEO_AD_CMPGN_DTLS,CMPGN_TY_NM,GOLD,FACT_AD_PERFORMANCE,AD_PERF_DK,3,2026-10-08 04:24:40.565000
BRONZE_AGENCY,VIDEO_AD_CMPGN_DTLS,CMPGN_TY_NM,GOLD,FACT_AD_BROADCAST,AD_PERF_DK,3,2026-10-08 04:24:40.565000
BRONZE_AGENCY,VIDEO_AD_CMPGN_DTLS,CMPGN_TY_NM,GOLD,WIDE_AD_PERFORMANCE,AD_CREATIVE_TYPE,3,2026-10-08 04:24:40.565000
BRONZE_AGENCY,VIDEO_AD_CMPGN_DTLS,CMPGN_TY_NM,GOLD,WIDE_AD_PERFORMANCE,AD_CREATIVE_BK,3,2026-10-08 04:24:40.565000
BRONZE_AGENCY,VIDEO_AD_CMPGN_DTLS,CMPGN_TY_NM,GOLD,WIDE_AD_COMBINED,AD_PERF_DK,4,2026-10-08 04:24:40.565000
BRONZE_AGENCY,VIDEO_AD_CMPGN_DTLS,CMPGN_TY_NM,GOLD,WIDE_AD_BROADCAST,AD_PERF_DK,4,2026-10-08 04:24:40.565000
BRONZE_AGENCY,VIDEO_AD_CMPGN_DTLS,CMPGN_TY_NM,GOLD,WIDE_AD_PERFORMANCE,AD_PERF_DK,4,2026-10-08 04:24:40.565000
BRONZE_AGENCY,VIDEO_AD_CMPGN_DTLS,CHNNL_CMPNY_TY_NM,GOLD,FACT_AD_PERFORMANCE,AD_PERF_DK,3,2026-10-08 04:24:42.065000
BRONZE_AGENCY,VIDEO_AD_CMPGN_DTLS,CHNNL_CMPNY_TY_NM,GOLD,FACT_AD_BROADCAST,AD_PERF_DK,3,2026-10-08 04:24:42.065000
BRONZE_AGENCY,VIDEO_AD_CMPGN_DTLS,CHNNL_CMPNY_TY_NM,GOLD,FACT_AD_BROADCAST,CHANNEL_COMPANY_TYPE,3,2026-10-08 04:24:42.065000
BRONZE_AGENCY,VIDEO_AD_CMPGN_DTLS,CHNNL_CMPNY_TY_NM,GOLD,WIDE_AD_COMBINED,AD_PERF_DK,4,2026-10-08 04:24:42.065000
BRONZE_AGENCY,VIDEO_AD_CMPGN_DTLS,CHNNL_CMPNY_TY_NM,GOLD,WIDE_AD_BROADCAST,AD_PERF_DK,4,2026-10-08 04:24:42.065000
BRONZE_AGENCY,VIDEO_AD_CMPGN_DTLS,CHNNL_CMPNY_TY_NM,GOLD,WIDE_AD_BROADCAST,CHANNEL_COMPANY_TYPE,4,2026-10-08 04:24:42.065000
BRONZE_AGENCY,VIDEO_AD_CMPGN_DTLS,CHNNL_CMPNY_TY_NM,GOLD,WIDE_AD_PERFORMANCE,AD_PERF_DK,4,2026-10-08 04:24:42.065000
BRONZE_AGENCY,VIDEO_AD_CMPGN_DTLS,CHNNL_CMPNY_TY_NM,GOLD,WIDE_AD_COMBINED,CHANNEL_COMPANY_TYPE,4,2026-10-08 04:24:42.065000
BRONZE_AGENCY,VIDEO_AD_CMPGN_DTLS,WEEK,GOLD,FACT_AD_PERFORMANCE,AD_PERF_DK,3,2026-10-08 04:24:43.378000
BRONZE_AGENCY,VIDEO_AD_CMPGN_DTLS,WEEK,GOLD,FACT_AD_BROADCAST,AD_PERF_DK,3,2026-10-08 04:24:43.378000
BRONZE_AGENCY,VIDEO_AD_CMPGN_DTLS,WEEK,GOLD,WIDE_AD_COMBINED,AD_PERF_DK,4,2026-10-08 04:24:43.378000
BRONZE_AGENCY,VIDEO_AD_CMPGN_DTLS,WEEK,GOLD,WIDE_AD_PERFORMANCE,AD_PERF_DK,4,2026-10-08 04:24:43.378000
BRONZE_AGENCY,VIDEO_AD_CMPGN_DTLS,WEEK,GOLD,WIDE_AD_BROADCAST,AD_PERF_DK,4,2026-10-08 04:24:43.378000
BRONZE_AGENCY,VIDEO_AD_CMPGN_DTLS,MONTH,GOLD,FACT_AD_PERFORMANCE,AD_PERF_DK,3,2026-10-08 04:24:44.489000
BRONZE_AGENCY,VIDEO_AD_CMPGN_DTLS,MONTH,GOLD,FACT_AD_PERFORMANCE,PERF_DATE_SK,3,2026-10-08 04:24:44.489000
BRONZE_AGENCY,VIDEO_AD_CMPGN_DTLS,MONTH,GOLD,FACT_AD_PERFORMANCE,WEEK_OF_YEAR,3,2026-10-08 04:24:44.489000
BRONZE_AGENCY,VIDEO_AD_CMPGN_DTLS,MONTH,GOLD,FACT_AD_PERFORMANCE,DAY_OF_WEEK,3,2026-10-08 04:24:44.489000
BRONZE_AGENCY,VIDEO_AD_CMPGN_DTLS,MONTH,GOLD,FACT_AD_BROADCAST,AD_PERF_DK,3,2026-10-08 04:24:44.489000
BRONZE_AGENCY,VIDEO_AD_CMPGN_DTLS,MONTH,GOLD,WIDE_AD_BROADCAST,PERF_DATE_SK,4,2026-10-08 04:24:44.489000
BRONZE_AGENCY,VIDEO_AD_CMPGN_DTLS,MONTH,GOLD,WIDE_AD_COMBINED,PERF_DATE_SK,4,2026-10-08 04:24:44.489000
BRONZE_AGENCY,VIDEO_AD_CMPGN_DTLS,MONTH,GOLD,WIDE_AD_DIGITAL,PERF_DATE_SK,4,2026-10-08 04:24:44.489000
BRONZE_AGENCY,VIDEO_AD_CMPGN_DTLS,MONTH,GOLD,WIDE_AD_COMBINED,DAY_OF_WEEK,4,2026-10-08 04:24:44.489000
BRONZE_AGENCY,VIDEO_AD_CMPGN_DTLS,MONTH,GOLD,WIDE_AD_COMBINED,WEEK_OF_YEAR,4,2026-10-08 04:24:44.489000
BRONZE_AGENCY,VIDEO_AD_CMPGN_DTLS,MONTH,GOLD,WIDE_AD_BROADCAST,AD_PERF_DK,4,2026-10-08 04:24:44.489000
BRONZE_AGENCY,VIDEO_AD_CMPGN_DTLS,MONTH,GOLD,WIDE_AD_BROADCAST_CASE,PERF_DATE_SK,4,2026-10-08 04:24:44.489000
BRONZE_AGENCY,VIDEO_AD_CMPGN_DTLS,MONTH,GOLD,WIDE_AD_COMBINED,AD_PERF_DK,4,2026-10-08 04:24:44.489000
BRONZE_AGENCY,VIDEO_AD_CMPGN_DTLS,MONTH,GOLD,WIDE_AD_PERFORMANCE,WEEK_OF_YEAR,4,2026-10-08 04:24:44.489000
BRONZE_AGENCY,VIDEO_AD_CMPGN_DTLS,MONTH,GOLD,WIDE_AD_PERFORMANCE,AD_PERF_DK,4,2026-10-08 04:24:44.489000
BRONZE_AGENCY,VIDEO_AD_CMPGN_DTLS,MONTH,GOLD,WIDE_AD_PERFORMANCE,PERF_DATE_SK,4,2026-10-08 04:24:44.489000
BRONZE_AGENCY,VIDEO_AD_CMPGN_DTLS,MONTH,GOLD,WIDE_AD_PERFORMANCE,DAY_OF_WEEK,4,2026-10-08 04:24:44.489000
BRONZE_AGENCY,VIDEO_AD_CMPGN_DTLS,AD_TY_NM,GOLD,FACT_AD_PERFORMANCE,AD_PERF_DK,3,2026-10-08 04:24:45.777000
BRONZE_AGENCY,VIDEO_AD_CMPGN_DTLS,AD_TY_NM,GOLD,FACT_AD_BROADCAST,AD_PERF_DK,3,2026-10-08 04:24:45.777000
BRONZE_AGENCY,VIDEO_AD_CMPGN_DTLS,AD_TY_NM,GOLD,FACT_AD_BROADCAST,CTV_DIV,3,2026-10-08 04:24:45.777000
BRONZE_AGENCY,VIDEO_AD_CMPGN_DTLS,AD_TY_NM,GOLD,WIDE_AD_COMBINED,AD_PERF_DK,4,2026-10-08 04:24:45.777000
BRONZE_AGENCY,VIDEO_AD_CMPGN_DTLS,AD_TY_NM,GOLD,WIDE_AD_PERFORMANCE,AD_PERF_DK,4,2026-10-08 04:24:45.777000
BRONZE_AGENCY,VIDEO_AD_CMPGN_DTLS,AD_TY_NM,GOLD,WIDE_AD_BROADCAST,AD_PERF_DK,4,2026-10-08 04:24:45.777000
BRONZE_AGENCY,VIDEO_AD_CMPGN_DTLS,AD_TY_NM,GOLD,WIDE_AD_COMBINED,CTV_DIV,4,2026-10-08 04:24:45.777000
BRONZE_AGENCY,VIDEO_AD_CMPGN_DTLS,AD_TY_NM,GOLD,WIDE_AD_BROADCAST,CTV_DIV,4,2026-10-08 04:24:45.777000
SILVER,AGENCY_AD_ROW_VIDEO,DAY,GOLD,FACT_AD_PERFORMANCE,PERF_DATE_SK,2,2026-10-08 04:24:46.966000
SILVER,AGENCY_AD_ROW_VIDEO,DAY,GOLD,FACT_AD_PERFORMANCE,DAY_OF_WEEK,2,2026-10-08 04:24:46.966000
SILVER,AGENCY_AD_ROW_VIDEO,DAY,GOLD,FACT_AD_PERFORMANCE,WEEK_OF_YEAR,2,2026-10-08 04:24:46.966000
SILVER,AGENCY_AD_ROW_VIDEO,DAY,GOLD,WIDE_AD_BROADCAST_CASE,PERF_DATE_SK,3,2026-10-08 04:24:46.966000
SILVER,AGENCY_AD_ROW_VIDEO,DAY,GOLD,WIDE_AD_COMBINED,PERF_DATE_SK,3,2026-10-08 04:24:46.966000
SILVER,AGENCY_AD_ROW_VIDEO,DAY,GOLD,WIDE_AD_PERFORMANCE,PERF_DATE_SK,3,2026-10-08 04:24:46.966000
SILVER,AGENCY_AD_ROW_VIDEO,DAY,GOLD,WIDE_AD_PERFORMANCE,DAY_OF_WEEK,3,2026-10-08 04:24:46.966000
SILVER,AGENCY_AD_ROW_VIDEO,DAY,GOLD,WIDE_AD_COMBINED,WEEK_OF_YEAR,3,2026-10-08 04:24:46.966000
SILVER,AGENCY_AD_ROW_VIDEO,DAY,GOLD,WIDE_AD_DIGITAL,PERF_DATE_SK,3,2026-10-08 04:24:46.966000
SILVER,AGENCY_AD_ROW_VIDEO,DAY,GOLD,WIDE_AD_COMBINED,DAY_OF_WEEK,3,2026-10-08 04:24:46.966000
SILVER,AGENCY_AD_ROW_VIDEO,DAY,GOLD,WIDE_AD_BROADCAST,PERF_DATE_SK,3,2026-10-08 04:24:46.966000
SILVER,AGENCY_AD_ROW_VIDEO,DAY,GOLD,WIDE_AD_PERFORMANCE,WEEK_OF_YEAR,3,2026-10-08 04:24:46.966000
BRONZE_AGENCY,VIDEO_AD_CMPGN_DTLS,DEVICE_NM,GOLD,FACT_AD_PERFORMANCE,AD_PERF_DK,3,2026-10-08 04:24:52.650000
BRONZE_AGENCY,VIDEO_AD_CMPGN_DTLS,DEVICE_NM,GOLD,FACT_AD_BROADCAST,AD_PERF_DK,3,2026-10-08 04:24:52.650000
BRONZE_AGENCY,VIDEO_AD_CMPGN_DTLS,DEVICE_NM,GOLD,WIDE_AD_COMBINED,AD_PERF_DK,4,2026-10-08 04:24:52.650000
BRONZE_AGENCY,VIDEO_AD_CMPGN_DTLS,DEVICE_NM,GOLD,WIDE_AD_BROADCAST,AD_PERF_DK,4,2026-10-08 04:24:52.650000
BRONZE_AGENCY,VIDEO_AD_CMPGN_DTLS,DEVICE_NM,GOLD,WIDE_AD_PERFORMANCE,AD_PERF_DK,4,2026-10-08 04:24:52.650000
BRONZE_AGENCY,VIDEO_AD_CMPGN_DTLS,YEAR,GOLD,FACT_AD_PERFORMANCE,AD_PERF_DK,3,2026-10-08 04:24:54.157000
BRONZE_AGENCY,VIDEO_AD_CMPGN_DTLS,YEAR,GOLD,FACT_AD_BROADCAST,AD_PERF_DK,3,2026-10-08 04:24:54.157000
BRONZE_AGENCY,VIDEO_AD_CMPGN_DTLS,YEAR,GOLD,FACT_AD_PERFORMANCE,PERF_DATE_SK,3,2026-10-08 04:24:54.157000
BRONZE_AGENCY,VIDEO_AD_CMPGN_DTLS,YEAR,GOLD,FACT_AD_PERFORMANCE,WEEK_OF_YEAR,3,2026-10-08 04:24:54.157000
BRONZE_AGENCY,VIDEO_AD_CMPGN_DTLS,YEAR,GOLD,WIDE_AD_PERFORMANCE,AD_PERF_DK,4,2026-10-08 04:24:54.157000
BRONZE_AGENCY,VIDEO_AD_CMPGN_DTLS,YEAR,GOLD,WIDE_AD_BROADCAST,AD_PERF_DK,4,2026-10-08 04:24:54.157000
BRONZE_AGENCY,VIDEO_AD_CMPGN_DTLS,YEAR,GOLD,WIDE_AD_BROADCAST,PERF_DATE_SK,4,2026-10-08 04:24:54.157000
BRONZE_AGENCY,VIDEO_AD_CMPGN_DTLS,YEAR,GOLD,WIDE_AD_BROADCAST_CASE,PERF_DATE_SK,4,2026-10-08 04:24:54.157000
BRONZE_AGENCY,VIDEO_AD_CMPGN_DTLS,YEAR,GOLD,WIDE_AD_COMBINED,WEEK_OF_YEAR,4,2026-10-08 04:24:54.157000
BRONZE_AGENCY,VIDEO_AD_CMPGN_DTLS,YEAR,GOLD,WIDE_AD_PERFORMANCE,WEEK_OF_YEAR,4,2026-10-08 04:24:54.157000
BRONZE_AGENCY,VIDEO_AD_CMPGN_DTLS,YEAR,GOLD,FACT_AD_PERFORMANCE,DAY_OF_WEEK,3,2026-10-08 04:24:54.157000
BRONZE_AGENCY,VIDEO_AD_CMPGN_DTLS,YEAR,GOLD,WIDE_AD_COMBINED,AD_PERF_DK,4,2026-10-08 04:24:54.157000
BRONZE_AGENCY,VIDEO_AD_CMPGN_DTLS,YEAR,GOLD,WIDE_AD_PERFORMANCE,PERF_DATE_SK,4,2026-10-08 04:24:54.157000
BRONZE_AGENCY,VIDEO_AD_CMPGN_DTLS,YEAR,GOLD,WIDE_AD_PERFORMANCE,DAY_OF_WEEK,4,2026-10-08 04:24:54.157000
BRONZE_AGENCY,VIDEO_AD_CMPGN_DTLS,YEAR,GOLD,WIDE_AD_COMBINED,PERF_DATE_SK,4,2026-10-08 04:24:54.157000
BRONZE_AGENCY,VIDEO_AD_CMPGN_DTLS,YEAR,GOLD,WIDE_AD_COMBINED,DAY_OF_WEEK,4,2026-10-08 04:24:54.157000
BRONZE_AGENCY,VIDEO_AD_CMPGN_DTLS,YEAR,GOLD,WIDE_AD_DIGITAL,PERF_DATE_SK,4,2026-10-08 04:24:54.157000
SILVER,AGENCY_AD_ROW_VIDEO,CHNNL_NM,GOLD,FACT_AD_BROADCAST,CHANNEL_COMPANY,2,2026-10-08 04:24:55.966000
SILVER,AGENCY_AD_ROW_VIDEO,CHNNL_NM,GOLD,WIDE_AD_BROADCAST_CASE,CHANNEL_COMPANY,3,2026-10-08 04:24:55.966000
SILVER,AGENCY_AD_ROW_VIDEO,CHNNL_NM,GOLD,WIDE_AD_BROADCAST,CHANNEL_COMPANY,3,2026-10-08 04:24:55.966000
SILVER,AGENCY_AD_ROW_VIDEO,CHNNL_NM,GOLD,WIDE_AD_COMBINED,CHANNEL_COMPANY,3,2026-10-08 04:24:55.966000
SILVER,AGENCY_AD_ROW_VIDEO,TIME_RNG,GOLD,FACT_AD_BROADCAST,TIME_BAND,2,2026-10-08 04:24:59.855000
SILVER,AGENCY_AD_ROW_VIDEO,TIME_RNG,GOLD,WIDE_AD_BROADCAST,TIME_BAND,3,2026-10-08 04:24:59.855000
SILVER,AGENCY_AD_ROW_VIDEO,TIME_RNG,GOLD,WIDE_AD_COMBINED,TIME_BAND,3,2026-10-08 04:24:59.855000
SILVER,AGENCY_AD_ROW_VIDEO,CHNNL_CMPNY_TY_NM,GOLD,FACT_AD_BROADCAST,CHANNEL_COMPANY_TYPE,2,2026-10-08 04:25:01.655000
SILVER,AGENCY_AD_ROW_VIDEO,CHNNL_CMPNY_TY_NM,GOLD,WIDE_AD_BROADCAST,CHANNEL_COMPANY_TYPE,3,2026-10-08 04:25:01.655000
SILVER,AGENCY_AD_ROW_VIDEO,CHNNL_CMPNY_TY_NM,GOLD,WIDE_AD_COMBINED,CHANNEL_COMPANY_TYPE,3,2026-10-08 04:25:01.655000
SILVER,AGENCY_AD_ROW_VIDEO,MONTH,GOLD,FACT_AD_PERFORMANCE,PERF_DATE_SK,2,2026-10-08 04:25:04.983000
SILVER,AGENCY_AD_ROW_VIDEO,MONTH,GOLD,FACT_AD_PERFORMANCE,DAY_OF_WEEK,2,2026-10-08 04:25:04.983000
SILVER,AGENCY_AD_ROW_VIDEO,MONTH,GOLD,WIDE_AD_BROADCAST,PERF_DATE_SK,3,2026-10-08 04:25:04.983000
SILVER,AGENCY_AD_ROW_VIDEO,MONTH,GOLD,WIDE_AD_BROADCAST_CASE,PERF_DATE_SK,3,2026-10-08 04:25:04.983000
SILVER,AGENCY_AD_ROW_VIDEO,MONTH,GOLD,WIDE_AD_DIGITAL,PERF_DATE_SK,3,2026-10-08 04:25:04.983000
SILVER,AGENCY_AD_ROW_VIDEO,MONTH,GOLD,WIDE_AD_PERFORMANCE,PERF_DATE_SK,3,2026-10-08 04:25:04.983000
SILVER,AGENCY_AD_ROW_VIDEO,MONTH,GOLD,WIDE_AD_PERFORMANCE,WEEK_OF_YEAR,3,2026-10-08 04:25:04.983000
SILVER,AGENCY_AD_ROW_VIDEO,MONTH,GOLD,WIDE_AD_COMBINED,WEEK_OF_YEAR,3,2026-10-08 04:25:04.983000
SILVER,AGENCY_AD_ROW_VIDEO,MONTH,GOLD,WIDE_AD_COMBINED,PERF_DATE_SK,3,2026-10-08 04:25:04.983000
SILVER,AGENCY_AD_ROW_VIDEO,MONTH,GOLD,WIDE_AD_PERFORMANCE,DAY_OF_WEEK,3,2026-10-08 04:25:04.983000
SILVER,AGENCY_AD_ROW_VIDEO,MONTH,GOLD,WIDE_AD_COMBINED,DAY_OF_WEEK,3,2026-10-08 04:25:04.983000
SILVER,AGENCY_AD_ROW_VIDEO,MONTH,GOLD,FACT_AD_PERFORMANCE,WEEK_OF_YEAR,2,2026-10-08 04:25:04.983000
SILVER,AGENCY_AD_ROW_VIDEO,DAY_DIV_NM,GOLD,FACT_AD_BROADCAST,DAY_DIV,2,2026-10-08 04:25:06.722000
SILVER,AGENCY_AD_ROW_VIDEO,DAY_DIV_NM,GOLD,WIDE_AD_BROADCAST,DAY_DIV,3,2026-10-08 04:25:06.722000
SILVER,AGENCY_AD_ROW_VIDEO,DAY_DIV_NM,GOLD,WIDE_AD_COMBINED,DAY_DIV,3,2026-10-08 04:25:06.722000
BRONZE_AGENCY,VIDEO_AD_CMPGN_DTLS,MATR_TY_NM,GOLD,FACT_AD_PERFORMANCE,AD_PERF_DK,3,2026-10-08 04:25:07.886000
BRONZE_AGENCY,VIDEO_AD_CMPGN_DTLS,MATR_TY_NM,GOLD,FACT_AD_BROADCAST,AD_PERF_DK,3,2026-10-08 04:25:07.886000
BRONZE_AGENCY,VIDEO_AD_CMPGN_DTLS,MATR_TY_NM,GOLD,WIDE_AD_COMBINED,AD_PERF_DK,4,2026-10-08 04:25:07.886000
BRONZE_AGENCY,VIDEO_AD_CMPGN_DTLS,MATR_TY_NM,GOLD,WIDE_AD_PERFORMANCE,AD_PERF_DK,4,2026-10-08 04:25:07.886000
BRONZE_AGENCY,VIDEO_AD_CMPGN_DTLS,MATR_TY_NM,GOLD,WIDE_AD_BROADCAST,AD_PERF_DK,4,2026-10-08 04:25:07.886000
SILVER,AGENCY_AD_ROW_VIDEO,CM_AREA,GOLD,FACT_AD_BROADCAST,CM_POSITION,2,2026-10-08 04:25:09.401000
SILVER,AGENCY_AD_ROW_VIDEO,CM_AREA,GOLD,WIDE_AD_BROADCAST,CM_POSITION,3,2026-10-08 04:25:09.401000
SILVER,AGENCY_AD_ROW_VIDEO,CM_AREA,GOLD,WIDE_AD_COMBINED,CM_POSITION,3,2026-10-08 04:25:09.401000
SILVER,AGENCY_AD_ROW_VIDEO,SPOT_TY,GOLD,FACT_AD_BROADCAST,SPOT_TYPE,2,2026-10-08 04:25:10.533000
SILVER,AGENCY_AD_ROW_VIDEO,SPOT_TY,GOLD,WIDE_AD_BROADCAST,SPOT_TYPE,3,2026-10-08 04:25:10.533000
SILVER,AGENCY_AD_ROW_VIDEO,SPOT_TY,GOLD,WIDE_AD_COMBINED,SPOT_TYPE,3,2026-10-08 04:25:10.533000
SILVER,AGENCY_AD_ROW_VIDEO,AD_SEC,GOLD,FACT_AD_BROADCAST,DURATION_SEC,2,2026-10-08 04:25:11.671000
SILVER,AGENCY_AD_ROW_VIDEO,AD_SEC,GOLD,WIDE_AD_BROADCAST,DURATION_SEC,3,2026-10-08 04:25:11.671000
SILVER,AGENCY_AD_ROW_VIDEO,AD_SEC,GOLD,WIDE_AD_COMBINED,DURATION_SEC,3,2026-10-08 04:25:11.671000
BRONZE_AGENCY,VIDEO_AD_CMPGN_DTLS,DAY,GOLD,FACT_AD_BROADCAST,AD_PERF_DK,3,2026-10-08 04:25:14.010000
BRONZE_AGENCY,VIDEO_AD_CMPGN_DTLS,DAY,GOLD,FACT_AD_PERFORMANCE,DAY_OF_WEEK,3,2026-10-08 04:25:14.010000
BRONZE_AGENCY,VIDEO_AD_CMPGN_DTLS,DAY,GOLD,FACT_AD_PERFORMANCE,WEEK_OF_YEAR,3,2026-10-08 04:25:14.010000
BRONZE_AGENCY,VIDEO_AD_CMPGN_DTLS,DAY,GOLD,WIDE_AD_PERFORMANCE,AD_PERF_DK,4,2026-10-08 04:25:14.010000
BRONZE_AGENCY,VIDEO_AD_CMPGN_DTLS,DAY,GOLD,WIDE_AD_BROADCAST_CASE,PERF_DATE_SK,4,2026-10-08 04:25:14.010000
BRONZE_AGENCY,VIDEO_AD_CMPGN_DTLS,DAY,GOLD,WIDE_AD_COMBINED,PERF_DATE_SK,4,2026-10-08 04:25:14.010000
BRONZE_AGENCY,VIDEO_AD_CMPGN_DTLS,DAY,GOLD,WIDE_AD_PERFORMANCE,PERF_DATE_SK,4,2026-10-08 04:25:14.010000
BRONZE_AGENCY,VIDEO_AD_CMPGN_DTLS,DAY,GOLD,WIDE_AD_COMBINED,DAY_OF_WEEK,4,2026-10-08 04:25:14.010000
BRONZE_AGENCY,VIDEO_AD_CMPGN_DTLS,DAY,GOLD,WIDE_AD_PERFORMANCE,DAY_OF_WEEK,4,2026-10-08 04:25:14.010000
BRONZE_AGENCY,VIDEO_AD_CMPGN_DTLS,DAY,GOLD,WIDE_AD_BROADCAST,AD_PERF_DK,4,2026-10-08 04:25:14.010000
BRONZE_AGENCY,VIDEO_AD_CMPGN_DTLS,DAY,GOLD,FACT_AD_PERFORMANCE,PERF_DATE_SK,3,2026-10-08 04:25:14.010000
BRONZE_AGENCY,VIDEO_AD_CMPGN_DTLS,DAY,GOLD,WIDE_AD_COMBINED,AD_PERF_DK,4,2026-10-08 04:25:14.010000
BRONZE_AGENCY,VIDEO_AD_CMPGN_DTLS,DAY,GOLD,WIDE_AD_BROADCAST,PERF_DATE_SK,4,2026-10-08 04:25:14.010000
BRONZE_AGENCY,VIDEO_AD_CMPGN_DTLS,DAY,GOLD,WIDE_AD_DIGITAL,PERF_DATE_SK,4,2026-10-08 04:25:14.010000
BRONZE_AGENCY,VIDEO_AD_CMPGN_DTLS,DAY,GOLD,WIDE_AD_COMBINED,WEEK_OF_YEAR,4,2026-10-08 04:25:14.010000
BRONZE_AGENCY,VIDEO_AD_CMPGN_DTLS,DAY,GOLD,WIDE_AD_PERFORMANCE,WEEK_OF_YEAR,4,2026-10-08 04:25:14.010000
BRONZE_AGENCY,VIDEO_AD_CMPGN_DTLS,DAY,GOLD,FACT_AD_PERFORMANCE,AD_PERF_DK,3,2026-10-08 04:25:14.010000
BRONZE_AGENCY,VIDEO_AD_CMPGN_DTLS,CMPGN_NM,GOLD,FACT_AD_PERFORMANCE,AD_PERF_DK,3,2026-10-08 04:25:15.401000
BRONZE_AGENCY,VIDEO_AD_CMPGN_DTLS,CMPGN_NM,GOLD,WIDE_AD_PERFORMANCE,AD_PERF_DK,4,2026-10-08 04:25:15.401000
BRONZE_AGENCY,VIDEO_AD_CMPGN_DTLS,CMPGN_NM,GOLD,WIDE_AD_BROADCAST,AD_PERF_DK,4,2026-10-08 04:25:15.401000
BRONZE_AGENCY,VIDEO_AD_CMPGN_DTLS,CMPGN_NM,GOLD,FACT_AD_BROADCAST,AD_PERF_DK,3,2026-10-08 04:25:15.401000
BRONZE_AGENCY,VIDEO_AD_CMPGN_DTLS,CMPGN_NM,GOLD,WIDE_AD_COMBINED,AD_PERF_DK,4,2026-10-08 04:25:15.401000
BRONZE_CRM,TM_CM_CMPGN_MNG,UPPER_CMPGN_YN,MSTR,D_CMPGN_CD,UPPER_CMPGN_YN,1,2026-10-08 04:25:30.035000
SILVER,CRM_CAMPAIGN,USE_SCOPE,GOLD,DIM_CAMPAIGN,USE_SCOPE,1,2026-10-08 04:25:31.148000
SILVER,CRM_CAMPAIGN,CMPGN_PRPT_YN,GOLD,DIM_CAMPAIGN,CMPGN_PRPT_YN,1,2026-10-08 04:25:32.192000
SILVER,CRM_CAMPAIGN,SPNSR_ENTRPRS_ID,GOLD,DIM_CAMPAIGN,SPNSR_ENTRPRS_ID,1,2026-10-08 04:25:33.192000
SILVER,CRM_CAMPAIGN,BRND_USE_YN,GOLD,DIM_CAMPAIGN,BRND_USE_YN,1,2026-10-08 04:25:34.434000
BRONZE_CRM,TM_CM_CMPGN_MNG,SPNSR_DIV_CD,MSTR,D_CMPGN_CD,SPNSR_DIV_CD,1,2026-10-08 04:25:35.518000
BRONZE_CRM,TM_CM_CMPGN_MNG,SPNSR_DIV_CD,GOLD,DIM_CAMPAIGN,SPNSR_DIV_CD,2,2026-10-08 04:25:35.518000
BRONZE_CRM,TM_CM_CMPGN_MNG,SPNSR_DIV_CD,GOLD,FACT_MEMBER_SPONSORSHIP_SPAN,ACQ_SPNSR_DIV_CD,3,2026-10-08 04:25:35.518000
BRONZE_CRM,TM_CM_CMPGN_MNG,SPNSR_DIV_CD,GOLD,FACT_MEMBER_EVENT,SPNSR_DIV_CD_AT_EVENT,3,2026-10-08 04:25:35.518000
BRONZE_CRM,TM_CM_CMPGN_MNG,SPNSR_DIV_CD,GOLD,FACT_MEMBER_COHORT,ACQ_SPNSR_DIV_CD,4,2026-10-08 04:25:35.518000
BRONZE_CRM,TM_CM_CMPGN_MNG,SPNSR_DIV_CD,GOLD,WIDE_MEMBER_EVENT,CAMPAIGN_SPNSR_DIV_CD,4,2026-10-08 04:25:35.518000
BRONZE_CRM,TM_CM_CMPGN_MNG,CPR_DIV_CD,MSTR,D_CMPGN_CD,CPR_DIV_CD,1,2026-10-08 04:25:36.819000
BRONZE_CRM,TM_CM_CMPGN_MNG,CPR_DIV_CD,GOLD,DIM_CAMPAIGN,CPR_DIV_CD,2,2026-10-08 04:25:36.819000
BRONZE_CRM,TM_CM_CMPGN_MNG,CPR_DIV_CD,GOLD,FACT_MEMBER_SPONSORSHIP_SPAN,ACQ_CPR_DIV_CD,3,2026-10-08 04:25:36.819000
BRONZE_CRM,TM_CM_CMPGN_MNG,CPR_DIV_CD,GOLD,WIDE_MEMBER_EVENT,CAMPAIGN_CPR_DIV_CD,4,2026-10-08 04:25:36.819000
BRONZE_CRM,TM_CM_CMPGN_MNG,CPR_DIV_CD,GOLD,FACT_MEMBER_EVENT,CPR_DIV_CD_AT_EVENT,3,2026-10-08 04:25:36.819000
BRONZE_CRM,TM_CM_CMPGN_MNG,CPR_DIV_CD,GOLD,FACT_MEMBER_COHORT,ACQ_CPR_DIV_CD,4,2026-10-08 04:25:36.819000
BRONZE_CRM,TM_CM_CMPGN_MNG,CMPGN_PRPT_YN,GOLD,DIM_CAMPAIGN,CMPGN_PRPT_YN,2,2026-10-08 04:25:38.747000
BRONZE_CRM,TM_CM_CMPGN_MNG,ATCHFL_ID,MSTR,D_CMPGN_CD,ATCHFL_ID,1,2026-10-08 04:25:40.881000
SILVER,CRM_CAMPAIGN,CMPGN_TYPE1_NM,GOLD,DIM_CAMPAIGN,DOMESTIC_OVERSEAS,1,2026-10-08 04:25:43.230000
SILVER,CRM_CAMPAIGN,CMPGN_TYPE1_NM,SERVING,MSTR_SPNSR_DVLP_V,CMPGN_TYPE1_NM,1,2026-10-08 04:25:43.230000
SILVER,CRM_CAMPAIGN,CMPGN_TYPE1_NM,GOLD,FACT_MEMBER_EVENT,CMPGN_TYPE1_NM_AT_EVENT,2,2026-10-08 04:25:43.230000
SILVER,CRM_CAMPAIGN,CMPGN_TYPE1_NM,GOLD,FACT_MEMBER_SPONSORSHIP_SPAN,ACQ_CMPGN_TYPE1_NM,2,2026-10-08 04:25:43.230000
SILVER,CRM_CAMPAIGN,CMPGN_TYPE1_NM,GOLD,FACT_MEMBER_COHORT,ACQ_CMPGN_TYPE1_NM,3,2026-10-08 04:25:43.230000
SILVER,CRM_CAMPAIGN,CMPGN_TYPE1_NM,GOLD,WIDE_MEMBER_EVENT,CAMPAIGN_DOMESTIC_OVERSEAS,3,2026-10-08 04:25:43.230000
SILVER,CRM_CAMPAIGN,CMPGN_TYPE1_NM,GOLD,DIM_MEMBER_ACQUISITION,ACQ_DOMESTIC_OVERSEAS,4,2026-10-08 04:25:43.230000
SILVER,CRM_CAMPAIGN,CMPGN_TYPE2_NM,GOLD,DIM_CAMPAIGN,BIZ_CASE_TYPE,1,2026-10-08 04:25:45.529000
SILVER,CRM_CAMPAIGN,CMPGN_TYPE2_NM,SERVING,MSTR_SPNSR_DVLP_V,CMPGN_TYPE2_NM,1,2026-10-08 04:25:45.529000
SILVER,CRM_CAMPAIGN,CMPGN_TYPE2_NM,GOLD,FACT_MEMBER_SPONSORSHIP_SPAN,ACQ_CMPGN_TYPE2_NM,2,2026-10-08 04:25:45.529000
SILVER,CRM_CAMPAIGN,CMPGN_TYPE2_NM,GOLD,FACT_MEMBER_EVENT,CMPGN_TYPE2_NM_AT_EVENT,2,2026-10-08 04:25:45.529000
SILVER,CRM_CAMPAIGN,CMPGN_TYPE2_NM,GOLD,FACT_MEMBER_COHORT,ACQ_CMPGN_TYPE2_NM,3,2026-10-08 04:25:45.529000
SILVER,CRM_CAMPAIGN,CMPGN_TYPE2_NM,GOLD,WIDE_MEMBER_EVENT,CAMPAIGN_BIZ_CASE_TYPE,3,2026-10-08 04:25:45.529000
SILVER,CRM_CAMPAIGN,CMPGN_TYPE2_NM,GOLD,DIM_MEMBER_ACQUISITION,ACQ_BIZ_CASE_TYPE,4,2026-10-08 04:25:45.529000
SILVER,CRM_CAMPAIGN,CPR_DIV_NM,GOLD,DIM_CAMPAIGN,CPR_DIV_NM,1,2026-10-08 04:25:46.914000
SILVER,CRM_CAMPAIGN,CPR_DIV_NM,GOLD,FACT_MEMBER_SPONSORSHIP_SPAN,ACQ_CPR_DIV_NM,2,2026-10-08 04:25:46.914000
SILVER,CRM_CAMPAIGN,CPR_DIV_NM,GOLD,FACT_MEMBER_EVENT,CPR_DIV_NM_AT_EVENT,2,2026-10-08 04:25:46.914000
SILVER,CRM_CAMPAIGN,CPR_DIV_NM,GOLD,FACT_MEMBER_COHORT,ACQ_CPR_DIV_NM,3,2026-10-08 04:25:46.914000
SILVER,CRM_CAMPAIGN,CPR_DIV_NM,GOLD,WIDE_MEMBER_EVENT,CAMPAIGN_CPR_DIV_NM,3,2026-10-08 04:25:46.914000
SILVER,CRM_CAMPAIGN,CPR_DIV_NM,GOLD,DIM_MEMBER_ACQUISITION,ACQ_CPR_DIV_NM,4,2026-10-08 04:25:46.914000
SILVER,CRM_CAMPAIGN,CMMN_BRND_NM,GOLD,DIM_CAMPAIGN,CMMN_BRND_NM,1,2026-10-08 04:25:48.277000
SILVER,CRM_CAMPAIGN,CMMN_BRND_NM,GOLD,DIM_MEMBER,JOIN_CMMN_BRND_NM,1,2026-10-08 04:25:48.277000
SILVER,CRM_CAMPAIGN,CMMN_BRND_NM,SERVING,MSTR_SPNSR_DVLP_V,CMMN_BRND_NM,1,2026-10-08 04:25:48.277000
SILVER,CRM_CAMPAIGN,CMMN_BRND_NM,GOLD,FACT_MEMBER_EVENT,CMMN_BRND_NM_AT_EVENT,2,2026-10-08 04:25:48.277000
SILVER,CRM_CAMPAIGN,CMMN_BRND_NM,GOLD,FACT_MEMBER_COHORT,ACQ_CMMN_BRND_NM,3,2026-10-08 04:25:48.277000
SILVER,CRM_CAMPAIGN,CMMN_BRND_NM,GOLD,WIDE_MEMBER_EVENT,CAMPAIGN_CMMN_BRND,3,2026-10-08 04:25:48.277000
SILVER,CRM_CAMPAIGN,CMMN_BRND_NM,GOLD,FACT_MEMBER_SPONSORSHIP_SPAN,ACQ_CMMN_BRND_NM,2,2026-10-08 04:25:48.277000
SILVER,CRM_CAMPAIGN,CMMN_BRND_NM,GOLD,DIM_MEMBER_ACQUISITION,ACQ_CMMN_BRND_NM,4,2026-10-08 04:25:48.277000
BRONZE_CRM,TM_CM_CMPGN_MNG,CMPGN_TRGET_CD,MSTR,D_CMPGN_CD,CMPGN_TRGET_CD,1,2026-10-08 04:25:49.562000
SILVER,CRM_CAMPAIGN,MKTG_UTM_NM,GOLD,DIM_CAMPAIGN,MKTG_UTM_NM,1,2026-10-08 04:25:50.592000
SILVER,CRM_CAMPAIGN,MKTG_UTM_NM,GOLD,FACT_MEMBER_EVENT,MKTG_UTM_NM_AT_EVENT,2,2026-10-08 04:25:50.592000
SILVER,CRM_CAMPAIGN,MKTG_UTM_NM,GOLD,FACT_MEMBER_SPONSORSHIP_SPAN,ACQ_MKTG_UTM_NM,2,2026-10-08 04:25:50.592000
SILVER,CRM_CAMPAIGN,MKTG_UTM_NM,GOLD,WIDE_MEMBER_EVENT,CAMPAIGN_MKTG_UTM,3,2026-10-08 04:25:50.592000
SILVER,CRM_CAMPAIGN,MKTG_UTM_NM,GOLD,DIM_MEMBER_ACQUISITION,ACQ_MKTG_UTM_NM,4,2026-10-08 04:25:50.592000
SILVER,CRM_CAMPAIGN,MKTG_UTM_NM,GOLD,FACT_MEMBER_COHORT,ACQ_MKTG_UTM_NM,3,2026-10-08 04:25:50.592000
SILVER,CRM_CAMPAIGN,MKTG_CHANNEL_NM,GOLD,DIM_CAMPAIGN,MKTG_CHANNEL_NM,1,2026-10-08 04:25:51.830000
SILVER,CRM_CAMPAIGN,MKTG_CHANNEL_NM,SERVING,ML_LTV_FORECAST_V,SERIES_NAME,1,2026-10-08 04:25:51.830000
SILVER,CRM_CAMPAIGN,MKTG_CHANNEL_NM,GOLD,FACT_MEMBER_EVENT,MKTG_CHANNEL_NM_AT_EVENT,2,2026-10-08 04:25:51.830000
BRONZE_CRM,TM_CM_CMPGN_MNG,USE_DEPT_CD,MSTR,D_CMPGN_CD,USE_DEPT_CD,1,2026-10-08 04:25:53.006000
BRONZE_CRM,TM_CM_CMPGN_MNG,USE_DEPT_CD,GOLD,DIM_CAMPAIGN,USE_DEPT_CD,2,2026-10-08 04:25:53.006000
BRONZE_CRM,TM_CM_CMPGN_MNG,USE_SCOPE,MSTR,D_CMPGN_CD,USE_SCOPE,1,2026-10-08 04:25:54.115000
BRONZE_CRM,TM_CM_CMPGN_MNG,USE_SCOPE,GOLD,DIM_CAMPAIGN,USE_SCOPE,2,2026-10-08 04:25:54.115000
BRONZE_CRM,TM_CM_CMPGN_MNG,SPNSR_ENTRPRS_ID,MSTR,D_CMPGN_CD,SPNSR_ENTRPRS_ID,1,2026-10-08 04:25:55.254000
BRONZE_CRM,TM_CM_CMPGN_MNG,SPNSR_ENTRPRS_ID,GOLD,DIM_CAMPAIGN,SPNSR_ENTRPRS_ID,2,2026-10-08 04:25:55.254000
BRONZE_CRM,TM_CM_CMPGN_MNG,BRND_ID,MSTR,D_CMPGN_CD,BRND_ID,1,2026-10-08 04:25:57.034000
BRONZE_CRM,TM_CM_CMPGN_MNG,BRND_ID,MSTR,F_MM_SPNSR_DVLP_SUM,BRND_ID,2,2026-10-08 04:25:57.034000
BRONZE_CRM,TM_CM_CMPGN_MNG,BRND_ID,MSTR,F_MM_SPNSR_DVLP,BRND_ID,2,2026-10-08 04:25:57.034000
BRONZE_CRM,TM_CM_CMPGN_MNG,BRND_ID,MSTR,F_MM_SPNSR_DVLP_SUM,BRND_ID,3,2026-10-08 04:25:57.034000
BRONZE_CRM,TM_CM_CMPGN_MNG,BRND_ID,SERVING,MSTR_SPNSR_DVLP_V,BRND_ID,3,2026-10-08 04:25:57.034000
BRONZE_CRM,TM_CM_CMPGN_MNG,BRND_ID,MSTR,F_MM_SPNSR_DVLP,BRND_ID,3,2026-10-08 04:25:57.034000
BRONZE_CRM,TM_CM_CMPGN_MNG,BRND_ID,SERVING,MSTR_SPNSR_DVLP_V,BRND_ID,4,2026-10-08 04:25:57.034000
BRONZE_CRM,TM_CM_CMPGN_MNG,BRND_ID,MSTR,F_MM_SPNSR_DVLP,BRND_ID,4,2026-10-08 04:25:57.034000
BRONZE_CRM,TM_CM_CMPGN_MNG,BRND_ID,MSTR,F_MM_SPNSR_DVLP_SUM,BRND_ID,4,2026-10-08 04:25:57.034000
BRONZE_CRM,TM_CM_CMPGN_MNG,PR_MTH_CD,MSTR,D_CMPGN_CD,PR_MTH_CD,1,2026-10-08 04:25:58.202000
BRONZE_CRM,TM_CM_CMPGN_MNG,PR_MTH_CD,MSTR,F_MM_SPNSR_DVLP_SUM,PR_MTH_CD,2,2026-10-08 04:25:58.202000
BRONZE_CRM,TM_CM_CMPGN_MNG,PR_MTH_CD,GOLD,DIM_CAMPAIGN,PROMO_METHOD,2,2026-10-08 04:25:58.202000
BRONZE_CRM,TM_CM_CMPGN_MNG,PR_MTH_CD,MSTR,F_MM_SPNSR_DVLP_SUM,PR_MTH_CD,3,2026-10-08 04:25:58.202000
BRONZE_CRM,TM_CM_CMPGN_MNG,PR_MTH_CD,SERVING,MSTR_SPNSR_DVLP_V,PR_MTH_CD,3,2026-10-08 04:25:58.202000
BRONZE_CRM,TM_CM_CMPGN_MNG,PR_MTH_CD,MSTR,F_MM_SPNSR_DVLP,PR_MTH_CD,3,2026-10-08 04:25:58.202000
BRONZE_CRM,TM_CM_CMPGN_MNG,PR_MTH_CD,GOLD,WIDE_MEMBER_EVENT,CAMPAIGN_PROMO_METHOD,3,2026-10-08 04:25:58.202000
BRONZE_CRM,TM_CM_CMPGN_MNG,PR_MTH_CD,GOLD,WIDE_SERVICE_EVENT,CAMPAIGN_PROMO_METHOD,3,2026-10-08 04:25:58.202000
BRONZE_CRM,TM_CM_CMPGN_MNG,PR_MTH_CD,GOLD,WIDE_MEMBER_MONTHLY,CAMPAIGN_PROMO_METHOD,3,2026-10-08 04:25:58.202000
BRONZE_CRM,TM_CM_CMPGN_MNG,PR_MTH_CD,GOLD,WIDE_AD_PERFORMANCE,CAMPAIGN_PROMO_METHOD,3,2026-10-08 04:25:58.202000
BRONZE_CRM,TM_CM_CMPGN_MNG,PR_MTH_CD,MSTR,F_MM_SPNSR_DVLP_SUM,PR_MTH_CD,4,2026-10-08 04:25:58.202000
BRONZE_CRM,TM_CM_CMPGN_MNG,PR_MTH_CD,SERVING,MSTR_SPNSR_DVLP_V,PR_MTH_CD,4,2026-10-08 04:25:58.202000
BRONZE_CRM,TM_CM_CMPGN_MNG,PR_MTH_CD,MSTR,F_MM_SPNSR_DVLP,PR_MTH_CD,2,2026-10-08 04:25:58.202000
BRONZE_CRM,TM_CM_CMPGN_MNG,PR_MTH_CD,MSTR,F_MM_SPNSR_DVLP,PR_MTH_CD,4,2026-10-08 04:25:58.202000
BRONZE_CRM,TM_CM_CMPGN_MNG,MBRFEE_BNKB_LIST,MSTR,D_CMPGN_CD,MBRFEE_BNKB_LIST,1,2026-10-08 04:26:02.335000
BRONZE_CRM,TM_CM_CMPGN_MNG,INICIS_ACNT_NO,MSTR,D_CMPGN_CD,INICIS_ACNT_NO,1,2026-10-08 04:26:03.417000
BRONZE_CRM,TM_CM_CMPGN_MNG,SPNSR_BSNS_ID,MSTR,D_CMPGN_CD,SPNSR_BSNS_ID,1,2026-10-08 04:26:04.514000
BRONZE_CRM,TM_CM_CMPGN_MNG,CMPGN_DC,MSTR,D_CMPGN_CD,CMPGN_DC,1,2026-10-08 04:26:05.614000
SILVER,CRM_CAMPAIGN,USE_DEPT_CD,GOLD,DIM_CAMPAIGN,USE_DEPT_CD,1,2026-10-08 04:26:06.635000
SILVER,CRM_CAMPAIGN,SPNSR_DIV_CD,GOLD,DIM_CAMPAIGN,SPNSR_DIV_CD,1,2026-10-08 04:26:08.751000
SILVER,CRM_CAMPAIGN,SPNSR_DIV_CD,GOLD,FACT_MEMBER_EVENT,SPNSR_DIV_CD_AT_EVENT,2,2026-10-08 04:26:08.751000
SILVER,CRM_CAMPAIGN,SPNSR_DIV_CD,GOLD,FACT_MEMBER_SPONSORSHIP_SPAN,ACQ_SPNSR_DIV_CD,2,2026-10-08 04:26:08.751000
SILVER,CRM_CAMPAIGN,SPNSR_DIV_CD,GOLD,WIDE_MEMBER_EVENT,CAMPAIGN_SPNSR_DIV_CD,3,2026-10-08 04:26:08.751000
SILVER,CRM_CAMPAIGN,SPNSR_DIV_CD,GOLD,FACT_MEMBER_COHORT,ACQ_SPNSR_DIV_CD,3,2026-10-08 04:26:08.751000
SILVER,CRM_CAMPAIGN,SPNSR_DIV_NM,GOLD,DIM_CAMPAIGN,SPNSR_DIV_NM,1,2026-10-08 04:26:09.904000
SILVER,CRM_CAMPAIGN,SPNSR_DIV_NM,GOLD,FACT_MEMBER_EVENT,SPNSR_DIV_NM_AT_EVENT,2,2026-10-08 04:26:09.904000
SILVER,CRM_CAMPAIGN,SPNSR_DIV_NM,GOLD,FACT_MEMBER_SPONSORSHIP_SPAN,ACQ_SPNSR_DIV_NM,2,2026-10-08 04:26:09.904000
SILVER,CRM_CAMPAIGN,SPNSR_DIV_NM,GOLD,FACT_MEMBER_COHORT,ACQ_SPNSR_DIV_NM,3,2026-10-08 04:26:09.904000
SILVER,CRM_CAMPAIGN,SPNSR_DIV_NM,GOLD,WIDE_MEMBER_EVENT,CAMPAIGN_SPNSR_DIV_NM,3,2026-10-08 04:26:09.904000
SILVER,CRM_CAMPAIGN,SPNSR_DIV_NM,GOLD,DIM_MEMBER_ACQUISITION,ACQ_SPNSR_DIV_NM,4,2026-10-08 04:26:09.904000
SILVER,CRM_CAMPAIGN,CMPGN_CTGR_NM,GOLD,DIM_CAMPAIGN,CAMPAIGN_TYPE,1,2026-10-08 04:26:11.119000
SILVER,CRM_CAMPAIGN,CMPGN_CTGR_NM,SERVING,ML_SPONSOR_RISK_V,CMPGN_CTGR_NAME,1,2026-10-08 04:26:11.119000
SILVER,CRM_CAMPAIGN,CMPGN_CTGR_NM,SERVING,MSTR_SPNSR_DVLP_V,CMPGN_CTGR_NM,1,2026-10-08 04:26:11.119000
SILVER,CRM_CAMPAIGN,CMPGN_CTGR_NM,SERVING,ML_FEE_FORECAST_V,CMPGN_CTGR_NAME,1,2026-10-08 04:26:11.119000
SILVER,CRM_CAMPAIGN,CMPGN_CTGR_NM,GOLD,WIDE_AD_PERFORMANCE,CAMPAIGN_TYPE,2,2026-10-08 04:26:11.119000
SILVER,CRM_CAMPAIGN,CMPGN_CTGR_NM,GOLD,FACT_MEMBER_EVENT,CMPGN_CTGR_NM_AT_EVENT,2,2026-10-08 04:26:11.119000
SILVER,CRM_CAMPAIGN,CMPGN_CTGR_NM,GOLD,FACT_MEMBER_SPONSORSHIP_SPAN,ACQ_CMPGN_CTGR_NM,2,2026-10-08 04:26:11.119000
SILVER,CRM_CAMPAIGN,CMPGN_CTGR_NM,GOLD,WIDE_MEMBER_MONTHLY,CAMPAIGN_TYPE,2,2026-10-08 04:26:11.119000
SILVER,CRM_CAMPAIGN,CMPGN_CTGR_NM,GOLD,FACT_MEMBER_COHORT,ACQ_CMPGN_CTGR_NM,3,2026-10-08 04:26:11.119000
SILVER,CRM_CAMPAIGN,CMPGN_CTGR_NM,GOLD,WIDE_MEMBER_EVENT,CAMPAIGN_CATEGORY,3,2026-10-08 04:26:11.119000
SILVER,CRM_CAMPAIGN,CMPGN_CTGR_NM,GOLD,DIM_MEMBER_ACQUISITION,ACQ_CAMPAIGN_TYPE,4,2026-10-08 04:26:11.119000
SILVER,CRM_CAMPAIGN,MBER_INFLOW_PATH_NM,GOLD,DIM_CAMPAIGN,INFLOW_PATH,1,2026-10-08 04:26:12.480000
SILVER,CRM_CAMPAIGN,MBER_INFLOW_PATH_NM,SERVING,MSTR_SPNSR_DVLP_V,DVLP_INFLOW_PATH_NM,1,2026-10-08 04:26:12.480000
SILVER,CRM_CAMPAIGN,MBER_INFLOW_PATH_NM,GOLD,FACT_MEMBER_EVENT,MBER_INFLOW_PATH_NM_AT_EVENT,2,2026-10-08 04:26:12.480000
SILVER,CRM_CAMPAIGN,MBER_INFLOW_PATH_NM,GOLD,FACT_MEMBER_SPONSORSHIP_SPAN,ACQ_MBER_INFLOW_PATH_NM,2,2026-10-08 04:26:12.480000
SILVER,CRM_CAMPAIGN,MBER_INFLOW_PATH_NM,GOLD,FACT_MEMBER_COHORT,ACQ_MBER_INFLOW_PATH_NM,3,2026-10-08 04:26:12.480000
SILVER,CRM_CAMPAIGN,MBER_INFLOW_PATH_NM,GOLD,WIDE_MEMBER_EVENT,CAMPAIGN_INFLOW_PATH,3,2026-10-08 04:26:12.480000
SILVER,CRM_CAMPAIGN,MBER_INFLOW_PATH_NM,GOLD,DIM_MEMBER_ACQUISITION,ACQ_INFLOW_PATH,4,2026-10-08 04:26:12.480000
SILVER,CRM_CAMPAIGN,BRND_NM,GOLD,DIM_CAMPAIGN,BRAND,1,2026-10-08 04:26:13.718000
SILVER,CRM_CAMPAIGN,BRND_NM,GOLD,WIDE_BUDGET,CAMPAIGN_BRAND,2,2026-10-08 04:26:13.718000
SILVER,CRM_CAMPAIGN,BRND_NM,GOLD,WIDE_EVENT_PARTICIPATION,CAMPAIGN_BRAND,2,2026-10-08 04:26:13.718000
SILVER,CRM_CAMPAIGN,BRND_NM,GOLD,WIDE_MEMBER_EVENT,CAMPAIGN_BRAND,2,2026-10-08 04:26:13.718000
SILVER,CRM_CAMPAIGN,BRND_NM,GOLD,WIDE_TARGET_BIZ,CAMPAIGN_BRAND,2,2026-10-08 04:26:13.718000
SILVER,CRM_CAMPAIGN,BRND_NM,GOLD,WIDE_MEMBER_MONTHLY,CAMPAIGN_BRAND,2,2026-10-08 04:26:13.718000
SILVER,CRM_CAMPAIGN,BRND_NM,GOLD,WIDE_AD_PERFORMANCE,CAMPAIGN_BRAND,2,2026-10-08 04:26:13.718000
SILVER,CRM_CAMPAIGN,BRND_NM,GOLD,WIDE_SERVICE_EVENT,CAMPAIGN_BRAND,2,2026-10-08 04:26:13.718000
SILVER,CRM_CAMPAIGN,BRND_NM,GOLD,WIDE_BIGQUERY_BEHAVIOR,CAMPAIGN_BRAND,2,2026-10-08 04:26:13.718000
SILVER,CRM_CAMPAIGN,BRND_NM,GOLD,FACT_MEMBER_EVENT,BRAND_AT_EVENT,2,2026-10-08 04:26:13.718000
SILVER,CRM_CAMPAIGN,BRND_NM,GOLD,FACT_MEMBER_SPONSORSHIP_SPAN,ACQ_BRAND,2,2026-10-08 04:26:13.718000
SILVER,CRM_CAMPAIGN,BRND_NM,GOLD,FACT_MEMBER_COHORT,ACQ_BRAND,3,2026-10-08 04:26:13.718000
SILVER,CRM_CAMPAIGN,BRND_NM,GOLD,DIM_MEMBER_ACQUISITION,ACQ_BRAND,4,2026-10-08 04:26:13.718000
SILVER,CRM_CAMPAIGN,PR_MTH_CD,GOLD,DIM_CAMPAIGN,PROMO_METHOD,1,2026-10-08 04:26:15.507000
SILVER,CRM_CAMPAIGN,PR_MTH_CD,GOLD,WIDE_MEMBER_EVENT,CAMPAIGN_PROMO_METHOD,2,2026-10-08 04:26:15.507000
SILVER,CRM_CAMPAIGN,PR_MTH_CD,GOLD,WIDE_MEMBER_MONTHLY,CAMPAIGN_PROMO_METHOD,2,2026-10-08 04:26:15.507000
SILVER,CRM_CAMPAIGN,PR_MTH_CD,GOLD,WIDE_AD_PERFORMANCE,CAMPAIGN_PROMO_METHOD,2,2026-10-08 04:26:15.507000
SILVER,CRM_CAMPAIGN,PR_MTH_CD,GOLD,WIDE_SERVICE_EVENT,CAMPAIGN_PROMO_METHOD,2,2026-10-08 04:26:15.507000
SILVER,CRM_CAMPAIGN,PROMO_METHOD_NAME,GOLD,DIM_CAMPAIGN,PROMO_METHOD_NAME,1,2026-10-08 04:26:16.638000
SILVER,CRM_CAMPAIGN,PROMO_METHOD_NAME,GOLD,FACT_MEMBER_SPONSORSHIP_SPAN,ACQ_PROMO_METHOD_NAME,2,2026-10-08 04:26:16.638000
SILVER,CRM_CAMPAIGN,PROMO_METHOD_NAME,GOLD,FACT_MEMBER_COHORT,ACQ_PROMO_METHOD_NAME,3,2026-10-08 04:26:16.638000
SILVER,CRM_CAMPAIGN,PROMO_METHOD_NAME,GOLD,DIM_MEMBER_ACQUISITION,ACQ_PROMO_METHOD_NAME,4,2026-10-08 04:26:16.638000
SILVER,CRM_CAMPAIGN,PROMO_METHOD_NAME,GOLD,FACT_MEMBER_EVENT,PROMO_METHOD_NAME_AT_EVENT,2,2026-10-08 04:26:16.638000
SILVER,CRM_CAMPAIGN,CPR_DIV_CD,GOLD,DIM_CAMPAIGN,CPR_DIV_CD,1,2026-10-08 04:26:17.795000
SILVER,CRM_CAMPAIGN,CPR_DIV_CD,GOLD,FACT_MEMBER_EVENT,CPR_DIV_CD_AT_EVENT,2,2026-10-08 04:26:17.795000
SILVER,CRM_CAMPAIGN,CPR_DIV_CD,GOLD,FACT_MEMBER_SPONSORSHIP_SPAN,ACQ_CPR_DIV_CD,2,2026-10-08 04:26:17.795000
SILVER,CRM_CAMPAIGN,CPR_DIV_CD,GOLD,FACT_MEMBER_COHORT,ACQ_CPR_DIV_CD,3,2026-10-08 04:26:17.795000
SILVER,CRM_CAMPAIGN,CPR_DIV_CD,GOLD,WIDE_MEMBER_EVENT,CAMPAIGN_CPR_DIV_CD,3,2026-10-08 04:26:17.795000
SILVER,CRM_DEV_TARGET,STDYY,GOLD,FACT_TARGET_MEMBER_DEV,MONTH_KEY,1,2026-10-08 04:26:18.969000
SILVER,CRM_DEV_TARGET,STDYY,GOLD,FACT_MEMBER_DEV_ACHIEVEMENT,MONTH_KEY,2,2026-10-08 04:26:18.969000
SILVER,CRM_DEV_TARGET,STDYY,GOLD,FACT_MEMBER_DEV_ACHIEVEMENT,CAL_YEAR,2,2026-10-08 04:26:18.969000
SILVER,CRM_DEV_TARGET,STDYY,GOLD,FACT_MEMBER_DEV_ACHIEVEMENT,CAL_MONTH,2,2026-10-08 04:26:18.969000
SILVER,CRM_DEV_TARGET,STDYY,GOLD,FACT_MEMBER_DEV_ACHIEVEMENT,HAS_GOAL_ROW,2,2026-10-08 04:26:18.969000
SILVER,CRM_DEV_TARGET,STDYY,GOLD,WIDE_TARGET_DEV,MONTH_KEY,2,2026-10-08 04:26:18.969000
SILVER,CRM_DEV_TARGET,STDYY,GOLD,WIDE_TARGET_DEV,CAL_YEAR,2,2026-10-08 04:26:18.969000
SILVER,CRM_DEV_TARGET,STDYY,GOLD,WIDE_TARGET_DEV,CAL_MONTH,2,2026-10-08 04:26:18.969000
SILVER,CRM_DEV_TARGET,MBER_DVLP_DIV_CD,GOLD,FACT_TARGET_MEMBER_DEV,DEV_TYPE,1,2026-10-08 04:26:20.214000
SILVER,CRM_DEV_TARGET,MBER_DVLP_DIV_CD,GOLD,FACT_MEMBER_DEV_ACHIEVEMENT,DEV_TYPE,2,2026-10-08 04:26:20.214000
SILVER,CRM_DEV_TARGET,MBER_DVLP_DIV_CD,GOLD,WIDE_TARGET_DEV,DEV_TYPE,2,2026-10-08 04:26:20.214000
BRONZE_CRM,TM_CM_MBER_DVLP_GOAL,STDYY,MSTR,D_MBER_DVLP_GOAL_CD,STDYY,1,2026-10-08 04:26:22.333000
BRONZE_CRM,TM_CM_MBER_DVLP_GOAL,STDYY,SERVING,MSTR_DVLP_GOAL_V,STRD_MT,2,2026-10-08 04:26:22.333000
BRONZE_CRM,TM_CM_MBER_DVLP_GOAL,STDYY,GOLD,FACT_TARGET_MEMBER_DEV,MONTH_KEY,2,2026-10-08 04:26:22.333000
BRONZE_CRM,TM_CM_MBER_DVLP_GOAL,STDYY,SERVING,MSTR_DVLP_YE_TREND_V,AS_OF_MT,3,2026-10-08 04:26:22.333000
BRONZE_CRM,TM_CM_MBER_DVLP_GOAL,STDYY,SERVING,MSTR_DVLP_YE_TREND_V,CLOSED_MONTHS,3,2026-10-08 04:26:22.333000
BRONZE_CRM,TM_CM_MBER_DVLP_GOAL,STDYY,SERVING,MSTR_DVLP_YE_TREND_V,STRD_YY,3,2026-10-08 04:26:22.333000
BRONZE_CRM,TM_CM_MBER_DVLP_GOAL,STDYY,GOLD,FACT_MEMBER_DEV_ACHIEVEMENT,CAL_YEAR,3,2026-10-08 04:26:22.333000
BRONZE_CRM,TM_CM_MBER_DVLP_GOAL,STDYY,GOLD,WIDE_TARGET_DEV,MONTH_KEY,3,2026-10-08 04:26:22.333000
BRONZE_CRM,TM_CM_MBER_DVLP_GOAL,STDYY,GOLD,FACT_MEMBER_DEV_ACHIEVEMENT,MONTH_KEY,3,2026-10-08 04:26:22.333000
BRONZE_CRM,TM_CM_MBER_DVLP_GOAL,STDYY,GOLD,WIDE_TARGET_DEV,CAL_YEAR,3,2026-10-08 04:26:22.333000
BRONZE_CRM,TM_CM_MBER_DVLP_GOAL,STDYY,SERVING,MSTR_DVLP_YE_TREND_V,YE_TREND_CNT,3,2026-10-08 04:26:22.333000
BRONZE_CRM,TM_CM_MBER_DVLP_GOAL,STDYY,GOLD,FACT_MEMBER_DEV_ACHIEVEMENT,HAS_GOAL_ROW,3,2026-10-08 04:26:22.333000
BRONZE_CRM,TM_CM_MBER_DVLP_GOAL,STDYY,GOLD,WIDE_TARGET_DEV,CAL_MONTH,3,2026-10-08 04:26:22.333000
BRONZE_CRM,TM_CM_MBER_DVLP_GOAL,STDYY,SERVING,MSTR_DVLP_GOAL_V,STRD_YY,2,2026-10-08 04:26:22.333000
BRONZE_CRM,TM_CM_MBER_DVLP_GOAL,STDYY,GOLD,FACT_MEMBER_DEV_ACHIEVEMENT,CAL_MONTH,3,2026-10-08 04:26:22.333000
BRONZE_CRM,TM_CM_MBER_DVLP_GOAL,MBER_DVLP_DIV_CD,MSTR,D_MBER_DVLP_GOAL_CD,MBER_DVLP_DIV_CD,1,2026-10-08 04:26:23.930000
BRONZE_CRM,TM_CM_MBER_DVLP_GOAL,MBER_DVLP_DIV_CD,SERVING,MSTR_DVLP_GOAL_V,DVLP_DIV_CD,2,2026-10-08 04:26:23.930000
BRONZE_CRM,TM_CM_MBER_DVLP_GOAL,MBER_DVLP_DIV_CD,GOLD,FACT_TARGET_MEMBER_DEV,DEV_TYPE,2,2026-10-08 04:26:23.930000
BRONZE_CRM,TM_CM_MBER_DVLP_GOAL,MBER_DVLP_DIV_CD,SERVING,MSTR_DVLP_YE_TREND_V,DVLP_DIV_CD,3,2026-10-08 04:26:23.930000
BRONZE_CRM,TM_CM_MBER_DVLP_GOAL,MBER_DVLP_DIV_CD,GOLD,FACT_MEMBER_DEV_ACHIEVEMENT,DEV_TYPE,3,2026-10-08 04:26:23.930000
BRONZE_CRM,TM_CM_MBER_DVLP_GOAL,MBER_DVLP_DIV_CD,GOLD,WIDE_TARGET_DEV,DEV_TYPE,3,2026-10-08 04:26:23.930000
BRONZE_CRM,TM_CM_MBER_DVLP_GOAL,DEPT_ID,MSTR,D_MBER_DVLP_GOAL_CD,DEPT_ID,1,2026-10-08 04:26:25.155000
BRONZE_CRM,TM_CM_MBER_DVLP_GOAL,DEPT_ID,SERVING,MSTR_DVLP_GOAL_V,DEPT_ID,2,2026-10-08 04:26:25.155000
BRONZE_CRM,TM_CM_MBER_DVLP_GOAL,DEPT_ID,SERVING,MSTR_DVLP_YE_TREND_V,DEPT_ID,3,2026-10-08 04:26:25.155000
SILVER,BIGQUERY_TRAFFIC_SOURCE,DEFAULT_CHANNEL_GROUP,GOLD,DIM_BIGQUERY_SOURCE,DEFAULT_CHANNEL_GROUP,1,2026-10-08 04:26:28.369000
SILVER,BIGQUERY_TRAFFIC_SOURCE,UTM_SOURCE,GOLD,DIM_BIGQUERY_SOURCE,BIGQUERY_SOURCE_SK,1,2026-10-08 04:26:29.507000
SILVER,BIGQUERY_TRAFFIC_SOURCE,UTM_SOURCE,GOLD,DIM_BIGQUERY_SOURCE,UTM_SOURCE,1,2026-10-08 04:26:29.507000
SILVER,BIGQUERY_TRAFFIC_SOURCE,UTM_SOURCE,GOLD,FACT_BIGQUERY_BEHAVIOR,BIGQUERY_SOURCE_SK,2,2026-10-08 04:26:29.507000
SILVER,BIGQUERY_TRAFFIC_SOURCE,UTM_SOURCE,GOLD,WIDE_BIGQUERY_BEHAVIOR,BIGQUERY_UTM_SOURCE,2,2026-10-08 04:26:29.507000
SILVER,BIGQUERY_TRAFFIC_SOURCE,UTM_MEDIUM,GOLD,DIM_BIGQUERY_SOURCE,BIGQUERY_SOURCE_SK,1,2026-10-08 04:26:30.635000
SILVER,BIGQUERY_TRAFFIC_SOURCE,UTM_MEDIUM,GOLD,FACT_BIGQUERY_BEHAVIOR,BIGQUERY_SOURCE_SK,2,2026-10-08 04:26:30.635000
SILVER,BIGQUERY_TRAFFIC_SOURCE,UTM_MEDIUM,GOLD,WIDE_BIGQUERY_BEHAVIOR,BIGQUERY_UTM_MEDIUM,2,2026-10-08 04:26:30.635000
SILVER,BIGQUERY_TRAFFIC_SOURCE,UTM_MEDIUM,GOLD,DIM_BIGQUERY_SOURCE,UTM_MEDIUM,1,2026-10-08 04:26:30.635000
SILVER,BIGQUERY_TRAFFIC_SOURCE,SOURCE_MEDIUM,GOLD,DIM_BIGQUERY_SOURCE,SOURCE_MEDIUM,1,2026-10-08 04:26:31.782000
SILVER,BIGQUERY_TRAFFIC_SOURCE,SOURCE_MEDIUM,GOLD,WIDE_BIGQUERY_BEHAVIOR,BIGQUERY_SOURCE_MEDIUM,2,2026-10-08 04:26:31.782000
SILVER,AGENCY_AD_CREATIVE,MEDIA_CHANNEL_NM,GOLD,DIM_AD_CREATIVE,MEDIA_NAME,1,2026-10-08 04:26:33.466000
SILVER,AGENCY_AD_CREATIVE,MEDIA_CHANNEL_NM,GOLD,WIDE_AD_DIGITAL,AD_MEDIA_NAME,2,2026-10-08 04:26:33.466000
SILVER,AGENCY_AD_CREATIVE,MEDIA_CHANNEL_NM,GOLD,WIDE_AD_PERFORMANCE,AD_MEDIA_NAME,2,2026-10-08 04:26:33.466000
SILVER,AGENCY_AD_CREATIVE,MEDIA_CHANNEL_NM,GOLD,WIDE_AD_BROADCAST,AD_MEDIA_NAME,2,2026-10-08 04:26:33.466000
SILVER,AGENCY_AD_CREATIVE,CREATIVE_TYPE_NM,GOLD,DIM_AD_CREATIVE,AD_TYPE,1,2026-10-08 04:26:34.579000
SILVER,AGENCY_AD_CREATIVE,CREATIVE_TYPE_NM,GOLD,WIDE_AD_PERFORMANCE,AD_CREATIVE_TYPE,2,2026-10-08 04:26:34.579000
SILVER,AGENCY_AD_CREATIVE,CM_AREA_NM,GOLD,DIM_AD_CREATIVE,CM_POSITION,1,2026-10-08 04:26:35.640000
SILVER,AGENCY_AD_CREATIVE,SOURCE_SYSTEM,GOLD,DIM_AD_CREATIVE,PLATFORM,1,2026-10-08 04:26:37.659000
SILVER,AGENCY_AD_CREATIVE,SOURCE_SYSTEM,GOLD,WIDE_AD_PERFORMANCE,AD_PLATFORM,2,2026-10-08 04:26:37.659000
SILVER,CRM_MSG_TEMPLATE,WRITNG_DEPT_ID,GOLD,DIM_MSG_TEMPLATE,WRITNG_DEPT_ID,1,2026-10-08 04:26:38.690000
SILVER,CRM_MSG_TEMPLATE,TEMPLATE_RM,GOLD,DIM_MSG_TEMPLATE,TEMPLATE_RM,1,2026-10-08 04:26:39.725000
SILVER,CRM_MSG_TEMPLATE,ATMC_YN,GOLD,DIM_MSG_TEMPLATE,ATMC_YN,1,2026-10-08 04:26:40.728000
SILVER,CRM_MSG_TEMPLATE,SEND_CHANNEL,GOLD,DIM_MSG_TEMPLATE,TEMPLATE_SK,1,2026-10-08 04:26:41.764000
SILVER,CRM_MSG_TEMPLATE,SEND_CHANNEL,GOLD,DIM_MSG_TEMPLATE,SEND_CHANNEL,1,2026-10-08 04:26:41.764000
SILVER,CRM_MSG_TEMPLATE,CPR_DIV_CD,GOLD,DIM_MSG_TEMPLATE,CPR_DIV_CD,1,2026-10-08 04:26:42.825000
SILVER,CRM_MSG_TEMPLATE,APRV_FAILR_CTNT,GOLD,DIM_MSG_TEMPLATE,APRV_FAILR_CTNT,1,2026-10-08 04:26:43.962000
SILVER,CRM_MSG_TEMPLATE,WRITNG_DEPT_NM,GOLD,DIM_MSG_TEMPLATE,WRITNG_DEPT_NM,1,2026-10-08 04:26:44.987000
SILVER,CRM_MSG_TEMPLATE,CHRG_DEPT_ID,GOLD,DIM_MSG_TEMPLATE,CHRG_DEPT_ID,1,2026-10-08 04:26:46.019000
SILVER,CRM_MSG_TEMPLATE,APRV_STAT_CD,GOLD,DIM_MSG_TEMPLATE,APRV_STAT_CD,1,2026-10-08 04:26:47.003000
SILVER,CRM_MSG_TEMPLATE,SNDNG_CD_ID,GOLD,DIM_MSG_TEMPLATE,SNDNG_CD_ID,1,2026-10-08 04:26:48.071000
SILVER,CRM_MSG_TEMPLATE,SNDNG_DTL_CD_ID,GOLD,DIM_MSG_TEMPLATE,SNDNG_DTL_CD_ID,1,2026-10-08 04:26:49.056000
BRONZE_CRM,TM_MS_AT_TMPLAT_MNG,TMPLAT_RM,GOLD,DIM_MSG_TEMPLATE,TEMPLATE_RM,2,2026-10-08 04:26:50.071000
BRONZE_CRM,TM_MS_AT_TMPLAT_MNG,CPR_DIV_CD,GOLD,DIM_MSG_TEMPLATE,CPR_DIV_CD,2,2026-10-08 04:26:51.832000
BRONZE_CRM,TM_MS_AT_TMPLAT_MNG,SNDNG_CD_ID,GOLD,DIM_MSG_TEMPLATE,SNDNG_CD_ID,2,2026-10-08 04:26:52.836000
BRONZE_CRM,TM_MS_AT_TMPLAT_MNG,SNDNG_DTL_CD_ID,GOLD,DIM_MSG_TEMPLATE,SNDNG_DTL_CD_ID,2,2026-10-08 04:26:53.857000
BRONZE_CRM,TM_MS_AT_TMPLAT_MNG,ATMC_YN,GOLD,DIM_MSG_TEMPLATE,ATMC_YN,2,2026-10-08 04:26:54.930000
BRONZE_CRM,TM_MS_AT_TMPLAT_MNG,APRV_STAT_CD,GOLD,DIM_MSG_TEMPLATE,APRV_STAT_CD,2,2026-10-08 04:26:55.989000
BRONZE_CRM,TM_MS_AT_TMPLAT_MNG,APRV_FAILR_CTNT,GOLD,DIM_MSG_TEMPLATE,APRV_FAILR_CTNT,2,2026-10-08 04:26:57.062000
BRONZE_CRM,TM_MS_AT_TMPLAT_MNG,WRITNG_DEPT_ID,GOLD,DIM_MSG_TEMPLATE,WRITNG_DEPT_ID,2,2026-10-08 04:26:58.085000
BRONZE_CRM,TM_MS_AT_TMPLAT_MNG,WRITNG_DEPT_NM,GOLD,DIM_MSG_TEMPLATE,WRITNG_DEPT_NM,2,2026-10-08 04:26:59.661000
BRONZE_CRM,TM_MS_AT_TMPLAT_MNG,CHRG_DEPT_ID,GOLD,DIM_MSG_TEMPLATE,CHRG_DEPT_ID,2,2026-10-08 04:27:00.723000
BRONZE_CRM,TC_CMMN_DTL_CD,CD_ID,MSTR,D_CMMN_DTL_CD,CD_ID,1,2026-10-08 04:27:04.600000
BRONZE_CRM,TC_CMMN_DTL_CD,CD_ID,GOLD,DIM_REASON,REASON_SK,2,2026-10-08 04:27:04.600000
BRONZE_CRM,TC_CMMN_DTL_CD,CD_ID,GOLD,DIM_REASON,REASON_TYPE,2,2026-10-08 04:27:04.600000
BRONZE_CRM,TC_CMMN_DTL_CD,CD_ID,MSTR,D_CMMN_DTL_CD,CD_ID,2,2026-10-08 04:27:04.600000
BRONZE_CRM,TC_CMMN_DTL_CD,CD_ID,GOLD,FACT_MEMBER_MONTHLY,REASON_SK,3,2026-10-08 04:27:04.600000
BRONZE_CRM,TC_CMMN_DTL_CD,CD_ID,GOLD,WIDE_MEMBER_EVENT,REASON_TYPE,3,2026-10-08 04:27:04.600000
BRONZE_CRM,TC_CMMN_DTL_CD,CD_ID,GOLD,WIDE_MEMBER_MONTHLY,REASON_TYPE,3,2026-10-08 04:27:04.600000
BRONZE_CRM,TC_CMMN_DTL_CD,CD_ID,GOLD,FACT_MESSAGE_DISPATCH,SEND_RESULT_GROUP,3,2026-10-08 04:27:04.600000
BRONZE_CRM,TC_CMMN_DTL_CD,CD_ID,MSTR,D_CMMN_DTL_CD,CD_ID,3,2026-10-08 04:27:04.600000
BRONZE_CRM,TC_CMMN_DTL_CD,CD_ID,GOLD,WIDE_SERVICE_EVENT,SEND_RESULT_GROUP,4,2026-10-08 04:27:04.600000
BRONZE_CRM,TC_CMMN_DTL_CD,CD_ID,MSTR,D_CMMN_DTL_CD,CD_ID,4,2026-10-08 04:27:04.600000
BRONZE_CRM,TC_CMMN_DTL_CD,RM,MSTR,D_CMMN_DTL_CD,RM,1,2026-10-08 04:27:06.659000
BRONZE_CRM,TC_CMMN_DTL_CD,CD_ATRB1,MSTR,D_CMMN_DTL_CD,CD_ATRB1,1,2026-10-08 04:27:08.235000
BRONZE_CRM,TC_CMMN_DTL_CD,CD_ATRB2,MSTR,D_CMMN_DTL_CD,CD_ATRB2,1,2026-10-08 04:27:10.755000
BRONZE_CRM,TC_CMMN_DTL_CD,CD_ATRB3,MSTR,D_CMMN_DTL_CD,CD_ATRB3,1,2026-10-08 04:27:13.559000
BRONZE_CRM,TC_CMMN_DTL_CD,UPPER_CD_ID,MSTR,D_CMMN_DTL_CD,UPPER_CD_ID,1,2026-10-08 04:27:15.431000
BRONZE_CRM,TC_CMMN_DTL_CD,UPPER_CD_ID,MSTR,D_CMMN_DTL_CD,UPPER_CD_ID,2,2026-10-08 04:27:15.431000
BRONZE_CRM,TC_CMMN_DTL_CD,UPPER_CD_ID,MSTR,D_CMMN_DTL_CD,UPPER_CD_ID,4,2026-10-08 04:27:15.431000
BRONZE_CRM,TC_CMMN_DTL_CD,UPPER_CD_ID,MSTR,D_CMMN_DTL_CD,UPPER_CD_ID,3,2026-10-08 04:27:15.431000
SILVER,CRM_CODE,CD_ID,GOLD,DIM_REASON,REASON_SK,1,2026-10-08 04:27:17.487000
SILVER,CRM_CODE,CD_ID,GOLD,DIM_REASON,REASON_TYPE,1,2026-10-08 04:27:17.487000
SILVER,CRM_CODE,CD_ID,GOLD,FACT_MEMBER_MONTHLY,REASON_SK,2,2026-10-08 04:27:17.487000
SILVER,CRM_CODE,CD_ID,GOLD,WIDE_MEMBER_EVENT,REASON_TYPE,2,2026-10-08 04:27:17.487000
SILVER,CRM_CODE,CD_ID,GOLD,FACT_MESSAGE_DISPATCH,SEND_RESULT_GROUP,2,2026-10-08 04:27:17.487000
SILVER,CRM_CODE,CD_ID,GOLD,WIDE_SERVICE_EVENT,SEND_RESULT_GROUP,3,2026-10-08 04:27:17.487000
SILVER,CRM_CODE,CD_ID,GOLD,WIDE_MEMBER_MONTHLY,REASON_TYPE,2,2026-10-08 04:27:17.487000
SILVER,CRM_MSG_TEMPLATE_BUTTON,BTN_TY_CD,GOLD,DIM_MSG_TEMPLATE_BUTTON,BTN_TY_CD,1,2026-10-08 04:27:20.040000
SILVER,CRM_MSG_TEMPLATE_BUTTON,ANDROID_URL,GOLD,DIM_MSG_TEMPLATE_BUTTON,ANDROID_URL,1,2026-10-08 04:27:21.224000
SILVER,CRM_MSG_TEMPLATE_BUTTON,IOS_URL,GOLD,DIM_MSG_TEMPLATE_BUTTON,IOS_URL,1,2026-10-08 04:27:22.299000
BRONZE_CRM,TD_MS_AT_TMPLAT_BTN_LIST,BTN_TY_CD,GOLD,DIM_MSG_TEMPLATE_BUTTON,BTN_TY_CD,2,2026-10-08 04:27:23.461000
BRONZE_CRM,TD_MS_AT_TMPLAT_BTN_LIST,ANDROID_URL,GOLD,DIM_MSG_TEMPLATE_BUTTON,ANDROID_URL,2,2026-10-08 04:27:24.722000
BRONZE_CRM,TD_MS_AT_TMPLAT_BTN_LIST,IOS_URL,GOLD,DIM_MSG_TEMPLATE_BUTTON,IOS_URL,2,2026-10-08 04:27:25.893000
SILVER,CRM_BIZ_TARGET,ORG_DIV_NM,GOLD,FACT_TARGET_PROJECT,ORG_DIV_NM,1,2026-10-08 04:27:27.567000
SILVER,CRM_BIZ_TARGET,ORG_DIV_NM,GOLD,WIDE_TARGET_BIZ,ORG_DIV_NM,2,2026-10-08 04:27:27.567000
SILVER,CRM_BIZ_TARGET,DTL_DIV_NM,GOLD,FACT_TARGET_PROJECT,DTL_DIV_NM,1,2026-10-08 04:27:28.836000
SILVER,CRM_BIZ_TARGET,DTL_DIV_NM,GOLD,WIDE_TARGET_BIZ,DTL_DIV_NM,2,2026-10-08 04:27:28.836000
SILVER,CRM_BIZ_TARGET,MONTH_KEY,GOLD,FACT_TARGET_PROJECT,MONTH_KEY,1,2026-10-08 04:27:29.981000
SILVER,CRM_BIZ_TARGET,MONTH_KEY,GOLD,WIDE_TARGET_BIZ,MONTH_KEY,2,2026-10-08 04:27:29.981000
SILVER,CRM_BIZ_TARGET,MONTH_KEY,GOLD,WIDE_TARGET_BIZ,CAL_YEAR,2,2026-10-08 04:27:29.981000
SILVER,CRM_BIZ_TARGET,MONTH_KEY,GOLD,WIDE_TARGET_BIZ,CAL_MONTH,2,2026-10-08 04:27:29.981000
SILVER,CRM_BIZ_TARGET,ORG_NM,GOLD,FACT_TARGET_PROJECT,SRC_TEAM_NM,1,2026-10-08 04:27:31.139000
SILVER,CRM_BIZ_TARGET,ORG_NM,GOLD,WIDE_TARGET_BIZ,SRC_TEAM_NM,2,2026-10-08 04:27:31.139000
SILVER,CRM_BIZ_TARGET,SPONSOR_BIZ_NM,GOLD,FACT_TARGET_PROJECT,SRC_SPONSOR_BIZ_NM,1,2026-10-08 04:27:32.232000
SILVER,CRM_BIZ_TARGET,SPONSOR_BIZ_NM,GOLD,WIDE_TARGET_BIZ,SRC_SPONSOR_BIZ_NM,2,2026-10-08 04:27:32.232000
SILVER,CRM_BIZ_TARGET,GOAL_TYPE_NM,GOLD,FACT_TARGET_PROJECT,GOAL_TYPE_NM,1,2026-10-08 04:27:33.300000
SILVER,CRM_BIZ_TARGET,GOAL_TYPE_NM,GOLD,WIDE_TARGET_BIZ,GOAL_TYPE_NM,2,2026-10-08 04:27:33.300000
SILVER,CRM_BIZ_TARGET,CPR_DIV_NM,GOLD,FACT_TARGET_PROJECT,CPR_DIV_NM,1,2026-10-08 04:27:34.389000
SILVER,CRM_BIZ_TARGET,CPR_DIV_NM,GOLD,WIDE_TARGET_BIZ,CPR_DIV_NM,2,2026-10-08 04:27:34.389000
SILVER,CRM_BIZ_TARGET,NEW_OLD_DIV_NM,GOLD,FACT_TARGET_PROJECT,NEW_OLD_DIV_NM,1,2026-10-08 04:27:35.498000
SILVER,CRM_BIZ_TARGET,NEW_OLD_DIV_NM,GOLD,WIDE_TARGET_BIZ,NEW_OLD_DIV_NM,2,2026-10-08 04:27:35.498000
SILVER,CRM_EVENT,EVENT_SOURCE,GOLD,DIM_EVENT,EVENT_KIND,1,2026-10-08 04:27:39.768000
SILVER,CRM_EVENT,EVENT_SOURCE,GOLD,DIM_EVENT,EVENT_KIND_NAME,1,2026-10-08 04:27:39.768000
SILVER,CRM_EVENT,EVENT_SOURCE,GOLD,WIDE_EVENT_PARTICIPATION,EVENT_KIND,2,2026-10-08 04:27:39.768000
SILVER,CRM_EVENT,EVENT_SOURCE,GOLD,WIDE_EVENT_PARTICIPATION,EVENT_KIND_NAME,2,2026-10-08 04:27:39.768000
SILVER,CRM_EVENT,EVENT_DIV_CD,GOLD,DIM_EVENT,EVENT_CATEGORY,1,2026-10-08 04:27:40.834000
SILVER,CRM_EVENT,EVENT_DIV_CD,GOLD,WIDE_MEMBER_SERVICE_COHORT,CULTURE_EVENT_PART_ROWS,2,2026-10-08 04:27:40.834000
SILVER,CRM_EVENT,EVENT_DIV_CD,GOLD,WIDE_EVENT_PARTICIPATION,EVENT_CATEGORY,2,2026-10-08 04:27:40.834000
SILVER,CRM_EVENT,EVENT_DIV_GROUP,GOLD,DIM_EVENT,EVENT_CATEGORY_GROUP,1,2026-10-08 04:27:43.711000
SILVER,CRM_EVENT,EVENT_DIV_GROUP,GOLD,WIDE_EVENT_PARTICIPATION,EVENT_CATEGORY_GROUP,2,2026-10-08 04:27:43.711000
SILVER,CRM_EVENT,EVENT_DIV_NM,GOLD,DIM_EVENT,EVENT_CATEGORY_NAME,1,2026-10-08 04:27:44.811000
SILVER,CRM_EVENT,EVENT_DIV_NM,GOLD,WIDE_EVENT_PARTICIPATION,EVENT_CATEGORY_NAME,2,2026-10-08 04:27:44.811000
SILVER,CRM_EVENT,PRZWIN_GFT_SNDNG_DE,GOLD,DIM_EVENT,PRZWIN_GFT_SNDNG_DE,1,2026-10-08 04:27:45.925000
SILVER,CRM_EVENT,CRMN_PLACE_NM,GOLD,DIM_EVENT,CRMN_PLACE_NM,1,2026-10-08 04:27:47.306000
SILVER,CRM_EVENT,CRMN_PART_STRT_DE,GOLD,DIM_EVENT,CRMN_PART_STRT_DE,1,2026-10-08 04:27:49.264000
SILVER,CRM_EVENT,CRMN_PART_END_DE,GOLD,DIM_EVENT,CRMN_PART_END_DE,1,2026-10-08 04:27:50.327000
SILVER,CRM_EVENT,CPR_DIV_CD,GOLD,DIM_EVENT,CPR_DIV_CD,1,2026-10-08 04:27:51.372000
BRONZE_CRM,TM_MS_CRMN,CRMN_DIV_CD,GOLD,DIM_EVENT,EVENT_CATEGORY,2,2026-10-08 04:27:58.838000
BRONZE_CRM,TM_MS_CRMN,CRMN_DIV_CD,GOLD,DIM_EVENT,EVENT_CATEGORY_GROUP,2,2026-10-08 04:27:58.838000
BRONZE_CRM,TM_MS_CRMN,CRMN_DIV_CD,GOLD,WIDE_MEMBER_SERVICE_COHORT,CULTURE_EVENT_PART_ROWS,3,2026-10-08 04:27:58.838000
BRONZE_CRM,TM_MS_CRMN,CRMN_DIV_CD,GOLD,WIDE_EVENT_PARTICIPATION,EVENT_CATEGORY,3,2026-10-08 04:27:58.838000
BRONZE_CRM,TM_MS_CRMN,CRMN_DIV_CD,GOLD,WIDE_EVENT_PARTICIPATION,EVENT_CATEGORY_GROUP,3,2026-10-08 04:27:58.838000
BRONZE_CRM,TM_MS_CRMN,CRMN_PLACE_NM,GOLD,DIM_EVENT,CRMN_PLACE_NM,2,2026-10-08 04:28:00.467000
BRONZE_CRM,TM_MS_CRMN,CRMN_PART_STRT_DE,GOLD,DIM_EVENT,CRMN_PART_STRT_DE,2,2026-10-08 04:28:05.244000
BRONZE_CRM,TM_MS_CRMN,CRMN_PART_END_DE,GOLD,DIM_EVENT,CRMN_PART_END_DE,2,2026-10-08 04:28:06.319000
BRONZE_CRM,TM_MS_CRMN,CPR_DIV_CD,GOLD,DIM_EVENT,CPR_DIV_CD,2,2026-10-08 04:28:07.387000
SILVER,ERP_BUDGET,BUDGET_PROCEDURE,GOLD,FACT_BUDGET,BUDGET_PROCEDURE,1,2026-10-08 04:28:15.729000
SILVER,ERP_BUDGET,DVLP_INBOUND_PATH,GOLD,FACT_BUDGET,DVLP_INBOUND_PATH,1,2026-10-08 04:28:16.906000
SILVER,ERP_BUDGET,MONTH_KEY,GOLD,FACT_BUDGET,MONTH_KEY,1,2026-10-08 04:28:18.993000
SILVER,ERP_BUDGET,MONTH_KEY,GOLD,WIDE_BUDGET,CAL_YEAR,2,2026-10-08 04:28:18.993000
SILVER,ERP_BUDGET,MONTH_KEY,GOLD,WIDE_BUDGET,CAL_MONTH,2,2026-10-08 04:28:18.993000
SILVER,ERP_BUDGET,MONTH_KEY,GOLD,WIDE_BUDGET,MONTH_KEY,2,2026-10-08 04:28:18.993000
SILVER,ERP_BUDGET,BUDGET_ITEM_DK,GOLD,FACT_BUDGET,BUDGET_ITEM_SK,1,2026-10-08 04:28:20.164000
ML,ML_RST_DATA_MONTHLY_CMPGN_DVLP_AMT,CMPGN_CD,SERVING,ML_DVLP_FORECAST_V,SERIES_CD,1,2026-10-08 04:28:21.639000
BRONZE_CRM,SND_REQ_MST,MENU_CODE,GOLD,DIM_SEND_REQUEST,MENU_CODE,2,2026-10-08 04:28:23.775000
BRONZE_CRM,SND_REQ_MST,SEND_GBN_BOT_NM,GOLD,DIM_SEND_REQUEST,SEND_GBN_BOT_NM,2,2026-10-08 04:28:25.837000
BRONZE_CRM,SND_REQ_MST,SEND_GBN_BOT_NM,GOLD,DIM_SEND_TYPE,SEND_TYPE_S,2,2026-10-08 04:28:25.837000
BRONZE_CRM,SND_REQ_MST,SEND_GBN_BOT_NM,GOLD,WIDE_SERVICE_EVENT,SEND_TYPE_S,3,2026-10-08 04:28:25.837000
BRONZE_CRM,SND_REQ_MST,SEND_GBN_MID_NM,GOLD,DIM_SEND_REQUEST,SEND_GBN_MID_NM,2,2026-10-08 04:28:27.033000
BRONZE_CRM,SND_REQ_MST,SEND_GBN_MID_NM,GOLD,DIM_SEND_TYPE,SEND_TYPE_M,2,2026-10-08 04:28:27.033000
BRONZE_CRM,SND_REQ_MST,SEND_GBN_MID_NM,GOLD,WIDE_SERVICE_EVENT,SEND_TYPE_M,3,2026-10-08 04:28:27.033000
BRONZE_CRM,SND_REQ_MST,SEND_GBN_TOP_NM,GOLD,DIM_SEND_REQUEST,SEND_GBN_TOP_NM,2,2026-10-08 04:28:28.187000
BRONZE_CRM,SND_REQ_MST,SEND_GBN_TOP_NM,GOLD,DIM_SEND_TYPE,SEND_TYPE_L,2,2026-10-08 04:28:28.187000
BRONZE_CRM,SND_REQ_MST,SEND_GBN_TOP_NM,GOLD,WIDE_SERVICE_EVENT,SEND_TYPE_L,3,2026-10-08 04:28:28.187000
BRONZE_CRM,SND_REQ_MST,SEND_GBN_TOP,GOLD,DIM_SEND_REQUEST,SEND_GBN_TOP,2,2026-10-08 04:28:30.325000
BRONZE_CRM,SND_REQ_MST,SEND_GBN_TOP,GOLD,FACT_MESSAGE_DISPATCH,SEND_TYPE_SK,2,2026-10-08 04:28:30.325000
BRONZE_CRM,SND_REQ_MST,SEND_GBN_TOP,GOLD,DIM_SEND_TYPE,SEND_TYPE_SK,2,2026-10-08 04:28:30.325000
BRONZE_CRM,SND_REQ_MST,SEND_GBN_TOP,GOLD,DIM_SEND_TYPE,SEND_TYPE_BK,2,2026-10-08 04:28:30.325000
BRONZE_CRM,SND_REQ_MST,SEND_GBN_TOP,GOLD,DIM_SEND_TYPE,SEND_GBN_TOP,2,2026-10-08 04:28:30.325000
BRONZE_CRM,SND_REQ_MST,SEND_GBN_TOP,GOLD,WIDE_SERVICE_EVENT,SEND_TYPE_L_CD,3,2026-10-08 04:28:30.325000
BRONZE_CRM,SND_REQ_MST,SEND_GBN_MID,GOLD,DIM_SEND_REQUEST,SEND_GBN_MID,2,2026-10-08 04:28:32.187000
BRONZE_CRM,SND_REQ_MST,SEND_GBN_MID,GOLD,FACT_MESSAGE_DISPATCH,SEND_TYPE_SK,2,2026-10-08 04:28:32.187000
BRONZE_CRM,SND_REQ_MST,SEND_GBN_MID,GOLD,DIM_SEND_TYPE,SEND_TYPE_SK,2,2026-10-08 04:28:32.187000
BRONZE_CRM,SND_REQ_MST,SEND_GBN_MID,GOLD,DIM_SEND_TYPE,SEND_TYPE_BK,2,2026-10-08 04:28:32.187000
BRONZE_CRM,SND_REQ_MST,SEND_GBN_MID,GOLD,DIM_SEND_TYPE,SEND_GBN_MID,2,2026-10-08 04:28:32.187000
BRONZE_CRM,SND_REQ_MST,SEND_GBN_MID,GOLD,WIDE_SERVICE_EVENT,SEND_TYPE_M_CD,3,2026-10-08 04:28:32.187000
BRONZE_CRM,SND_REQ_MST,SEND_GBN_BOT,GOLD,DIM_SEND_REQUEST,SEND_GBN_BOT,2,2026-10-08 04:28:33.541000
BRONZE_CRM,SND_REQ_MST,SEND_GBN_BOT,GOLD,FACT_MESSAGE_DISPATCH,SEND_TYPE_SK,2,2026-10-08 04:28:33.541000
BRONZE_CRM,SND_REQ_MST,SEND_GBN_BOT,GOLD,DIM_SEND_TYPE,SEND_TYPE_BK,2,2026-10-08 04:28:33.541000
BRONZE_CRM,SND_REQ_MST,SEND_GBN_BOT,GOLD,DIM_SEND_TYPE,SEND_GBN_BOT,2,2026-10-08 04:28:33.541000
BRONZE_CRM,SND_REQ_MST,SEND_GBN_BOT,GOLD,DIM_SEND_TYPE,SEND_TYPE_SK,2,2026-10-08 04:28:33.541000
BRONZE_CRM,SND_REQ_MST,SEND_GBN_BOT,GOLD,WIDE_SERVICE_EVENT,SEND_TYPE_S_CD,3,2026-10-08 04:28:33.541000
BRONZE_CRM,SND_REQ_MST,MSG_TYPE,GOLD,DIM_SEND_REQUEST,MSG_TYPE,2,2026-10-08 04:28:34.779000
BRONZE_CRM,SND_REQ_MST,TMPL_CODE,GOLD,DIM_SEND_REQUEST,TMPLAT_ID,2,2026-10-08 04:28:38.015000
BRONZE_CRM,SND_REQ_MST,ALT_SMS_YN,GOLD,DIM_SEND_REQUEST,ALTRTV_MSG_SNDNG_YN,2,2026-10-08 04:28:39.084000
BRONZE_CRM,SND_REQ_MST,REGULARLY,GOLD,DIM_SEND_REQUEST,REGULARLY,2,2026-10-08 04:28:40.237000
BRONZE_CRM,SND_REQ_MST,SERVICE_MENU_CODE,GOLD,DIM_SEND_REQUEST,SERVICE_MENU_CODE,2,2026-10-08 04:28:42.931000
SILVER,AGENCY_AD_ROW_REBRDC,INBOUND_CALL_CNT,GOLD,FACT_AD_PERFORMANCE,INBOUND_CALL,2,2026-10-08 04:28:49.627000
SILVER,AGENCY_AD_ROW_REBRDC,INBOUND_CALL_CNT,GOLD,WIDE_AD_BROADCAST,INBOUND_CALL,3,2026-10-08 04:28:49.627000
SILVER,AGENCY_AD_ROW_REBRDC,INBOUND_CALL_CNT,GOLD,WIDE_AD_PERFORMANCE,INBOUND_CALL,3,2026-10-08 04:28:49.627000
SILVER,AGENCY_AD_ROW_REBRDC,INBOUND_CALL_CNT,GOLD,WIDE_AD_COMBINED,INBOUND_CALL,3,2026-10-08 04:28:49.627000
SILVER,AGENCY_AD_ROW_REBRDC,BRDC_DIV_NM,GOLD,FACT_AD_BROADCAST,BRDC_DIV,2,2026-10-08 04:28:51.061000
SILVER,AGENCY_AD_ROW_REBRDC,BRDC_DIV_NM,GOLD,WIDE_AD_COMBINED,BRDC_DIV,3,2026-10-08 04:28:51.061000
SILVER,AGENCY_AD_ROW_REBRDC,BRDC_DIV_NM,GOLD,WIDE_AD_BROADCAST,BRDC_DIV,3,2026-10-08 04:28:51.061000
SILVER,AGENCY_AD_ROW_REBRDC,BRDC_NM,GOLD,FACT_AD_BROADCAST,PROGRAM_NM,2,2026-10-08 04:28:52.433000
SILVER,AGENCY_AD_ROW_REBRDC,BRDC_NM,GOLD,WIDE_AD_BROADCAST,PROGRAM_NM,3,2026-10-08 04:28:52.433000
SILVER,AGENCY_AD_ROW_REBRDC,BRDC_NM,GOLD,WIDE_AD_COMBINED,PROGRAM_NM,3,2026-10-08 04:28:52.433000
SILVER,AGENCY_AD_ROW_REBRDC,BRDC_NM,GOLD,WIDE_AD_BROADCAST_CASE,PROGRAM_NM,3,2026-10-08 04:28:52.433000
SILVER,AGENCY_AD_ROW_REBRDC,BRDC_TIME,GOLD,FACT_AD_BROADCAST,TIME_BAND,2,2026-10-08 04:28:53.865000
SILVER,AGENCY_AD_ROW_REBRDC,BRDC_TIME,GOLD,WIDE_AD_BROADCAST,TIME_BAND,3,2026-10-08 04:28:53.865000
SILVER,AGENCY_AD_ROW_REBRDC,BRDC_TIME,GOLD,WIDE_AD_COMBINED,TIME_BAND,3,2026-10-08 04:28:53.865000
BRONZE_AGENCY,REBRDC_AD_CMPGN_DTLS,BRDC_NM,GOLD,DIM_AD_CREATIVE,AD_CREATIVE_BK,2,2026-10-08 04:28:55.170000
BRONZE_AGENCY,REBRDC_AD_CMPGN_DTLS,BRDC_NM,GOLD,DIM_AD_CREATIVE,CREATIVE,2,2026-10-08 04:28:55.170000
BRONZE_AGENCY,REBRDC_AD_CMPGN_DTLS,BRDC_NM,GOLD,WIDE_AD_PERFORMANCE,AD_CREATIVE_BK,3,2026-10-08 04:28:55.170000
BRONZE_AGENCY,REBRDC_AD_CMPGN_DTLS,BRDC_NM,GOLD,WIDE_AD_PERFORMANCE,AD_PERF_DK,4,2026-10-08 04:28:55.170000
BRONZE_AGENCY,REBRDC_AD_CMPGN_DTLS,BRDC_NM,GOLD,FACT_AD_PERFORMANCE,AD_PERF_DK,3,2026-10-08 04:28:55.170000
BRONZE_AGENCY,REBRDC_AD_CMPGN_DTLS,BRDC_NM,GOLD,FACT_AD_BROADCAST,AD_PERF_DK,3,2026-10-08 04:28:55.170000
BRONZE_AGENCY,REBRDC_AD_CMPGN_DTLS,BRDC_NM,GOLD,FACT_AD_BROADCAST,PROGRAM_NM,3,2026-10-08 04:28:55.170000
BRONZE_AGENCY,REBRDC_AD_CMPGN_DTLS,BRDC_NM,GOLD,WIDE_AD_DIGITAL,AD_CREATIVE,3,2026-10-08 04:28:55.170000
BRONZE_AGENCY,REBRDC_AD_CMPGN_DTLS,BRDC_NM,GOLD,WIDE_AD_PERFORMANCE,AD_CREATIVE,3,2026-10-08 04:28:55.170000
BRONZE_AGENCY,REBRDC_AD_CMPGN_DTLS,BRDC_NM,GOLD,WIDE_AD_BROADCAST,AD_CREATIVE,3,2026-10-08 04:28:55.170000
BRONZE_AGENCY,REBRDC_AD_CMPGN_DTLS,BRDC_NM,GOLD,WIDE_AD_BROADCAST,PROGRAM_NM,4,2026-10-08 04:28:55.170000
BRONZE_AGENCY,REBRDC_AD_CMPGN_DTLS,BRDC_NM,GOLD,WIDE_AD_BROADCAST,AD_PERF_DK,4,2026-10-08 04:28:55.170000
BRONZE_AGENCY,REBRDC_AD_CMPGN_DTLS,BRDC_NM,GOLD,DIM_AD_CREATIVE,AD_CREATIVE_SK,2,2026-10-08 04:28:55.170000
BRONZE_AGENCY,REBRDC_AD_CMPGN_DTLS,BRDC_NM,GOLD,WIDE_AD_COMBINED,AD_PERF_DK,4,2026-10-08 04:28:55.170000
BRONZE_AGENCY,REBRDC_AD_CMPGN_DTLS,BRDC_NM,GOLD,WIDE_AD_BROADCAST_CASE,PROGRAM_NM,4,2026-10-08 04:28:55.170000
BRONZE_AGENCY,REBRDC_AD_CMPGN_DTLS,BRDC_NM,GOLD,WIDE_AD_COMBINED,PROGRAM_NM,4,2026-10-08 04:28:55.170000
SILVER,AGENCY_AD_ROW_REBRDC,DIV_NM,GOLD,FACT_AD_BROADCAST,RT_TYPE,2,2026-10-08 04:28:57.819000
SILVER,AGENCY_AD_ROW_REBRDC,DIV_NM,GOLD,WIDE_AD_BROADCAST,RT_TYPE,3,2026-10-08 04:28:57.819000
SILVER,AGENCY_AD_ROW_REBRDC,DIV_NM,GOLD,WIDE_AD_COMBINED,RT_TYPE,3,2026-10-08 04:28:57.819000
SILVER,AGENCY_AD_ROW_REBRDC,DIV_NM,GOLD,WIDE_AD_BROADCAST_CASE,RT_TYPE,3,2026-10-08 04:28:57.819000
BRONZE_AGENCY,REBRDC_AD_CMPGN_DTLS,BRDC_DIV_NM,GOLD,FACT_AD_BROADCAST,AD_PERF_DK,3,2026-10-08 04:28:59.183000
BRONZE_AGENCY,REBRDC_AD_CMPGN_DTLS,BRDC_DIV_NM,GOLD,FACT_AD_BROADCAST,BRDC_DIV,3,2026-10-08 04:28:59.183000
BRONZE_AGENCY,REBRDC_AD_CMPGN_DTLS,BRDC_DIV_NM,GOLD,WIDE_AD_COMBINED,AD_PERF_DK,4,2026-10-08 04:28:59.183000
BRONZE_AGENCY,REBRDC_AD_CMPGN_DTLS,BRDC_DIV_NM,GOLD,WIDE_AD_BROADCAST,AD_PERF_DK,4,2026-10-08 04:28:59.183000
BRONZE_AGENCY,REBRDC_AD_CMPGN_DTLS,BRDC_DIV_NM,GOLD,WIDE_AD_COMBINED,BRDC_DIV,4,2026-10-08 04:28:59.183000
BRONZE_AGENCY,REBRDC_AD_CMPGN_DTLS,BRDC_DIV_NM,GOLD,WIDE_AD_BROADCAST,BRDC_DIV,4,2026-10-08 04:28:59.183000
BRONZE_AGENCY,REBRDC_AD_CMPGN_DTLS,BRDC_DIV_NM,GOLD,FACT_AD_PERFORMANCE,AD_PERF_DK,3,2026-10-08 04:28:59.183000
BRONZE_AGENCY,REBRDC_AD_CMPGN_DTLS,BRDC_DIV_NM,GOLD,WIDE_AD_PERFORMANCE,AD_PERF_DK,4,2026-10-08 04:28:59.183000
BRONZE_AGENCY,REBRDC_AD_CMPGN_DTLS,DIV_NM,GOLD,DIM_AD_CREATIVE,AD_CREATIVE_SK,2,2026-10-08 04:29:00.413000
BRONZE_AGENCY,REBRDC_AD_CMPGN_DTLS,DIV_NM,GOLD,DIM_AD_CREATIVE,AD_CREATIVE_BK,2,2026-10-08 04:29:00.413000
BRONZE_AGENCY,REBRDC_AD_CMPGN_DTLS,DIV_NM,GOLD,DIM_AD_CREATIVE,AD_TYPE,2,2026-10-08 04:29:00.413000
BRONZE_AGENCY,REBRDC_AD_CMPGN_DTLS,DIV_NM,GOLD,FACT_AD_PERFORMANCE,AD_PERF_DK,3,2026-10-08 04:29:00.413000
BRONZE_AGENCY,REBRDC_AD_CMPGN_DTLS,DIV_NM,GOLD,FACT_AD_BROADCAST,AD_PERF_DK,3,2026-10-08 04:29:00.413000
BRONZE_AGENCY,REBRDC_AD_CMPGN_DTLS,DIV_NM,GOLD,WIDE_AD_BROADCAST,AD_PERF_DK,4,2026-10-08 04:29:00.413000
BRONZE_AGENCY,REBRDC_AD_CMPGN_DTLS,DIV_NM,GOLD,WIDE_AD_BROADCAST,RT_TYPE,4,2026-10-08 04:29:00.413000
BRONZE_AGENCY,REBRDC_AD_CMPGN_DTLS,DIV_NM,GOLD,WIDE_AD_PERFORMANCE,AD_PERF_DK,4,2026-10-08 04:29:00.413000
BRONZE_AGENCY,REBRDC_AD_CMPGN_DTLS,DIV_NM,GOLD,FACT_AD_BROADCAST,RT_TYPE,3,2026-10-08 04:29:00.413000
BRONZE_AGENCY,REBRDC_AD_CMPGN_DTLS,DIV_NM,GOLD,WIDE_AD_PERFORMANCE,AD_CREATIVE_BK,3,2026-10-08 04:29:00.413000
BRONZE_AGENCY,REBRDC_AD_CMPGN_DTLS,DIV_NM,GOLD,WIDE_AD_PERFORMANCE,AD_CREATIVE_TYPE,3,2026-10-08 04:29:00.413000
BRONZE_AGENCY,REBRDC_AD_CMPGN_DTLS,DIV_NM,GOLD,WIDE_AD_COMBINED,AD_PERF_DK,4,2026-10-08 04:29:00.413000
BRONZE_AGENCY,REBRDC_AD_CMPGN_DTLS,DIV_NM,GOLD,WIDE_AD_COMBINED,RT_TYPE,4,2026-10-08 04:29:00.413000
BRONZE_AGENCY,REBRDC_AD_CMPGN_DTLS,DIV_NM,GOLD,WIDE_AD_BROADCAST_CASE,RT_TYPE,4,2026-10-08 04:29:00.413000
BRONZE_AGENCY,REBRDC_AD_CMPGN_DTLS,INBOUND_CALL_CNT,GOLD,FACT_AD_PERFORMANCE,AD_PERF_DK,3,2026-10-08 04:29:01.862000
BRONZE_AGENCY,REBRDC_AD_CMPGN_DTLS,INBOUND_CALL_CNT,GOLD,FACT_AD_PERFORMANCE,INBOUND_CALL,3,2026-10-08 04:29:01.862000
BRONZE_AGENCY,REBRDC_AD_CMPGN_DTLS,INBOUND_CALL_CNT,GOLD,FACT_AD_BROADCAST,AD_PERF_DK,3,2026-10-08 04:29:01.862000
BRONZE_AGENCY,REBRDC_AD_CMPGN_DTLS,INBOUND_CALL_CNT,GOLD,WIDE_AD_COMBINED,AD_PERF_DK,4,2026-10-08 04:29:01.862000
BRONZE_AGENCY,REBRDC_AD_CMPGN_DTLS,INBOUND_CALL_CNT,GOLD,WIDE_AD_PERFORMANCE,AD_PERF_DK,4,2026-10-08 04:29:01.862000
BRONZE_AGENCY,REBRDC_AD_CMPGN_DTLS,INBOUND_CALL_CNT,GOLD,WIDE_AD_COMBINED,INBOUND_CALL,4,2026-10-08 04:29:01.862000
BRONZE_AGENCY,REBRDC_AD_CMPGN_DTLS,INBOUND_CALL_CNT,GOLD,WIDE_AD_BROADCAST,AD_PERF_DK,4,2026-10-08 04:29:01.862000
BRONZE_AGENCY,REBRDC_AD_CMPGN_DTLS,INBOUND_CALL_CNT,GOLD,WIDE_AD_BROADCAST,INBOUND_CALL,4,2026-10-08 04:29:01.862000
BRONZE_AGENCY,REBRDC_AD_CMPGN_DTLS,INBOUND_CALL_CNT,GOLD,WIDE_AD_PERFORMANCE,INBOUND_CALL,4,2026-10-08 04:29:01.862000
BRONZE_AGENCY,REBRDC_AD_CMPGN_DTLS,YEAR,GOLD,FACT_AD_BROADCAST,AD_PERF_DK,3,2026-10-08 04:29:03.156000
BRONZE_AGENCY,REBRDC_AD_CMPGN_DTLS,YEAR,GOLD,WIDE_AD_COMBINED,AD_PERF_DK,4,2026-10-08 04:29:03.156000
BRONZE_AGENCY,REBRDC_AD_CMPGN_DTLS,YEAR,GOLD,WIDE_AD_PERFORMANCE,AD_PERF_DK,4,2026-10-08 04:29:03.156000
BRONZE_AGENCY,REBRDC_AD_CMPGN_DTLS,YEAR,GOLD,FACT_AD_PERFORMANCE,AD_PERF_DK,3,2026-10-08 04:29:03.156000
BRONZE_AGENCY,REBRDC_AD_CMPGN_DTLS,YEAR,GOLD,WIDE_AD_BROADCAST,AD_PERF_DK,4,2026-10-08 04:29:03.156000
BRONZE_AGENCY,REBRDC_AD_CMPGN_DTLS,MONTH,GOLD,FACT_AD_PERFORMANCE,AD_PERF_DK,3,2026-10-08 04:29:04.377000
BRONZE_AGENCY,REBRDC_AD_CMPGN_DTLS,MONTH,GOLD,FACT_AD_BROADCAST,AD_PERF_DK,3,2026-10-08 04:29:04.377000
BRONZE_AGENCY,REBRDC_AD_CMPGN_DTLS,MONTH,GOLD,WIDE_AD_COMBINED,AD_PERF_DK,4,2026-10-08 04:29:04.377000
BRONZE_AGENCY,REBRDC_AD_CMPGN_DTLS,MONTH,GOLD,WIDE_AD_PERFORMANCE,AD_PERF_DK,4,2026-10-08 04:29:04.377000
BRONZE_AGENCY,REBRDC_AD_CMPGN_DTLS,MONTH,GOLD,WIDE_AD_BROADCAST,AD_PERF_DK,4,2026-10-08 04:29:04.377000
BRONZE_AGENCY,REBRDC_AD_CMPGN_DTLS,WEEK,GOLD,FACT_AD_PERFORMANCE,AD_PERF_DK,3,2026-10-08 04:29:06.823000
BRONZE_AGENCY,REBRDC_AD_CMPGN_DTLS,WEEK,GOLD,FACT_AD_BROADCAST,AD_PERF_DK,3,2026-10-08 04:29:06.823000
BRONZE_AGENCY,REBRDC_AD_CMPGN_DTLS,WEEK,GOLD,WIDE_AD_COMBINED,AD_PERF_DK,4,2026-10-08 04:29:06.823000
BRONZE_AGENCY,REBRDC_AD_CMPGN_DTLS,WEEK,GOLD,WIDE_AD_BROADCAST,AD_PERF_DK,4,2026-10-08 04:29:06.823000
BRONZE_AGENCY,REBRDC_AD_CMPGN_DTLS,WEEK,GOLD,WIDE_AD_PERFORMANCE,AD_PERF_DK,4,2026-10-08 04:29:06.823000
SILVER,AGENCY_AD_ROW_REBRDC,CHNNL_NM,GOLD,WIDE_AD_COMBINED,CHANNEL_COMPANY,3,2026-10-08 04:29:09.212000
SILVER,AGENCY_AD_ROW_REBRDC,CHNNL_NM,GOLD,WIDE_AD_BROADCAST,CHANNEL_COMPANY,3,2026-10-08 04:29:09.212000
SILVER,AGENCY_AD_ROW_REBRDC,CHNNL_NM,GOLD,FACT_AD_BROADCAST,CHANNEL_COMPANY,2,2026-10-08 04:29:09.212000
SILVER,AGENCY_AD_ROW_REBRDC,CHNNL_NM,GOLD,WIDE_AD_BROADCAST_CASE,CHANNEL_COMPANY,3,2026-10-08 04:29:09.212000
BRONZE_AGENCY,REBRDC_AD_CMPGN_DTLS,DAY,GOLD,FACT_AD_PERFORMANCE,AD_PERF_DK,3,2026-10-08 04:29:14.129000
BRONZE_AGENCY,REBRDC_AD_CMPGN_DTLS,DAY,GOLD,FACT_AD_BROADCAST,AD_PERF_DK,3,2026-10-08 04:29:14.129000
BRONZE_AGENCY,REBRDC_AD_CMPGN_DTLS,DAY,GOLD,WIDE_AD_COMBINED,AD_PERF_DK,4,2026-10-08 04:29:14.129000
BRONZE_AGENCY,REBRDC_AD_CMPGN_DTLS,DAY,GOLD,WIDE_AD_PERFORMANCE,AD_PERF_DK,4,2026-10-08 04:29:14.129000
BRONZE_AGENCY,REBRDC_AD_CMPGN_DTLS,DAY,GOLD,WIDE_AD_BROADCAST,AD_PERF_DK,4,2026-10-08 04:29:14.129000
BRONZE_AGENCY,REBRDC_AD_CMPGN_DTLS,CHNNL_NM,GOLD,DIM_AD_CREATIVE,AD_CREATIVE_BK,2,2026-10-08 04:29:15.416000
BRONZE_AGENCY,REBRDC_AD_CMPGN_DTLS,CHNNL_NM,GOLD,DIM_AD_CREATIVE,MEDIA_NAME,2,2026-10-08 04:29:15.416000
BRONZE_AGENCY,REBRDC_AD_CMPGN_DTLS,CHNNL_NM,GOLD,DIM_AD_CREATIVE,AD_CREATIVE_SK,2,2026-10-08 04:29:15.416000
BRONZE_AGENCY,REBRDC_AD_CMPGN_DTLS,CHNNL_NM,GOLD,FACT_AD_PERFORMANCE,AD_PERF_DK,3,2026-10-08 04:29:15.416000
BRONZE_AGENCY,REBRDC_AD_CMPGN_DTLS,CHNNL_NM,GOLD,FACT_AD_BROADCAST,CHANNEL_COMPANY,3,2026-10-08 04:29:15.416000
BRONZE_AGENCY,REBRDC_AD_CMPGN_DTLS,CHNNL_NM,GOLD,WIDE_AD_PERFORMANCE,AD_CREATIVE_BK,3,2026-10-08 04:29:15.416000
BRONZE_AGENCY,REBRDC_AD_CMPGN_DTLS,CHNNL_NM,GOLD,WIDE_AD_PERFORMANCE,AD_MEDIA_NAME,3,2026-10-08 04:29:15.416000
BRONZE_AGENCY,REBRDC_AD_CMPGN_DTLS,CHNNL_NM,GOLD,WIDE_AD_COMBINED,AD_PERF_DK,4,2026-10-08 04:29:15.416000
BRONZE_AGENCY,REBRDC_AD_CMPGN_DTLS,CHNNL_NM,GOLD,WIDE_AD_COMBINED,CHANNEL_COMPANY,4,2026-10-08 04:29:15.416000
BRONZE_AGENCY,REBRDC_AD_CMPGN_DTLS,CHNNL_NM,GOLD,WIDE_AD_BROADCAST,AD_MEDIA_NAME,3,2026-10-08 04:29:15.416000
BRONZE_AGENCY,REBRDC_AD_CMPGN_DTLS,CHNNL_NM,GOLD,FACT_AD_BROADCAST,AD_PERF_DK,3,2026-10-08 04:29:15.416000
BRONZE_AGENCY,REBRDC_AD_CMPGN_DTLS,CHNNL_NM,GOLD,WIDE_AD_DIGITAL,AD_MEDIA_NAME,3,2026-10-08 04:29:15.416000
BRONZE_AGENCY,REBRDC_AD_CMPGN_DTLS,CHNNL_NM,GOLD,WIDE_AD_PERFORMANCE,AD_PERF_DK,4,2026-10-08 04:29:15.416000
BRONZE_AGENCY,REBRDC_AD_CMPGN_DTLS,CHNNL_NM,GOLD,WIDE_AD_BROADCAST_CASE,CHANNEL_COMPANY,4,2026-10-08 04:29:15.416000
BRONZE_AGENCY,REBRDC_AD_CMPGN_DTLS,CHNNL_NM,GOLD,WIDE_AD_BROADCAST,AD_PERF_DK,4,2026-10-08 04:29:15.416000
BRONZE_AGENCY,REBRDC_AD_CMPGN_DTLS,CHNNL_NM,GOLD,WIDE_AD_BROADCAST,CHANNEL_COMPANY,4,2026-10-08 04:29:15.416000
BRONZE_AGENCY,REBRDC_AD_CMPGN_DTLS,DOW,GOLD,FACT_AD_PERFORMANCE,AD_PERF_DK,3,2026-10-08 04:29:17.338000
BRONZE_AGENCY,REBRDC_AD_CMPGN_DTLS,DOW,GOLD,FACT_AD_BROADCAST,AD_PERF_DK,3,2026-10-08 04:29:17.338000
BRONZE_AGENCY,REBRDC_AD_CMPGN_DTLS,DOW,GOLD,WIDE_AD_COMBINED,AD_PERF_DK,4,2026-10-08 04:29:17.338000
BRONZE_AGENCY,REBRDC_AD_CMPGN_DTLS,DOW,GOLD,WIDE_AD_BROADCAST,AD_PERF_DK,4,2026-10-08 04:29:17.338000
BRONZE_AGENCY,REBRDC_AD_CMPGN_DTLS,DOW,GOLD,WIDE_AD_PERFORMANCE,AD_PERF_DK,4,2026-10-08 04:29:17.338000
BRONZE_AGENCY,REBRDC_AD_CMPGN_DTLS,BRDC_TIME,GOLD,FACT_AD_PERFORMANCE,AD_PERF_DK,3,2026-10-08 04:29:18.588000
BRONZE_AGENCY,REBRDC_AD_CMPGN_DTLS,BRDC_TIME,GOLD,FACT_AD_BROADCAST,AD_PERF_DK,3,2026-10-08 04:29:18.588000
BRONZE_AGENCY,REBRDC_AD_CMPGN_DTLS,BRDC_TIME,GOLD,WIDE_AD_COMBINED,AD_PERF_DK,4,2026-10-08 04:29:18.588000
BRONZE_AGENCY,REBRDC_AD_CMPGN_DTLS,BRDC_TIME,GOLD,WIDE_AD_PERFORMANCE,AD_PERF_DK,4,2026-10-08 04:29:18.588000
BRONZE_AGENCY,REBRDC_AD_CMPGN_DTLS,BRDC_TIME,GOLD,WIDE_AD_COMBINED,TIME_BAND,4,2026-10-08 04:29:18.588000
BRONZE_AGENCY,REBRDC_AD_CMPGN_DTLS,BRDC_TIME,GOLD,WIDE_AD_BROADCAST,AD_PERF_DK,4,2026-10-08 04:29:18.588000
BRONZE_AGENCY,REBRDC_AD_CMPGN_DTLS,BRDC_TIME,GOLD,FACT_AD_BROADCAST,TIME_BAND,3,2026-10-08 04:29:18.588000
BRONZE_AGENCY,REBRDC_AD_CMPGN_DTLS,BRDC_TIME,GOLD,WIDE_AD_BROADCAST,TIME_BAND,4,2026-10-08 04:29:18.588000
ML,ML_RST_DATA_CMPGN_CTGR_AMT,CMPGN_CTGR_CD,SERVING,ML_FEE_FORECAST_V,CMPGN_CTGR_CD,1,2026-10-08 04:29:19.817000
SILVER,CRM_ORG,ACMSLT_UPPER_DEPT_ID,GOLD,DIM_ORG,ACMSLT_UPPER_DEPT_ID,1,2026-10-08 04:29:21.968000
SILVER,CRM_ORG,ACMSLT_DEPT_YN,GOLD,DIM_ORG,ACMSLT_DEPT_YN,1,2026-10-08 04:29:23.045000
BRONZE_CRM,TM_CM_DEPT_INFO,UPPER_DEPT_ID,MSTR,D_CM_DEPT_INFO,UPPER_DEPT_ID,1,2026-10-08 04:29:24.118000
BRONZE_CRM,TM_CM_DEPT_INFO,ACMSLT_DEPT_YN,MSTR,D_CM_DEPT_INFO,ACMSLT_DEPT_YN,1,2026-10-08 04:29:25.117000
BRONZE_CRM,TM_CM_DEPT_INFO,ACMSLT_DEPT_YN,MSTR,D_DEPT4_CD,ACMSLT_DEPT_YN,2,2026-10-08 04:29:25.117000
BRONZE_CRM,TM_CM_DEPT_INFO,ACMSLT_DEPT_YN,MSTR,D_DEPT_CD,ACMSLT_DEPT_YN,2,2026-10-08 04:29:25.117000
BRONZE_CRM,TM_CM_DEPT_INFO,ACMSLT_DEPT_YN,MSTR,D_DEPT3_CD,ACMSLT_DEPT_YN,2,2026-10-08 04:29:25.117000
BRONZE_CRM,TM_CM_DEPT_INFO,ACMSLT_DEPT_YN,GOLD,DIM_ORG,ACMSLT_DEPT_YN,2,2026-10-08 04:29:25.117000
BRONZE_CRM,TM_CM_DEPT_INFO,ACMSLT_DEPT_YN,MSTR,D_DEPT2_CD,ACMSLT_DEPT_YN,2,2026-10-08 04:29:25.117000
BRONZE_CRM,TM_CM_DEPT_INFO,ACMSLT_UPPER_DEPT_ID,MSTR,D_CM_DEPT_INFO,ACMSLT_UPPER_DEPT_ID,1,2026-10-08 04:29:26.348000
BRONZE_CRM,TM_CM_DEPT_INFO,ACMSLT_UPPER_DEPT_ID,GOLD,DIM_ORG,ACMSLT_UPPER_DEPT_ID,2,2026-10-08 04:29:26.348000
ML,ML_RST_DATA_CMPGN_SPNSR_AMT_LTV,MKTG_CHANNEL,SERVING,ML_LTV_FORECAST_V,SERIES_CD,1,2026-10-08 04:29:27.436000
ML,ML_RST_DATA_MKTG_CHANNEL_MBER_AVG_LTV,MKTG_CHANNEL,SERVING,ML_LTV_FORECAST_V,SERIES_CD,1,2026-10-08 04:29:28.458000
SILVER,ANNUAL_MBRFEE_PRDT_ACTL_DATA,DATA_TYPE_NM,GOLD,WIDE_MBRFEE_PRDT_ACTL,DATA_TYPE_NM,1,2026-10-08 04:29:34.215000
SILVER,ANNUAL_MBRFEE_PRDT_ACTL_DATA,SPNSR_BSNS_GRP_NM,GOLD,WIDE_MBRFEE_PRDT_ACTL,SPNSR_BSNS_GRP_NM,1,2026-10-08 04:29:35.243000
SILVER,ANNUAL_MBRFEE_PRDT_ACTL_DATA,NEW_EXST_DIV_NM,GOLD,WIDE_MBRFEE_PRDT_ACTL,NEW_EXST_DIV_NM,1,2026-10-08 04:29:36.292000
SILVER,ANNUAL_MBRFEE_PRDT_ACTL_DATA,HDQ_BRNCH_GRP_NM,GOLD,WIDE_MBRFEE_PRDT_ACTL,HDQ_BRNCH_GRP_NM,1,2026-10-08 04:29:37.344000
SILVER,BIGQUERY_DEVICE,DEVICE_TYPE,GOLD,DIM_DEVICE,DEVICE_SK,1,2026-10-08 04:29:38.361000
SILVER,BIGQUERY_DEVICE,DEVICE_TYPE,GOLD,DIM_DEVICE,DEVICE_TYPE,1,2026-10-08 04:29:38.361000
SILVER,BIGQUERY_DEVICE,DEVICE_TYPE,GOLD,DIM_DEVICE,DEVICE_SCOPE_DESC,1,2026-10-08 04:29:38.361000
SILVER,BIGQUERY_DEVICE,DEVICE_TYPE,GOLD,FACT_AD_PERFORMANCE,DEVICE_SK,2,2026-10-08 04:29:38.361000
SILVER,BIGQUERY_DEVICE,DEVICE_TYPE,GOLD,WIDE_AD_PERFORMANCE,DEVICE_TYPE,2,2026-10-08 04:29:38.361000
SILVER,BIGQUERY_DEVICE,DEVICE_TYPE,GOLD,WIDE_BIGQUERY_BEHAVIOR,DEVICE_TYPE,2,2026-10-08 04:29:38.361000
SILVER,BIGQUERY_DEVICE,DEVICE_TYPE,GOLD,WIDE_AD_PERFORMANCE,DEVICE_SCOPE_DESC,2,2026-10-08 04:29:38.361000
SILVER,BIGQUERY_DEVICE,DEVICE_TYPE,GOLD,FACT_BIGQUERY_BEHAVIOR,DEVICE_SK,2,2026-10-08 04:29:38.361000
SILVER,BIGQUERY_DEVICE,DEVICE_TYPE,GOLD,WIDE_AD_COMBINED,DEVICE_SK,3,2026-10-08 04:29:38.361000
SILVER,BIGQUERY_DEVICE,DEVICE_TYPE,GOLD,WIDE_AD_DIGITAL,DEVICE_TYPE,2,2026-10-08 04:29:38.361000
SILVER,MM_SPNSR_CLS_AGGR_DATA,HDQ_BRNCH_GRP_NM,GOLD,WIDE_SPNSR_CLS_AGGR,HDQ_BRNCH_GRP_NM,1,2026-10-08 04:29:55.842000
SILVER,MM_SPNSR_CLS_AGGR_DATA,AGGR_TY_NM,GOLD,WIDE_SPNSR_CLS_AGGR,AGGR_TY_NM,1,2026-10-08 04:29:56.936000
SILVER,MM_SPNSR_CLS_AGGR_DATA,SPNSR_BSNS_GRP_NM,GOLD,WIDE_SPNSR_CLS_AGGR,SPNSR_BSNS_GRP_NM,1,2026-10-08 04:29:57.961000
SILVER,MM_SPNSR_CLS_AGGR_DATA,NEW_EXST_DIV_NM,GOLD,WIDE_SPNSR_CLS_AGGR,NEW_EXST_DIV_NM,1,2026-10-08 04:29:58.963000
BRONZE_CRM,TM_MS_EMAIL_TMPLAT_MNG,WRITNG_DEPT_NM,GOLD,DIM_MSG_TEMPLATE,WRITNG_DEPT_NM,2,2026-10-08 04:30:00.061000
BRONZE_CRM,TM_MS_EMAIL_TMPLAT_MNG,EMAIL_CTNT,GOLD,DIM_MSG_TEMPLATE,TEMPLATE_CTNT,2,2026-10-08 04:30:01.286000
BRONZE_CRM,TM_MS_EMAIL_TMPLAT_MNG,CHRG_DEPT_ID,GOLD,DIM_MSG_TEMPLATE,CHRG_DEPT_ID,2,2026-10-08 04:30:03.192000
BRONZE_CRM,TM_MS_EMAIL_TMPLAT_MNG,CPR_DIV_CD,GOLD,DIM_MSG_TEMPLATE,CPR_DIV_CD,2,2026-10-08 04:30:04.406000
BRONZE_CRM,TM_MS_EMAIL_TMPLAT_MNG,SNDNG_CD_ID,GOLD,DIM_MSG_TEMPLATE,SNDNG_CD_ID,2,2026-10-08 04:30:05.634000
BRONZE_CRM,TM_MS_EMAIL_TMPLAT_MNG,TIT,GOLD,DIM_MSG_TEMPLATE,TIT,2,2026-10-08 04:30:06.940000
BRONZE_CRM,TM_MS_EMAIL_TMPLAT_MNG,ATMC_YN,GOLD,DIM_MSG_TEMPLATE,ATMC_YN,2,2026-10-08 04:30:08.182000
BRONZE_CRM,TM_MS_EMAIL_TMPLAT_MNG,SNDNG_DTL_CD_ID,GOLD,DIM_MSG_TEMPLATE,SNDNG_DTL_CD_ID,2,2026-10-08 04:30:09.497000
BRONZE_CRM,TM_MS_EMAIL_TMPLAT_MNG,WRITNG_DEPT_ID,GOLD,DIM_MSG_TEMPLATE,WRITNG_DEPT_ID,2,2026-10-08 04:30:11.819000
BRONZE_CRM,TM_MS_EVENT,EVENT_DIV_CD,GOLD,DIM_EVENT,EVENT_CATEGORY,2,2026-10-08 04:30:28.607000
BRONZE_CRM,TM_MS_EVENT,EVENT_DIV_CD,GOLD,DIM_EVENT,EVENT_CATEGORY_GROUP,2,2026-10-08 04:30:28.607000
BRONZE_CRM,TM_MS_EVENT,EVENT_DIV_CD,GOLD,WIDE_EVENT_PARTICIPATION,EVENT_CATEGORY,3,2026-10-08 04:30:28.607000
BRONZE_CRM,TM_MS_EVENT,EVENT_DIV_CD,GOLD,WIDE_MEMBER_SERVICE_COHORT,CULTURE_EVENT_PART_ROWS,3,2026-10-08 04:30:28.607000
BRONZE_CRM,TM_MS_EVENT,EVENT_DIV_CD,GOLD,WIDE_EVENT_PARTICIPATION,EVENT_CATEGORY_GROUP,3,2026-10-08 04:30:28.607000
BRONZE_CRM,TM_MS_EVENT,EVENT_NM,GOLD,DIM_EVENT,EVENT_NAME,2,2026-10-08 04:30:29.828000
BRONZE_CRM,TM_MS_EVENT,EVENT_NM,GOLD,WIDE_EVENT_PARTICIPATION,EVENT_NAME,3,2026-10-08 04:30:29.828000
BRONZE_CRM,TM_MS_EVENT,STRT_DATE,GOLD,DIM_EVENT,EVENT_START_DATE,2,2026-10-08 04:30:31.050000
BRONZE_CRM,TM_MS_EVENT,STRT_DATE,GOLD,FACT_EVENT_ATTENDANCE,DATE_SK,3,2026-10-08 04:30:31.050000
BRONZE_CRM,TM_MS_EVENT,STRT_DATE,GOLD,WIDE_EVENT_PARTICIPATION,EVENT_START_DATE,3,2026-10-08 04:30:31.050000
BRONZE_CRM,TM_MS_EVENT,STRT_DATE,GOLD,WIDE_EVENT_PARTICIPATION,DATE_SK,4,2026-10-08 04:30:31.050000
BRONZE_CRM,TM_MS_EVENT,END_DATE,GOLD,DIM_EVENT,EVENT_END_DATE,2,2026-10-08 04:30:32.867000
BRONZE_CRM,TM_MS_EVENT,END_DATE,GOLD,WIDE_EVENT_PARTICIPATION,EVENT_END_DATE,3,2026-10-08 04:30:32.867000
BRONZE_CRM,TM_MS_EVENT,PRZWIN_GFT_SNDNG_DE,GOLD,DIM_EVENT,PRZWIN_GFT_SNDNG_DE,2,2026-10-08 04:30:34.245000
BRONZE_CRM,TM_RM_BPLC_MNG,BPLC_CD,GOLD,DIM_BIZ_PLACE,BIZ_PLACE_SK,2,2026-10-08 04:30:35.545000
BRONZE_CRM,TM_RM_BPLC_MNG,BPLC_CD,GOLD,DIM_BIZ_PLACE,BPLC_CD,2,2026-10-08 04:30:35.545000
BRONZE_CRM,TM_RM_BPLC_MNG,BPLC_CD,GOLD,DIM_CHILD,BIZ_PLACE_SK,3,2026-10-08 04:30:35.545000
BRONZE_CRM,TM_RM_BPLC_MNG,RELATNSP_BSNS_YN,GOLD,DIM_BIZ_PLACE,RELATNSP_BSNS_YN,2,2026-10-08 04:30:36.838000
BRONZE_CRM,TM_RM_BPLC_MNG,GFTMNEY_PSBL_YN,GOLD,DIM_BIZ_PLACE,GFTMNEY_PSBL_YN,2,2026-10-08 04:30:37.990000
BRONZE_CRM,TM_RM_BPLC_MNG,LETTER_PSBL_YN,GOLD,DIM_BIZ_PLACE,LETTER_PSBL_YN,2,2026-10-08 04:30:39.179000
BRONZE_CRM,TM_RM_BPLC_MNG,CNCSN_RSN,GOLD,DIM_BIZ_PLACE,CNCSN_RSN,2,2026-10-08 04:30:40.314000
BRONZE_CRM,TM_RM_BPLC_MNG,NATION_CD,GOLD,DIM_BIZ_PLACE,NATION_CD,2,2026-10-08 04:30:42.241000
BRONZE_CRM,TM_RM_BPLC_MNG,BPLC_ENGNM,GOLD,DIM_BIZ_PLACE,BPLC_ENGNM,2,2026-10-08 04:30:43.496000
BRONZE_CRM,TM_RM_BPLC_MNG,BPLC_MTCHG_MNG_YN,GOLD,DIM_BIZ_PLACE,BPLC_MTCHG_MNG_YN,2,2026-10-08 04:30:44.646000
SILVER,CRM_BIZ_PLACE,BPLC_CD,GOLD,DIM_BIZ_PLACE,BIZ_PLACE_SK,1,2026-10-08 04:30:45.905000
SILVER,CRM_BIZ_PLACE,BPLC_CD,GOLD,DIM_BIZ_PLACE,BPLC_CD,1,2026-10-08 04:30:45.905000
SILVER,CRM_BIZ_PLACE,BPLC_CD,GOLD,DIM_CHILD,BIZ_PLACE_SK,2,2026-10-08 04:30:45.905000
SILVER,CRM_BIZ_PLACE,NATION_CD,GOLD,DIM_BIZ_PLACE,NATION_CD,1,2026-10-08 04:30:47.083000
BRONZE_CRM,TM_RM_BPLC_MNG,BPLC_KORNM,GOLD,DIM_BIZ_PLACE,BPLC_KORNM,2,2026-10-08 04:30:49.058000
SILVER,CRM_BIZ_PLACE,BPLC_ENGNM,GOLD,DIM_BIZ_PLACE,BPLC_ENGNM,1,2026-10-08 04:30:50.384000
SILVER,CRM_BIZ_PLACE,RELATNSP_BSNS_YN,GOLD,DIM_BIZ_PLACE,RELATNSP_BSNS_YN,1,2026-10-08 04:30:51.719000
SILVER,CRM_BIZ_PLACE,GFTMNEY_PSBL_YN,GOLD,DIM_BIZ_PLACE,GFTMNEY_PSBL_YN,1,2026-10-08 04:30:53.360000
SILVER,CRM_BIZ_PLACE,LETTER_PSBL_YN,GOLD,DIM_BIZ_PLACE,LETTER_PSBL_YN,1,2026-10-08 04:30:55.551000
SILVER,CRM_BIZ_PLACE,BPLC_DC,GOLD,DIM_BIZ_PLACE,BPLC_DC,1,2026-10-08 04:30:56.864000
SILVER,CRM_BIZ_PLACE,CNCSN_RSN,GOLD,DIM_BIZ_PLACE,CNCSN_RSN,1,2026-10-08 04:30:58.103000
SILVER,CRM_BIZ_PLACE,BPLC_MTCHG_MNG_YN,GOLD,DIM_BIZ_PLACE,BPLC_MTCHG_MNG_YN,1,2026-10-08 04:31:00.044000
BRONZE_CRM,TM_RM_BPLC_MNG,BPLC_DC,GOLD,DIM_BIZ_PLACE,BPLC_DC,2,2026-10-08 04:31:01.353000
SILVER,CRM_BIZ_PLACE,BPLC_KORNM,GOLD,DIM_BIZ_PLACE,BPLC_KORNM,1,2026-10-08 04:31:02.618000
BRONZE_CRM,TC_CMMN_CD,RM,GOLD,DIM_CODE_GROUP,RM,2,2026-10-08 04:31:04.798000
SILVER,CRM_CODE_GROUP,CD_ID,GOLD,DIM_CODE_GROUP,CD_ID,1,2026-10-08 04:31:06.052000
BRONZE_CRM,TC_CMMN_CD,CD_NM,MSTR,D_CMMN_DTL_CD,CD_NM,1,2026-10-08 04:31:07.362000
BRONZE_CRM,TC_CMMN_CD,CD_NM,GOLD,DIM_CODE_GROUP,CD_NM,2,2026-10-08 04:31:07.362000
BRONZE_CRM,TC_CMMN_CD,CD_NM,MSTR,D_CMMN_DTL_CD,CD_NM,2,2026-10-08 04:31:07.362000
BRONZE_CRM,TC_CMMN_CD,CD_NM,MSTR,D_CMMN_DTL_CD,CD_NM,3,2026-10-08 04:31:07.362000
BRONZE_CRM,TC_CMMN_CD,CD_NM,MSTR,D_CMMN_DTL_CD,CD_NM,4,2026-10-08 04:31:07.362000
BRONZE_CRM,TC_CMMN_CD,CD_ID,GOLD,DIM_CODE_GROUP,CD_ID,2,2026-10-08 04:31:08.806000
SILVER,CRM_CODE_GROUP,CD_NM,GOLD,DIM_CODE_GROUP,CD_NM,1,2026-10-08 04:31:10.920000
BRONZE_CRM,TC_CMMN_CD,CD_DC,GOLD,DIM_CODE_GROUP,CD_DC,2,2026-10-08 04:31:12.324000
SILVER,CRM_CODE_GROUP,CD_DC,GOLD,DIM_CODE_GROUP,CD_DC,1,2026-10-08 04:31:14.326000
SILVER,CRM_CODE_GROUP,RM,GOLD,DIM_CODE_GROUP,RM,1,2026-10-08 04:31:15.973000
SILVER,ERP_BUDGET_YEARLY,BUDGET_PROCEDURE,GOLD,FACT_BUDGET_YEARLY,BUDGET_PROCEDURE,1,2026-10-08 04:31:17.395000
SILVER,ERP_BUDGET_YEARLY,BUDGET_ITEM_DK,GOLD,FACT_BUDGET_YEARLY,BUDGET_ITEM_SK,1,2026-10-08 04:31:18.776000
BRONZE_ERP,BDGT_ACMSLT_LEDGER,DVLP_INBOUND_PATH,GOLD,FACT_BUDGET,DVLP_INBOUND_PATH,2,2026-10-08 04:31:24.290000
BRONZE_ERP,BDGT_ACMSLT_LEDGER,YEAR,GOLD,FACT_BUDGET_YEARLY,BUDGET_ITEM_SK,2,2026-10-08 04:31:27.208000
BRONZE_ERP,BDGT_ACMSLT_LEDGER,YEAR,GOLD,FACT_BUDGET_YEARLY,BUDGET_YEAR,2,2026-10-08 04:31:27.208000
BRONZE_ERP,BDGT_ACMSLT_LEDGER,YEAR,GOLD,FACT_BUDGET,MONTH_KEY,2,2026-10-08 04:31:27.208000
BRONZE_ERP,BDGT_ACMSLT_LEDGER,YEAR,GOLD,WIDE_BUDGET,MONTH_KEY,3,2026-10-08 04:31:27.208000
BRONZE_ERP,BDGT_ACMSLT_LEDGER,YEAR,GOLD,WIDE_BUDGET,CAL_MONTH,3,2026-10-08 04:31:27.208000
BRONZE_ERP,BDGT_ACMSLT_LEDGER,YEAR,GOLD,FACT_BUDGET,BUDGET_ITEM_SK,2,2026-10-08 04:31:27.208000
BRONZE_ERP,BDGT_ACMSLT_LEDGER,YEAR,GOLD,DIM_BUDGET_ITEM,BUDGET_ITEM_SK,2,2026-10-08 04:31:27.208000
BRONZE_ERP,BDGT_ACMSLT_LEDGER,YEAR,GOLD,WIDE_BUDGET,CAL_YEAR,3,2026-10-08 04:31:27.208000
BRONZE_ERP,BDGT_ACMSLT_LEDGER,BDGT_PRCD_NM,GOLD,FACT_BUDGET_YEARLY,BUDGET_PROCEDURE,2,2026-10-08 04:31:31.385000
BRONZE_ERP,BDGT_ACMSLT_LEDGER,BDGT_PRCD_NM,GOLD,FACT_BUDGET,BUDGET_PROCEDURE,2,2026-10-08 04:31:31.385000
BRONZE_ERP,BDGT_ACMSLT_LEDGER,BDGT_UNIT_NM,GOLD,DIM_BUDGET_ITEM,BUDGET_ITEM_SK,2,2026-10-08 04:31:34.386000
BRONZE_ERP,BDGT_ACMSLT_LEDGER,BDGT_UNIT_NM,GOLD,DIM_BUDGET_ITEM,BDGT_UNIT_NM,2,2026-10-08 04:31:34.386000
BRONZE_ERP,BDGT_ACMSLT_LEDGER,BDGT_UNIT_NM,GOLD,FACT_BUDGET,BUDGET_ITEM_SK,2,2026-10-08 04:31:34.386000
BRONZE_ERP,BDGT_ACMSLT_LEDGER,BDGT_UNIT_NM,GOLD,FACT_BUDGET_YEARLY,BUDGET_ITEM_SK,2,2026-10-08 04:31:34.386000
BRONZE_ERP,BDGT_ACMSLT_LEDGER,JANG_NM,GOLD,DIM_BUDGET_ITEM,BUDGET_ITEM_SK,2,2026-10-08 04:31:38.565000
BRONZE_ERP,BDGT_ACMSLT_LEDGER,JANG_NM,GOLD,FACT_BUDGET_YEARLY,BUDGET_ITEM_SK,2,2026-10-08 04:31:38.565000
BRONZE_ERP,BDGT_ACMSLT_LEDGER,JANG_NM,GOLD,FACT_BUDGET,BUDGET_ITEM_SK,2,2026-10-08 04:31:38.565000
BRONZE_ERP,BDGT_ACMSLT_LEDGER,KWAN_NM,GOLD,DIM_BUDGET_ITEM,BUDGET_ITEM_SK,2,2026-10-08 04:31:40.402000
BRONZE_ERP,BDGT_ACMSLT_LEDGER,KWAN_NM,GOLD,FACT_BUDGET,BUDGET_ITEM_SK,2,2026-10-08 04:31:40.402000
BRONZE_ERP,BDGT_ACMSLT_LEDGER,KWAN_NM,GOLD,FACT_BUDGET_YEARLY,BUDGET_ITEM_SK,2,2026-10-08 04:31:40.402000
BRONZE_ERP,BDGT_ACMSLT_LEDGER,HANG_NM,GOLD,DIM_BUDGET_ITEM,BUDGET_ITEM_SK,2,2026-10-08 04:31:42.368000
BRONZE_ERP,BDGT_ACMSLT_LEDGER,HANG_NM,GOLD,FACT_BUDGET,BUDGET_ITEM_SK,2,2026-10-08 04:31:42.368000
BRONZE_ERP,BDGT_ACMSLT_LEDGER,HANG_NM,GOLD,FACT_BUDGET_YEARLY,BUDGET_ITEM_SK,2,2026-10-08 04:31:42.368000
BRONZE_ERP,BDGT_ACMSLT_LEDGER,MOK_NM,GOLD,DIM_BUDGET_ITEM,BUDGET_ITEM_SK,2,2026-10-08 04:31:44.031000
BRONZE_ERP,BDGT_ACMSLT_LEDGER,MOK_NM,GOLD,DIM_BUDGET_ITEM,BUDGET_ITEM_NAME,2,2026-10-08 04:31:44.031000
BRONZE_ERP,BDGT_ACMSLT_LEDGER,MOK_NM,GOLD,FACT_BUDGET_YEARLY,BUDGET_ITEM_SK,2,2026-10-08 04:31:44.031000
BRONZE_ERP,BDGT_ACMSLT_LEDGER,MOK_NM,GOLD,FACT_BUDGET,BUDGET_ITEM_SK,2,2026-10-08 04:31:44.031000
BRONZE_ERP,BDGT_ACMSLT_LEDGER,MOK_NM,GOLD,WIDE_BUDGET,BUDGET_ITEM_NAME,3,2026-10-08 04:31:44.031000
BRONZE_ERP,BDGT_ACMSLT_LEDGER,DTL_ITEM_NM,GOLD,DIM_BUDGET_ITEM,BUDGET_ITEM_SK,2,2026-10-08 04:31:45.418000
BRONZE_ERP,BDGT_ACMSLT_LEDGER,DTL_ITEM_NM,GOLD,DIM_BUDGET_ITEM,BUDGET_ITEM_NAME,2,2026-10-08 04:31:45.418000
BRONZE_ERP,BDGT_ACMSLT_LEDGER,DTL_ITEM_NM,GOLD,FACT_BUDGET_YEARLY,BUDGET_ITEM_SK,2,2026-10-08 04:31:45.418000
BRONZE_ERP,BDGT_ACMSLT_LEDGER,DTL_ITEM_NM,GOLD,FACT_BUDGET,BUDGET_ITEM_SK,2,2026-10-08 04:31:45.418000
BRONZE_ERP,BDGT_ACMSLT_LEDGER,DTL_ITEM_NM,GOLD,WIDE_BUDGET,BUDGET_ITEM_NAME,3,2026-10-08 04:31:45.418000
BRONZE_ERP,BDGT_ACMSLT_LEDGER,SUBDTL_ITEM_NM,GOLD,DIM_BUDGET_ITEM,BUDGET_ITEM_SK,2,2026-10-08 04:31:46.844000
BRONZE_ERP,BDGT_ACMSLT_LEDGER,SUBDTL_ITEM_NM,GOLD,DIM_BUDGET_ITEM,BUDGET_ITEM_NAME,2,2026-10-08 04:31:46.844000
BRONZE_ERP,BDGT_ACMSLT_LEDGER,SUBDTL_ITEM_NM,GOLD,FACT_BUDGET_YEARLY,BUDGET_ITEM_SK,2,2026-10-08 04:31:46.844000
BRONZE_ERP,BDGT_ACMSLT_LEDGER,SUBDTL_ITEM_NM,GOLD,WIDE_BUDGET,BUDGET_ITEM_NAME,3,2026-10-08 04:31:46.844000
BRONZE_ERP,BDGT_ACMSLT_LEDGER,SUBDTL_ITEM_NM,GOLD,FACT_BUDGET,BUDGET_ITEM_SK,2,2026-10-08 04:31:46.844000
BRONZE_ERP,BDGT_ACMSLT_LEDGER,FUND_SOURCE_NM,GOLD,DIM_BUDGET_ITEM,BUDGET_ITEM_SK,2,2026-10-08 04:31:48.797000
BRONZE_ERP,BDGT_ACMSLT_LEDGER,FUND_SOURCE_NM,GOLD,FACT_BUDGET,BUDGET_ITEM_SK,2,2026-10-08 04:31:48.797000
BRONZE_ERP,BDGT_ACMSLT_LEDGER,FUND_SOURCE_NM,GOLD,FACT_BUDGET_YEARLY,BUDGET_ITEM_SK,2,2026-10-08 04:31:48.797000
BRONZE_CRM,TM_PM_INSTT_ACNUT,ACNUT_ABRV,GOLD,DIM_PAYMENT_ACCOUNT,ACCOUNT_ABBR,2,2026-10-08 04:31:51.277000
SILVER,CRM_INSTT_ACCOUNT,CHRG_DEPT_CD,GOLD,DIM_PAYMENT_ACCOUNT,CHRG_DEPT_CD,1,2026-10-08 04:31:52.949000
BRONZE_CRM,TM_PM_INSTT_ACNUT,REGIST_USE_YN,GOLD,DIM_PAYMENT_ACCOUNT,REGIST_USE_YN,2,2026-10-08 04:31:54.508000
BRONZE_CRM,TM_PM_INSTT_ACNUT,BANK_CD,GOLD,DIM_PAYMENT_ACCOUNT,BANK_CD,2,2026-10-08 04:31:56.130000
BRONZE_CRM,TM_PM_INSTT_ACNUT,ACNUT_PRP,GOLD,DIM_PAYMENT_ACCOUNT,ACCOUNT_PURPOSE,2,2026-10-08 04:31:57.306000
SILVER,CRM_INSTT_ACCOUNT,REGIST_USE_YN,GOLD,DIM_PAYMENT_ACCOUNT,REGIST_USE_YN,1,2026-10-08 04:31:59.497000
BRONZE_CRM,TM_PM_INSTT_ACNUT,CHRG_DEPT_CD,GOLD,DIM_PAYMENT_ACCOUNT,CHRG_DEPT_CD,2,2026-10-08 04:32:00.537000
SILVER,CRM_INSTT_ACCOUNT,ACNUT_DIV_CD,GOLD,DIM_PAYMENT_ACCOUNT,ACCOUNT_DIV_CD,1,2026-10-08 04:32:02.423000
SILVER,CRM_INSTT_ACCOUNT,BANK_CD,GOLD,DIM_PAYMENT_ACCOUNT,BANK_CD,1,2026-10-08 04:32:03.584000
SILVER,CRM_INSTT_ACCOUNT,ACNUT_PRP,GOLD,DIM_PAYMENT_ACCOUNT,ACCOUNT_PURPOSE,1,2026-10-08 04:32:04.690000
SILVER,CRM_INSTT_ACCOUNT,ACNUT_ABRV,GOLD,DIM_PAYMENT_ACCOUNT,ACCOUNT_ABBR,1,2026-10-08 04:32:05.885000
BRONZE_CRM,TM_PM_INSTT_ACNUT,CPR_DIV_CD,GOLD,DIM_PAYMENT_ACCOUNT,CPR_DIV_CD,2,2026-10-08 04:32:07.013000
BRONZE_CRM,TM_PM_INSTT_ACNUT,ACNUT_DIV_CD,GOLD,DIM_PAYMENT_ACCOUNT,ACCOUNT_DIV_CD,2,2026-10-08 04:32:08.178000
SILVER,CRM_INSTT_ACCOUNT,CPR_DIV_CD,GOLD,DIM_PAYMENT_ACCOUNT,CPR_DIV_CD,1,2026-10-08 04:32:09.875000
