layer,model,lineno,class,source_name,alias,path
gold,DIM_AD_CREATIVE,29,B_renamed,CREATIVE_DK,AD_CREATIVE_BK,gold/dim/DIM_AD_CREATIVE.sql
gold,DIM_AD_CREATIVE,30,B_renamed,MEDIA_CHANNEL_NM,MEDIA_NAME,gold/dim/DIM_AD_CREATIVE.sql
gold,DIM_AD_CREATIVE,33,B_renamed,CREATIVE_NM,CREATIVE,gold/dim/DIM_AD_CREATIVE.sql
gold,DIM_AD_CREATIVE,34,B_renamed,CM_AREA_NM,CM_POSITION,gold/dim/DIM_AD_CREATIVE.sql
gold,DIM_CAMPAIGN,39,B_renamed,CMPGN_CD,CAMPAIGN_BK,gold/dim/DIM_CAMPAIGN.sql
gold,DIM_CAMPAIGN,40,B_renamed,BRND_NM,BRAND,gold/dim/DIM_CAMPAIGN.sql
gold,DIM_CAMPAIGN,42,B_renamed,CMPGN_NM,CAMPAIGN_NAME,gold/dim/DIM_CAMPAIGN.sql
gold,DIM_CAMPAIGN,43,B_renamed,PR_MTH_CD,PROMO_METHOD,gold/dim/DIM_CAMPAIGN.sql
gold,DIM_CAMPAIGN,49,C_expr,,CAMPAIGN_OPEN_DATE,gold/dim/DIM_CAMPAIGN.sql
gold,DIM_CAMPAIGN,53,A_same,PARENT_CAMPAIGN_NAME,PARENT_CAMPAIGN_NAME,gold/dim/DIM_CAMPAIGN.sql
gold,DIM_CAMPAIGN,54,A_same,PROMO_METHOD_NAME,PROMO_METHOD_NAME,gold/dim/DIM_CAMPAIGN.sql
gold,DIM_CAMPAIGN,59,C_expr,,MKTG_CAMPAIGN_SK,gold/dim/DIM_CAMPAIGN.sql
gold,DIM_CAMPAIGN,62,A_same,SPNSR_DIV_NM,SPNSR_DIV_NM,gold/dim/DIM_CAMPAIGN.sql
gold,DIM_CAMPAIGN,64,A_same,CPR_DIV_NM,CPR_DIV_NM,gold/dim/DIM_CAMPAIGN.sql
gold,DIM_CAMPAIGN,67,A_same,CMMN_BRND_NM,CMMN_BRND_NM,gold/dim/DIM_CAMPAIGN.sql
gold,DIM_CAMPAIGN,69,A_same,MKTG_UTM_NM,MKTG_UTM_NM,gold/dim/DIM_CAMPAIGN.sql
gold,DIM_DATE,12,C_expr,,FULL_DATE,gold/dim/DIM_DATE.sql
gold,DIM_DATE,19,A_same,FULL_DATE,FULL_DATE,gold/dim/DIM_DATE.sql
gold,DIM_DATE,20,C_expr,,YEAR,gold/dim/DIM_DATE.sql
gold,DIM_DATE,21,C_expr,,MONTH,gold/dim/DIM_DATE.sql
gold,DIM_DATE,23,C_expr,,DAY,gold/dim/DIM_DATE.sql
gold,DIM_DATE,24,C_expr,,DAY_OF_WEEK,gold/dim/DIM_DATE.sql
gold,DIM_DATE,25,C_expr,,WEEK_OF_YEAR,gold/dim/DIM_DATE.sql
gold,DIM_DATE,26,C_expr,,QUARTER,gold/dim/DIM_DATE.sql
gold,DIM_DEVICE,27,A_same,DEVICE_TYPE,DEVICE_TYPE,gold/dim/DIM_DEVICE.sql
gold,DIM_DEVICE,32,D_literal,end,DEVICE_SCOPE_DESC,gold/dim/DIM_DEVICE.sql
gold,DIM_EVENT,16,B_renamed,EVENT_KEY,EVENT_BK,gold/dim/DIM_EVENT.sql
gold,DIM_EVENT,17,B_renamed,EVENT_SOURCE,EVENT_KIND,gold/dim/DIM_EVENT.sql
gold,DIM_EVENT,22,C_expr,,EVENT_KIND_NAME,gold/dim/DIM_EVENT.sql
gold,DIM_EVENT,23,B_renamed,EVENT_DIV_CD,EVENT_CATEGORY,gold/dim/DIM_EVENT.sql
gold,DIM_EVENT,24,B_renamed,EVENT_NM,EVENT_NAME,gold/dim/DIM_EVENT.sql
gold,DIM_EVENT,25,C_expr,,EVENT_START_DATE,gold/dim/DIM_EVENT.sql
gold,DIM_EVENT,26,C_expr,,EVENT_END_DATE,gold/dim/DIM_EVENT.sql
gold,DIM_EVENT,34,B_renamed,RCRIT_PSNNL_CO,RECRUIT_HEADCOUNT,gold/dim/DIM_EVENT.sql
gold,DIM_EVENT,38,B_renamed,EVENT_DIV_GROUP,EVENT_CATEGORY_GROUP,gold/dim/DIM_EVENT.sql
gold,DIM_EVENT,39,B_renamed,EVENT_DIV_NM,EVENT_CATEGORY_NAME,gold/dim/DIM_EVENT.sql
gold,DIM_GA_EVENT,16,A_same,EVENT_CATEGORY,EVENT_CATEGORY,gold/dim/DIM_GA_EVENT.sql
gold,DIM_GA_EVENT,17,A_same,EVENT_LABEL,EVENT_LABEL,gold/dim/DIM_GA_EVENT.sql
gold,DIM_GA_EVENT,18,A_same,EVENT_ACTION,EVENT_ACTION,gold/dim/DIM_GA_EVENT.sql
gold,DIM_GA_SOURCE,15,C_expr,,UTM_CONTENT,gold/dim/DIM_GA_SOURCE.sql
gold,DIM_GA_SOURCE,16,C_expr,,UTM_TERM,gold/dim/DIM_GA_SOURCE.sql
gold,DIM_GA_SOURCE,17,C_expr,,SOURCE_MEDIUM,gold/dim/DIM_GA_SOURCE.sql
gold,DIM_GA_SOURCE,24,C_expr,,DEFAULT_CHANNEL_GROUP,gold/dim/DIM_GA_SOURCE.sql
gold,DIM_GA_SOURCE,31,A_same,UTM_SOURCE,UTM_SOURCE,gold/dim/DIM_GA_SOURCE.sql
gold,DIM_GA_SOURCE,32,A_same,UTM_MEDIUM,UTM_MEDIUM,gold/dim/DIM_GA_SOURCE.sql
gold,DIM_GA_SOURCE,33,A_same,UTM_CONTENT,UTM_CONTENT,gold/dim/DIM_GA_SOURCE.sql
gold,DIM_GA_SOURCE,34,A_same,UTM_TERM,UTM_TERM,gold/dim/DIM_GA_SOURCE.sql
gold,DIM_GA_SOURCE,35,A_same,SOURCE_MEDIUM,SOURCE_MEDIUM,gold/dim/DIM_GA_SOURCE.sql
gold,DIM_GA_SOURCE,36,A_same,DEFAULT_CHANNEL_GROUP,DEFAULT_CHANNEL_GROUP,gold/dim/DIM_GA_SOURCE.sql
gold,DIM_MARKETING_CAMPAIGN,42,C_expr,,CNT,gold/dim/DIM_MARKETING_CAMPAIGN.sql
gold,DIM_MARKETING_CAMPAIGN,50,B_renamed,MK_CMPGN_CD,MKTG_CAMPAIGN_BK,gold/dim/DIM_MARKETING_CAMPAIGN.sql
gold,DIM_MARKETING_CAMPAIGN,51,B_renamed,MK_CMPGN_NM,MKTG_CAMPAIGN_NAME,gold/dim/DIM_MARKETING_CAMPAIGN.sql
gold,DIM_MARKETING_CAMPAIGN,52,A_same,USE_YN,USE_YN,gold/dim/DIM_MARKETING_CAMPAIGN.sql
gold,DIM_MARKETING_CAMPAIGN,58,C_expr,,DEV_CAMPAIGN_CNT,gold/dim/DIM_MARKETING_CAMPAIGN.sql
gold,DIM_MEMBER,87,A_same,MBER_NO,MBER_NO,gold/dim/DIM_MEMBER.sql
gold,DIM_MEMBER,88,C_expr,,EFF_FROM,gold/dim/DIM_MEMBER.sql
gold,DIM_MEMBER,89,B_renamed,CHN_STAT_CD,STATUS_CD,gold/dim/DIM_MEMBER.sql
gold,DIM_MEMBER,90,B_renamed,BF_STAT_CD,PREV_STATUS_CD,gold/dim/DIM_MEMBER.sql
gold,DIM_MEMBER,102,C_expr,,EFF_TO,gold/dim/DIM_MEMBER.sql
gold,DIM_MEMBER,103,C_expr,,IS_CUR,gold/dim/DIM_MEMBER.sql
gold,DIM_MEMBER,112,B_renamed,STATUS_CD,MBER_STAT_CD,gold/dim/DIM_MEMBER.sql
gold,DIM_MEMBER,113,B_renamed,PREV_STATUS_CD,PREV_MBER_STAT_CD,gold/dim/DIM_MEMBER.sql
gold,DIM_MEMBER,114,B_renamed,EFF_FROM,EFFECTIVE_FROM,gold/dim/DIM_MEMBER.sql
gold,DIM_MEMBER,115,B_renamed,EFF_TO,EFFECTIVE_TO,gold/dim/DIM_MEMBER.sql
gold,DIM_MEMBER,116,B_renamed,IS_CUR,IS_CURRENT,gold/dim/DIM_MEMBER.sql
gold,DIM_MEMBER,127,A_same,MBER_STAT_CD,MBER_STAT_CD,gold/dim/DIM_MEMBER.sql
gold,DIM_MEMBER,128,C_expr,,PREV_MBER_STAT_CD,gold/dim/DIM_MEMBER.sql
gold,DIM_MEMBER,129,C_expr,,EFFECTIVE_FROM,gold/dim/DIM_MEMBER.sql
gold,DIM_MEMBER,130,C_expr,,EFFECTIVE_TO,gold/dim/DIM_MEMBER.sql
gold,DIM_MEMBER,131,D_literal,TRUE,IS_CURRENT,gold/dim/DIM_MEMBER.sql
gold,DIM_MEMBER,148,A_same,MBER_NO,MBER_NO,gold/dim/DIM_MEMBER.sql
gold,DIM_MEMBER,149,C_expr,,DEV_DT,gold/dim/DIM_MEMBER.sql
gold,DIM_MEMBER,150,A_same,AREA_CD,AREA_CD,gold/dim/DIM_MEMBER.sql
gold,DIM_MEMBER,151,A_same,AGE,AGE,gold/dim/DIM_MEMBER.sql
gold,DIM_MEMBER,165,A_same,MEMBER_SK,MEMBER_SK,gold/dim/DIM_MEMBER.sql
gold,DIM_MEMBER,166,A_same,AREA_CD,AREA_CD,gold/dim/DIM_MEMBER.sql
gold,DIM_MEMBER,167,A_same,AGE,AGE,gold/dim/DIM_MEMBER.sql
gold,DIM_MEMBER,177,A_same,MBER_NO,MBER_NO,gold/dim/DIM_MEMBER.sql
gold,DIM_MEMBER,178,B_renamed,SPNSR_BSNS_ID,FIRST_SPONSORSHIP,gold/dim/DIM_MEMBER.sql
gold,DIM_MEMBER,190,A_same,MBER_NO,MBER_NO,gold/dim/DIM_MEMBER.sql
gold,DIM_MEMBER,191,C_expr,,STOP_DT,gold/dim/DIM_MEMBER.sql
gold,DIM_MEMBER,201,A_same,MEMBER_SK,MEMBER_SK,gold/dim/DIM_MEMBER.sql
gold,DIM_MEMBER,202,B_renamed,STOP_DT,LAST_STOP_DATE,gold/dim/DIM_MEMBER.sql
gold,DIM_MEMBER,237,A_same,MEMBER_SK,MEMBER_SK,gold/dim/DIM_MEMBER.sql
gold,DIM_MEMBER,238,A_same,MEMBER_DK,MEMBER_DK,gold/dim/DIM_MEMBER.sql
gold,DIM_MEMBER,268,A_same,PREV_MBER_STAT_CD,PREV_MBER_STAT_CD,gold/dim/DIM_MEMBER.sql
gold,DIM_MEMBER,269,E_label_join,DTL_CD_NM,PREV_MEMBER_STATUS_NAME,gold/dim/DIM_MEMBER.sql
gold,DIM_MEMBER,270,C_expr,,FIRST_JOIN_DATE,gold/dim/DIM_MEMBER.sql
gold,DIM_MEMBER,271,B_renamed,CMPGN_CD,FIRST_CAMPAIGN,gold/dim/DIM_MEMBER.sql
gold,DIM_MEMBER,272,A_same,JOIN_PATH_CD,JOIN_PATH_CD,gold/dim/DIM_MEMBER.sql
gold,DIM_MEMBER,277,A_same,FIRST_SPONSORSHIP,FIRST_SPONSORSHIP,gold/dim/DIM_MEMBER.sql
gold,DIM_MEMBER,279,A_same,LAST_STOP_DATE,LAST_STOP_DATE,gold/dim/DIM_MEMBER.sql
gold,DIM_MEMBER,280,A_same,EFFECTIVE_FROM,EFFECTIVE_FROM,gold/dim/DIM_MEMBER.sql
gold,DIM_MEMBER,281,A_same,EFFECTIVE_TO,EFFECTIVE_TO,gold/dim/DIM_MEMBER.sql
gold,DIM_MEMBER,282,A_same,IS_CURRENT,IS_CURRENT,gold/dim/DIM_MEMBER.sql
gold,DIM_MEMBER,287,A_same,MEMBER_TYPE,MEMBER_TYPE,gold/dim/DIM_MEMBER.sql
gold,DIM_MEMBER_ACQUISITION,57,A_same,ACQ_CAMPAIGN_SK,ACQ_CAMPAIGN_SK,gold/dim/DIM_MEMBER_ACQUISITION.sql
gold,DIM_MEMBER_ACQUISITION,58,A_same,ACQ_ORG_SK,ACQ_ORG_SK,gold/dim/DIM_MEMBER_ACQUISITION.sql
gold,DIM_MEMBER_ACQUISITION,59,A_same,ACQ_SPONSORSHIP_SK,ACQ_SPONSORSHIP_SK,gold/dim/DIM_MEMBER_ACQUISITION.sql
gold,DIM_MEMBER_ACQUISITION,60,A_same,ACQ_DATE_SK,ACQ_DATE_SK,gold/dim/DIM_MEMBER_ACQUISITION.sql
gold,DIM_MEMBER_ACQUISITION,62,A_same,ACQ_DVLP_DIV_CD,ACQ_DVLP_DIV_CD,gold/dim/DIM_MEMBER_ACQUISITION.sql
gold,DIM_MEMBER_ACQUISITION,64,A_same,ACQ_AGE_CD,ACQ_AGE_CD,gold/dim/DIM_MEMBER_ACQUISITION.sql
gold,DIM_MEMBER_ACQUISITION,65,A_same,ACQ_AGE_BAND,ACQ_AGE_BAND,gold/dim/DIM_MEMBER_ACQUISITION.sql
gold,DIM_MEMBER_ACQUISITION,66,A_same,ACQ_AREA_CD,ACQ_AREA_CD,gold/dim/DIM_MEMBER_ACQUISITION.sql
gold,DIM_MEMBER_ACQUISITION,67,A_same,ACQ_REGION,ACQ_REGION,gold/dim/DIM_MEMBER_ACQUISITION.sql
gold,DIM_MEMBER_ACQUISITION,68,A_same,ACQ_SEX_CD,ACQ_SEX_CD,gold/dim/DIM_MEMBER_ACQUISITION.sql
gold,DIM_MEMBER_ACQUISITION,69,A_same,ACQ_GENDER,ACQ_GENDER,gold/dim/DIM_MEMBER_ACQUISITION.sql
gold,DIM_MEMBER_ACQUISITION,70,A_same,ACQ_SPNSR_AMT,ACQ_SPNSR_AMT,gold/dim/DIM_MEMBER_ACQUISITION.sql
gold,DIM_MEMBER_ACQUISITION,74,A_same,ACQ_BRAND,ACQ_BRAND,gold/dim/DIM_MEMBER_ACQUISITION.sql
gold,DIM_MEMBER_ACQUISITION,75,B_renamed,CAMPAIGN_NAME,ACQ_CAMPAIGN_NAME,gold/dim/DIM_MEMBER_ACQUISITION.sql
gold,DIM_MEMBER_ACQUISITION,76,A_same,ACQ_PARENT_CAMPAIGN_NAME,ACQ_PARENT_CAMPAIGN_NAME,gold/dim/DIM_MEMBER_ACQUISITION.sql
gold,DIM_MEMBER_ACQUISITION,77,A_same,ACQ_PROMO_METHOD_NAME,ACQ_PROMO_METHOD_NAME,gold/dim/DIM_MEMBER_ACQUISITION.sql
gold,DIM_MEMBER_ACQUISITION,78,B_renamed,ACQ_MKTG_CMPGN_NM,ACQ_MARKETING_CAMPAIGN,gold/dim/DIM_MEMBER_ACQUISITION.sql
gold,DIM_MEMBER_ACQUISITION,79,B_renamed,DEPARTMENT,ACQ_DEPARTMENT,gold/dim/DIM_MEMBER_ACQUISITION.sql
gold,DIM_MEMBER_ACQUISITION,80,B_renamed,SPONSORSHIP_NAME,ACQ_SPONSORSHIP_NAME,gold/dim/DIM_MEMBER_ACQUISITION.sql
gold,DIM_MEMBER_ACQUISITION,82,B_renamed,ACQ_MBER_INFLOW_PATH_NM,ACQ_INFLOW_PATH,gold/dim/DIM_MEMBER_ACQUISITION.sql
gold,DIM_MEMBER_ACQUISITION,83,B_renamed,ACQ_CMPGN_CTGR_NM,ACQ_CAMPAIGN_TYPE,gold/dim/DIM_MEMBER_ACQUISITION.sql
gold,DIM_MEMBER_ACQUISITION,84,B_renamed,ACQ_CMPGN_TYPE1_NM,ACQ_DOMESTIC_OVERSEAS,gold/dim/DIM_MEMBER_ACQUISITION.sql
gold,DIM_MEMBER_ACQUISITION,85,B_renamed,ACQ_CMPGN_TYPE2_NM,ACQ_BIZ_CASE_TYPE,gold/dim/DIM_MEMBER_ACQUISITION.sql
gold,DIM_MEMBER_ACQUISITION,86,A_same,ACQ_CMMN_BRND_NM,ACQ_CMMN_BRND_NM,gold/dim/DIM_MEMBER_ACQUISITION.sql
gold,DIM_MEMBER_ACQUISITION,87,A_same,ACQ_MKTG_UTM_NM,ACQ_MKTG_UTM_NM,gold/dim/DIM_MEMBER_ACQUISITION.sql
gold,DIM_MEMBER_ACQUISITION,88,A_same,ACQ_SPNSR_DIV_NM,ACQ_SPNSR_DIV_NM,gold/dim/DIM_MEMBER_ACQUISITION.sql
gold,DIM_MEMBER_ACQUISITION,89,A_same,ACQ_CPR_DIV_NM,ACQ_CPR_DIV_NM,gold/dim/DIM_MEMBER_ACQUISITION.sql
gold,DIM_MEMBER_ACQUISITION,91,A_same,FIRST_STOP_DATE_SK,FIRST_STOP_DATE_SK,gold/dim/DIM_MEMBER_ACQUISITION.sql
gold,DIM_MEMBER_ACQUISITION,92,A_same,FIRST_STOP_REASON_NM,FIRST_STOP_REASON_NM,gold/dim/DIM_MEMBER_ACQUISITION.sql
gold,DIM_MEMBER_ACQUISITION,93,A_same,TENURE_DAYS,TENURE_DAYS,gold/dim/DIM_MEMBER_ACQUISITION.sql
gold,DIM_MEMBER_ACQUISITION,94,A_same,IS_12M_OBSERVABLE,IS_12M_OBSERVABLE,gold/dim/DIM_MEMBER_ACQUISITION.sql
gold,DIM_MEMBER_IDENTITY,17,C_expr,,GA_MEMBER_ID,gold/dim/DIM_MEMBER_IDENTITY.sql
gold,DIM_MEMBER_IDENTITY,25,A_same,MEMBER_DK,MEMBER_DK,gold/dim/DIM_MEMBER_IDENTITY.sql
gold,DIM_MEMBER_IDENTITY,26,B_renamed,MEMBER_DK,MEMBER_NO,gold/dim/DIM_MEMBER_IDENTITY.sql
gold,DIM_MEMBER_IDENTITY,29,B_renamed,HMPG_ID,HOMEPAGE_ID,gold/dim/DIM_MEMBER_IDENTITY.sql
gold,DIM_ORG,37,C_expr,,ORG_DK,gold/dim/DIM_ORG.sql
gold,DIM_PAYMENT,17,B_renamed,SETLE_CD,PAYMENT_METHOD,gold/dim/DIM_PAYMENT.sql
gold,DIM_PAYMENT,18,B_renamed,SETLE_NM,SETTLE_METHOD,gold/dim/DIM_PAYMENT.sql
gold,DIM_REASON,17,B_renamed,DTL_CD_ID,REASON_CODE,gold/dim/DIM_REASON.sql
gold,DIM_REASON,18,E_label_join,DTL_CD_NM,REASON_NAME,gold/dim/DIM_REASON.sql
gold,DIM_SEND_TYPE,43,C_expr,,SEND_GBN_TOP_NM,gold/dim/DIM_SEND_TYPE.sql
gold,DIM_SEND_TYPE,44,C_expr,,SEND_GBN_MID_NM,gold/dim/DIM_SEND_TYPE.sql
gold,DIM_SEND_TYPE,45,C_expr,,SEND_GBN_BOT_NM,gold/dim/DIM_SEND_TYPE.sql
gold,DIM_SEND_TYPE,53,C_expr,,SEND_TYPE_BK,gold/dim/DIM_SEND_TYPE.sql
gold,DIM_SEND_TYPE,54,A_same,SEND_GBN_TOP,SEND_GBN_TOP,gold/dim/DIM_SEND_TYPE.sql
gold,DIM_SEND_TYPE,55,B_renamed,SEND_GBN_TOP_NM,SEND_TYPE_L,gold/dim/DIM_SEND_TYPE.sql
gold,DIM_SEND_TYPE,56,A_same,SEND_GBN_MID,SEND_GBN_MID,gold/dim/DIM_SEND_TYPE.sql
gold,DIM_SEND_TYPE,57,B_renamed,SEND_GBN_MID_NM,SEND_TYPE_M,gold/dim/DIM_SEND_TYPE.sql
gold,DIM_SEND_TYPE,58,A_same,SEND_GBN_BOT,SEND_GBN_BOT,gold/dim/DIM_SEND_TYPE.sql
gold,DIM_SEND_TYPE,59,B_renamed,SEND_GBN_BOT_NM,SEND_TYPE_S,gold/dim/DIM_SEND_TYPE.sql
gold,DIM_SERVICE,23,B_renamed,SNDNG_TY_CD,SUBTYPE,gold/dim/DIM_SERVICE.sql
gold,DIM_SERVICE,24,B_renamed,SEND_CHANNEL,CHANNEL,gold/dim/DIM_SERVICE.sql
gold,DIM_SPONSORSHIP,41,B_renamed,SPNSR_BSNS_ID,SPONSORSHIP_BK,gold/dim/DIM_SPONSORSHIP.sql
gold,DIM_SPONSORSHIP,42,B_renamed,SPNSR_BSNS_NM,SPONSORSHIP_NAME,gold/dim/DIM_SPONSORSHIP.sql
gold,DIM_SPONSORSHIP,43,B_renamed,SPNSR_BSNS_ABRV_CD,SPONSORSHIP_ABBR,gold/dim/DIM_SPONSORSHIP.sql
gold,DIM_SPONSORSHIP,45,B_renamed,SPNSR_DIV_CD,SPONSORSHIP_DIV_CD,gold/dim/DIM_SPONSORSHIP.sql
gold,DIM_SPONSORSHIP,46,E_label_join,DTL_CD_NM,SPONSORSHIP_DIV_NAME,gold/dim/DIM_SPONSORSHIP.sql
gold,DIM_SPONSORSHIP,47,E_label_join,DTL_CD_NM,SPONSORSHIP_GROUP_NAME,gold/dim/DIM_SPONSORSHIP.sql
gold,FACT_AD_BROADCAST,17,A_same,AD_PERF_DK,AD_PERF_DK,gold/fact/FACT_AD_BROADCAST.sql
gold,FACT_AD_BROADCAST_CASE,16,A_same,AD_PERF_DK,AD_PERF_DK,gold/fact/FACT_AD_BROADCAST_CASE.sql
gold,FACT_AD_DIGITAL,16,A_same,AD_PERF_DK,AD_PERF_DK,gold/fact/FACT_AD_DIGITAL.sql
gold,FACT_AD_PERFORMANCE,34,A_same,AD_PERF_DK,AD_PERF_DK,gold/fact/FACT_AD_PERFORMANCE.sql
gold,FACT_AD_PERFORMANCE,35,C_expr,,PERF_DATE_SK,gold/fact/FACT_AD_PERFORMANCE.sql
gold,FACT_AD_PERFORMANCE,39,C_expr,,DEVICE_SK,gold/fact/FACT_AD_PERFORMANCE.sql
gold,FACT_AD_PERFORMANCE,40,A_same,AD_COST,AD_COST,gold/fact/FACT_AD_PERFORMANCE.sql
gold,FACT_AD_PERFORMANCE,41,B_renamed,IMPRESSION_CNT,IMPRESSIONS,gold/fact/FACT_AD_PERFORMANCE.sql
gold,FACT_AD_PERFORMANCE,42,B_renamed,CLICK_CNT,CLICKS,gold/fact/FACT_AD_PERFORMANCE.sql
gold,FACT_AD_PERFORMANCE,43,B_renamed,INBOUND_CALL_CNT,INBOUND_CALL,gold/fact/FACT_AD_PERFORMANCE.sql
gold,FACT_AD_PERFORMANCE,65,C_expr,,MKTG_CAMPAIGN_SK,gold/fact/FACT_AD_PERFORMANCE.sql
gold,FACT_BUDGET,21,C_expr,,MONTH_KEY,gold/fact/FACT_BUDGET.sql
gold,FACT_BUDGET,25,C_expr,,SPONSORSHIP_SK,gold/fact/FACT_BUDGET.sql
gold,FACT_BUDGET_YEARLY,35,A_same,BUDGET_YEAR,BUDGET_YEAR,gold/fact/FACT_BUDGET_YEARLY.sql
gold,FACT_BUDGET_YEARLY,39,C_expr,,SPONSORSHIP_SK,gold/fact/FACT_BUDGET_YEARLY.sql
gold,FACT_DEV_ACHIEVEMENT,89,C_expr,,GOAL_CNT,gold/fact/FACT_DEV_ACHIEVEMENT.sql
gold,FACT_DEV_ACHIEVEMENT,105,A_same,ORG_SK,ORG_SK,gold/fact/FACT_DEV_ACHIEVEMENT.sql
gold,FACT_DEV_ACHIEVEMENT,106,B_renamed,DVLP_DIV_CD,DEV_TYPE,gold/fact/FACT_DEV_ACHIEVEMENT.sql
gold,FACT_DEV_ACHIEVEMENT,107,C_expr,,ACTUAL_CNT,gold/fact/FACT_DEV_ACHIEVEMENT.sql
gold,FACT_DEV_ACHIEVEMENT,118,C_expr,,MONTH_KEY,gold/fact/FACT_DEV_ACHIEVEMENT.sql
gold,FACT_DEV_ACHIEVEMENT,119,C_expr,,ORG_SK,gold/fact/FACT_DEV_ACHIEVEMENT.sql
gold,FACT_DEV_ACHIEVEMENT,120,C_expr,,DEV_TYPE,gold/fact/FACT_DEV_ACHIEVEMENT.sql
gold,FACT_DEV_ACHIEVEMENT,121,C_expr,,GOAL_CNT,gold/fact/FACT_DEV_ACHIEVEMENT.sql
gold,FACT_DEV_ACHIEVEMENT,122,C_expr,,ACTUAL_CNT,gold/fact/FACT_DEV_ACHIEVEMENT.sql
gold,FACT_DEV_ACHIEVEMENT,124,C_expr,,HAS_GOAL_ROW,gold/fact/FACT_DEV_ACHIEVEMENT.sql
gold,FACT_DEV_ACHIEVEMENT,126,C_expr,,HAS_POSITIVE_GOAL,gold/fact/FACT_DEV_ACHIEVEMENT.sql
gold,FACT_DEV_ACHIEVEMENT,127,C_expr,,HAS_ACTUAL,gold/fact/FACT_DEV_ACHIEVEMENT.sql
gold,FACT_DEV_ACHIEVEMENT,140,C_expr,,CAL_YEAR,gold/fact/FACT_DEV_ACHIEVEMENT.sql
gold,FACT_DEV_ACHIEVEMENT,141,C_expr,,CAL_MONTH,gold/fact/FACT_DEV_ACHIEVEMENT.sql
gold,FACT_DEV_ACHIEVEMENT,144,C_expr,,GOAL_CNT_YTD,gold/fact/FACT_DEV_ACHIEVEMENT.sql
gold,FACT_DEV_ACHIEVEMENT,147,C_expr,,ACTUAL_CNT_YTD,gold/fact/FACT_DEV_ACHIEVEMENT.sql
gold,FACT_DEV_ACHIEVEMENT,148,C_expr,,GOAL_CNT_YEAR,gold/fact/FACT_DEV_ACHIEVEMENT.sql
gold,FACT_DEV_ACHIEVEMENT,149,C_expr,,ACTUAL_CNT_YEAR,gold/fact/FACT_DEV_ACHIEVEMENT.sql
gold,FACT_DEV_ACHIEVEMENT,158,B_renamed,DEPARTMENT,ORG_DEPARTMENT,gold/fact/FACT_DEV_ACHIEVEMENT.sql
gold,FACT_DEV_ACHIEVEMENT,159,B_renamed,DIVISION,ORG_DIVISION,gold/fact/FACT_DEV_ACHIEVEMENT.sql
gold,FACT_DEV_ACHIEVEMENT,160,B_renamed,TEAM,ORG_TEAM,gold/fact/FACT_DEV_ACHIEVEMENT.sql
gold,FACT_DEV_ACHIEVEMENT,161,B_renamed,CORP,ORG_CORP,gold/fact/FACT_DEV_ACHIEVEMENT.sql
gold,FACT_DEV_ACHIEVEMENT,163,E_label_join,DTL_CD_NM,DEV_TYPE_NAME,gold/fact/FACT_DEV_ACHIEVEMENT.sql
gold,FACT_EVENT_PARTICIPATION,31,B_renamed,MBER_NO,MEMBER_DK,gold/fact/FACT_EVENT_PARTICIPATION.sql
gold,FACT_EVENT_PARTICIPATION,32,C_expr,,EVENT_SK,gold/fact/FACT_EVENT_PARTICIPATION.sql
gold,FACT_EVENT_PARTICIPATION,33,C_expr,,CAMPAIGN_SK,gold/fact/FACT_EVENT_PARTICIPATION.sql
gold,FACT_EVENT_PARTICIPATION,34,C_expr,,SPONSORSHIP_SK,gold/fact/FACT_EVENT_PARTICIPATION.sql
gold,FACT_EVENT_PARTICIPATION,52,C_expr,,WAIT_CNT,gold/fact/FACT_EVENT_PARTICIPATION.sql
gold,FACT_EVENT_PARTICIPATION,53,C_expr,,CANCEL_CNT,gold/fact/FACT_EVENT_PARTICIPATION.sql
gold,FACT_EVENT_PARTICIPATION,57,C_expr,,CONFIRM_CNT,gold/fact/FACT_EVENT_PARTICIPATION.sql
gold,FACT_EVENT_PARTICIPATION,63,C_expr,,PARTICIPANT_CNT,gold/fact/FACT_EVENT_PARTICIPATION.sql
gold,FACT_EVENT_PARTICIPATION,64,C_expr,,ABSENT_CNT,gold/fact/FACT_EVENT_PARTICIPATION.sql
gold,FACT_EVENT_PARTICIPATION,65,C_expr,,CUM_APPLY_TIMES,gold/fact/FACT_EVENT_PARTICIPATION.sql
gold,FACT_EVENT_PARTICIPATION,66,B_renamed,RCPMNY_AMT,REGULAR_DONATION,gold/fact/FACT_EVENT_PARTICIPATION.sql
gold,FACT_EVENT_PARTICIPATION,67,C_expr,,WIN_FLAG,gold/fact/FACT_EVENT_PARTICIPATION.sql
gold,FACT_EVENT_PARTICIPATION,68,C_expr,,SELF_PART_FLAG,gold/fact/FACT_EVENT_PARTICIPATION.sql
gold,FACT_EVENT_PARTICIPATION,69,B_renamed,PARTCPT_STAT_CD,PART_STATUS,gold/fact/FACT_EVENT_PARTICIPATION.sql
gold,FACT_EVENT_PARTICIPATION,70,B_renamed,PARTCPT_PATH_CD,PART_PATH,gold/fact/FACT_EVENT_PARTICIPATION.sql
gold,FACT_EVENT_PARTICIPATION,71,B_renamed,PARTCPT_CHNNL_CD,PART_CHANNEL,gold/fact/FACT_EVENT_PARTICIPATION.sql
gold,FACT_EVENT_PARTICIPATION,72,C_expr,,INCREASE_FLAG,gold/fact/FACT_EVENT_PARTICIPATION.sql
gold,FACT_EVENT_PARTICIPATION,82,B_renamed,EVENT_KEY,EVENT_BK,gold/fact/FACT_EVENT_PARTICIPATION.sql
gold,FACT_EVENT_PARTICIPATION,83,A_same,PARTCPT_SEQ,PARTCPT_SEQ,gold/fact/FACT_EVENT_PARTICIPATION.sql
gold,FACT_EVENT_PARTICIPATION,88,B_renamed,PARTCPT_STAT_GROUP,PART_STATUS_GROUP,gold/fact/FACT_EVENT_PARTICIPATION.sql
gold,FACT_EVENT_PARTICIPATION,89,B_renamed,PARTCPT_STAT_NM,PART_STATUS_NAME,gold/fact/FACT_EVENT_PARTICIPATION.sql
gold,FACT_EVENT_PARTICIPATION,90,B_renamed,PARTCPT_PATH_GROUP,PART_PATH_GROUP,gold/fact/FACT_EVENT_PARTICIPATION.sql
gold,FACT_EVENT_PARTICIPATION,91,B_renamed,PARTCPT_PATH_NM,PART_PATH_NAME,gold/fact/FACT_EVENT_PARTICIPATION.sql
gold,FACT_EVENT_PARTICIPATION,92,B_renamed,PARTCPT_CHNNL_GROUP,PART_CHANNEL_GROUP,gold/fact/FACT_EVENT_PARTICIPATION.sql
gold,FACT_EVENT_PARTICIPATION,93,B_renamed,PARTCPT_CHNNL_NM,PART_CHANNEL_NAME,gold/fact/FACT_EVENT_PARTICIPATION.sql
gold,FACT_EVENT_PARTICIPATION,103,C_expr,,EVENT_KIND,gold/fact/FACT_EVENT_PARTICIPATION.sql
gold,FACT_EVENT_PARTICIPATION,106,C_expr,,EVENT_KIND_NAME,gold/fact/FACT_EVENT_PARTICIPATION.sql
gold,FACT_GA_BEHAVIOR,27,C_expr,,GA_EVENT_SK,gold/fact/FACT_GA_BEHAVIOR.sql
gold,FACT_GA_BEHAVIOR,28,C_expr,,GA_SOURCE_SK,gold/fact/FACT_GA_BEHAVIOR.sql
gold,FACT_GA_BEHAVIOR,29,C_expr,,DEVICE_SK,gold/fact/FACT_GA_BEHAVIOR.sql
gold,FACT_GA_BEHAVIOR,31,C_expr,,PAGE_PATH,gold/fact/FACT_GA_BEHAVIOR.sql
gold,FACT_GA_BEHAVIOR,32,A_same,PAGE_LOCATION,PAGE_LOCATION,gold/fact/FACT_GA_BEHAVIOR.sql
gold,FACT_GA_BEHAVIOR,67,C_expr,,PAGE_LOCATION,gold/fact/FACT_GA_BEHAVIOR.sql
gold,FACT_GA_BEHAVIOR,68,C_expr,,VISITS,gold/fact/FACT_GA_BEHAVIOR.sql
gold,FACT_GA_BEHAVIOR,69,C_expr,,EVENT_CNT,gold/fact/FACT_GA_BEHAVIOR.sql
gold,FACT_GA_BEHAVIOR,70,C_expr,,VIEW_CNT,gold/fact/FACT_GA_BEHAVIOR.sql
gold,FACT_GA_BEHAVIOR,71,C_expr,,SESSION_CNT,gold/fact/FACT_GA_BEHAVIOR.sql
gold,FACT_GA_BEHAVIOR,73,C_expr,,ENGAGED_SESSIONS,gold/fact/FACT_GA_BEHAVIOR.sql
gold,FACT_GA_BEHAVIOR,74,C_expr,,SCROLL_DEPTH,gold/fact/FACT_GA_BEHAVIOR.sql
gold,FACT_GA_BEHAVIOR,75,C_expr,,ACTIVE_USERS,gold/fact/FACT_GA_BEHAVIOR.sql
gold,FACT_GA_BEHAVIOR,76,C_expr,,TOTAL_USERS,gold/fact/FACT_GA_BEHAVIOR.sql
gold,FACT_GA_BEHAVIOR,82,C_expr,,ENGAGEMENT_RATE,gold/fact/FACT_GA_BEHAVIOR.sql
gold,FACT_GA_BEHAVIOR,98,C_expr,,AVG_ENGAGEMENT_TIME_PER_SESSION,gold/fact/FACT_GA_BEHAVIOR.sql
gold,FACT_MEMBER_COHORT,84,C_expr,,ACQ_BASIS,gold/fact/FACT_MEMBER_COHORT.sql
gold,FACT_MEMBER_COHORT,95,C_expr,,rn,gold/fact/FACT_MEMBER_COHORT.sql
gold,FACT_MEMBER_COHORT,112,C_expr,,FIRST_STOP_VALID,gold/fact/FACT_MEMBER_COHORT.sql
gold,FACT_MEMBER_COHORT,113,C_expr,,HAS_INVALID_STOP,gold/fact/FACT_MEMBER_COHORT.sql
gold,FACT_MEMBER_COHORT,123,C_expr,,rn,gold/fact/FACT_MEMBER_COHORT.sql
gold,FACT_MEMBER_COHORT,130,C_expr,,ACQ_CAMPAIGN_SK,gold/fact/FACT_MEMBER_COHORT.sql
gold,FACT_MEMBER_COHORT,131,C_expr,,ACQ_DATE_SK,gold/fact/FACT_MEMBER_COHORT.sql
gold,FACT_MEMBER_COHORT,133,B_renamed,DVLP_DIV_CD,ACQ_DVLP_DIV_CD,gold/fact/FACT_MEMBER_COHORT.sql
gold,FACT_MEMBER_COHORT,134,B_renamed,AGE_AT_EVENT,ACQ_AGE_CD,gold/fact/FACT_MEMBER_COHORT.sql
gold,FACT_MEMBER_COHORT,135,B_renamed,AGE_BAND_AT_EVENT,ACQ_AGE_BAND,gold/fact/FACT_MEMBER_COHORT.sql
gold,FACT_MEMBER_COHORT,136,B_renamed,AREA_CD_AT_EVENT,ACQ_AREA_CD,gold/fact/FACT_MEMBER_COHORT.sql
gold,FACT_MEMBER_COHORT,137,B_renamed,REGION_AT_EVENT,ACQ_REGION,gold/fact/FACT_MEMBER_COHORT.sql
gold,FACT_MEMBER_COHORT,138,B_renamed,SEX_AT_EVENT,ACQ_SEX_CD,gold/fact/FACT_MEMBER_COHORT.sql
gold,FACT_MEMBER_COHORT,139,B_renamed,GENDER_AT_EVENT,ACQ_GENDER,gold/fact/FACT_MEMBER_COHORT.sql
gold,FACT_MEMBER_COHORT,140,B_renamed,SPNSR_AMT,ACQ_SPNSR_AMT,gold/fact/FACT_MEMBER_COHORT.sql
gold,FACT_MEMBER_COHORT,141,C_expr,,ACQ_ORG_SK,gold/fact/FACT_MEMBER_COHORT.sql
gold,FACT_MEMBER_COHORT,142,C_expr,,ACQ_SPONSORSHIP_SK,gold/fact/FACT_MEMBER_COHORT.sql
gold,FACT_MEMBER_COHORT,144,B_renamed,MBER_INFLOW_PATH_CD_AT_EVENT,ACQ_MBER_INFLOW_PATH_CD,gold/fact/FACT_MEMBER_COHORT.sql
gold,FACT_MEMBER_COHORT,145,B_renamed,MBER_INFLOW_PATH_NM_AT_EVENT,ACQ_MBER_INFLOW_PATH_NM,gold/fact/FACT_MEMBER_COHORT.sql
gold,FACT_MEMBER_COHORT,146,B_renamed,CMPGN_CTGR_CD_AT_EVENT,ACQ_CMPGN_CTGR_CD,gold/fact/FACT_MEMBER_COHORT.sql
gold,FACT_MEMBER_COHORT,147,B_renamed,CMPGN_CTGR_NM_AT_EVENT,ACQ_CMPGN_CTGR_NM,gold/fact/FACT_MEMBER_COHORT.sql
gold,FACT_MEMBER_COHORT,148,B_renamed,CMPGN_TYPE1_BSN_AT_EVENT,ACQ_CMPGN_TYPE1_BSN,gold/fact/FACT_MEMBER_COHORT.sql
gold,FACT_MEMBER_COHORT,149,B_renamed,CMPGN_TYPE1_NM_AT_EVENT,ACQ_CMPGN_TYPE1_NM,gold/fact/FACT_MEMBER_COHORT.sql
gold,FACT_MEMBER_COHORT,150,B_renamed,CMPGN_TYPE2_BSN_AT_EVENT,ACQ_CMPGN_TYPE2_BSN,gold/fact/FACT_MEMBER_COHORT.sql
gold,FACT_MEMBER_COHORT,151,B_renamed,CMPGN_TYPE2_NM_AT_EVENT,ACQ_CMPGN_TYPE2_NM,gold/fact/FACT_MEMBER_COHORT.sql
gold,FACT_MEMBER_COHORT,152,B_renamed,MKTG_CMPGN_CD_AT_EVENT,ACQ_MKTG_CMPGN_CD,gold/fact/FACT_MEMBER_COHORT.sql
gold,FACT_MEMBER_COHORT,153,B_renamed,MKTG_CMPGN_NM_AT_EVENT,ACQ_MKTG_CMPGN_NM,gold/fact/FACT_MEMBER_COHORT.sql
gold,FACT_MEMBER_COHORT,154,B_renamed,CMMN_BRND_AT_EVENT,ACQ_CMMN_BRND,gold/fact/FACT_MEMBER_COHORT.sql
gold,FACT_MEMBER_COHORT,155,B_renamed,CMMN_BRND_NM_AT_EVENT,ACQ_CMMN_BRND_NM,gold/fact/FACT_MEMBER_COHORT.sql
gold,FACT_MEMBER_COHORT,156,B_renamed,MKTG_UTM_AT_EVENT,ACQ_MKTG_UTM,gold/fact/FACT_MEMBER_COHORT.sql
gold,FACT_MEMBER_COHORT,157,B_renamed,MKTG_UTM_NM_AT_EVENT,ACQ_MKTG_UTM_NM,gold/fact/FACT_MEMBER_COHORT.sql
gold,FACT_MEMBER_COHORT,158,B_renamed,SPNSR_DIV_CD_AT_EVENT,ACQ_SPNSR_DIV_CD,gold/fact/FACT_MEMBER_COHORT.sql
gold,FACT_MEMBER_COHORT,159,B_renamed,SPNSR_DIV_NM_AT_EVENT,ACQ_SPNSR_DIV_NM,gold/fact/FACT_MEMBER_COHORT.sql
gold,FACT_MEMBER_COHORT,160,B_renamed,CPR_DIV_CD_AT_EVENT,ACQ_CPR_DIV_CD,gold/fact/FACT_MEMBER_COHORT.sql
gold,FACT_MEMBER_COHORT,161,B_renamed,CPR_DIV_NM_AT_EVENT,ACQ_CPR_DIV_NM,gold/fact/FACT_MEMBER_COHORT.sql
gold,FACT_MEMBER_COHORT,162,B_renamed,BRAND_AT_EVENT,ACQ_BRAND,gold/fact/FACT_MEMBER_COHORT.sql
gold,FACT_MEMBER_COHORT,163,B_renamed,PARENT_CAMPAIGN_NAME_AT_EVENT,ACQ_PARENT_CAMPAIGN_NAME,gold/fact/FACT_MEMBER_COHORT.sql
gold,FACT_MEMBER_COHORT,164,B_renamed,PROMO_METHOD_NAME_AT_EVENT,ACQ_PROMO_METHOD_NAME,gold/fact/FACT_MEMBER_COHORT.sql
gold,FACT_MEMBER_COHORT,168,C_expr,,FIRST_STOP_DATE_SK,gold/fact/FACT_MEMBER_COHORT.sql
gold,FACT_MEMBER_COHORT,169,B_renamed,STOP_REASON_NM,FIRST_STOP_REASON_NM,gold/fact/FACT_MEMBER_COHORT.sql
gold,FACT_MEMBER_COHORT,170,C_expr,,ACQ_DATE,gold/fact/FACT_MEMBER_COHORT.sql
gold,FACT_MEMBER_COHORT,171,C_expr,,FIRST_STOP_DATE,gold/fact/FACT_MEMBER_COHORT.sql
gold,FACT_MEMBER_COHORT,204,C_expr,,TENURE_DAYS,gold/fact/FACT_MEMBER_COHORT.sql
gold,FACT_MEMBER_COHORT,209,C_expr,,IS_12M_OBSERVABLE,gold/fact/FACT_MEMBER_COHORT.sql
gold,FACT_MEMBER_COHORT,210,C_expr,,ACQ_MEMBERS,gold/fact/FACT_MEMBER_COHORT.sql
gold,FACT_MEMBER_COHORT,211,C_expr,,STOPPED_MEMBERS,gold/fact/FACT_MEMBER_COHORT.sql
gold,FACT_MEMBER_COHORT,218,C_expr,,STOPPED_12M_MEMBERS,gold/fact/FACT_MEMBER_COHORT.sql
gold,FACT_MEMBER_COHORT,222,C_expr,,OBSERVABLE_12M_MEMBERS,gold/fact/FACT_MEMBER_COHORT.sql
gold,FACT_MEMBER_EVENT,184,B_renamed,MBER_NO,MEMBER_DK,gold/fact/FACT_MEMBER_EVENT.sql
gold,FACT_MEMBER_EVENT,185,C_expr,,EVENT_TYPE,gold/fact/FACT_MEMBER_EVENT.sql
gold,FACT_MEMBER_EVENT,192,D_literal,end,CAMPAIGN_SK,gold/fact/FACT_MEMBER_EVENT.sql
gold,FACT_MEMBER_EVENT,199,C_expr,,SPONSORSHIP_SK,gold/fact/FACT_MEMBER_EVENT.sql
gold,FACT_MEMBER_EVENT,202,C_expr,,ORG_SK,gold/fact/FACT_MEMBER_EVENT.sql
gold,FACT_MEMBER_EVENT,203,C_expr,,REASON_SK,gold/fact/FACT_MEMBER_EVENT.sql
gold,FACT_MEMBER_EVENT,205,A_same,DVLP_DIV_CD,DVLP_DIV_CD,gold/fact/FACT_MEMBER_EVENT.sql
gold,FACT_MEMBER_EVENT,206,A_same,DVLP_DIV_NM,DVLP_DIV_NM,gold/fact/FACT_MEMBER_EVENT.sql
gold,FACT_MEMBER_EVENT,207,A_same,SPNSR_AMT,SPNSR_AMT,gold/fact/FACT_MEMBER_EVENT.sql
gold,FACT_MEMBER_EVENT,209,C_expr,,DEV_CNT,gold/fact/FACT_MEMBER_EVENT.sql
gold,FACT_MEMBER_EVENT,210,C_expr,,DEV_MEMBERS,gold/fact/FACT_MEMBER_EVENT.sql
gold,FACT_MEMBER_EVENT,211,C_expr,,UNPAID_STOP_MEMBERS,gold/fact/FACT_MEMBER_EVENT.sql
gold,FACT_MEMBER_EVENT,212,C_expr,,JOIN_DATE,gold/fact/FACT_MEMBER_EVENT.sql
gold,FACT_MEMBER_EVENT,213,C_expr,,STOP_DATE,gold/fact/FACT_MEMBER_EVENT.sql
gold,FACT_MEMBER_EVENT,214,C_expr,,STOP_REASON,gold/fact/FACT_MEMBER_EVENT.sql
gold,FACT_MEMBER_EVENT,215,C_expr,,STOP_CHANNEL,gold/fact/FACT_MEMBER_EVENT.sql
gold,FACT_MEMBER_EVENT,217,C_expr,,STOP_REASON_NM,gold/fact/FACT_MEMBER_EVENT.sql
gold,FACT_MEMBER_EVENT,218,C_expr,,STOP_CHANNEL_NM,gold/fact/FACT_MEMBER_EVENT.sql
gold,FACT_MEMBER_EVENT,219,C_expr,,NEW_EXISTING_FLAG,gold/fact/FACT_MEMBER_EVENT.sql
gold,FACT_MEMBER_EVENT,221,B_renamed,AGE,AGE_AT_EVENT,gold/fact/FACT_MEMBER_EVENT.sql
gold,FACT_MEMBER_EVENT,222,E_label_join,DTL_CD_NM,AGE_BAND_AT_EVENT,gold/fact/FACT_MEMBER_EVENT.sql
gold,FACT_MEMBER_EVENT,223,B_renamed,AREA_CD,AREA_CD_AT_EVENT,gold/fact/FACT_MEMBER_EVENT.sql
gold,FACT_MEMBER_EVENT,224,B_renamed,AREA_NM,REGION_AT_EVENT,gold/fact/FACT_MEMBER_EVENT.sql
gold,FACT_MEMBER_EVENT,226,B_renamed,SEX,SEX_AT_EVENT,gold/fact/FACT_MEMBER_EVENT.sql
gold,FACT_MEMBER_EVENT,227,E_label_join,DTL_CD_NM,GENDER_AT_EVENT,gold/fact/FACT_MEMBER_EVENT.sql
gold,FACT_MEMBER_EVENT,230,C_expr,,CAMPAIGN_STOP_CNT,gold/fact/FACT_MEMBER_EVENT.sql
gold,FACT_MEMBER_EVENT,234,B_renamed,MBER_INFLOW_PATH_CD,MBER_INFLOW_PATH_CD_AT_EVENT,gold/fact/FACT_MEMBER_EVENT.sql
gold,FACT_MEMBER_EVENT,235,B_renamed,MBER_INFLOW_PATH_NM,MBER_INFLOW_PATH_NM_AT_EVENT,gold/fact/FACT_MEMBER_EVENT.sql
gold,FACT_MEMBER_EVENT,236,B_renamed,CMPGN_CTGR_CD,CMPGN_CTGR_CD_AT_EVENT,gold/fact/FACT_MEMBER_EVENT.sql
gold,FACT_MEMBER_EVENT,237,B_renamed,CMPGN_CTGR_NM,CMPGN_CTGR_NM_AT_EVENT,gold/fact/FACT_MEMBER_EVENT.sql
gold,FACT_MEMBER_EVENT,238,B_renamed,CMPGN_TYPE1_BSN,CMPGN_TYPE1_BSN_AT_EVENT,gold/fact/FACT_MEMBER_EVENT.sql
gold,FACT_MEMBER_EVENT,239,B_renamed,CMPGN_TYPE1_NM,CMPGN_TYPE1_NM_AT_EVENT,gold/fact/FACT_MEMBER_EVENT.sql
gold,FACT_MEMBER_EVENT,240,B_renamed,CMPGN_TYPE2_BSN,CMPGN_TYPE2_BSN_AT_EVENT,gold/fact/FACT_MEMBER_EVENT.sql
gold,FACT_MEMBER_EVENT,241,B_renamed,CMPGN_TYPE2_NM,CMPGN_TYPE2_NM_AT_EVENT,gold/fact/FACT_MEMBER_EVENT.sql
gold,FACT_MEMBER_EVENT,242,B_renamed,MKTG_CMPGN_NM,MKTG_CMPGN_CD_AT_EVENT,gold/fact/FACT_MEMBER_EVENT.sql
gold,FACT_MEMBER_EVENT,243,B_renamed,MK_CMPGN_NM,MKTG_CMPGN_NM_AT_EVENT,gold/fact/FACT_MEMBER_EVENT.sql
gold,FACT_MEMBER_EVENT,244,B_renamed,CMMN_BRND,CMMN_BRND_AT_EVENT,gold/fact/FACT_MEMBER_EVENT.sql
gold,FACT_MEMBER_EVENT,245,B_renamed,CMMN_BRND_NM,CMMN_BRND_NM_AT_EVENT,gold/fact/FACT_MEMBER_EVENT.sql
gold,FACT_MEMBER_EVENT,246,B_renamed,MKTG_UTM,MKTG_UTM_AT_EVENT,gold/fact/FACT_MEMBER_EVENT.sql
gold,FACT_MEMBER_EVENT,247,B_renamed,MKTG_UTM_NM,MKTG_UTM_NM_AT_EVENT,gold/fact/FACT_MEMBER_EVENT.sql
gold,FACT_MEMBER_EVENT,248,B_renamed,SPNSR_DIV_CD,SPNSR_DIV_CD_AT_EVENT,gold/fact/FACT_MEMBER_EVENT.sql
gold,FACT_MEMBER_EVENT,249,B_renamed,SPNSR_DIV_NM,SPNSR_DIV_NM_AT_EVENT,gold/fact/FACT_MEMBER_EVENT.sql
gold,FACT_MEMBER_EVENT,250,B_renamed,CPR_DIV_CD,CPR_DIV_CD_AT_EVENT,gold/fact/FACT_MEMBER_EVENT.sql
gold,FACT_MEMBER_EVENT,251,B_renamed,CPR_DIV_NM,CPR_DIV_NM_AT_EVENT,gold/fact/FACT_MEMBER_EVENT.sql
gold,FACT_MEMBER_EVENT,253,B_renamed,BRND_NM,BRAND_AT_EVENT,gold/fact/FACT_MEMBER_EVENT.sql
gold,FACT_MEMBER_EVENT,254,B_renamed,PARENT_CAMPAIGN_NAME,PARENT_CAMPAIGN_NAME_AT_EVENT,gold/fact/FACT_MEMBER_EVENT.sql
gold,FACT_MEMBER_EVENT,255,B_renamed,PROMO_METHOD_NAME,PROMO_METHOD_NAME_AT_EVENT,gold/fact/FACT_MEMBER_EVENT.sql
gold,FACT_MEMBER_EVENT,269,B_renamed,MBER_NO,MEMBER_DK,gold/fact/FACT_MEMBER_EVENT.sql
gold,FACT_MEMBER_EVENT,270,C_expr,,EVENT_TYPE,gold/fact/FACT_MEMBER_EVENT.sql
gold,FACT_MEMBER_EVENT,271,C_expr,,SPONSORSHIP_SK,gold/fact/FACT_MEMBER_EVENT.sql
gold,FACT_MEMBER_EVENT,276,C_expr,,ORG_SK,gold/fact/FACT_MEMBER_EVENT.sql
gold,FACT_MEMBER_EVENT,285,D_literal,end,REASON_SK,gold/fact/FACT_MEMBER_EVENT.sql
gold,FACT_MEMBER_EVENT,289,C_expr,,DVLP_DIV_CD,gold/fact/FACT_MEMBER_EVENT.sql
gold,FACT_MEMBER_EVENT,290,C_expr,,DVLP_DIV_NM,gold/fact/FACT_MEMBER_EVENT.sql
gold,FACT_MEMBER_EVENT,291,C_expr,,SPNSR_AMT,gold/fact/FACT_MEMBER_EVENT.sql
gold,FACT_MEMBER_EVENT,292,C_expr,,DEV_MEMBERS,gold/fact/FACT_MEMBER_EVENT.sql
gold,FACT_MEMBER_EVENT,293,C_expr,,UNPAID_STOP_MEMBERS,gold/fact/FACT_MEMBER_EVENT.sql
gold,FACT_MEMBER_EVENT,294,C_expr,,JOIN_DATE,gold/fact/FACT_MEMBER_EVENT.sql
gold,FACT_MEMBER_EVENT,295,C_expr,,STOP_DATE,gold/fact/FACT_MEMBER_EVENT.sql
gold,FACT_MEMBER_EVENT,296,B_renamed,DSCNTC_RSN_CD,STOP_REASON,gold/fact/FACT_MEMBER_EVENT.sql
gold,FACT_MEMBER_EVENT,297,B_renamed,DSCNTC_PATH,STOP_CHANNEL,gold/fact/FACT_MEMBER_EVENT.sql
gold,FACT_MEMBER_EVENT,300,B_renamed,DSCNTC_RSN_NM,STOP_REASON_NM,gold/fact/FACT_MEMBER_EVENT.sql
gold,FACT_MEMBER_EVENT,301,B_renamed,DSCNTC_PATH_NM,STOP_CHANNEL_NM,gold/fact/FACT_MEMBER_EVENT.sql
gold,FACT_MEMBER_EVENT,302,C_expr,,NEW_EXISTING_FLAG,gold/fact/FACT_MEMBER_EVENT.sql
gold,FACT_MEMBER_EVENT,305,C_expr,,AGE_AT_EVENT,gold/fact/FACT_MEMBER_EVENT.sql
gold,FACT_MEMBER_EVENT,306,C_expr,,AGE_BAND_AT_EVENT,gold/fact/FACT_MEMBER_EVENT.sql
gold,FACT_MEMBER_EVENT,307,C_expr,,AREA_CD_AT_EVENT,gold/fact/FACT_MEMBER_EVENT.sql
gold,FACT_MEMBER_EVENT,308,C_expr,,REGION_AT_EVENT,gold/fact/FACT_MEMBER_EVENT.sql
gold,FACT_MEMBER_EVENT,311,C_expr,,SEX_AT_EVENT,gold/fact/FACT_MEMBER_EVENT.sql
gold,FACT_MEMBER_EVENT,312,C_expr,,GENDER_AT_EVENT,gold/fact/FACT_MEMBER_EVENT.sql
gold,FACT_MEMBER_EVENT,313,C_expr,,CAMPAIGN_STOP_CNT,gold/fact/FACT_MEMBER_EVENT.sql
gold,FACT_MEMBER_EVENT,316,C_expr,,MBER_INFLOW_PATH_CD_AT_EVENT,gold/fact/FACT_MEMBER_EVENT.sql
gold,FACT_MEMBER_EVENT,317,C_expr,,MBER_INFLOW_PATH_NM_AT_EVENT,gold/fact/FACT_MEMBER_EVENT.sql
gold,FACT_MEMBER_EVENT,318,C_expr,,CMPGN_CTGR_CD_AT_EVENT,gold/fact/FACT_MEMBER_EVENT.sql
gold,FACT_MEMBER_EVENT,319,C_expr,,CMPGN_CTGR_NM_AT_EVENT,gold/fact/FACT_MEMBER_EVENT.sql
gold,FACT_MEMBER_EVENT,320,C_expr,,CMPGN_TYPE1_BSN_AT_EVENT,gold/fact/FACT_MEMBER_EVENT.sql
gold,FACT_MEMBER_EVENT,321,C_expr,,CMPGN_TYPE1_NM_AT_EVENT,gold/fact/FACT_MEMBER_EVENT.sql
gold,FACT_MEMBER_EVENT,322,C_expr,,CMPGN_TYPE2_BSN_AT_EVENT,gold/fact/FACT_MEMBER_EVENT.sql
gold,FACT_MEMBER_EVENT,323,C_expr,,CMPGN_TYPE2_NM_AT_EVENT,gold/fact/FACT_MEMBER_EVENT.sql
gold,FACT_MEMBER_EVENT,324,C_expr,,MKTG_CMPGN_CD_AT_EVENT,gold/fact/FACT_MEMBER_EVENT.sql
gold,FACT_MEMBER_EVENT,325,C_expr,,MKTG_CMPGN_NM_AT_EVENT,gold/fact/FACT_MEMBER_EVENT.sql
gold,FACT_MEMBER_EVENT,326,C_expr,,CMMN_BRND_AT_EVENT,gold/fact/FACT_MEMBER_EVENT.sql
gold,FACT_MEMBER_EVENT,327,C_expr,,CMMN_BRND_NM_AT_EVENT,gold/fact/FACT_MEMBER_EVENT.sql
gold,FACT_MEMBER_EVENT,328,C_expr,,MKTG_UTM_AT_EVENT,gold/fact/FACT_MEMBER_EVENT.sql
gold,FACT_MEMBER_EVENT,329,C_expr,,MKTG_UTM_NM_AT_EVENT,gold/fact/FACT_MEMBER_EVENT.sql
gold,FACT_MEMBER_EVENT,330,C_expr,,SPNSR_DIV_CD_AT_EVENT,gold/fact/FACT_MEMBER_EVENT.sql
gold,FACT_MEMBER_EVENT,331,C_expr,,SPNSR_DIV_NM_AT_EVENT,gold/fact/FACT_MEMBER_EVENT.sql
gold,FACT_MEMBER_EVENT,332,C_expr,,CPR_DIV_CD_AT_EVENT,gold/fact/FACT_MEMBER_EVENT.sql
gold,FACT_MEMBER_EVENT,333,C_expr,,CPR_DIV_NM_AT_EVENT,gold/fact/FACT_MEMBER_EVENT.sql
gold,FACT_MEMBER_EVENT,335,C_expr,,BRAND_AT_EVENT,gold/fact/FACT_MEMBER_EVENT.sql
gold,FACT_MEMBER_EVENT,336,C_expr,,PARENT_CAMPAIGN_NAME_AT_EVENT,gold/fact/FACT_MEMBER_EVENT.sql
gold,FACT_MEMBER_EVENT,337,C_expr,,PROMO_METHOD_NAME_AT_EVENT,gold/fact/FACT_MEMBER_EVENT.sql
gold,FACT_MEMBER_FEE,68,B_renamed,MBER_NO,MEMBER_DK,gold/fact/FACT_MEMBER_FEE.sql
gold,FACT_MEMBER_FEE,69,C_expr,,SPONSORSHIP_SK,gold/fact/FACT_MEMBER_FEE.sql
gold,FACT_MEMBER_FEE,70,C_expr,,PAYMENT_SK,gold/fact/FACT_MEMBER_FEE.sql
gold,FACT_MEMBER_FEE,71,B_renamed,MBRFEE_DIV_CD,FEE_DIV_CD,gold/fact/FACT_MEMBER_FEE.sql
gold,FACT_MEMBER_FEE,72,A_same,PAYMENT_TYPE,PAYMENT_TYPE,gold/fact/FACT_MEMBER_FEE.sql
gold,FACT_MEMBER_FEE,96,C_expr,,BILLED_AMT,gold/fact/FACT_MEMBER_FEE.sql
gold,FACT_MEMBER_FEE,97,C_expr,,PAID_FEE,gold/fact/FACT_MEMBER_FEE.sql
gold,FACT_MEMBER_FEE,98,C_expr,,PAID_FEE_BILLABLE,gold/fact/FACT_MEMBER_FEE.sql
gold,FACT_MEMBER_FEE,101,C_expr,,UNPAID_BILLED_AMT,gold/fact/FACT_MEMBER_FEE.sql
gold,FACT_MEMBER_FEE,102,C_expr,,BILLING_ROWS,gold/fact/FACT_MEMBER_FEE.sql
gold,FACT_MEMBER_FEE,103,C_expr,,UNPAID_FLAG,gold/fact/FACT_MEMBER_FEE.sql
gold,FACT_MEMBER_FEE,106,C_expr,,LAST_PAY_DATE_SK,gold/fact/FACT_MEMBER_FEE.sql
gold,FACT_MEMBER_FEE,107,C_expr,,LAST_BILL_DATE_SK,gold/fact/FACT_MEMBER_FEE.sql
gold,FACT_MEMBER_FEE,116,E_label_join,DTL_CD_NM,FEE_DIV_NAME,gold/fact/FACT_MEMBER_FEE.sql
gold,FACT_MEMBER_MONTHLY,53,B_renamed,MBER_NO,MEMBER_DK,gold/fact/FACT_MEMBER_MONTHLY.sql
gold,FACT_MEMBER_MONTHLY,54,C_expr,,PAID_FEE,gold/fact/FACT_MEMBER_MONTHLY.sql
gold,FACT_MEMBER_MONTHLY,55,C_expr,,BILLED_AMT,gold/fact/FACT_MEMBER_MONTHLY.sql
gold,FACT_MEMBER_MONTHLY,79,C_expr,,REGULAR_FEE,gold/fact/FACT_MEMBER_MONTHLY.sql
gold,FACT_MEMBER_MONTHLY,81,C_expr,,REGULAR_ONETIME_FEE,gold/fact/FACT_MEMBER_MONTHLY.sql
gold,FACT_MEMBER_MONTHLY,83,C_expr,,ONETIME_ONETIME_FEE,gold/fact/FACT_MEMBER_MONTHLY.sql
gold,FACT_MEMBER_MONTHLY,96,C_expr,,PAID_FEE_BILLABLE,gold/fact/FACT_MEMBER_MONTHLY.sql
gold,FACT_MEMBER_MONTHLY,102,C_expr,,UNPAID_BILLED_AMT,gold/fact/FACT_MEMBER_MONTHLY.sql
gold,FACT_MEMBER_MONTHLY,104,C_expr,,UNPAID_FLAG_EOM,gold/fact/FACT_MEMBER_MONTHLY.sql
gold,FACT_MEMBER_MONTHLY,116,C_expr,,REASON_SK,gold/fact/FACT_MEMBER_MONTHLY.sql
gold,FACT_MEMBER_MONTHLY,119,C_expr,,MONTH_KEY,gold/fact/FACT_MEMBER_MONTHLY.sql
gold,FACT_MEMBER_MONTHLY,120,B_renamed,MBER_NO,MEMBER_DK,gold/fact/FACT_MEMBER_MONTHLY.sql
gold,FACT_MEMBER_MONTHLY,127,D_literal,END,CODE_GROUP,gold/fact/FACT_MEMBER_MONTHLY.sql
gold,FACT_MEMBER_MONTHLY,134,C_expr,,rn,gold/fact/FACT_MEMBER_MONTHLY.sql
gold,FACT_MEMBER_MONTHLY,150,C_expr,,MONTH_KEY,gold/fact/FACT_MEMBER_MONTHLY.sql
gold,FACT_MEMBER_MONTHLY,151,B_renamed,MBER_NO,MEMBER_DK,gold/fact/FACT_MEMBER_MONTHLY.sql
gold,FACT_MEMBER_MONTHLY,152,C_expr,,PAID_SPONSOR_BIZ_CNT,gold/fact/FACT_MEMBER_MONTHLY.sql
gold,FACT_MEMBER_MONTHLY,177,C_expr,,SPONSORSHIP_SK,gold/fact/FACT_MEMBER_MONTHLY.sql
gold,FACT_MEMBER_MONTHLY,180,C_expr,,MONTH_KEY,gold/fact/FACT_MEMBER_MONTHLY.sql
gold,FACT_MEMBER_MONTHLY,181,B_renamed,MBER_NO,MEMBER_DK,gold/fact/FACT_MEMBER_MONTHLY.sql
gold,FACT_MEMBER_MONTHLY,182,C_expr,,SPONSOR_BIZ_CNT,gold/fact/FACT_MEMBER_MONTHLY.sql
gold,FACT_MEMBER_MONTHLY,183,C_expr,,SOLE_SPNSR_BSNS_ID,gold/fact/FACT_MEMBER_MONTHLY.sql
gold,FACT_MEMBER_MONTHLY,197,C_expr,,MONTH_KEY,gold/fact/FACT_MEMBER_MONTHLY.sql
gold,FACT_MEMBER_MONTHLY,198,B_renamed,MBER_NO,MEMBER_DK,gold/fact/FACT_MEMBER_MONTHLY.sql
gold,FACT_MEMBER_MONTHLY,199,C_expr,,INC_CNT,gold/fact/FACT_MEMBER_MONTHLY.sql
gold,FACT_MEMBER_MONTHLY,200,C_expr,,DEC_CNT,gold/fact/FACT_MEMBER_MONTHLY.sql
gold,FACT_MEMBER_MONTHLY,214,C_expr,,STOP_MEMBERS,gold/fact/FACT_MEMBER_MONTHLY.sql
gold,FACT_MEMBER_MONTHLY,252,C_expr,,ACTIVE_BIZ_CNT,gold/fact/FACT_MEMBER_MONTHLY.sql
gold,FACT_MEMBER_MONTHLY,254,C_expr,,ACTIVE_BIZ_AMT,gold/fact/FACT_MEMBER_MONTHLY.sql
gold,FACT_MEMBER_MONTHLY,259,C_expr,,PREV_BIZ_AMT,gold/fact/FACT_MEMBER_MONTHLY.sql
gold,FACT_MEMBER_MONTHLY,264,C_expr,,YEAR_START_BIZ_AMT,gold/fact/FACT_MEMBER_MONTHLY.sql
gold,FACT_MEMBER_MONTHLY,268,C_expr,,YEAR_END_BIZ_AMT,gold/fact/FACT_MEMBER_MONTHLY.sql
gold,FACT_MEMBER_MONTHLY,285,C_expr,,AMT_INCREASE_CUM_CNT,gold/fact/FACT_MEMBER_MONTHLY.sql
gold,FACT_MEMBER_MONTHLY,287,C_expr,,AMT_DECREASE_CUM_CNT,gold/fact/FACT_MEMBER_MONTHLY.sql
gold,FACT_MEMBER_MONTHLY,300,C_expr,,CAMPAIGN_SK,gold/fact/FACT_MEMBER_MONTHLY.sql
gold,FACT_MEMBER_MONTHLY,302,C_expr,,SPONSORSHIP_SK,gold/fact/FACT_MEMBER_MONTHLY.sql
gold,FACT_MEMBER_MONTHLY,303,C_expr,,PAYMENT_SK,gold/fact/FACT_MEMBER_MONTHLY.sql
gold,FACT_MEMBER_MONTHLY,305,C_expr,,DEV_CNT,gold/fact/FACT_MEMBER_MONTHLY.sql
gold,FACT_MEMBER_MONTHLY,306,C_expr,,DEV_MEMBERS,gold/fact/FACT_MEMBER_MONTHLY.sql
gold,FACT_MEMBER_MONTHLY,307,C_expr,,STOP_CNT,gold/fact/FACT_MEMBER_MONTHLY.sql
gold,FACT_MEMBER_MONTHLY,308,C_expr,,UNPAID_CNT,gold/fact/FACT_MEMBER_MONTHLY.sql
gold,FACT_MEMBER_MONTHLY,318,C_expr,,ACTIVE_CUM_CNT,gold/fact/FACT_MEMBER_MONTHLY.sql
gold,FACT_MEMBER_MONTHLY,319,C_expr,,ACTIVE_CUM_MEMBERS,gold/fact/FACT_MEMBER_MONTHLY.sql
gold,FACT_MEMBER_MONTHLY,320,C_expr,,CHURN_CNT,gold/fact/FACT_MEMBER_MONTHLY.sql
gold,FACT_MEMBER_MONTHLY,325,C_expr,,MONTH_END_ACTIVE_CNT,gold/fact/FACT_MEMBER_MONTHLY.sql
gold,FACT_MEMBER_MONTHLY,327,C_expr,,STATUS_UNPAID_CNT,gold/fact/FACT_MEMBER_MONTHLY.sql
gold,FACT_MEMBER_MONTHLY,338,C_expr,,DEV_TYPE,gold/fact/FACT_MEMBER_MONTHLY.sql
gold,FACT_MEMBER_MONTHLY,339,C_expr,,REDONATE_FLAG,gold/fact/FACT_MEMBER_MONTHLY.sql
gold,FACT_MEMBER_MONTHLY,340,C_expr,,STOP_DATE,gold/fact/FACT_MEMBER_MONTHLY.sql
gold,FACT_MEMBER_MONTHLY,341,C_expr,,AMOUNT_BAND2,gold/fact/FACT_MEMBER_MONTHLY.sql
gold,FACT_MEMBER_MONTHLY,342,C_expr,,PERIOD_BAND2,gold/fact/FACT_MEMBER_MONTHLY.sql
gold,FACT_MEMBER_MONTHLY,343,C_expr,,PAID_MONTHS,gold/fact/FACT_MEMBER_MONTHLY.sql
gold,FACT_MEMBER_MONTHLY,344,C_expr,,NEW_EXISTING_FLAG,gold/fact/FACT_MEMBER_MONTHLY.sql
gold,FACT_MEMBER_MONTHLY,347,C_expr,,AMT_INCREASE_CUM_CNT,gold/fact/FACT_MEMBER_MONTHLY.sql
gold,FACT_MEMBER_MONTHLY,348,C_expr,,AMT_DECREASE_CUM_CNT,gold/fact/FACT_MEMBER_MONTHLY.sql
gold,FACT_MEMBER_MONTHLY,350,C_expr,,PAID_SPONSOR_BIZ_CNT,gold/fact/FACT_MEMBER_MONTHLY.sql
gold,FACT_MEMBER_MONTHLY,351,C_expr,,IS_MULTI_PAID_BIZ,gold/fact/FACT_MEMBER_MONTHLY.sql
gold,FACT_MEMBER_MONTHLY,356,C_expr,,IS_MULTI_SPONSORSHIP,gold/fact/FACT_MEMBER_MONTHLY.sql
gold,FACT_MEMBER_MONTHLY,358,C_expr,,HAS_BILLING,gold/fact/FACT_MEMBER_MONTHLY.sql
gold,FACT_MEMBER_MONTHLY,374,C_expr,,UNPAID_FLAG_BOM,gold/fact/FACT_MEMBER_MONTHLY.sql
gold,FACT_MEMBER_SPONSOR_BIZ,67,C_expr,,rn,gold/fact/FACT_MEMBER_SPONSOR_BIZ.sql
gold,FACT_MEMBER_SPONSOR_BIZ,89,C_expr,,DISTINCT_CAMPAIGNS,gold/fact/FACT_MEMBER_SPONSOR_BIZ.sql
gold,FACT_MEMBER_SPONSOR_BIZ,95,B_renamed,MBER_NO,MEMBER_DK,gold/fact/FACT_MEMBER_SPONSOR_BIZ.sql
gold,FACT_MEMBER_SPONSOR_BIZ,98,C_expr,,SPONSORSHIP_SK,gold/fact/FACT_MEMBER_SPONSOR_BIZ.sql
gold,FACT_MEMBER_SPONSOR_BIZ,99,C_expr,,CAMPAIGN_SK,gold/fact/FACT_MEMBER_SPONSOR_BIZ.sql
gold,FACT_MEMBER_SPONSOR_BIZ,100,C_expr,,IS_MULTI_CAMPAIGN,gold/fact/FACT_MEMBER_SPONSOR_BIZ.sql
gold,FACT_MEMBER_SPONSOR_BIZ,105,B_renamed,MBER_INFLOW_PATH_CD,ACQ_MBER_INFLOW_PATH_CD,gold/fact/FACT_MEMBER_SPONSOR_BIZ.sql
gold,FACT_MEMBER_SPONSOR_BIZ,106,B_renamed,MBER_INFLOW_PATH_NM,ACQ_MBER_INFLOW_PATH_NM,gold/fact/FACT_MEMBER_SPONSOR_BIZ.sql
gold,FACT_MEMBER_SPONSOR_BIZ,107,B_renamed,CMPGN_CTGR_CD,ACQ_CMPGN_CTGR_CD,gold/fact/FACT_MEMBER_SPONSOR_BIZ.sql
gold,FACT_MEMBER_SPONSOR_BIZ,108,B_renamed,CMPGN_CTGR_NM,ACQ_CMPGN_CTGR_NM,gold/fact/FACT_MEMBER_SPONSOR_BIZ.sql
gold,FACT_MEMBER_SPONSOR_BIZ,109,B_renamed,CMPGN_TYPE1_BSN,ACQ_CMPGN_TYPE1_BSN,gold/fact/FACT_MEMBER_SPONSOR_BIZ.sql
gold,FACT_MEMBER_SPONSOR_BIZ,110,B_renamed,CMPGN_TYPE1_NM,ACQ_CMPGN_TYPE1_NM,gold/fact/FACT_MEMBER_SPONSOR_BIZ.sql
gold,FACT_MEMBER_SPONSOR_BIZ,111,B_renamed,CMPGN_TYPE2_BSN,ACQ_CMPGN_TYPE2_BSN,gold/fact/FACT_MEMBER_SPONSOR_BIZ.sql
gold,FACT_MEMBER_SPONSOR_BIZ,112,B_renamed,CMPGN_TYPE2_NM,ACQ_CMPGN_TYPE2_NM,gold/fact/FACT_MEMBER_SPONSOR_BIZ.sql
gold,FACT_MEMBER_SPONSOR_BIZ,113,B_renamed,MKTG_CMPGN_NM,ACQ_MKTG_CMPGN_CD,gold/fact/FACT_MEMBER_SPONSOR_BIZ.sql
gold,FACT_MEMBER_SPONSOR_BIZ,114,B_renamed,MK_CMPGN_NM,ACQ_MKTG_CMPGN_NM,gold/fact/FACT_MEMBER_SPONSOR_BIZ.sql
gold,FACT_MEMBER_SPONSOR_BIZ,115,B_renamed,CMMN_BRND,ACQ_CMMN_BRND,gold/fact/FACT_MEMBER_SPONSOR_BIZ.sql
gold,FACT_MEMBER_SPONSOR_BIZ,116,B_renamed,CMMN_BRND_NM,ACQ_CMMN_BRND_NM,gold/fact/FACT_MEMBER_SPONSOR_BIZ.sql
gold,FACT_MEMBER_SPONSOR_BIZ,117,B_renamed,MKTG_UTM,ACQ_MKTG_UTM,gold/fact/FACT_MEMBER_SPONSOR_BIZ.sql
gold,FACT_MEMBER_SPONSOR_BIZ,118,B_renamed,MKTG_UTM_NM,ACQ_MKTG_UTM_NM,gold/fact/FACT_MEMBER_SPONSOR_BIZ.sql
gold,FACT_MEMBER_SPONSOR_BIZ,119,B_renamed,SPNSR_DIV_CD,ACQ_SPNSR_DIV_CD,gold/fact/FACT_MEMBER_SPONSOR_BIZ.sql
gold,FACT_MEMBER_SPONSOR_BIZ,120,B_renamed,SPNSR_DIV_NM,ACQ_SPNSR_DIV_NM,gold/fact/FACT_MEMBER_SPONSOR_BIZ.sql
gold,FACT_MEMBER_SPONSOR_BIZ,121,B_renamed,CPR_DIV_CD,ACQ_CPR_DIV_CD,gold/fact/FACT_MEMBER_SPONSOR_BIZ.sql
gold,FACT_MEMBER_SPONSOR_BIZ,122,B_renamed,CPR_DIV_NM,ACQ_CPR_DIV_NM,gold/fact/FACT_MEMBER_SPONSOR_BIZ.sql
gold,FACT_MEMBER_SPONSOR_BIZ,123,B_renamed,BRND_NM,ACQ_BRAND,gold/fact/FACT_MEMBER_SPONSOR_BIZ.sql
gold,FACT_MEMBER_SPONSOR_BIZ,124,B_renamed,PARENT_CAMPAIGN_NAME,ACQ_PARENT_CAMPAIGN_NAME,gold/fact/FACT_MEMBER_SPONSOR_BIZ.sql
gold,FACT_MEMBER_SPONSOR_BIZ,125,B_renamed,PROMO_METHOD_NAME,ACQ_PROMO_METHOD_NAME,gold/fact/FACT_MEMBER_SPONSOR_BIZ.sql
gold,FACT_SERVICE_EVENT,26,C_expr,,OPEN_TRACK_FROM,gold/fact/FACT_SERVICE_EVENT.sql
gold,FACT_SERVICE_EVENT,33,B_renamed,MBER_NO,MEMBER_DK,gold/fact/FACT_SERVICE_EVENT.sql
gold,FACT_SERVICE_EVENT,36,C_expr,,SERVICE_SK,gold/fact/FACT_SERVICE_EVENT.sql
gold,FACT_SERVICE_EVENT,38,C_expr,,SEND_MEMBERS,gold/fact/FACT_SERVICE_EVENT.sql
gold,FACT_SERVICE_EVENT,71,D_literal,END,SUCCESS_MEMBERS,gold/fact/FACT_SERVICE_EVENT.sql
gold,FACT_SERVICE_EVENT,77,D_literal,END,FAIL_MEMBERS,gold/fact/FACT_SERVICE_EVENT.sql
gold,FACT_SERVICE_EVENT,97,D_literal,END,OPEN_MEMBERS,gold/fact/FACT_SERVICE_EVENT.sql
gold,FACT_SERVICE_EVENT,98,C_expr,,GIFT_PART_AMT,gold/fact/FACT_SERVICE_EVENT.sql
gold,FACT_SERVICE_EVENT,99,C_expr,,D5_GIFT_PART_CNT,gold/fact/FACT_SERVICE_EVENT.sql
gold,FACT_SERVICE_EVENT,100,C_expr,,D5_STOP_CNT,gold/fact/FACT_SERVICE_EVENT.sql
gold,FACT_SERVICE_EVENT,101,C_expr,,SERVICE_CNT,gold/fact/FACT_SERVICE_EVENT.sql
gold,FACT_SERVICE_EVENT,103,B_renamed,SNDNG_RST_CD,SEND_STATUS,gold/fact/FACT_SERVICE_EVENT.sql
gold,FACT_SERVICE_EVENT,104,C_expr,,SEND_STATUS2,gold/fact/FACT_SERVICE_EVENT.sql
gold,FACT_SERVICE_EVENT,105,B_renamed,SEND_CHANNEL,SEND_TYPE,gold/fact/FACT_SERVICE_EVENT.sql
gold,FACT_SERVICE_EVENT,106,C_expr,,MAIL_RECEIVE_FLAG,gold/fact/FACT_SERVICE_EVENT.sql
gold,FACT_SERVICE_EVENT,107,C_expr,,MEMBER_STOP_FLAG,gold/fact/FACT_SERVICE_EVENT.sql
gold,FACT_SERVICE_EVENT,113,C_expr,,SEND_TYPE_SK,gold/fact/FACT_SERVICE_EVENT.sql
gold,FACT_SERVICE_EVENT,120,A_same,SEND_STATUS_GROUP,SEND_STATUS_GROUP,gold/fact/FACT_SERVICE_EVENT.sql
gold,FACT_SERVICE_EVENT,121,A_same,SEND_STATUS_NAME,SEND_STATUS_NAME,gold/fact/FACT_SERVICE_EVENT.sql
gold,FACT_SERVICE_EVENT,122,A_same,SEND_RESULT_CD,SEND_RESULT_CD,gold/fact/FACT_SERVICE_EVENT.sql
gold,FACT_SERVICE_EVENT,123,A_same,SEND_RESULT_GROUP,SEND_RESULT_GROUP,gold/fact/FACT_SERVICE_EVENT.sql
gold,FACT_SERVICE_EVENT,124,A_same,SEND_RESULT_NAME,SEND_RESULT_NAME,gold/fact/FACT_SERVICE_EVENT.sql
gold,FACT_TARGET_BIZ,16,C_expr,,MONTH_KEY,gold/fact/FACT_TARGET_BIZ.sql
gold,FACT_TARGET_DEV,46,C_expr,,MONTH_KEY,gold/fact/FACT_TARGET_DEV.sql
gold,FACT_TARGET_DEV,47,C_expr,,ORG_SK,gold/fact/FACT_TARGET_DEV.sql
gold,FACT_TARGET_DEV,48,B_renamed,MBER_DVLP_DIV_CD,DEV_TYPE,gold/fact/FACT_TARGET_DEV.sql
gold,FACT_TARGET_DEV,49,C_expr,,GOAL_CNT,gold/fact/FACT_TARGET_DEV.sql
gold,WIDE_AD_BROADCAST,51,B_renamed,FULL_DATE,PERF_FULL_DATE,gold/wide/WIDE_AD_BROADCAST.sql
gold,WIDE_AD_BROADCAST,52,B_renamed,YEAR,PERF_YEAR,gold/wide/WIDE_AD_BROADCAST.sql
gold,WIDE_AD_BROADCAST,53,B_renamed,MONTH,PERF_MONTH,gold/wide/WIDE_AD_BROADCAST.sql
gold,WIDE_AD_BROADCAST,54,B_renamed,QUARTER,PERF_QUARTER,gold/wide/WIDE_AD_BROADCAST.sql
gold,WIDE_AD_BROADCAST,55,B_renamed,IS_HOLIDAY,PERF_IS_HOLIDAY,gold/wide/WIDE_AD_BROADCAST.sql
gold,WIDE_AD_BROADCAST,56,A_same,CAMPAIGN_NAME,CAMPAIGN_NAME,gold/wide/WIDE_AD_BROADCAST.sql
gold,WIDE_AD_BROADCAST,57,B_renamed,MEDIA_NAME,AD_MEDIA_NAME,gold/wide/WIDE_AD_BROADCAST.sql
gold,WIDE_AD_BROADCAST,58,B_renamed,CREATIVE,AD_CREATIVE,gold/wide/WIDE_AD_BROADCAST.sql
gold,WIDE_AD_BROADCAST_CASE,32,B_renamed,FULL_DATE,PERF_FULL_DATE,gold/wide/WIDE_AD_BROADCAST_CASE.sql
gold,WIDE_AD_BROADCAST_CASE,33,B_renamed,YEAR,PERF_YEAR,gold/wide/WIDE_AD_BROADCAST_CASE.sql
gold,WIDE_AD_BROADCAST_CASE,34,B_renamed,MONTH,PERF_MONTH,gold/wide/WIDE_AD_BROADCAST_CASE.sql
gold,WIDE_AD_BROADCAST_CASE,35,B_renamed,QUARTER,PERF_QUARTER,gold/wide/WIDE_AD_BROADCAST_CASE.sql
gold,WIDE_AD_BROADCAST_CASE,36,A_same,CAMPAIGN_NAME,CAMPAIGN_NAME,gold/wide/WIDE_AD_BROADCAST_CASE.sql
gold,WIDE_AD_COMBINED,86,B_renamed,AD_VIEW_RT_SRC,BRDC_AD_VIEW_RT_SRC,gold/wide/WIDE_AD_COMBINED.sql
gold,WIDE_AD_COMBINED,87,B_renamed,CPC_SRC,BRDC_CPC_SRC,gold/wide/WIDE_AD_COMBINED.sql
gold,WIDE_AD_DIGITAL,43,B_renamed,FULL_DATE,PERF_FULL_DATE,gold/wide/WIDE_AD_DIGITAL.sql
gold,WIDE_AD_DIGITAL,44,B_renamed,YEAR,PERF_YEAR,gold/wide/WIDE_AD_DIGITAL.sql
gold,WIDE_AD_DIGITAL,45,B_renamed,MONTH,PERF_MONTH,gold/wide/WIDE_AD_DIGITAL.sql
gold,WIDE_AD_DIGITAL,46,B_renamed,QUARTER,PERF_QUARTER,gold/wide/WIDE_AD_DIGITAL.sql
gold,WIDE_AD_DIGITAL,47,B_renamed,IS_HOLIDAY,PERF_IS_HOLIDAY,gold/wide/WIDE_AD_DIGITAL.sql
gold,WIDE_AD_DIGITAL,48,A_same,CAMPAIGN_NAME,CAMPAIGN_NAME,gold/wide/WIDE_AD_DIGITAL.sql
gold,WIDE_AD_DIGITAL,49,B_renamed,MEDIA_NAME,AD_MEDIA_NAME,gold/wide/WIDE_AD_DIGITAL.sql
gold,WIDE_AD_DIGITAL,50,B_renamed,CREATIVE,AD_CREATIVE,gold/wide/WIDE_AD_DIGITAL.sql
gold,WIDE_AD_DIGITAL,51,A_same,DEVICE_TYPE,DEVICE_TYPE,gold/wide/WIDE_AD_DIGITAL.sql
gold,WIDE_AD_PERFORMANCE,28,B_renamed,FULL_DATE,PERF_FULL_DATE,gold/wide/WIDE_AD_PERFORMANCE.sql
gold,WIDE_AD_PERFORMANCE,29,B_renamed,YEAR,PERF_YEAR,gold/wide/WIDE_AD_PERFORMANCE.sql
gold,WIDE_AD_PERFORMANCE,30,B_renamed,MONTH,PERF_MONTH,gold/wide/WIDE_AD_PERFORMANCE.sql
gold,WIDE_AD_PERFORMANCE,31,B_renamed,QUARTER,PERF_QUARTER,gold/wide/WIDE_AD_PERFORMANCE.sql
gold,WIDE_AD_PERFORMANCE,32,B_renamed,IS_HOLIDAY,PERF_IS_HOLIDAY,gold/wide/WIDE_AD_PERFORMANCE.sql
gold,WIDE_AD_PERFORMANCE,33,A_same,CAMPAIGN_BK,CAMPAIGN_BK,gold/wide/WIDE_AD_PERFORMANCE.sql
gold,WIDE_AD_PERFORMANCE,34,B_renamed,BRAND,CAMPAIGN_BRAND,gold/wide/WIDE_AD_PERFORMANCE.sql
gold,WIDE_AD_PERFORMANCE,35,B_renamed,PARENT_CAMPAIGN,CAMPAIGN_PARENT,gold/wide/WIDE_AD_PERFORMANCE.sql
gold,WIDE_AD_PERFORMANCE,36,A_same,CAMPAIGN_NAME,CAMPAIGN_NAME,gold/wide/WIDE_AD_PERFORMANCE.sql
gold,WIDE_AD_PERFORMANCE,37,B_renamed,PROMO_METHOD,CAMPAIGN_PROMO_METHOD,gold/wide/WIDE_AD_PERFORMANCE.sql
gold,WIDE_AD_PERFORMANCE,38,A_same,CAMPAIGN_TYPE,CAMPAIGN_TYPE,gold/wide/WIDE_AD_PERFORMANCE.sql
gold,WIDE_AD_PERFORMANCE,39,A_same,AD_CREATIVE_BK,AD_CREATIVE_BK,gold/wide/WIDE_AD_PERFORMANCE.sql
gold,WIDE_AD_PERFORMANCE,40,B_renamed,MEDIA_NAME,AD_MEDIA_NAME,gold/wide/WIDE_AD_PERFORMANCE.sql
gold,WIDE_AD_PERFORMANCE,41,B_renamed,PLATFORM,AD_PLATFORM,gold/wide/WIDE_AD_PERFORMANCE.sql
gold,WIDE_AD_PERFORMANCE,42,B_renamed,PLATFORM_TYPE,AD_PLATFORM_TYPE,gold/wide/WIDE_AD_PERFORMANCE.sql
gold,WIDE_AD_PERFORMANCE,43,B_renamed,CREATIVE,AD_CREATIVE,gold/wide/WIDE_AD_PERFORMANCE.sql
gold,WIDE_AD_PERFORMANCE,45,B_renamed,TARGET_GROUP,AD_TARGET_GROUP,gold/wide/WIDE_AD_PERFORMANCE.sql
gold,WIDE_AD_PERFORMANCE,46,A_same,DEVICE_TYPE,DEVICE_TYPE,gold/wide/WIDE_AD_PERFORMANCE.sql
gold,WIDE_AD_PERFORMANCE,47,A_same,DEVICE_SCOPE_DESC,DEVICE_SCOPE_DESC,gold/wide/WIDE_AD_PERFORMANCE.sql
gold,WIDE_BUDGET,14,C_expr,,CAL_YEAR,gold/wide/WIDE_BUDGET.sql
gold,WIDE_BUDGET,15,C_expr,,CAL_MONTH,gold/wide/WIDE_BUDGET.sql
gold,WIDE_BUDGET,20,C_expr,,ORG_DIVISION,gold/wide/WIDE_BUDGET.sql
gold,WIDE_BUDGET,21,C_expr,,ORG_TEAM,gold/wide/WIDE_BUDGET.sql
gold,WIDE_BUDGET,22,C_expr,,BUDGET_CATEGORY,gold/wide/WIDE_BUDGET.sql
gold,WIDE_BUDGET,23,C_expr,,CAMPAIGN_NAME,gold/wide/WIDE_BUDGET.sql
gold,WIDE_BUDGET,24,C_expr,,SPONSORSHIP_NAME,gold/wide/WIDE_BUDGET.sql
gold,WIDE_EVENT_PARTICIPATION,33,B_renamed,EVENT_BK,PART_EVENT_BK,gold/wide/WIDE_EVENT_PARTICIPATION.sql
gold,WIDE_EVENT_PARTICIPATION,34,A_same,PARTCPT_SEQ,PARTCPT_SEQ,gold/wide/WIDE_EVENT_PARTICIPATION.sql
gold,WIDE_EVENT_PARTICIPATION,38,B_renamed,EVENT_KIND,PART_EVENT_KIND,gold/wide/WIDE_EVENT_PARTICIPATION.sql
gold,WIDE_EVENT_PARTICIPATION,39,B_renamed,EVENT_KIND_NAME,PART_EVENT_KIND_NAME,gold/wide/WIDE_EVENT_PARTICIPATION.sql
gold,WIDE_EVENT_PARTICIPATION,48,B_renamed,REGION,MEMBER_REGION,gold/wide/WIDE_EVENT_PARTICIPATION.sql
gold,WIDE_EVENT_PARTICIPATION,50,B_renamed,AGE_BAND,MEMBER_AGE_BAND,gold/wide/WIDE_EVENT_PARTICIPATION.sql
gold,WIDE_EVENT_PARTICIPATION,55,A_same,EVENT_BK,EVENT_BK,gold/wide/WIDE_EVENT_PARTICIPATION.sql
gold,WIDE_EVENT_PARTICIPATION,56,A_same,EVENT_KIND,EVENT_KIND,gold/wide/WIDE_EVENT_PARTICIPATION.sql
gold,WIDE_EVENT_PARTICIPATION,58,A_same,EVENT_KIND_NAME,EVENT_KIND_NAME,gold/wide/WIDE_EVENT_PARTICIPATION.sql
gold,WIDE_EVENT_PARTICIPATION,59,A_same,EVENT_CATEGORY,EVENT_CATEGORY,gold/wide/WIDE_EVENT_PARTICIPATION.sql
gold,WIDE_EVENT_PARTICIPATION,60,A_same,EVENT_CATEGORY_GROUP,EVENT_CATEGORY_GROUP,gold/wide/WIDE_EVENT_PARTICIPATION.sql
gold,WIDE_EVENT_PARTICIPATION,61,A_same,EVENT_CATEGORY_NAME,EVENT_CATEGORY_NAME,gold/wide/WIDE_EVENT_PARTICIPATION.sql
gold,WIDE_EVENT_PARTICIPATION,62,A_same,EVENT_NAME,EVENT_NAME,gold/wide/WIDE_EVENT_PARTICIPATION.sql
gold,WIDE_EVENT_PARTICIPATION,63,A_same,EVENT_START_DATE,EVENT_START_DATE,gold/wide/WIDE_EVENT_PARTICIPATION.sql
gold,WIDE_EVENT_PARTICIPATION,64,A_same,EVENT_END_DATE,EVENT_END_DATE,gold/wide/WIDE_EVENT_PARTICIPATION.sql
gold,WIDE_EVENT_PARTICIPATION,65,B_renamed,APPLY_CHANNEL,EVENT_APPLY_CHANNEL,gold/wide/WIDE_EVENT_PARTICIPATION.sql
gold,WIDE_EVENT_PARTICIPATION,67,A_same,CAMPAIGN_BK,CAMPAIGN_BK,gold/wide/WIDE_EVENT_PARTICIPATION.sql
gold,WIDE_EVENT_PARTICIPATION,68,B_renamed,BRAND,CAMPAIGN_BRAND,gold/wide/WIDE_EVENT_PARTICIPATION.sql
gold,WIDE_EVENT_PARTICIPATION,69,A_same,CAMPAIGN_NAME,CAMPAIGN_NAME,gold/wide/WIDE_EVENT_PARTICIPATION.sql
gold,WIDE_EVENT_PARTICIPATION,70,A_same,SPONSORSHIP_BK,SPONSORSHIP_BK,gold/wide/WIDE_EVENT_PARTICIPATION.sql
gold,WIDE_EVENT_PARTICIPATION,71,A_same,SPONSORSHIP_NAME,SPONSORSHIP_NAME,gold/wide/WIDE_EVENT_PARTICIPATION.sql
gold,WIDE_GA_BEHAVIOR,22,B_renamed,MEMBER_DK,IDENTITY_MEMBER_DK,gold/wide/WIDE_GA_BEHAVIOR.sql
gold,WIDE_GA_BEHAVIOR,23,B_renamed,MEMBER_NO,IDENTITY_MEMBER_NO,gold/wide/WIDE_GA_BEHAVIOR.sql
gold,WIDE_GA_BEHAVIOR,24,B_renamed,MEMNUM,IDENTITY_MEMNUM,gold/wide/WIDE_GA_BEHAVIOR.sql
gold,WIDE_GA_BEHAVIOR,25,B_renamed,GA_MEMBER_ID,IDENTITY_GA_MEMBER_ID,gold/wide/WIDE_GA_BEHAVIOR.sql
gold,WIDE_GA_BEHAVIOR,26,B_renamed,EVENT_CATEGORY,GA_EVENT_CATEGORY,gold/wide/WIDE_GA_BEHAVIOR.sql
gold,WIDE_GA_BEHAVIOR,27,B_renamed,EVENT_LABEL,GA_EVENT_LABEL,gold/wide/WIDE_GA_BEHAVIOR.sql
gold,WIDE_GA_BEHAVIOR,28,B_renamed,EVENT_ACTION,GA_EVENT_ACTION,gold/wide/WIDE_GA_BEHAVIOR.sql
gold,WIDE_GA_BEHAVIOR,29,B_renamed,UTM_SOURCE,GA_UTM_SOURCE,gold/wide/WIDE_GA_BEHAVIOR.sql
gold,WIDE_GA_BEHAVIOR,30,B_renamed,UTM_MEDIUM,GA_UTM_MEDIUM,gold/wide/WIDE_GA_BEHAVIOR.sql
gold,WIDE_GA_BEHAVIOR,31,B_renamed,UTM_CONTENT,GA_UTM_CONTENT,gold/wide/WIDE_GA_BEHAVIOR.sql
gold,WIDE_GA_BEHAVIOR,32,B_renamed,UTM_TERM,GA_UTM_TERM,gold/wide/WIDE_GA_BEHAVIOR.sql
gold,WIDE_GA_BEHAVIOR,33,B_renamed,SOURCE_MEDIUM,GA_SOURCE_MEDIUM,gold/wide/WIDE_GA_BEHAVIOR.sql
gold,WIDE_GA_BEHAVIOR,34,A_same,DEVICE_TYPE,DEVICE_TYPE,gold/wide/WIDE_GA_BEHAVIOR.sql
gold,WIDE_GA_BEHAVIOR,35,A_same,CAMPAIGN_BK,CAMPAIGN_BK,gold/wide/WIDE_GA_BEHAVIOR.sql
gold,WIDE_GA_BEHAVIOR,36,B_renamed,BRAND,CAMPAIGN_BRAND,gold/wide/WIDE_GA_BEHAVIOR.sql
gold,WIDE_GA_BEHAVIOR,37,A_same,CAMPAIGN_NAME,CAMPAIGN_NAME,gold/wide/WIDE_GA_BEHAVIOR.sql
gold,WIDE_MEMBER_EVENT,39,B_renamed,REGION,MEMBER_REGION,gold/wide/WIDE_MEMBER_EVENT.sql
gold,WIDE_MEMBER_EVENT,41,B_renamed,AGE_BAND,MEMBER_AGE_BAND,gold/wide/WIDE_MEMBER_EVENT.sql
gold,WIDE_MEMBER_EVENT,50,A_same,CAMPAIGN_BK,CAMPAIGN_BK,gold/wide/WIDE_MEMBER_EVENT.sql
gold,WIDE_MEMBER_EVENT,51,B_renamed,BRAND,CAMPAIGN_BRAND,gold/wide/WIDE_MEMBER_EVENT.sql
gold,WIDE_MEMBER_EVENT,52,B_renamed,PARENT_CAMPAIGN,CAMPAIGN_PARENT,gold/wide/WIDE_MEMBER_EVENT.sql
gold,WIDE_MEMBER_EVENT,53,A_same,CAMPAIGN_NAME,CAMPAIGN_NAME,gold/wide/WIDE_MEMBER_EVENT.sql
gold,WIDE_MEMBER_EVENT,54,B_renamed,PROMO_METHOD,CAMPAIGN_PROMO_METHOD,gold/wide/WIDE_MEMBER_EVENT.sql
gold,WIDE_MEMBER_EVENT,73,B_renamed,CMPGN_CTGR_NM_AT_EVENT,CAMPAIGN_CATEGORY,gold/wide/WIDE_MEMBER_EVENT.sql
gold,WIDE_MEMBER_EVENT,74,B_renamed,MBER_INFLOW_PATH_NM_AT_EVENT,CAMPAIGN_INFLOW_PATH,gold/wide/WIDE_MEMBER_EVENT.sql
gold,WIDE_MEMBER_EVENT,86,B_renamed,SPNSR_DIV_NM_AT_EVENT,CAMPAIGN_SPNSR_DIV_NM,gold/wide/WIDE_MEMBER_EVENT.sql
gold,WIDE_MEMBER_EVENT,88,B_renamed,CPR_DIV_NM_AT_EVENT,CAMPAIGN_CPR_DIV_NM,gold/wide/WIDE_MEMBER_EVENT.sql
gold,WIDE_MEMBER_EVENT,89,A_same,SPONSORSHIP_BK,SPONSORSHIP_BK,gold/wide/WIDE_MEMBER_EVENT.sql
gold,WIDE_MEMBER_EVENT,90,A_same,SPONSORSHIP_NAME,SPONSORSHIP_NAME,gold/wide/WIDE_MEMBER_EVENT.sql
gold,WIDE_MEMBER_EVENT,95,A_same,SPONSORSHIP_DIV_NAME,SPONSORSHIP_DIV_NAME,gold/wide/WIDE_MEMBER_EVENT.sql
gold,WIDE_MEMBER_EVENT,96,A_same,SPONSORSHIP_GROUP_NAME,SPONSORSHIP_GROUP_NAME,gold/wide/WIDE_MEMBER_EVENT.sql
gold,WIDE_MEMBER_EVENT,97,B_renamed,CORP,ORG_CORP,gold/wide/WIDE_MEMBER_EVENT.sql
gold,WIDE_MEMBER_EVENT,98,B_renamed,DIVISION,ORG_DIVISION,gold/wide/WIDE_MEMBER_EVENT.sql
gold,WIDE_MEMBER_EVENT,99,B_renamed,DEPARTMENT,ORG_DEPARTMENT,gold/wide/WIDE_MEMBER_EVENT.sql
gold,WIDE_MEMBER_EVENT,100,B_renamed,TEAM,ORG_TEAM,gold/wide/WIDE_MEMBER_EVENT.sql
gold,WIDE_MEMBER_EVENT,101,A_same,REASON_CODE,REASON_CODE,gold/wide/WIDE_MEMBER_EVENT.sql
gold,WIDE_MEMBER_EVENT,102,A_same,REASON_NAME,REASON_NAME,gold/wide/WIDE_MEMBER_EVENT.sql
gold,WIDE_MEMBER_EVENT,103,A_same,REASON_TYPE,REASON_TYPE,gold/wide/WIDE_MEMBER_EVENT.sql
gold,WIDE_MEMBER_FEE,23,C_expr,,CAL_YEAR,gold/wide/WIDE_MEMBER_FEE.sql
gold,WIDE_MEMBER_FEE,24,C_expr,,CAL_MONTH,gold/wide/WIDE_MEMBER_FEE.sql
gold,WIDE_MEMBER_FEE,28,A_same,SPONSORSHIP_NAME,SPONSORSHIP_NAME,gold/wide/WIDE_MEMBER_FEE.sql
gold,WIDE_MEMBER_FEE,32,A_same,SPONSORSHIP_DIV_NAME,SPONSORSHIP_DIV_NAME,gold/wide/WIDE_MEMBER_FEE.sql
gold,WIDE_MEMBER_FEE,33,A_same,SPONSORSHIP_GROUP_NAME,SPONSORSHIP_GROUP_NAME,gold/wide/WIDE_MEMBER_FEE.sql
gold,WIDE_MEMBER_FEE,35,A_same,FEE_DIV_NAME,FEE_DIV_NAME,gold/wide/WIDE_MEMBER_FEE.sql
gold,WIDE_MEMBER_FEE,36,A_same,PAYMENT_TYPE,PAYMENT_TYPE,gold/wide/WIDE_MEMBER_FEE.sql
gold,WIDE_MEMBER_FEE,38,B_renamed,SETTLE_METHOD,PAYMENT_METHOD_NAME,gold/wide/WIDE_MEMBER_FEE.sql
gold,WIDE_MEMBER_FEE,39,A_same,SETLE_CD,SETLE_CD,gold/wide/WIDE_MEMBER_FEE.sql
gold,WIDE_MEMBER_FEE,41,B_renamed,FULL_DATE,LAST_PAY_DATE,gold/wide/WIDE_MEMBER_FEE.sql
gold,WIDE_MEMBER_FEE,44,A_same,MBER_STAT_CD,MBER_STAT_CD,gold/wide/WIDE_MEMBER_FEE.sql
gold,WIDE_MEMBER_FEE,45,A_same,MEMBER_STATUS_NAME,MEMBER_STATUS_NAME,gold/wide/WIDE_MEMBER_FEE.sql
gold,WIDE_MEMBER_FEE,46,A_same,MBER_DIV_CD,MBER_DIV_CD,gold/wide/WIDE_MEMBER_FEE.sql
gold,WIDE_MEMBER_FEE,47,A_same,MEMBER_TYPE_NAME,MEMBER_TYPE_NAME,gold/wide/WIDE_MEMBER_FEE.sql
gold,WIDE_MEMBER_FEE,48,A_same,SEX,SEX,gold/wide/WIDE_MEMBER_FEE.sql
gold,WIDE_MEMBER_FEE,49,A_same,GENDER_NAME,GENDER_NAME,gold/wide/WIDE_MEMBER_FEE.sql
gold,WIDE_MEMBER_FEE,52,A_same,ACQ_BRAND,ACQ_BRAND,gold/wide/WIDE_MEMBER_FEE.sql
gold,WIDE_MEMBER_FEE,53,A_same,ACQ_CAMPAIGN_NAME,ACQ_CAMPAIGN_NAME,gold/wide/WIDE_MEMBER_FEE.sql
gold,WIDE_MEMBER_FEE,54,A_same,ACQ_PARENT_CAMPAIGN_NAME,ACQ_PARENT_CAMPAIGN_NAME,gold/wide/WIDE_MEMBER_FEE.sql
gold,WIDE_MEMBER_FEE,55,A_same,ACQ_PROMO_METHOD_NAME,ACQ_PROMO_METHOD_NAME,gold/wide/WIDE_MEMBER_FEE.sql
gold,WIDE_MEMBER_FEE,56,A_same,ACQ_MARKETING_CAMPAIGN,ACQ_MARKETING_CAMPAIGN,gold/wide/WIDE_MEMBER_FEE.sql
gold,WIDE_MEMBER_FEE,58,A_same,ACQ_DEPARTMENT,ACQ_DEPARTMENT,gold/wide/WIDE_MEMBER_FEE.sql
gold,WIDE_MEMBER_FEE,60,A_same,ACQ_SPONSORSHIP_NAME,ACQ_SPONSORSHIP_NAME,gold/wide/WIDE_MEMBER_FEE.sql
gold,WIDE_MEMBER_FEE,61,A_same,ACQ_AGE_BAND,ACQ_AGE_BAND,gold/wide/WIDE_MEMBER_FEE.sql
gold,WIDE_MEMBER_FEE,62,A_same,ACQ_REGION,ACQ_REGION,gold/wide/WIDE_MEMBER_FEE.sql
gold,WIDE_MEMBER_MONTHLY,15,C_expr,,CAL_YEAR,gold/wide/WIDE_MEMBER_MONTHLY.sql
gold,WIDE_MEMBER_MONTHLY,16,C_expr,,CAL_MONTH,gold/wide/WIDE_MEMBER_MONTHLY.sql
gold,WIDE_MEMBER_MONTHLY,42,B_renamed,REGION,MEMBER_REGION,gold/wide/WIDE_MEMBER_MONTHLY.sql
gold,WIDE_MEMBER_MONTHLY,44,B_renamed,AGE_BAND,MEMBER_AGE_BAND,gold/wide/WIDE_MEMBER_MONTHLY.sql
gold,WIDE_MEMBER_MONTHLY,51,B_renamed,FIRST_JOIN_DATE,MEMBER_FIRST_JOIN_DATE,gold/wide/WIDE_MEMBER_MONTHLY.sql
gold,WIDE_MEMBER_MONTHLY,52,B_renamed,FIRST_CAMPAIGN,MEMBER_FIRST_CAMPAIGN,gold/wide/WIDE_MEMBER_MONTHLY.sql
gold,WIDE_MEMBER_MONTHLY,55,B_renamed,FIRST_SPONSORSHIP,MEMBER_FIRST_SPONSORSHIP,gold/wide/WIDE_MEMBER_MONTHLY.sql
gold,WIDE_MEMBER_MONTHLY,57,A_same,CAMPAIGN_BK,CAMPAIGN_BK,gold/wide/WIDE_MEMBER_MONTHLY.sql
gold,WIDE_MEMBER_MONTHLY,58,B_renamed,BRAND,CAMPAIGN_BRAND,gold/wide/WIDE_MEMBER_MONTHLY.sql
gold,WIDE_MEMBER_MONTHLY,59,B_renamed,PARENT_CAMPAIGN,CAMPAIGN_PARENT,gold/wide/WIDE_MEMBER_MONTHLY.sql
gold,WIDE_MEMBER_MONTHLY,60,A_same,CAMPAIGN_NAME,CAMPAIGN_NAME,gold/wide/WIDE_MEMBER_MONTHLY.sql
gold,WIDE_MEMBER_MONTHLY,61,B_renamed,PROMO_METHOD,CAMPAIGN_PROMO_METHOD,gold/wide/WIDE_MEMBER_MONTHLY.sql
gold,WIDE_MEMBER_MONTHLY,62,A_same,CAMPAIGN_TYPE,CAMPAIGN_TYPE,gold/wide/WIDE_MEMBER_MONTHLY.sql
gold,WIDE_MEMBER_MONTHLY,63,A_same,SPONSORSHIP_BK,SPONSORSHIP_BK,gold/wide/WIDE_MEMBER_MONTHLY.sql
gold,WIDE_MEMBER_MONTHLY,64,A_same,SPONSORSHIP_NAME,SPONSORSHIP_NAME,gold/wide/WIDE_MEMBER_MONTHLY.sql
gold,WIDE_MEMBER_MONTHLY,65,A_same,SPONSORSHIP_ABBR,SPONSORSHIP_ABBR,gold/wide/WIDE_MEMBER_MONTHLY.sql
gold,WIDE_MEMBER_MONTHLY,68,A_same,SPONSORSHIP_DIV_NAME,SPONSORSHIP_DIV_NAME,gold/wide/WIDE_MEMBER_MONTHLY.sql
gold,WIDE_MEMBER_MONTHLY,69,A_same,SPONSORSHIP_GROUP_NAME,SPONSORSHIP_GROUP_NAME,gold/wide/WIDE_MEMBER_MONTHLY.sql
gold,WIDE_MEMBER_MONTHLY,70,A_same,PAYMENT_METHOD,PAYMENT_METHOD,gold/wide/WIDE_MEMBER_MONTHLY.sql
gold,WIDE_MEMBER_MONTHLY,71,B_renamed,SETTLE_METHOD,PAYMENT_SETTLE_METHOD,gold/wide/WIDE_MEMBER_MONTHLY.sql
gold,WIDE_MEMBER_MONTHLY,72,B_renamed,FEE_TYPE,PAYMENT_FEE_TYPE,gold/wide/WIDE_MEMBER_MONTHLY.sql
gold,WIDE_MEMBER_MONTHLY,73,A_same,REASON_CODE,REASON_CODE,gold/wide/WIDE_MEMBER_MONTHLY.sql
gold,WIDE_MEMBER_MONTHLY,74,A_same,REASON_NAME,REASON_NAME,gold/wide/WIDE_MEMBER_MONTHLY.sql
gold,WIDE_MEMBER_MONTHLY,75,A_same,REASON_TYPE,REASON_TYPE,gold/wide/WIDE_MEMBER_MONTHLY.sql
gold,WIDE_SERVICE_EVENT,40,B_renamed,REGION,MEMBER_REGION,gold/wide/WIDE_SERVICE_EVENT.sql
gold,WIDE_SERVICE_EVENT,42,B_renamed,AGE_BAND,MEMBER_AGE_BAND,gold/wide/WIDE_SERVICE_EVENT.sql
gold,WIDE_SERVICE_EVENT,49,B_renamed,SEND_GBN_TOP,SEND_TYPE_L_CD,gold/wide/WIDE_SERVICE_EVENT.sql
gold,WIDE_SERVICE_EVENT,50,A_same,SEND_TYPE_L,SEND_TYPE_L,gold/wide/WIDE_SERVICE_EVENT.sql
gold,WIDE_SERVICE_EVENT,51,B_renamed,SEND_GBN_MID,SEND_TYPE_M_CD,gold/wide/WIDE_SERVICE_EVENT.sql
gold,WIDE_SERVICE_EVENT,52,A_same,SEND_TYPE_M,SEND_TYPE_M,gold/wide/WIDE_SERVICE_EVENT.sql
gold,WIDE_SERVICE_EVENT,53,B_renamed,SEND_GBN_BOT,SEND_TYPE_S_CD,gold/wide/WIDE_SERVICE_EVENT.sql
gold,WIDE_SERVICE_EVENT,54,A_same,SEND_TYPE_S,SEND_TYPE_S,gold/wide/WIDE_SERVICE_EVENT.sql
gold,WIDE_SERVICE_EVENT,55,B_renamed,SUBTYPE,SERVICE_SUBTYPE,gold/wide/WIDE_SERVICE_EVENT.sql
gold,WIDE_SERVICE_EVENT,56,B_renamed,CHANNEL,SERVICE_CHANNEL,gold/wide/WIDE_SERVICE_EVENT.sql
gold,WIDE_SERVICE_EVENT,57,A_same,CAMPAIGN_BK,CAMPAIGN_BK,gold/wide/WIDE_SERVICE_EVENT.sql
gold,WIDE_SERVICE_EVENT,58,B_renamed,BRAND,CAMPAIGN_BRAND,gold/wide/WIDE_SERVICE_EVENT.sql
gold,WIDE_SERVICE_EVENT,59,B_renamed,PARENT_CAMPAIGN,CAMPAIGN_PARENT,gold/wide/WIDE_SERVICE_EVENT.sql
gold,WIDE_SERVICE_EVENT,60,A_same,CAMPAIGN_NAME,CAMPAIGN_NAME,gold/wide/WIDE_SERVICE_EVENT.sql
gold,WIDE_SERVICE_EVENT,61,B_renamed,PROMO_METHOD,CAMPAIGN_PROMO_METHOD,gold/wide/WIDE_SERVICE_EVENT.sql
gold,WIDE_TARGET_BIZ,13,C_expr,,CAL_YEAR,gold/wide/WIDE_TARGET_BIZ.sql
gold,WIDE_TARGET_BIZ,14,C_expr,,CAL_MONTH,gold/wide/WIDE_TARGET_BIZ.sql
gold,WIDE_TARGET_BIZ,18,B_renamed,CORP,ORG_CORP,gold/wide/WIDE_TARGET_BIZ.sql
gold,WIDE_TARGET_BIZ,19,B_renamed,DIVISION,ORG_DIVISION,gold/wide/WIDE_TARGET_BIZ.sql
gold,WIDE_TARGET_BIZ,20,B_renamed,DEPARTMENT,ORG_DEPARTMENT,gold/wide/WIDE_TARGET_BIZ.sql
gold,WIDE_TARGET_BIZ,21,B_renamed,TEAM,ORG_TEAM,gold/wide/WIDE_TARGET_BIZ.sql
gold,WIDE_TARGET_BIZ,25,B_renamed,BRAND,CAMPAIGN_BRAND,gold/wide/WIDE_TARGET_BIZ.sql
gold,WIDE_TARGET_DEV,18,C_expr,,CAL_YEAR,gold/wide/WIDE_TARGET_DEV.sql
gold,WIDE_TARGET_DEV,19,C_expr,,CAL_MONTH,gold/wide/WIDE_TARGET_DEV.sql
gold,WIDE_TARGET_DEV,21,C_expr,,ORG_DIVISION,gold/wide/WIDE_TARGET_DEV.sql
gold,WIDE_TARGET_DEV,22,C_expr,,ORG_TEAM,gold/wide/WIDE_TARGET_DEV.sql
silver,AGENCY_AD_BROADCAST,14,A_same,AD_PERF_DK,AD_PERF_DK,silver/agency/AGENCY_AD_BROADCAST.sql
silver,AGENCY_AD_BROADCAST,43,D_literal,END,DURATION_SEC,silver/agency/AGENCY_AD_BROADCAST.sql
silver,AGENCY_AD_BROADCAST,54,C_expr,,DW_SOURCE_SYSTEM,silver/agency/AGENCY_AD_BROADCAST.sql
silver,AGENCY_AD_BROADCAST,55,C_expr,,DW_SOURCE_TABLE,silver/agency/AGENCY_AD_BROADCAST.sql
silver,AGENCY_AD_BROADCAST,56,C_expr,,DW_LOAD_TS,silver/agency/AGENCY_AD_BROADCAST.sql
silver,AGENCY_AD_BROADCAST,57,C_expr,,DW_UPDATE_TS,silver/agency/AGENCY_AD_BROADCAST.sql
silver,AGENCY_AD_BROADCAST,58,C_expr,,DW_BATCH_ID,silver/agency/AGENCY_AD_BROADCAST.sql
silver,AGENCY_AD_BROADCAST_CASE,11,C_expr,,CASE_SEQ,silver/agency/AGENCY_AD_BROADCAST_CASE.sql
silver,AGENCY_AD_BROADCAST_CASE,34,A_same,AD_PERF_DK,AD_PERF_DK,silver/agency/AGENCY_AD_BROADCAST_CASE.sql
silver,AGENCY_AD_BROADCAST_CASE,35,A_same,CASE_SEQ,CASE_SEQ,silver/agency/AGENCY_AD_BROADCAST_CASE.sql
silver,AGENCY_AD_BROADCAST_CASE,40,C_expr,,DW_SOURCE_SYSTEM,silver/agency/AGENCY_AD_BROADCAST_CASE.sql
silver,AGENCY_AD_BROADCAST_CASE,41,C_expr,,DW_SOURCE_TABLE,silver/agency/AGENCY_AD_BROADCAST_CASE.sql
silver,AGENCY_AD_BROADCAST_CASE,42,C_expr,,DW_LOAD_TS,silver/agency/AGENCY_AD_BROADCAST_CASE.sql
silver,AGENCY_AD_BROADCAST_CASE,43,C_expr,,DW_UPDATE_TS,silver/agency/AGENCY_AD_BROADCAST_CASE.sql
silver,AGENCY_AD_BROADCAST_CASE,44,C_expr,,DW_BATCH_ID,silver/agency/AGENCY_AD_BROADCAST_CASE.sql
silver,AGENCY_AD_CREATIVE,5,C_expr,,CREATIVE_DK,silver/agency/AGENCY_AD_CREATIVE.sql
silver,AGENCY_AD_CREATIVE,6,A_same,SOURCE_SYSTEM,SOURCE_SYSTEM,silver/agency/AGENCY_AD_CREATIVE.sql
silver,AGENCY_AD_CREATIVE,7,A_same,MEDIA_CHANNEL_NM,MEDIA_CHANNEL_NM,silver/agency/AGENCY_AD_CREATIVE.sql
silver,AGENCY_AD_CREATIVE,8,A_same,CREATIVE_NM,CREATIVE_NM,silver/agency/AGENCY_AD_CREATIVE.sql
silver,AGENCY_AD_CREATIVE,9,A_same,CREATIVE_TYPE_NM,CREATIVE_TYPE_NM,silver/agency/AGENCY_AD_CREATIVE.sql
silver,AGENCY_AD_CREATIVE,10,A_same,CM_AREA_NM,CM_AREA_NM,silver/agency/AGENCY_AD_CREATIVE.sql
silver,AGENCY_AD_CREATIVE,11,A_same,AD_SEC_NM,AD_SEC_NM,silver/agency/AGENCY_AD_CREATIVE.sql
silver,AGENCY_AD_CREATIVE,12,C_expr,,DW_SOURCE_SYSTEM,silver/agency/AGENCY_AD_CREATIVE.sql
silver,AGENCY_AD_CREATIVE,13,A_same,DW_SOURCE_TABLE,DW_SOURCE_TABLE,silver/agency/AGENCY_AD_CREATIVE.sql
silver,AGENCY_AD_CREATIVE,14,C_expr,,DW_LOAD_TS,silver/agency/AGENCY_AD_CREATIVE.sql
silver,AGENCY_AD_CREATIVE,15,C_expr,,DW_UPDATE_TS,silver/agency/AGENCY_AD_CREATIVE.sql
silver,AGENCY_AD_CREATIVE,16,D_literal,NULL,DW_BATCH_ID,silver/agency/AGENCY_AD_CREATIVE.sql
silver,AGENCY_AD_DIGITAL,10,A_same,AD_PERF_DK,AD_PERF_DK,silver/agency/AGENCY_AD_DIGITAL.sql
silver,AGENCY_AD_DIGITAL,30,C_expr,,DW_SOURCE_SYSTEM,silver/agency/AGENCY_AD_DIGITAL.sql
silver,AGENCY_AD_DIGITAL,31,C_expr,,DW_SOURCE_TABLE,silver/agency/AGENCY_AD_DIGITAL.sql
silver,AGENCY_AD_DIGITAL,32,C_expr,,DW_LOAD_TS,silver/agency/AGENCY_AD_DIGITAL.sql
silver,AGENCY_AD_DIGITAL,33,C_expr,,DW_UPDATE_TS,silver/agency/AGENCY_AD_DIGITAL.sql
silver,AGENCY_AD_DIGITAL,34,C_expr,,DW_BATCH_ID,silver/agency/AGENCY_AD_DIGITAL.sql
silver,AGENCY_AD_PERFORMANCE,16,A_same,AD_PERF_DK,AD_PERF_DK,silver/agency/AGENCY_AD_PERFORMANCE.sql
silver,AGENCY_AD_PERFORMANCE,17,A_same,AD_SOURCE_TYPE,AD_SOURCE_TYPE,silver/agency/AGENCY_AD_PERFORMANCE.sql
silver,AGENCY_AD_PERFORMANCE,18,C_expr,,SOURCE_SYSTEM,silver/agency/AGENCY_AD_PERFORMANCE.sql
silver,AGENCY_AD_PERFORMANCE,19,B_renamed,DATE,AD_DATE,silver/agency/AGENCY_AD_PERFORMANCE.sql
silver,AGENCY_AD_PERFORMANCE,20,C_expr,,AD_YEAR,silver/agency/AGENCY_AD_PERFORMANCE.sql
silver,AGENCY_AD_PERFORMANCE,21,C_expr,,AD_MONTH,silver/agency/AGENCY_AD_PERFORMANCE.sql
silver,AGENCY_AD_PERFORMANCE,27,C_expr,,PROGRAM_NM,silver/agency/AGENCY_AD_PERFORMANCE.sql
silver,AGENCY_AD_PERFORMANCE,28,B_renamed,EXPS_CNT,IMPRESSION_CNT,silver/agency/AGENCY_AD_PERFORMANCE.sql
silver,AGENCY_AD_PERFORMANCE,29,A_same,CLICK_CNT,CLICK_CNT,silver/agency/AGENCY_AD_PERFORMANCE.sql
silver,AGENCY_AD_PERFORMANCE,32,C_expr,,INBOUND_CALL_CNT,silver/agency/AGENCY_AD_PERFORMANCE.sql
silver,AGENCY_AD_PERFORMANCE,33,C_expr,,CONV_CALL_CNT,silver/agency/AGENCY_AD_PERFORMANCE.sql
silver,AGENCY_AD_PERFORMANCE,34,C_expr,,AD_CNT,silver/agency/AGENCY_AD_PERFORMANCE.sql
silver,AGENCY_AD_PERFORMANCE,35,B_renamed,GA_AD_COST,AD_COST,silver/agency/AGENCY_AD_PERFORMANCE.sql
silver,AGENCY_AD_PERFORMANCE,36,C_expr,,COST_TYPE,silver/agency/AGENCY_AD_PERFORMANCE.sql
silver,AGENCY_AD_PERFORMANCE,37,C_expr,,DW_SOURCE_SYSTEM,silver/agency/AGENCY_AD_PERFORMANCE.sql
silver,AGENCY_AD_PERFORMANCE,38,C_expr,,DW_SOURCE_TABLE,silver/agency/AGENCY_AD_PERFORMANCE.sql
silver,AGENCY_AD_PERFORMANCE,39,C_expr,,DW_LOAD_TS,silver/agency/AGENCY_AD_PERFORMANCE.sql
silver,AGENCY_AD_PERFORMANCE,40,C_expr,,DW_UPDATE_TS,silver/agency/AGENCY_AD_PERFORMANCE.sql
silver,AGENCY_AD_PERFORMANCE,41,C_expr,,DW_BATCH_ID,silver/agency/AGENCY_AD_PERFORMANCE.sql
silver,AGENCY_AD_ROW_DGT,13,A_same,TIME,TIME,silver/agency/AGENCY_AD_ROW_DGT.sql
silver,AGENCY_AD_ROW_DGT,14,A_same,YEAR,YEAR,silver/agency/AGENCY_AD_ROW_DGT.sql
silver,AGENCY_AD_ROW_DGT,15,A_same,CPR_NM,CPR_NM,silver/agency/AGENCY_AD_ROW_DGT.sql
silver,AGENCY_AD_ROW_DGT,16,A_same,DMST_OVSEA_DIV_NM,DMST_OVSEA_DIV_NM,silver/agency/AGENCY_AD_ROW_DGT.sql
silver,AGENCY_AD_ROW_DGT,17,A_same,BSNS_CASE_DIV_NM,BSNS_CASE_DIV_NM,silver/agency/AGENCY_AD_ROW_DGT.sql
silver,AGENCY_AD_ROW_DGT,18,A_same,CMPGN_TY_NM,CMPGN_TY_NM,silver/agency/AGENCY_AD_ROW_DGT.sql
silver,AGENCY_AD_ROW_DGT,19,A_same,AD_TY_NM,AD_TY_NM,silver/agency/AGENCY_AD_ROW_DGT.sql
silver,AGENCY_AD_ROW_DGT,20,A_same,MONTH,MONTH,silver/agency/AGENCY_AD_ROW_DGT.sql
silver,AGENCY_AD_ROW_DGT,21,A_same,DEVICE,DEVICE,silver/agency/AGENCY_AD_ROW_DGT.sql
silver,AGENCY_AD_ROW_DGT,22,A_same,MEDIA_NM,MEDIA_NM,silver/agency/AGENCY_AD_ROW_DGT.sql
silver,AGENCY_AD_ROW_DGT,23,A_same,WEEK,WEEK,silver/agency/AGENCY_AD_ROW_DGT.sql
silver,AGENCY_AD_ROW_DGT,24,A_same,DAY,DAY,silver/agency/AGENCY_AD_ROW_DGT.sql
silver,AGENCY_AD_ROW_DGT,25,A_same,DOW,DOW,silver/agency/AGENCY_AD_ROW_DGT.sql
silver,AGENCY_AD_ROW_DGT,26,A_same,CMPGN_NM,CMPGN_NM,silver/agency/AGENCY_AD_ROW_DGT.sql
silver,AGENCY_AD_ROW_DGT,27,A_same,MATR,MATR,silver/agency/AGENCY_AD_ROW_DGT.sql
silver,AGENCY_AD_ROW_DGT,28,A_same,MATR_TY_NM,MATR_TY_NM,silver/agency/AGENCY_AD_ROW_DGT.sql
silver,AGENCY_AD_ROW_DGT,29,A_same,EXPS_CNT,EXPS_CNT,silver/agency/AGENCY_AD_ROW_DGT.sql
silver,AGENCY_AD_ROW_DGT,30,A_same,CLICK_CNT,CLICK_CNT,silver/agency/AGENCY_AD_ROW_DGT.sql
silver,AGENCY_AD_ROW_DGT,31,A_same,GA_AD_COST,GA_AD_COST,silver/agency/AGENCY_AD_ROW_DGT.sql
silver,AGENCY_AD_ROW_DGT,32,A_same,GA_CONV_MBER_CNT,GA_CONV_MBER_CNT,silver/agency/AGENCY_AD_ROW_DGT.sql
silver,AGENCY_AD_ROW_DGT,33,A_same,CONV_VU_CNT,CONV_VU_CNT,silver/agency/AGENCY_AD_ROW_DGT.sql
silver,AGENCY_AD_ROW_DGT,34,A_same,CPA,CPA,silver/agency/AGENCY_AD_ROW_DGT.sql
silver,AGENCY_AD_ROW_DGT,35,A_same,DEV_UNIT_PRICE,DEV_UNIT_PRICE,silver/agency/AGENCY_AD_ROW_DGT.sql
silver,AGENCY_AD_ROW_DGT,36,A_same,CTR,CTR,silver/agency/AGENCY_AD_ROW_DGT.sql
silver,AGENCY_AD_ROW_DGT,37,A_same,CVR,CVR,silver/agency/AGENCY_AD_ROW_DGT.sql
silver,AGENCY_AD_ROW_DGT,38,A_same,CPC,CPC,silver/agency/AGENCY_AD_ROW_DGT.sql
silver,AGENCY_AD_ROW_DGT,39,A_same,CPM,CPM,silver/agency/AGENCY_AD_ROW_DGT.sql
silver,AGENCY_AD_ROW_DGT,40,A_same,UPPER_CMPGN_NM,UPPER_CMPGN_NM,silver/agency/AGENCY_AD_ROW_DGT.sql
silver,AGENCY_AD_ROW_DGT,41,A_same,READ_CNT,READ_CNT,silver/agency/AGENCY_AD_ROW_DGT.sql
silver,AGENCY_AD_ROW_DGT,42,A_same,MEDIA_PTNT_CUST_CNT,MEDIA_PTNT_CUST_CNT,silver/agency/AGENCY_AD_ROW_DGT.sql
silver,AGENCY_AD_ROW_DGT,43,A_same,DATE,DATE,silver/agency/AGENCY_AD_ROW_DGT.sql
silver,AGENCY_AD_ROW_DGT,44,A_same,VTR,VTR,silver/agency/AGENCY_AD_ROW_DGT.sql
silver,AGENCY_AD_ROW_DGT,45,A_same,PAGE_TYPE_NM,PAGE_TYPE_NM,silver/agency/AGENCY_AD_ROW_DGT.sql
silver,AGENCY_AD_ROW_DGT,46,A_same,CRM_DVLP_CNT,CRM_DVLP_CNT,silver/agency/AGENCY_AD_ROW_DGT.sql
silver,AGENCY_AD_ROW_DGT,47,A_same,AD_GRP_NM,AD_GRP_NM,silver/agency/AGENCY_AD_ROW_DGT.sql
silver,AGENCY_AD_ROW_DGT,48,A_same,GRP_DIV_NM,GRP_DIV_NM,silver/agency/AGENCY_AD_ROW_DGT.sql
silver,AGENCY_AD_ROW_DGT,49,C_expr,,ROW_HASH,silver/agency/AGENCY_AD_ROW_DGT.sql
silver,AGENCY_AD_ROW_DGT,55,C_expr,,DUP_SEQ,silver/agency/AGENCY_AD_ROW_DGT.sql
silver,AGENCY_AD_ROW_DGT,60,C_expr,,AD_PERF_DK,silver/agency/AGENCY_AD_ROW_DGT.sql
silver,AGENCY_AD_ROW_DGT,61,C_expr,,AD_SOURCE_TYPE,silver/agency/AGENCY_AD_ROW_DGT.sql
silver,AGENCY_AD_ROW_DGT,62,A_same,ROW_HASH,ROW_HASH,silver/agency/AGENCY_AD_ROW_DGT.sql
silver,AGENCY_AD_ROW_DGT,63,A_same,DUP_SEQ,DUP_SEQ,silver/agency/AGENCY_AD_ROW_DGT.sql
silver,AGENCY_AD_ROW_DGT,70,C_expr,,DW_SOURCE_SYSTEM,silver/agency/AGENCY_AD_ROW_DGT.sql
silver,AGENCY_AD_ROW_DGT,71,C_expr,,DW_SOURCE_TABLE,silver/agency/AGENCY_AD_ROW_DGT.sql
silver,AGENCY_AD_ROW_DGT,72,C_expr,,DW_LOAD_TS,silver/agency/AGENCY_AD_ROW_DGT.sql
silver,AGENCY_AD_ROW_DGT,73,C_expr,,DW_UPDATE_TS,silver/agency/AGENCY_AD_ROW_DGT.sql
silver,AGENCY_AD_ROW_DGT,74,C_expr,,DW_BATCH_ID,silver/agency/AGENCY_AD_ROW_DGT.sql
silver,AGENCY_AD_ROW_REBRDC,11,A_same,RE_BRDC_TY_NM,RE_BRDC_TY_NM,silver/agency/AGENCY_AD_ROW_REBRDC.sql
silver,AGENCY_AD_ROW_REBRDC,12,A_same,DIV_NM,DIV_NM,silver/agency/AGENCY_AD_ROW_REBRDC.sql
silver,AGENCY_AD_ROW_REBRDC,13,A_same,YEAR,YEAR,silver/agency/AGENCY_AD_ROW_REBRDC.sql
silver,AGENCY_AD_ROW_REBRDC,14,A_same,BRDC_MT,BRDC_MT,silver/agency/AGENCY_AD_ROW_REBRDC.sql
silver,AGENCY_AD_ROW_REBRDC,15,A_same,CHNNL_CMPNY,CHNNL_CMPNY,silver/agency/AGENCY_AD_ROW_REBRDC.sql
silver,AGENCY_AD_ROW_REBRDC,16,A_same,BRDC_NM,BRDC_NM,silver/agency/AGENCY_AD_ROW_REBRDC.sql
silver,AGENCY_AD_ROW_REBRDC,17,A_same,BRDC_DIV_NM,BRDC_DIV_NM,silver/agency/AGENCY_AD_ROW_REBRDC.sql
silver,AGENCY_AD_ROW_REBRDC,18,A_same,DATE,DATE,silver/agency/AGENCY_AD_ROW_REBRDC.sql
silver,AGENCY_AD_ROW_REBRDC,19,A_same,DOW,DOW,silver/agency/AGENCY_AD_ROW_REBRDC.sql
silver,AGENCY_AD_ROW_REBRDC,20,A_same,BRDC_TIME,BRDC_TIME,silver/agency/AGENCY_AD_ROW_REBRDC.sql
silver,AGENCY_AD_ROW_REBRDC,21,A_same,INBOUND_CALL_CNT,INBOUND_CALL_CNT,silver/agency/AGENCY_AD_ROW_REBRDC.sql
silver,AGENCY_AD_ROW_REBRDC,22,A_same,DVLP_MBER_CNT,DVLP_MBER_CNT,silver/agency/AGENCY_AD_ROW_REBRDC.sql
silver,AGENCY_AD_ROW_REBRDC,23,A_same,DVLP_CNT,DVLP_CNT,silver/agency/AGENCY_AD_ROW_REBRDC.sql
silver,AGENCY_AD_ROW_REBRDC,24,A_same,BRDC_SCHDL_COST,BRDC_SCHDL_COST,silver/agency/AGENCY_AD_ROW_REBRDC.sql
silver,AGENCY_AD_ROW_REBRDC,25,A_same,WEEK,WEEK,silver/agency/AGENCY_AD_ROW_REBRDC.sql
silver,AGENCY_AD_ROW_REBRDC,26,A_same,AD_CNT,AD_CNT,silver/agency/AGENCY_AD_ROW_REBRDC.sql
silver,AGENCY_AD_ROW_REBRDC,27,A_same,TIME_RNG_DIV_NM,TIME_RNG_DIV_NM,silver/agency/AGENCY_AD_ROW_REBRDC.sql
silver,AGENCY_AD_ROW_REBRDC,28,A_same,CELEB_NM,CELEB_NM,silver/agency/AGENCY_AD_ROW_REBRDC.sql
silver,AGENCY_AD_ROW_REBRDC,29,A_same,DMST_OVSEA_DIV_NM,DMST_OVSEA_DIV_NM,silver/agency/AGENCY_AD_ROW_REBRDC.sql
silver,AGENCY_AD_ROW_REBRDC,30,A_same,CASE1_BSNS_DIV_NM,CASE1_BSNS_DIV_NM,silver/agency/AGENCY_AD_ROW_REBRDC.sql
silver,AGENCY_AD_ROW_REBRDC,31,A_same,CASE1_FAM_TY_NM,CASE1_FAM_TY_NM,silver/agency/AGENCY_AD_ROW_REBRDC.sql
silver,AGENCY_AD_ROW_REBRDC,32,A_same,CASE1_APPEAL_POINT_NM,CASE1_APPEAL_POINT_NM,silver/agency/AGENCY_AD_ROW_REBRDC.sql
silver,AGENCY_AD_ROW_REBRDC,33,A_same,CASE1_CHILD_NM,CASE1_CHILD_NM,silver/agency/AGENCY_AD_ROW_REBRDC.sql
silver,AGENCY_AD_ROW_REBRDC,34,A_same,CASE1_CASE_DIV_NM,CASE1_CASE_DIV_NM,silver/agency/AGENCY_AD_ROW_REBRDC.sql
silver,AGENCY_AD_ROW_REBRDC,35,A_same,CASE2_BSNS_DIV_NM,CASE2_BSNS_DIV_NM,silver/agency/AGENCY_AD_ROW_REBRDC.sql
silver,AGENCY_AD_ROW_REBRDC,36,A_same,CASE2_FAM_TY_NM,CASE2_FAM_TY_NM,silver/agency/AGENCY_AD_ROW_REBRDC.sql
silver,AGENCY_AD_ROW_REBRDC,37,A_same,CASE2_APPEAL_POINT_NM,CASE2_APPEAL_POINT_NM,silver/agency/AGENCY_AD_ROW_REBRDC.sql
silver,AGENCY_AD_ROW_REBRDC,38,A_same,CASE2_CHILD_NM,CASE2_CHILD_NM,silver/agency/AGENCY_AD_ROW_REBRDC.sql
silver,AGENCY_AD_ROW_REBRDC,39,A_same,CASE2_CASE_DIV_NM,CASE2_CASE_DIV_NM,silver/agency/AGENCY_AD_ROW_REBRDC.sql
silver,AGENCY_AD_ROW_REBRDC,40,A_same,CASE3_BSNS_DIV_NM,CASE3_BSNS_DIV_NM,silver/agency/AGENCY_AD_ROW_REBRDC.sql
silver,AGENCY_AD_ROW_REBRDC,41,A_same,CASE3_FAM_TY_NM,CASE3_FAM_TY_NM,silver/agency/AGENCY_AD_ROW_REBRDC.sql
silver,AGENCY_AD_ROW_REBRDC,42,A_same,CASE3_APPEAL_POINT_NM,CASE3_APPEAL_POINT_NM,silver/agency/AGENCY_AD_ROW_REBRDC.sql
silver,AGENCY_AD_ROW_REBRDC,43,A_same,CASE3_CHILD_NM,CASE3_CHILD_NM,silver/agency/AGENCY_AD_ROW_REBRDC.sql
silver,AGENCY_AD_ROW_REBRDC,44,A_same,CASE3_CASE_DIV_NM,CASE3_CASE_DIV_NM,silver/agency/AGENCY_AD_ROW_REBRDC.sql
silver,AGENCY_AD_ROW_REBRDC,45,C_expr,,ROW_HASH,silver/agency/AGENCY_AD_ROW_REBRDC.sql
silver,AGENCY_AD_ROW_REBRDC,51,C_expr,,DUP_SEQ,silver/agency/AGENCY_AD_ROW_REBRDC.sql
silver,AGENCY_AD_ROW_REBRDC,56,C_expr,,AD_PERF_DK,silver/agency/AGENCY_AD_ROW_REBRDC.sql
silver,AGENCY_AD_ROW_REBRDC,57,C_expr,,AD_SOURCE_TYPE,silver/agency/AGENCY_AD_ROW_REBRDC.sql
silver,AGENCY_AD_ROW_REBRDC,58,A_same,ROW_HASH,ROW_HASH,silver/agency/AGENCY_AD_ROW_REBRDC.sql
silver,AGENCY_AD_ROW_REBRDC,59,A_same,DUP_SEQ,DUP_SEQ,silver/agency/AGENCY_AD_ROW_REBRDC.sql
silver,AGENCY_AD_ROW_REBRDC,66,C_expr,,DW_SOURCE_SYSTEM,silver/agency/AGENCY_AD_ROW_REBRDC.sql
silver,AGENCY_AD_ROW_REBRDC,67,C_expr,,DW_SOURCE_TABLE,silver/agency/AGENCY_AD_ROW_REBRDC.sql
silver,AGENCY_AD_ROW_REBRDC,68,C_expr,,DW_LOAD_TS,silver/agency/AGENCY_AD_ROW_REBRDC.sql
silver,AGENCY_AD_ROW_REBRDC,69,C_expr,,DW_UPDATE_TS,silver/agency/AGENCY_AD_ROW_REBRDC.sql
silver,AGENCY_AD_ROW_REBRDC,70,C_expr,,DW_BATCH_ID,silver/agency/AGENCY_AD_ROW_REBRDC.sql
silver,AGENCY_AD_ROW_VIDEO,8,A_same,CHNNL_NM,CHNNL_NM,silver/agency/AGENCY_AD_ROW_VIDEO.sql
silver,AGENCY_AD_ROW_VIDEO,9,A_same,DOW,DOW,silver/agency/AGENCY_AD_ROW_VIDEO.sql
silver,AGENCY_AD_ROW_VIDEO,10,A_same,BRDC_DATE,BRDC_DATE,silver/agency/AGENCY_AD_ROW_VIDEO.sql
silver,AGENCY_AD_ROW_VIDEO,11,A_same,TIME_RNG,TIME_RNG,silver/agency/AGENCY_AD_ROW_VIDEO.sql
silver,AGENCY_AD_ROW_VIDEO,12,A_same,DAY_DIV_NM,DAY_DIV_NM,silver/agency/AGENCY_AD_ROW_VIDEO.sql
silver,AGENCY_AD_ROW_VIDEO,13,A_same,PRG_STRT_TIME,PRG_STRT_TIME,silver/agency/AGENCY_AD_ROW_VIDEO.sql
silver,AGENCY_AD_ROW_VIDEO,14,A_same,SCHDL_NM,SCHDL_NM,silver/agency/AGENCY_AD_ROW_VIDEO.sql
silver,AGENCY_AD_ROW_VIDEO,15,A_same,CM,CM,silver/agency/AGENCY_AD_ROW_VIDEO.sql
silver,AGENCY_AD_ROW_VIDEO,16,A_same,CM_AREA,CM_AREA,silver/agency/AGENCY_AD_ROW_VIDEO.sql
silver,AGENCY_AD_ROW_VIDEO,17,A_same,AD_STRT_TIME,AD_STRT_TIME,silver/agency/AGENCY_AD_ROW_VIDEO.sql
silver,AGENCY_AD_ROW_VIDEO,18,A_same,AD_END_TIME,AD_END_TIME,silver/agency/AGENCY_AD_ROW_VIDEO.sql
silver,AGENCY_AD_ROW_VIDEO,19,A_same,SPOT_TY,SPOT_TY,silver/agency/AGENCY_AD_ROW_VIDEO.sql
silver,AGENCY_AD_ROW_VIDEO,20,A_same,AD_VIEW_RT,AD_VIEW_RT,silver/agency/AGENCY_AD_ROW_VIDEO.sql
silver,AGENCY_AD_ROW_VIDEO,21,A_same,AD_CNT,AD_CNT,silver/agency/AGENCY_AD_ROW_VIDEO.sql
silver,AGENCY_AD_ROW_VIDEO,22,A_same,AD_SEC,AD_SEC,silver/agency/AGENCY_AD_ROW_VIDEO.sql
silver,AGENCY_AD_ROW_VIDEO,23,A_same,ACTL_PUR_AD_COST_KRW,ACTL_PUR_AD_COST_KRW,silver/agency/AGENCY_AD_ROW_VIDEO.sql
silver,AGENCY_AD_ROW_VIDEO,24,A_same,INBOUND_CALL_CNT,INBOUND_CALL_CNT,silver/agency/AGENCY_AD_ROW_VIDEO.sql
silver,AGENCY_AD_ROW_VIDEO,25,A_same,CPC,CPC,silver/agency/AGENCY_AD_ROW_VIDEO.sql
silver,AGENCY_AD_ROW_VIDEO,26,A_same,UPPER_CMPGN_NM,UPPER_CMPGN_NM,silver/agency/AGENCY_AD_ROW_VIDEO.sql
silver,AGENCY_AD_ROW_VIDEO,27,A_same,MATR_NM,MATR_NM,silver/agency/AGENCY_AD_ROW_VIDEO.sql
silver,AGENCY_AD_ROW_VIDEO,28,A_same,CMPGN_TY_NM,CMPGN_TY_NM,silver/agency/AGENCY_AD_ROW_VIDEO.sql
silver,AGENCY_AD_ROW_VIDEO,29,A_same,DUR_PD_MATR_CHN,DUR_PD_MATR_CHN,silver/agency/AGENCY_AD_ROW_VIDEO.sql
silver,AGENCY_AD_ROW_VIDEO,30,A_same,CHNNL_CMPNY_TY_NM,CHNNL_CMPNY_TY_NM,silver/agency/AGENCY_AD_ROW_VIDEO.sql
silver,AGENCY_AD_ROW_VIDEO,31,A_same,WEEK,WEEK,silver/agency/AGENCY_AD_ROW_VIDEO.sql
silver,AGENCY_AD_ROW_VIDEO,32,A_same,CONV_CALL_CNT,CONV_CALL_CNT,silver/agency/AGENCY_AD_ROW_VIDEO.sql
silver,AGENCY_AD_ROW_VIDEO,33,A_same,BRDC_MT,BRDC_MT,silver/agency/AGENCY_AD_ROW_VIDEO.sql
silver,AGENCY_AD_ROW_VIDEO,34,A_same,YEAR,YEAR,silver/agency/AGENCY_AD_ROW_VIDEO.sql
silver,AGENCY_AD_ROW_VIDEO,35,A_same,CTV_DIV_NM,CTV_DIV_NM,silver/agency/AGENCY_AD_ROW_VIDEO.sql
silver,AGENCY_AD_ROW_VIDEO,36,A_same,MKT_CMPGN_NM,MKT_CMPGN_NM,silver/agency/AGENCY_AD_ROW_VIDEO.sql
silver,AGENCY_AD_ROW_VIDEO,37,A_same,SPNSR_BSNS_NM,SPNSR_BSNS_NM,silver/agency/AGENCY_AD_ROW_VIDEO.sql
silver,AGENCY_AD_ROW_VIDEO,38,A_same,DMST_OVSEA_DIV_NM,DMST_OVSEA_DIV_NM,silver/agency/AGENCY_AD_ROW_VIDEO.sql
silver,AGENCY_AD_ROW_VIDEO,39,A_same,BSNS_CASE_DIV_NM,BSNS_CASE_DIV_NM,silver/agency/AGENCY_AD_ROW_VIDEO.sql
silver,AGENCY_AD_ROW_VIDEO,40,C_expr,,ROW_HASH,silver/agency/AGENCY_AD_ROW_VIDEO.sql
silver,AGENCY_AD_ROW_VIDEO,46,C_expr,,DUP_SEQ,silver/agency/AGENCY_AD_ROW_VIDEO.sql
silver,AGENCY_AD_ROW_VIDEO,51,C_expr,,AD_PERF_DK,silver/agency/AGENCY_AD_ROW_VIDEO.sql
silver,AGENCY_AD_ROW_VIDEO,52,C_expr,,AD_SOURCE_TYPE,silver/agency/AGENCY_AD_ROW_VIDEO.sql
silver,AGENCY_AD_ROW_VIDEO,53,A_same,ROW_HASH,ROW_HASH,silver/agency/AGENCY_AD_ROW_VIDEO.sql
silver,AGENCY_AD_ROW_VIDEO,54,A_same,DUP_SEQ,DUP_SEQ,silver/agency/AGENCY_AD_ROW_VIDEO.sql
silver,AGENCY_AD_ROW_VIDEO,60,C_expr,,DW_SOURCE_SYSTEM,silver/agency/AGENCY_AD_ROW_VIDEO.sql
silver,AGENCY_AD_ROW_VIDEO,61,C_expr,,DW_SOURCE_TABLE,silver/agency/AGENCY_AD_ROW_VIDEO.sql
silver,AGENCY_AD_ROW_VIDEO,62,C_expr,,DW_LOAD_TS,silver/agency/AGENCY_AD_ROW_VIDEO.sql
silver,AGENCY_AD_ROW_VIDEO,63,C_expr,,DW_UPDATE_TS,silver/agency/AGENCY_AD_ROW_VIDEO.sql
silver,AGENCY_AD_ROW_VIDEO,64,C_expr,,DW_BATCH_ID,silver/agency/AGENCY_AD_ROW_VIDEO.sql
silver,IDENTITY_MEMBER_XREF,19,A_same,USER_PSEUDO_ID,USER_PSEUDO_ID,silver/bridge/IDENTITY_MEMBER_XREF.sql
silver,IDENTITY_MEMBER_XREF,20,A_same,GA_MEMBER_ID,GA_MEMBER_ID,silver/bridge/IDENTITY_MEMBER_XREF.sql
silver,IDENTITY_MEMBER_XREF,21,A_same,ID_SCHEME,ID_SCHEME,silver/bridge/IDENTITY_MEMBER_XREF.sql
silver,IDENTITY_MEMBER_XREF,22,A_same,MEMBER_TYPE,MEMBER_TYPE,silver/bridge/IDENTITY_MEMBER_XREF.sql
silver,IDENTITY_MEMBER_XREF,23,A_same,MEMBER_DK,MEMBER_DK,silver/bridge/IDENTITY_MEMBER_XREF.sql
silver,IDENTITY_MEMBER_XREF,24,B_renamed,HMPG_ID,HOMEPAGE_ID,silver/bridge/IDENTITY_MEMBER_XREF.sql
silver,IDENTITY_MEMBER_XREF,25,A_same,ID_RESOLUTION,ID_RESOLUTION,silver/bridge/IDENTITY_MEMBER_XREF.sql
silver,IDENTITY_MEMBER_XREF,28,C_expr,,MATCH_METHOD,silver/bridge/IDENTITY_MEMBER_XREF.sql
silver,IDENTITY_MEMBER_XREF,31,C_expr,,MATCH_CONFIDENCE,silver/bridge/IDENTITY_MEMBER_XREF.sql
silver,IDENTITY_MEMBER_XREF,32,C_expr,,DW_SOURCE_SYSTEM,silver/bridge/IDENTITY_MEMBER_XREF.sql
silver,IDENTITY_MEMBER_XREF,33,C_expr,,DW_SOURCE_TABLE,silver/bridge/IDENTITY_MEMBER_XREF.sql
silver,IDENTITY_MEMBER_XREF,34,C_expr,,DW_LOAD_TS,silver/bridge/IDENTITY_MEMBER_XREF.sql
silver,IDENTITY_MEMBER_XREF,35,C_expr,,DW_UPDATE_TS,silver/bridge/IDENTITY_MEMBER_XREF.sql
silver,IDENTITY_MEMBER_XREF,36,D_literal,NULL,DW_BATCH_ID,silver/bridge/IDENTITY_MEMBER_XREF.sql
silver,CRM_BIZ_TARGET,6,C_expr,,BIZ_TARGET_DK,silver/crm/CRM_BIZ_TARGET.sql
silver,CRM_BIZ_TARGET,7,C_expr,,TARGET_YEAR,silver/crm/CRM_BIZ_TARGET.sql
silver,CRM_BIZ_TARGET,8,C_expr,,MONTH_NO,silver/crm/CRM_BIZ_TARGET.sql
silver,CRM_BIZ_TARGET,9,C_expr,,MONTH_KEY,silver/crm/CRM_BIZ_TARGET.sql
silver,CRM_BIZ_TARGET,10,C_expr,,ORG_CD,silver/crm/CRM_BIZ_TARGET.sql
silver,CRM_BIZ_TARGET,11,C_expr,,ORG_NM,silver/crm/CRM_BIZ_TARGET.sql
silver,CRM_BIZ_TARGET,12,C_expr,,SPONSOR_BIZ_NM,silver/crm/CRM_BIZ_TARGET.sql
silver,CRM_BIZ_TARGET,13,C_expr,,CAMPAIGN_NM,silver/crm/CRM_BIZ_TARGET.sql
silver,CRM_BIZ_TARGET,14,C_expr,,TARGET_TYPE,silver/crm/CRM_BIZ_TARGET.sql
silver,CRM_BIZ_TARGET,15,C_expr,,TARGET_CNT,silver/crm/CRM_BIZ_TARGET.sql
silver,CRM_BIZ_TARGET,16,C_expr,,DW_SOURCE_SYSTEM,silver/crm/CRM_BIZ_TARGET.sql
silver,CRM_BIZ_TARGET,17,C_expr,,DW_SOURCE_TABLE,silver/crm/CRM_BIZ_TARGET.sql
silver,CRM_BIZ_TARGET,18,C_expr,,DW_LOAD_TS,silver/crm/CRM_BIZ_TARGET.sql
silver,CRM_BIZ_TARGET,19,C_expr,,DW_UPDATE_TS,silver/crm/CRM_BIZ_TARGET.sql
silver,CRM_BIZ_TARGET,20,C_expr,,DW_BATCH_ID,silver/crm/CRM_BIZ_TARGET.sql
silver,CRM_CAMPAIGN,29,C_expr,,CMPGN_CD,silver/crm/CRM_CAMPAIGN.sql
silver,CRM_CAMPAIGN,30,C_expr,,CMPGN_NM,silver/crm/CRM_CAMPAIGN.sql
silver,CRM_CAMPAIGN,31,C_expr,,UPPER_CMPGN_CD,silver/crm/CRM_CAMPAIGN.sql
silver,CRM_CAMPAIGN,32,C_expr,,UPPER_CMPGN_YN,silver/crm/CRM_CAMPAIGN.sql
silver,CRM_CAMPAIGN,33,C_expr,,BRND_ID,silver/crm/CRM_CAMPAIGN.sql
silver,CRM_CAMPAIGN,34,C_expr,,BRND_NM,silver/crm/CRM_CAMPAIGN.sql
silver,CRM_CAMPAIGN,35,C_expr,,PR_MTH_CD,silver/crm/CRM_CAMPAIGN.sql
silver,CRM_CAMPAIGN,38,C_expr,,SPNSR_BSNS_ID,silver/crm/CRM_CAMPAIGN.sql
silver,CRM_CAMPAIGN,45,A_same,CMPGN_CTGR_CD,CMPGN_CTGR_CD,silver/crm/CRM_CAMPAIGN.sql
silver,CRM_CAMPAIGN,46,C_expr,,CMPGN_CTGR_NM,silver/crm/CRM_CAMPAIGN.sql
silver,CRM_CAMPAIGN,47,A_same,MBER_INFLOW_PATH_CD,MBER_INFLOW_PATH_CD,silver/crm/CRM_CAMPAIGN.sql
silver,CRM_CAMPAIGN,48,C_expr,,MBER_INFLOW_PATH_NM,silver/crm/CRM_CAMPAIGN.sql
silver,CRM_CAMPAIGN,49,A_same,CMPGN_TYPE1_BSN,CMPGN_TYPE1_BSN,silver/crm/CRM_CAMPAIGN.sql
silver,CRM_CAMPAIGN,50,C_expr,,CMPGN_TYPE1_NM,silver/crm/CRM_CAMPAIGN.sql
silver,CRM_CAMPAIGN,51,A_same,CMPGN_TYPE2_BSN,CMPGN_TYPE2_BSN,silver/crm/CRM_CAMPAIGN.sql
silver,CRM_CAMPAIGN,52,C_expr,,CMPGN_TYPE2_NM,silver/crm/CRM_CAMPAIGN.sql
silver,CRM_CAMPAIGN,53,A_same,MKTG_CMPGN_NM,MKTG_CMPGN_NM,silver/crm/CRM_CAMPAIGN.sql
silver,CRM_CAMPAIGN,54,C_expr,,MK_CMPGN_NM,silver/crm/CRM_CAMPAIGN.sql
silver,CRM_CAMPAIGN,60,C_expr,,CMPGN_STRT_DE,silver/crm/CRM_CAMPAIGN.sql
silver,CRM_CAMPAIGN,61,C_expr,,DW_SOURCE_SYSTEM,silver/crm/CRM_CAMPAIGN.sql
silver,CRM_CAMPAIGN,62,C_expr,,DW_LOAD_TS,silver/crm/CRM_CAMPAIGN.sql
silver,CRM_CAMPAIGN,63,C_expr,,DW_UPDATE_TS,silver/crm/CRM_CAMPAIGN.sql
silver,CRM_CAMPAIGN,64,D_literal,NULL,DW_BATCH_ID,silver/crm/CRM_CAMPAIGN.sql
silver,CRM_CODE,4,C_expr,,CD_ID,silver/crm/CRM_CODE.sql
silver,CRM_CODE,5,C_expr,,DTL_CD_ID,silver/crm/CRM_CODE.sql
silver,CRM_CODE,6,C_expr,,DTL_CD_NM,silver/crm/CRM_CODE.sql
silver,CRM_CODE,7,C_expr,,UPPER_CD_ID,silver/crm/CRM_CODE.sql
silver,CRM_CODE,8,A_same,SORT_ORDR,SORT_ORDR,silver/crm/CRM_CODE.sql
silver,CRM_CODE,9,C_expr,,USE_YN,silver/crm/CRM_CODE.sql
silver,CRM_CODE,10,C_expr,,DW_SOURCE_SYSTEM,silver/crm/CRM_CODE.sql
silver,CRM_CODE,11,C_expr,,DW_LOAD_TS,silver/crm/CRM_CODE.sql
silver,CRM_CODE,12,C_expr,,DW_UPDATE_TS,silver/crm/CRM_CODE.sql
silver,CRM_CODE,13,D_literal,NULL,DW_BATCH_ID,silver/crm/CRM_CODE.sql
silver,CRM_DEV_TARGET,4,C_expr,,STDYY,silver/crm/CRM_DEV_TARGET.sql
silver,CRM_DEV_TARGET,5,C_expr,,STDR_MT,silver/crm/CRM_DEV_TARGET.sql
silver,CRM_DEV_TARGET,6,C_expr,,MBER_DVLP_DIV_CD,silver/crm/CRM_DEV_TARGET.sql
silver,CRM_DEV_TARGET,7,C_expr,,DEPT_ID,silver/crm/CRM_DEV_TARGET.sql
silver,CRM_DEV_TARGET,8,A_same,GOAL_CNT,GOAL_CNT,silver/crm/CRM_DEV_TARGET.sql
silver,CRM_DEV_TARGET,9,C_expr,,DW_SOURCE_SYSTEM,silver/crm/CRM_DEV_TARGET.sql
silver,CRM_DEV_TARGET,10,C_expr,,DW_LOAD_TS,silver/crm/CRM_DEV_TARGET.sql
silver,CRM_DEV_TARGET,11,C_expr,,DW_UPDATE_TS,silver/crm/CRM_DEV_TARGET.sql
silver,CRM_DEV_TARGET,12,D_literal,NULL,DW_BATCH_ID,silver/crm/CRM_DEV_TARGET.sql
silver,CRM_EVENT,9,C_expr,,EVENT_KEY,silver/crm/CRM_EVENT.sql
silver,CRM_EVENT,10,C_expr,,EVENT_SOURCE,silver/crm/CRM_EVENT.sql
silver,CRM_EVENT,11,C_expr,,EVENT_DIV_CD,silver/crm/CRM_EVENT.sql
silver,CRM_EVENT,12,C_expr,,EVENT_NM,silver/crm/CRM_EVENT.sql
silver,CRM_EVENT,13,C_expr,,STRT_DE,silver/crm/CRM_EVENT.sql
silver,CRM_EVENT,14,C_expr,,END_DE,silver/crm/CRM_EVENT.sql
silver,CRM_EVENT,15,D_literal,NULL,RCRIT_PSNNL_CO,silver/crm/CRM_EVENT.sql
silver,CRM_EVENT,16,D_literal,NULL,BRNCH_DEPT_ID,silver/crm/CRM_EVENT.sql
silver,CRM_EVENT,17,C_expr,,DW_SOURCE_SYSTEM,silver/crm/CRM_EVENT.sql
silver,CRM_EVENT,18,C_expr,,DW_SOURCE_TABLE,silver/crm/CRM_EVENT.sql
silver,CRM_EVENT,27,A_same,EVENT_KEY,EVENT_KEY,silver/crm/CRM_EVENT.sql
silver,CRM_EVENT,28,A_same,EVENT_SOURCE,EVENT_SOURCE,silver/crm/CRM_EVENT.sql
silver,CRM_EVENT,29,A_same,EVENT_DIV_CD,EVENT_DIV_CD,silver/crm/CRM_EVENT.sql
silver,CRM_EVENT,30,A_same,EVENT_NM,EVENT_NM,silver/crm/CRM_EVENT.sql
silver,CRM_EVENT,31,A_same,STRT_DE,STRT_DE,silver/crm/CRM_EVENT.sql
silver,CRM_EVENT,32,A_same,END_DE,END_DE,silver/crm/CRM_EVENT.sql
silver,CRM_EVENT,33,A_same,RCRIT_PSNNL_CO,RCRIT_PSNNL_CO,silver/crm/CRM_EVENT.sql
silver,CRM_EVENT,34,A_same,BRNCH_DEPT_ID,BRNCH_DEPT_ID,silver/crm/CRM_EVENT.sql
silver,CRM_EVENT,35,A_same,DW_SOURCE_SYSTEM,DW_SOURCE_SYSTEM,silver/crm/CRM_EVENT.sql
silver,CRM_EVENT,36,A_same,DW_SOURCE_TABLE,DW_SOURCE_TABLE,silver/crm/CRM_EVENT.sql
silver,CRM_EVENT,37,C_expr,,DW_LOAD_TS,silver/crm/CRM_EVENT.sql
silver,CRM_EVENT,38,C_expr,,DW_UPDATE_TS,silver/crm/CRM_EVENT.sql
silver,CRM_EVENT,39,D_literal,NULL,DW_BATCH_ID,silver/crm/CRM_EVENT.sql
silver,CRM_EVENT,42,C_expr,,EVENT_DIV_GROUP,silver/crm/CRM_EVENT.sql
silver,CRM_EVENT,43,E_label_join,DTL_CD_NM,EVENT_DIV_NM,silver/crm/CRM_EVENT.sql
silver,CRM_EVENT_PARTICIPATION,15,C_expr,,EVENT_KEY,silver/crm/CRM_EVENT_PARTICIPATION.sql
silver,CRM_EVENT_PARTICIPATION,16,C_expr,,MBER_NO,silver/crm/CRM_EVENT_PARTICIPATION.sql
silver,CRM_EVENT_PARTICIPATION,17,A_same,PARTCPT_SEQ,PARTCPT_SEQ,silver/crm/CRM_EVENT_PARTICIPATION.sql
silver,CRM_EVENT_PARTICIPATION,18,C_expr,,PARTCPT_STAT_CD,silver/crm/CRM_EVENT_PARTICIPATION.sql
silver,CRM_EVENT_PARTICIPATION,20,C_expr,,PARTCPT_PATH_CD,silver/crm/CRM_EVENT_PARTICIPATION.sql
silver,CRM_EVENT_PARTICIPATION,21,A_same,PRZWIN_CD,PRZWIN_CD,silver/crm/CRM_EVENT_PARTICIPATION.sql
silver,CRM_EVENT_PARTICIPATION,22,D_literal,NULL,RCPMNY_AMT,silver/crm/CRM_EVENT_PARTICIPATION.sql
silver,CRM_EVENT_PARTICIPATION,23,A_same,PARTCPT_DT,PARTCPT_DT,silver/crm/CRM_EVENT_PARTICIPATION.sql
silver,CRM_EVENT_PARTICIPATION,24,C_expr,,EVENT_SOURCE,silver/crm/CRM_EVENT_PARTICIPATION.sql
silver,CRM_EVENT_PARTICIPATION,25,C_expr,,DW_SOURCE_SYSTEM,silver/crm/CRM_EVENT_PARTICIPATION.sql
silver,CRM_EVENT_PARTICIPATION,26,C_expr,,DW_SOURCE_TABLE,silver/crm/CRM_EVENT_PARTICIPATION.sql
silver,CRM_EVENT_PARTICIPATION,38,A_same,EVENT_KEY,EVENT_KEY,silver/crm/CRM_EVENT_PARTICIPATION.sql
silver,CRM_EVENT_PARTICIPATION,39,A_same,MBER_NO,MBER_NO,silver/crm/CRM_EVENT_PARTICIPATION.sql
silver,CRM_EVENT_PARTICIPATION,40,A_same,PARTCPT_SEQ,PARTCPT_SEQ,silver/crm/CRM_EVENT_PARTICIPATION.sql
silver,CRM_EVENT_PARTICIPATION,41,A_same,PARTCPT_STAT_CD,PARTCPT_STAT_CD,silver/crm/CRM_EVENT_PARTICIPATION.sql
silver,CRM_EVENT_PARTICIPATION,42,A_same,PARTCPT_CHNNL_CD,PARTCPT_CHNNL_CD,silver/crm/CRM_EVENT_PARTICIPATION.sql
silver,CRM_EVENT_PARTICIPATION,43,A_same,PARTCPT_PATH_CD,PARTCPT_PATH_CD,silver/crm/CRM_EVENT_PARTICIPATION.sql
silver,CRM_EVENT_PARTICIPATION,44,A_same,PRZWIN_CD,PRZWIN_CD,silver/crm/CRM_EVENT_PARTICIPATION.sql
silver,CRM_EVENT_PARTICIPATION,45,A_same,RCPMNY_AMT,RCPMNY_AMT,silver/crm/CRM_EVENT_PARTICIPATION.sql
silver,CRM_EVENT_PARTICIPATION,46,A_same,PARTCPT_DT,PARTCPT_DT,silver/crm/CRM_EVENT_PARTICIPATION.sql
silver,CRM_EVENT_PARTICIPATION,47,A_same,DW_SOURCE_SYSTEM,DW_SOURCE_SYSTEM,silver/crm/CRM_EVENT_PARTICIPATION.sql
silver,CRM_EVENT_PARTICIPATION,48,A_same,DW_SOURCE_TABLE,DW_SOURCE_TABLE,silver/crm/CRM_EVENT_PARTICIPATION.sql
silver,CRM_EVENT_PARTICIPATION,49,C_expr,,DW_LOAD_TS,silver/crm/CRM_EVENT_PARTICIPATION.sql
silver,CRM_EVENT_PARTICIPATION,50,C_expr,,DW_UPDATE_TS,silver/crm/CRM_EVENT_PARTICIPATION.sql
silver,CRM_EVENT_PARTICIPATION,51,D_literal,NULL,DW_BATCH_ID,silver/crm/CRM_EVENT_PARTICIPATION.sql
silver,CRM_EVENT_PARTICIPATION,55,C_expr,,PARTCPT_STAT_GROUP,silver/crm/CRM_EVENT_PARTICIPATION.sql
silver,CRM_EVENT_PARTICIPATION,56,E_label_join,DTL_CD_NM,PARTCPT_STAT_NM,silver/crm/CRM_EVENT_PARTICIPATION.sql
silver,CRM_EVENT_PARTICIPATION,57,C_expr,,PARTCPT_CHNNL_GROUP,silver/crm/CRM_EVENT_PARTICIPATION.sql
silver,CRM_EVENT_PARTICIPATION,58,E_label_join,DTL_CD_NM,PARTCPT_CHNNL_NM,silver/crm/CRM_EVENT_PARTICIPATION.sql
silver,CRM_EVENT_PARTICIPATION,60,C_expr,,PARTCPT_PATH_GROUP,silver/crm/CRM_EVENT_PARTICIPATION.sql
silver,CRM_EVENT_PARTICIPATION,61,E_label_join,DTL_CD_NM,PARTCPT_PATH_NM,silver/crm/CRM_EVENT_PARTICIPATION.sql
silver,CRM_MARKETING_CAMPAIGN,30,C_expr,,DW_SOURCE_SYSTEM,silver/crm/CRM_MARKETING_CAMPAIGN.sql
silver,CRM_MARKETING_CAMPAIGN,31,C_expr,,DW_LOAD_TS,silver/crm/CRM_MARKETING_CAMPAIGN.sql
silver,CRM_MARKETING_CAMPAIGN,32,C_expr,,DW_UPDATE_TS,silver/crm/CRM_MARKETING_CAMPAIGN.sql
silver,CRM_MARKETING_CAMPAIGN,33,D_literal,NULL,DW_BATCH_ID,silver/crm/CRM_MARKETING_CAMPAIGN.sql
silver,CRM_MEMBER,12,C_expr,,MEMBER_DK,silver/crm/CRM_MEMBER.sql
silver,CRM_MEMBER,13,C_expr,,MEMBER_TYPE,silver/crm/CRM_MEMBER.sql
silver,CRM_MEMBER,14,C_expr,,MBER_DIV_CD,silver/crm/CRM_MEMBER.sql
silver,CRM_MEMBER,15,E_label_join,DTL_CD_NM,MBER_DIV_NM,silver/crm/CRM_MEMBER.sql
silver,CRM_MEMBER,16,C_expr,,CPR_DIV_CD,silver/crm/CRM_MEMBER.sql
silver,CRM_MEMBER,17,C_expr,,SEX,silver/crm/CRM_MEMBER.sql
silver,CRM_MEMBER,18,E_label_join,DTL_CD_NM,SEX_NM,silver/crm/CRM_MEMBER.sql
silver,CRM_MEMBER,19,C_expr,,MBER_STAT_CD,silver/crm/CRM_MEMBER.sql
silver,CRM_MEMBER,20,E_label_join,DTL_CD_NM,MBER_STAT_NM,silver/crm/CRM_MEMBER.sql
silver,CRM_MEMBER,21,C_expr,,CMPGN_CD,silver/crm/CRM_MEMBER.sql
silver,CRM_MEMBER,22,C_expr,,ACT_DEPT_CD,silver/crm/CRM_MEMBER.sql
silver,CRM_MEMBER,24,C_expr,,JOIN_PATH_CD,silver/crm/CRM_MEMBER.sql
silver,CRM_MEMBER,25,C_expr,,HMPG_ID,silver/crm/CRM_MEMBER.sql
silver,CRM_MEMBER,26,D_literal,NULL,ENTRPS_NM,silver/crm/CRM_MEMBER.sql
silver,CRM_MEMBER,28,C_expr,,EMAIL_RECPTN,silver/crm/CRM_MEMBER.sql
silver,CRM_MEMBER,30,C_expr,,PSTMTR_RECPTN,silver/crm/CRM_MEMBER.sql
silver,CRM_MEMBER,31,B_renamed,FRST_REGIST_DT,JOIN_DT,silver/crm/CRM_MEMBER.sql
silver,CRM_MEMBER,44,C_expr,,DW_SOURCE_SYSTEM,silver/crm/CRM_MEMBER.sql
silver,CRM_MEMBER,45,C_expr,,DW_SOURCE_TABLE,silver/crm/CRM_MEMBER.sql
silver,CRM_MEMBER,46,C_expr,,DW_LOAD_TS,silver/crm/CRM_MEMBER.sql
silver,CRM_MEMBER,47,C_expr,,DW_UPDATE_TS,silver/crm/CRM_MEMBER.sql
silver,CRM_MEMBER,48,D_literal,NULL,DW_BATCH_ID,silver/crm/CRM_MEMBER.sql
silver,CRM_MEMBER_AMT_CHANGE,4,C_expr,,OCCRRNC_DE,silver/crm/CRM_MEMBER_AMT_CHANGE.sql
silver,CRM_MEMBER_AMT_CHANGE,5,A_same,SER_NO,SER_NO,silver/crm/CRM_MEMBER_AMT_CHANGE.sql
silver,CRM_MEMBER_AMT_CHANGE,6,C_expr,,MBER_NO,silver/crm/CRM_MEMBER_AMT_CHANGE.sql
silver,CRM_MEMBER_AMT_CHANGE,7,A_same,SPNSR_AMT,SPNSR_AMT,silver/crm/CRM_MEMBER_AMT_CHANGE.sql
silver,CRM_MEMBER_AMT_CHANGE,8,C_expr,,RDCAMT_YN,silver/crm/CRM_MEMBER_AMT_CHANGE.sql
silver,CRM_MEMBER_AMT_CHANGE,9,C_expr,,ACMSLT_DEPT_CD,silver/crm/CRM_MEMBER_AMT_CHANGE.sql
silver,CRM_MEMBER_AMT_CHANGE,10,C_expr,,CMPGN_CD,silver/crm/CRM_MEMBER_AMT_CHANGE.sql
silver,CRM_MEMBER_AMT_CHANGE,11,C_expr,,AREA_CD,silver/crm/CRM_MEMBER_AMT_CHANGE.sql
silver,CRM_MEMBER_AMT_CHANGE,12,E_label_join,DTL_CD_NM,AREA_NM,silver/crm/CRM_MEMBER_AMT_CHANGE.sql
silver,CRM_MEMBER_AMT_CHANGE,13,A_same,AGE,AGE,silver/crm/CRM_MEMBER_AMT_CHANGE.sql
silver,CRM_MEMBER_AMT_CHANGE,19,C_expr,,DW_SOURCE_SYSTEM,silver/crm/CRM_MEMBER_AMT_CHANGE.sql
silver,CRM_MEMBER_AMT_CHANGE,20,C_expr,,DW_LOAD_TS,silver/crm/CRM_MEMBER_AMT_CHANGE.sql
silver,CRM_MEMBER_AMT_CHANGE,21,C_expr,,DW_UPDATE_TS,silver/crm/CRM_MEMBER_AMT_CHANGE.sql
silver,CRM_MEMBER_AMT_CHANGE,22,D_literal,NULL,DW_BATCH_ID,silver/crm/CRM_MEMBER_AMT_CHANGE.sql
silver,CRM_MEMBER_DEV,44,C_expr,,SPNSR_NO,silver/crm/CRM_MEMBER_DEV.sql
silver,CRM_MEMBER_DEV,45,A_same,SPNSR_BSNS_NO,SPNSR_BSNS_NO,silver/crm/CRM_MEMBER_DEV.sql
silver,CRM_MEMBER_DEV,46,C_expr,,OCCRRNC_DE,silver/crm/CRM_MEMBER_DEV.sql
silver,CRM_MEMBER_DEV,47,A_same,SER_NO,SER_NO,silver/crm/CRM_MEMBER_DEV.sql
silver,CRM_MEMBER_DEV,48,C_expr,,MBER_NO,silver/crm/CRM_MEMBER_DEV.sql
silver,CRM_MEMBER_DEV,49,C_expr,,SPNSR_BSNS_ID,silver/crm/CRM_MEMBER_DEV.sql
silver,CRM_MEMBER_DEV,50,A_same,SPNSR_AMT,SPNSR_AMT,silver/crm/CRM_MEMBER_DEV.sql
silver,CRM_MEMBER_DEV,51,C_expr,,DVLP_DIV_CD,silver/crm/CRM_MEMBER_DEV.sql
silver,CRM_MEMBER_DEV,52,E_label_join,DTL_CD_NM,DVLP_DIV_NM,silver/crm/CRM_MEMBER_DEV.sql
silver,CRM_MEMBER_DEV,53,C_expr,,ACT_DEPT_CD,silver/crm/CRM_MEMBER_DEV.sql
silver,CRM_MEMBER_DEV,55,C_expr,,CMPGN_CD,silver/crm/CRM_MEMBER_DEV.sql
silver,CRM_MEMBER_DEV,56,C_expr,,SETLE_CD,silver/crm/CRM_MEMBER_DEV.sql
silver,CRM_MEMBER_DEV,57,C_expr,,AREA_CD,silver/crm/CRM_MEMBER_DEV.sql
silver,CRM_MEMBER_DEV,58,E_label_join,DTL_CD_NM,AREA_NM,silver/crm/CRM_MEMBER_DEV.sql
silver,CRM_MEMBER_DEV,59,A_same,AGE,AGE,silver/crm/CRM_MEMBER_DEV.sql
silver,CRM_MEMBER_DEV,67,A_same,MBER_INFLOW_PATH_NM,MBER_INFLOW_PATH_NM,silver/crm/CRM_MEMBER_DEV.sql
silver,CRM_MEMBER_DEV,69,A_same,CMPGN_CTGR_NM,CMPGN_CTGR_NM,silver/crm/CRM_MEMBER_DEV.sql
silver,CRM_MEMBER_DEV,71,A_same,CMPGN_TYPE1_NM,CMPGN_TYPE1_NM,silver/crm/CRM_MEMBER_DEV.sql
silver,CRM_MEMBER_DEV,73,A_same,CMPGN_TYPE2_NM,CMPGN_TYPE2_NM,silver/crm/CRM_MEMBER_DEV.sql
silver,CRM_MEMBER_DEV,75,A_same,MK_CMPGN_NM,MK_CMPGN_NM,silver/crm/CRM_MEMBER_DEV.sql
silver,CRM_MEMBER_DEV,77,A_same,CMMN_BRND_NM,CMMN_BRND_NM,silver/crm/CRM_MEMBER_DEV.sql
silver,CRM_MEMBER_DEV,79,A_same,MKTG_UTM_NM,MKTG_UTM_NM,silver/crm/CRM_MEMBER_DEV.sql
silver,CRM_MEMBER_DEV,82,A_same,SPNSR_DIV_NM,SPNSR_DIV_NM,silver/crm/CRM_MEMBER_DEV.sql
silver,CRM_MEMBER_DEV,84,A_same,CPR_DIV_NM,CPR_DIV_NM,silver/crm/CRM_MEMBER_DEV.sql
silver,CRM_MEMBER_DEV,90,C_expr,,DW_SOURCE_SYSTEM,silver/crm/CRM_MEMBER_DEV.sql
silver,CRM_MEMBER_DEV,91,C_expr,,DW_LOAD_TS,silver/crm/CRM_MEMBER_DEV.sql
silver,CRM_MEMBER_DEV,92,C_expr,,DW_UPDATE_TS,silver/crm/CRM_MEMBER_DEV.sql
silver,CRM_MEMBER_DEV,93,D_literal,NULL,DW_BATCH_ID,silver/crm/CRM_MEMBER_DEV.sql
silver,CRM_MEMBER_DEV,98,B_renamed,_LOAD_DT,SRC_LOAD_DT,silver/crm/CRM_MEMBER_DEV.sql
silver,CRM_MEMBER_DISCONTINUE,8,C_expr,,MBER_NO,silver/crm/CRM_MEMBER_DISCONTINUE.sql
silver,CRM_MEMBER_DISCONTINUE,9,C_expr,,SPNSR_DSCNTC_DE,silver/crm/CRM_MEMBER_DISCONTINUE.sql
silver,CRM_MEMBER_DISCONTINUE,10,A_same,SER_NO,SER_NO,silver/crm/CRM_MEMBER_DISCONTINUE.sql
silver,CRM_MEMBER_DISCONTINUE,11,C_expr,,DSCNTC_RSN_CD,silver/crm/CRM_MEMBER_DISCONTINUE.sql
silver,CRM_MEMBER_DISCONTINUE,12,E_label_join,DTL_CD_NM,DSCNTC_RSN_NM,silver/crm/CRM_MEMBER_DISCONTINUE.sql
silver,CRM_MEMBER_DISCONTINUE,13,C_expr,,DSCNTC_PATH,silver/crm/CRM_MEMBER_DISCONTINUE.sql
silver,CRM_MEMBER_DISCONTINUE,14,E_label_join,DTL_CD_NM,DSCNTC_PATH_NM,silver/crm/CRM_MEMBER_DISCONTINUE.sql
silver,CRM_MEMBER_DISCONTINUE,15,C_expr,,REGIST_DEPT_CD,silver/crm/CRM_MEMBER_DISCONTINUE.sql
silver,CRM_MEMBER_DISCONTINUE,16,C_expr,,DW_SOURCE_SYSTEM,silver/crm/CRM_MEMBER_DISCONTINUE.sql
silver,CRM_MEMBER_DISCONTINUE,17,C_expr,,DW_LOAD_TS,silver/crm/CRM_MEMBER_DISCONTINUE.sql
silver,CRM_MEMBER_DISCONTINUE,18,C_expr,,DW_UPDATE_TS,silver/crm/CRM_MEMBER_DISCONTINUE.sql
silver,CRM_MEMBER_DISCONTINUE,19,D_literal,NULL,DW_BATCH_ID,silver/crm/CRM_MEMBER_DISCONTINUE.sql
silver,CRM_MEMBER_RESPONSOR,4,C_expr,,MBER_NO,silver/crm/CRM_MEMBER_RESPONSOR.sql
silver,CRM_MEMBER_RESPONSOR,5,A_same,SER_NO,SER_NO,silver/crm/CRM_MEMBER_RESPONSOR.sql
silver,CRM_MEMBER_RESPONSOR,6,C_expr,,RE_SPNSR_DE,silver/crm/CRM_MEMBER_RESPONSOR.sql
silver,CRM_MEMBER_RESPONSOR,7,C_expr,,REGIST_DEPT_CD,silver/crm/CRM_MEMBER_RESPONSOR.sql
silver,CRM_MEMBER_RESPONSOR,8,C_expr,,DW_SOURCE_SYSTEM,silver/crm/CRM_MEMBER_RESPONSOR.sql
silver,CRM_MEMBER_RESPONSOR,9,C_expr,,DW_LOAD_TS,silver/crm/CRM_MEMBER_RESPONSOR.sql
silver,CRM_MEMBER_RESPONSOR,10,C_expr,,DW_UPDATE_TS,silver/crm/CRM_MEMBER_RESPONSOR.sql
silver,CRM_MEMBER_RESPONSOR,11,D_literal,NULL,DW_BATCH_ID,silver/crm/CRM_MEMBER_RESPONSOR.sql
silver,CRM_MEMBER_SPONSOR_BIZ,4,C_expr,,SPNSR_NO,silver/crm/CRM_MEMBER_SPONSOR_BIZ.sql
silver,CRM_MEMBER_SPONSOR_BIZ,5,A_same,SPNSR_BSNS_NO,SPNSR_BSNS_NO,silver/crm/CRM_MEMBER_SPONSOR_BIZ.sql
silver,CRM_MEMBER_SPONSOR_BIZ,6,C_expr,,SPNSR_BSNS_ID,silver/crm/CRM_MEMBER_SPONSOR_BIZ.sql
silver,CRM_MEMBER_SPONSOR_BIZ,7,A_same,SPNSR_AMT,SPNSR_AMT,silver/crm/CRM_MEMBER_SPONSOR_BIZ.sql
silver,CRM_MEMBER_SPONSOR_BIZ,8,C_expr,,SPNSR_DSCNTC_YN,silver/crm/CRM_MEMBER_SPONSOR_BIZ.sql
silver,CRM_MEMBER_SPONSOR_BIZ,9,C_expr,,SPNSR_DSCNTC_DE,silver/crm/CRM_MEMBER_SPONSOR_BIZ.sql
silver,CRM_MEMBER_SPONSOR_BIZ,10,C_expr,,SPNSR_DSCNTC_RSN_CD,silver/crm/CRM_MEMBER_SPONSOR_BIZ.sql
silver,CRM_MEMBER_SPONSOR_BIZ,11,C_expr,,DW_SOURCE_SYSTEM,silver/crm/CRM_MEMBER_SPONSOR_BIZ.sql
silver,CRM_MEMBER_SPONSOR_BIZ,12,C_expr,,DW_LOAD_TS,silver/crm/CRM_MEMBER_SPONSOR_BIZ.sql
silver,CRM_MEMBER_SPONSOR_BIZ,13,C_expr,,DW_UPDATE_TS,silver/crm/CRM_MEMBER_SPONSOR_BIZ.sql
silver,CRM_MEMBER_SPONSOR_BIZ,14,D_literal,NULL,DW_BATCH_ID,silver/crm/CRM_MEMBER_SPONSOR_BIZ.sql
silver,CRM_MEMBER_SPONSOR_SPAN,28,A_same,MBER_NO,MBER_NO,silver/crm/CRM_MEMBER_SPONSOR_SPAN.sql
silver,CRM_MEMBER_SPONSOR_SPAN,29,A_same,SPNSR_NO,SPNSR_NO,silver/crm/CRM_MEMBER_SPONSOR_SPAN.sql
silver,CRM_MEMBER_SPONSOR_SPAN,30,A_same,SPNSR_BSNS_NO,SPNSR_BSNS_NO,silver/crm/CRM_MEMBER_SPONSOR_SPAN.sql
silver,CRM_MEMBER_SPONSOR_SPAN,31,A_same,SPNSR_BSNS_ID,SPNSR_BSNS_ID,silver/crm/CRM_MEMBER_SPONSOR_SPAN.sql
silver,CRM_MEMBER_SPONSOR_SPAN,32,A_same,SPNSR_AMT,SPNSR_AMT,silver/crm/CRM_MEMBER_SPONSOR_SPAN.sql
silver,CRM_MEMBER_SPONSOR_SPAN,39,A_same,SPNSR_DSCNTC_DE,SPNSR_DSCNTC_DE,silver/crm/CRM_MEMBER_SPONSOR_SPAN.sql
silver,CRM_MEMBER_SPONSOR_SPAN,40,A_same,SPNSR_DSCNTC_YN,SPNSR_DSCNTC_YN,silver/crm/CRM_MEMBER_SPONSOR_SPAN.sql
silver,CRM_MEMBER_SPONSOR_SPAN,41,C_expr,,DW_SOURCE_SYSTEM,silver/crm/CRM_MEMBER_SPONSOR_SPAN.sql
silver,CRM_MEMBER_SPONSOR_SPAN,42,C_expr,,DW_SOURCE_TABLE,silver/crm/CRM_MEMBER_SPONSOR_SPAN.sql
silver,CRM_MEMBER_SPONSOR_SPAN,43,C_expr,,DW_LOAD_TS,silver/crm/CRM_MEMBER_SPONSOR_SPAN.sql
silver,CRM_MEMBER_SPONSOR_SPAN,44,C_expr,,DW_UPDATE_TS,silver/crm/CRM_MEMBER_SPONSOR_SPAN.sql
silver,CRM_MEMBER_SPONSOR_SPAN,45,D_literal,NULL,DW_BATCH_ID,silver/crm/CRM_MEMBER_SPONSOR_SPAN.sql
silver,CRM_MEMBER_SPONSOR_SPAN,52,C_expr,,SPNSR_NO,silver/crm/CRM_MEMBER_SPONSOR_SPAN.sql
silver,CRM_MEMBER_SPONSOR_SPAN,53,C_expr,,MBER_NO,silver/crm/CRM_MEMBER_SPONSOR_SPAN.sql
silver,CRM_MEMBER_STATUS_HIST,4,A_same,MBER_NO,MBER_NO,silver/crm/CRM_MEMBER_STATUS_HIST.sql
silver,CRM_MEMBER_STATUS_HIST,5,A_same,SER_NO,SER_NO,silver/crm/CRM_MEMBER_STATUS_HIST.sql
silver,CRM_MEMBER_STATUS_HIST,6,A_same,BF_STAT_CD,BF_STAT_CD,silver/crm/CRM_MEMBER_STATUS_HIST.sql
silver,CRM_MEMBER_STATUS_HIST,7,E_label_join,DTL_CD_NM,BF_STAT_NM,silver/crm/CRM_MEMBER_STATUS_HIST.sql
silver,CRM_MEMBER_STATUS_HIST,8,A_same,CHN_STAT_CD,CHN_STAT_CD,silver/crm/CRM_MEMBER_STATUS_HIST.sql
silver,CRM_MEMBER_STATUS_HIST,9,E_label_join,DTL_CD_NM,CHN_STAT_NM,silver/crm/CRM_MEMBER_STATUS_HIST.sql
silver,CRM_MEMBER_STATUS_HIST,10,B_renamed,FRST_REGIST_DT,EFFECTIVE_FROM,silver/crm/CRM_MEMBER_STATUS_HIST.sql
silver,CRM_MEMBER_STATUS_HIST,11,C_expr,,EFFECTIVE_TO,silver/crm/CRM_MEMBER_STATUS_HIST.sql
silver,CRM_MEMBER_STATUS_HIST,12,C_expr,,IS_CURRENT,silver/crm/CRM_MEMBER_STATUS_HIST.sql
silver,CRM_MEMBER_STATUS_HIST,13,C_expr,,DW_SOURCE_SYSTEM,silver/crm/CRM_MEMBER_STATUS_HIST.sql
silver,CRM_MEMBER_STATUS_HIST,14,C_expr,,DW_LOAD_TS,silver/crm/CRM_MEMBER_STATUS_HIST.sql
silver,CRM_MEMBER_STATUS_HIST,15,C_expr,,DW_UPDATE_TS,silver/crm/CRM_MEMBER_STATUS_HIST.sql
silver,CRM_MEMBER_STATUS_HIST,16,D_literal,NULL,DW_BATCH_ID,silver/crm/CRM_MEMBER_STATUS_HIST.sql
silver,CRM_ORG,4,C_expr,,DEPT_ID,silver/crm/CRM_ORG.sql
silver,CRM_ORG,5,C_expr,,DEPT_NM,silver/crm/CRM_ORG.sql
silver,CRM_ORG,6,C_expr,,UPPER_DEPT_ID,silver/crm/CRM_ORG.sql
silver,CRM_ORG,7,C_expr,,ACMSLT_UPPER_DEPT_ID,silver/crm/CRM_ORG.sql
silver,CRM_ORG,8,C_expr,,ACMSLT_DEPT_YN,silver/crm/CRM_ORG.sql
silver,CRM_ORG,9,A_same,STATS_DEPT_LVL,STATS_DEPT_LVL,silver/crm/CRM_ORG.sql
silver,CRM_ORG,10,C_expr,,USE_YN,silver/crm/CRM_ORG.sql
silver,CRM_ORG,11,A_same,SORT_ORDR,SORT_ORDR,silver/crm/CRM_ORG.sql
silver,CRM_ORG,12,C_expr,,DW_SOURCE_SYSTEM,silver/crm/CRM_ORG.sql
silver,CRM_ORG,13,C_expr,,DW_LOAD_TS,silver/crm/CRM_ORG.sql
silver,CRM_ORG,14,C_expr,,DW_UPDATE_TS,silver/crm/CRM_ORG.sql
silver,CRM_ORG,15,D_literal,NULL,DW_BATCH_ID,silver/crm/CRM_ORG.sql
silver,CRM_PAYMENT_BILLING,4,C_expr,,PAY_KEY,silver/crm/CRM_PAYMENT_BILLING.sql
silver,CRM_PAYMENT_BILLING,5,C_expr,,PAYMENT_TYPE,silver/crm/CRM_PAYMENT_BILLING.sql
silver,CRM_PAYMENT_BILLING,6,C_expr,,MBER_NO,silver/crm/CRM_PAYMENT_BILLING.sql
silver,CRM_PAYMENT_BILLING,7,C_expr,,SPNSR_BSNS_ID,silver/crm/CRM_PAYMENT_BILLING.sql
silver,CRM_PAYMENT_BILLING,8,A_same,RELATNSP_KEY,RELATNSP_KEY,silver/crm/CRM_PAYMENT_BILLING.sql
silver,CRM_PAYMENT_BILLING,9,C_expr,,MBRFEE_MT,silver/crm/CRM_PAYMENT_BILLING.sql
silver,CRM_PAYMENT_BILLING,10,A_same,MBRFEE_SQNC,MBRFEE_SQNC,silver/crm/CRM_PAYMENT_BILLING.sql
silver,CRM_PAYMENT_BILLING,11,A_same,RQEST_AMT,RQEST_AMT,silver/crm/CRM_PAYMENT_BILLING.sql
silver,CRM_PAYMENT_BILLING,12,A_same,RQEST_DE,RQEST_DE,silver/crm/CRM_PAYMENT_BILLING.sql
silver,CRM_PAYMENT_BILLING,13,A_same,PAY_AMT,PAY_AMT,silver/crm/CRM_PAYMENT_BILLING.sql
silver,CRM_PAYMENT_BILLING,14,A_same,PAY_DE,PAY_DE,silver/crm/CRM_PAYMENT_BILLING.sql
silver,CRM_PAYMENT_BILLING,15,C_expr,,PAY_STAT_CD,silver/crm/CRM_PAYMENT_BILLING.sql
silver,CRM_PAYMENT_BILLING,16,C_expr,,SETLE_CD,silver/crm/CRM_PAYMENT_BILLING.sql
silver,CRM_PAYMENT_BILLING,17,C_expr,,GFT_DIV_CD,silver/crm/CRM_PAYMENT_BILLING.sql
silver,CRM_PAYMENT_BILLING,21,C_expr,,RQEST_RST_CD,silver/crm/CRM_PAYMENT_BILLING.sql
silver,CRM_PAYMENT_BILLING,22,C_expr,,PRCS_RST_CD,silver/crm/CRM_PAYMENT_BILLING.sql
silver,CRM_PAYMENT_BILLING,31,C_expr,,DW_SOURCE_SYSTEM,silver/crm/CRM_PAYMENT_BILLING.sql
silver,CRM_PAYMENT_BILLING,32,C_expr,,DW_SOURCE_TABLE,silver/crm/CRM_PAYMENT_BILLING.sql
silver,CRM_PAYMENT_BILLING,33,C_expr,,DW_LOAD_TS,silver/crm/CRM_PAYMENT_BILLING.sql
silver,CRM_PAYMENT_BILLING,34,C_expr,,DW_UPDATE_TS,silver/crm/CRM_PAYMENT_BILLING.sql
silver,CRM_PAYMENT_BILLING,35,D_literal,NULL,DW_BATCH_ID,silver/crm/CRM_PAYMENT_BILLING.sql
silver,CRM_PAYMENT_METHOD,4,A_same,SETLE_KEY,SETLE_KEY,silver/crm/CRM_PAYMENT_METHOD.sql
silver,CRM_PAYMENT_METHOD,5,C_expr,,MBER_NO,silver/crm/CRM_PAYMENT_METHOD.sql
silver,CRM_PAYMENT_METHOD,6,C_expr,,SETLE_CD,silver/crm/CRM_PAYMENT_METHOD.sql
silver,CRM_PAYMENT_METHOD,7,E_label_join,DTL_CD_NM,SETLE_NM,silver/crm/CRM_PAYMENT_METHOD.sql
silver,CRM_PAYMENT_METHOD,8,C_expr,,CARD_DIV_CD,silver/crm/CRM_PAYMENT_METHOD.sql
silver,CRM_PAYMENT_METHOD,9,C_expr,,FNLT_CD,silver/crm/CRM_PAYMENT_METHOD.sql
silver,CRM_PAYMENT_METHOD,10,A_same,WTDRW_STRT_DE,WTDRW_STRT_DE,silver/crm/CRM_PAYMENT_METHOD.sql
silver,CRM_PAYMENT_METHOD,11,C_expr,,SETLE_STAT_CD,silver/crm/CRM_PAYMENT_METHOD.sql
silver,CRM_PAYMENT_METHOD,19,C_expr,,DW_SOURCE_SYSTEM,silver/crm/CRM_PAYMENT_METHOD.sql
silver,CRM_PAYMENT_METHOD,20,C_expr,,DW_LOAD_TS,silver/crm/CRM_PAYMENT_METHOD.sql
silver,CRM_PAYMENT_METHOD,21,C_expr,,DW_UPDATE_TS,silver/crm/CRM_PAYMENT_METHOD.sql
silver,CRM_PAYMENT_METHOD,22,D_literal,NULL,DW_BATCH_ID,silver/crm/CRM_PAYMENT_METHOD.sql
silver,CRM_RELATION_ACTIVITY,3,C_expr,,ACTIVITY_KEY,silver/crm/CRM_RELATION_ACTIVITY.sql
silver,CRM_RELATION_ACTIVITY,4,C_expr,,ACTIVITY_TYPE,silver/crm/CRM_RELATION_ACTIVITY.sql
silver,CRM_RELATION_ACTIVITY,5,A_same,RELATNSP_KEY,RELATNSP_KEY,silver/crm/CRM_RELATION_ACTIVITY.sql
silver,CRM_RELATION_ACTIVITY,6,C_expr,,MNG_NO,silver/crm/CRM_RELATION_ACTIVITY.sql
silver,CRM_RELATION_ACTIVITY,7,D_literal,NULL,GFTMNEY,silver/crm/CRM_RELATION_ACTIVITY.sql
silver,CRM_RELATION_ACTIVITY,8,A_same,LETTER_DIV_CD,LETTER_DIV_CD,silver/crm/CRM_RELATION_ACTIVITY.sql
silver,CRM_RELATION_ACTIVITY,9,A_same,RCEPT_DE,RCEPT_DE,silver/crm/CRM_RELATION_ACTIVITY.sql
silver,CRM_RELATION_ACTIVITY,10,A_same,SNDNG_DE,SNDNG_DE,silver/crm/CRM_RELATION_ACTIVITY.sql
silver,CRM_RELATION_ACTIVITY,11,C_expr,,DW_SOURCE_SYSTEM,silver/crm/CRM_RELATION_ACTIVITY.sql
silver,CRM_RELATION_ACTIVITY,12,C_expr,,DW_SOURCE_TABLE,silver/crm/CRM_RELATION_ACTIVITY.sql
silver,CRM_RELATION_ACTIVITY,13,C_expr,,DW_LOAD_TS,silver/crm/CRM_RELATION_ACTIVITY.sql
silver,CRM_RELATION_ACTIVITY,14,C_expr,,DW_UPDATE_TS,silver/crm/CRM_RELATION_ACTIVITY.sql
silver,CRM_RELATION_ACTIVITY,15,D_literal,NULL,DW_BATCH_ID,silver/crm/CRM_RELATION_ACTIVITY.sql
silver,CRM_SEND_MEMBER,30,C_expr,,MBER_NO,silver/crm/CRM_SEND_MEMBER.sql
silver,CRM_SEND_MEMBER,31,C_expr,,SEND_CHANNEL,silver/crm/CRM_SEND_MEMBER.sql
silver,CRM_SEND_MEMBER,32,C_expr,,SEND_RESULT_CD,silver/crm/CRM_SEND_MEMBER.sql
silver,CRM_SEND_MEMBER,33,C_expr,,OPEN_DT,silver/crm/CRM_SEND_MEMBER.sql
silver,CRM_SEND_MEMBER,34,C_expr,,DW_SOURCE_TABLE,silver/crm/CRM_SEND_MEMBER.sql
silver,CRM_SEND_MEMBER,64,A_same,SNDNG_KEY,SNDNG_KEY,silver/crm/CRM_SEND_MEMBER.sql
silver,CRM_SEND_MEMBER,65,A_same,SNDNG_DTL_KEY,SNDNG_DTL_KEY,silver/crm/CRM_SEND_MEMBER.sql
silver,CRM_SEND_MEMBER,66,A_same,MBER_NO,MBER_NO,silver/crm/CRM_SEND_MEMBER.sql
silver,CRM_SEND_MEMBER,67,A_same,SNDNG_DE,SNDNG_DE,silver/crm/CRM_SEND_MEMBER.sql
silver,CRM_SEND_MEMBER,68,A_same,SNDNG_RST_CD,SNDNG_RST_CD,silver/crm/CRM_SEND_MEMBER.sql
silver,CRM_SEND_MEMBER,69,A_same,SEND_CHANNEL,SEND_CHANNEL,silver/crm/CRM_SEND_MEMBER.sql
silver,CRM_SEND_MEMBER,70,A_same,DW_SOURCE_SYSTEM,DW_SOURCE_SYSTEM,silver/crm/CRM_SEND_MEMBER.sql
silver,CRM_SEND_MEMBER,71,A_same,DW_SOURCE_TABLE,DW_SOURCE_TABLE,silver/crm/CRM_SEND_MEMBER.sql
silver,CRM_SEND_MEMBER,72,C_expr,,DW_LOAD_TS,silver/crm/CRM_SEND_MEMBER.sql
silver,CRM_SEND_MEMBER,73,C_expr,,DW_UPDATE_TS,silver/crm/CRM_SEND_MEMBER.sql
silver,CRM_SEND_MEMBER,74,D_literal,NULL,DW_BATCH_ID,silver/crm/CRM_SEND_MEMBER.sql
silver,CRM_SEND_MEMBER,78,C_expr,,SEND_STATUS_GROUP,silver/crm/CRM_SEND_MEMBER.sql
silver,CRM_SEND_MEMBER,79,E_label_join,DTL_CD_NM,SEND_STATUS_NAME,silver/crm/CRM_SEND_MEMBER.sql
silver,CRM_SEND_MEMBER,81,A_same,SEND_RESULT_CD,SEND_RESULT_CD,silver/crm/CRM_SEND_MEMBER.sql
silver,CRM_SEND_MEMBER,82,B_renamed,CD_ID,SEND_RESULT_GROUP,silver/crm/CRM_SEND_MEMBER.sql
silver,CRM_SEND_MEMBER,83,E_label_join,DTL_CD_NM,SEND_RESULT_NAME,silver/crm/CRM_SEND_MEMBER.sql
silver,CRM_SEND_MEMBER,87,A_same,OPEN_DT,OPEN_DT,silver/crm/CRM_SEND_MEMBER.sql
silver,CRM_SEND_REQUEST,8,C_expr,,SNDNG_TY_CD,silver/crm/CRM_SEND_REQUEST.sql
silver,CRM_SEND_REQUEST,9,C_expr,,SEND_GBN_MID_NM,silver/crm/CRM_SEND_REQUEST.sql
silver,CRM_SEND_REQUEST,10,C_expr,,SEND_GBN_BOT_NM,silver/crm/CRM_SEND_REQUEST.sql
silver,CRM_SEND_REQUEST,11,C_expr,,REQ_SEQ_NO,silver/crm/CRM_SEND_REQUEST.sql
silver,CRM_SEND_REQUEST,12,C_expr,,SNDNG_TIME_DIV_CD,silver/crm/CRM_SEND_REQUEST.sql
silver,CRM_SEND_REQUEST,13,C_expr,,DW_SOURCE_TABLE,silver/crm/CRM_SEND_REQUEST.sql
silver,CRM_SEND_REQUEST,14,C_expr,,DW_BATCH_ID,silver/crm/CRM_SEND_REQUEST.sql
silver,CRM_SEND_RESULT,3,C_expr,,SEND_CHANNEL,silver/crm/CRM_SEND_RESULT.sql
silver,CRM_SEND_RESULT,4,C_expr,,FAILR_CNT,silver/crm/CRM_SEND_RESULT.sql
silver,CRM_SEND_RESULT,5,D_literal,NULL,TOT_CLICK_CNT,silver/crm/CRM_SEND_RESULT.sql
silver,CRM_SEND_RESULT,6,C_expr,,DW_SOURCE_TABLE,silver/crm/CRM_SEND_RESULT.sql
silver,CRM_SEND_RESULT,7,C_expr,,DW_BATCH_ID,silver/crm/CRM_SEND_RESULT.sql
silver,CRM_SPONSORSHIP,4,C_expr,,SPNSR_BSNS_ID,silver/crm/CRM_SPONSORSHIP.sql
silver,CRM_SPONSORSHIP,5,C_expr,,SPNSR_BSNS_NM,silver/crm/CRM_SPONSORSHIP.sql
silver,CRM_SPONSORSHIP,6,C_expr,,SPNSR_BSNS_ABRV_CD,silver/crm/CRM_SPONSORSHIP.sql
silver,CRM_SPONSORSHIP,7,C_expr,,SPNSR_DIV_CD,silver/crm/CRM_SPONSORSHIP.sql
silver,CRM_SPONSORSHIP,8,C_expr,,DNTN_TY_CD,silver/crm/CRM_SPONSORSHIP.sql
silver,CRM_SPONSORSHIP,9,C_expr,,CPR_DIV_CD,silver/crm/CRM_SPONSORSHIP.sql
silver,CRM_SPONSORSHIP,10,C_expr,,DW_SOURCE_SYSTEM,silver/crm/CRM_SPONSORSHIP.sql
silver,CRM_SPONSORSHIP,11,C_expr,,DW_LOAD_TS,silver/crm/CRM_SPONSORSHIP.sql
silver,CRM_SPONSORSHIP,12,C_expr,,DW_UPDATE_TS,silver/crm/CRM_SPONSORSHIP.sql
silver,CRM_SPONSORSHIP,13,D_literal,NULL,DW_BATCH_ID,silver/crm/CRM_SPONSORSHIP.sql
silver,CRM_SPONSOR_RELATION,5,A_same,RELATNSP_KEY,RELATNSP_KEY,silver/crm/CRM_SPONSOR_RELATION.sql
silver,CRM_SPONSOR_RELATION,6,C_expr,,SPNSR_NO,silver/crm/CRM_SPONSOR_RELATION.sql
silver,CRM_SPONSOR_RELATION,7,A_same,SPNSR_BSNS_NO,SPNSR_BSNS_NO,silver/crm/CRM_SPONSOR_RELATION.sql
silver,CRM_SPONSOR_RELATION,8,A_same,SPNSR_BSNS_ID,SPNSR_BSNS_ID,silver/crm/CRM_SPONSOR_RELATION.sql
silver,CRM_SPONSOR_RELATION,9,A_same,CHILD_CD,CHILD_CD,silver/crm/CRM_SPONSOR_RELATION.sql
silver,CRM_SPONSOR_RELATION,10,C_expr,,MBER_NO,silver/crm/CRM_SPONSOR_RELATION.sql
silver,CRM_SPONSOR_RELATION,11,A_same,RELATNSP_STRT_DE,RELATNSP_STRT_DE,silver/crm/CRM_SPONSOR_RELATION.sql
silver,CRM_SPONSOR_RELATION,12,A_same,RELATNSP_DSCNTC_DE,RELATNSP_DSCNTC_DE,silver/crm/CRM_SPONSOR_RELATION.sql
silver,CRM_SPONSOR_RELATION,13,C_expr,,RELATNSP_DSCNTC_YN,silver/crm/CRM_SPONSOR_RELATION.sql
silver,CRM_SPONSOR_RELATION,17,C_expr,,DW_SOURCE_SYSTEM,silver/crm/CRM_SPONSOR_RELATION.sql
silver,CRM_SPONSOR_RELATION,18,C_expr,,DW_LOAD_TS,silver/crm/CRM_SPONSOR_RELATION.sql
silver,CRM_SPONSOR_RELATION,19,C_expr,,DW_UPDATE_TS,silver/crm/CRM_SPONSOR_RELATION.sql
silver,CRM_SPONSOR_RELATION,20,D_literal,NULL,DW_BATCH_ID,silver/crm/CRM_SPONSOR_RELATION.sql
silver,ERP_BUDGET,8,C_expr,,BUDGET_ITEM_DK,silver/erp/ERP_BUDGET.sql
silver,ERP_BUDGET,28,A_same,BUDGET_ITEM_DK,BUDGET_ITEM_DK,silver/erp/ERP_BUDGET.sql
silver,ERP_BUDGET,29,A_same,BUDGET_YEAR,BUDGET_YEAR,silver/erp/ERP_BUDGET.sql
silver,ERP_BUDGET,30,A_same,MONTH_NO,MONTH_NO,silver/erp/ERP_BUDGET.sql
silver,ERP_BUDGET,31,C_expr,,MONTH_KEY,silver/erp/ERP_BUDGET.sql
silver,ERP_BUDGET,32,B_renamed,YB,YEAR_BUDGET_AMT,silver/erp/ERP_BUDGET.sql
silver,ERP_BUDGET,33,B_renamed,CB,CHN_BUDGET_AMT,silver/erp/ERP_BUDGET.sql
silver,ERP_BUDGET,34,B_renamed,AB,ADJ_BUDGET_AMT,silver/erp/ERP_BUDGET.sql
silver,ERP_BUDGET,35,B_renamed,EX,EXEC_AMT,silver/erp/ERP_BUDGET.sql
silver,ERP_BUDGET,36,C_expr,,DW_SOURCE_SYSTEM,silver/erp/ERP_BUDGET.sql
silver,ERP_BUDGET,37,C_expr,,DW_SOURCE_TABLE,silver/erp/ERP_BUDGET.sql
silver,ERP_BUDGET,38,C_expr,,DW_LOAD_TS,silver/erp/ERP_BUDGET.sql
silver,ERP_BUDGET,39,C_expr,,DW_UPDATE_TS,silver/erp/ERP_BUDGET.sql
silver,ERP_BUDGET,40,D_literal,NULL,DW_BATCH_ID,silver/erp/ERP_BUDGET.sql
silver,ERP_BUDGET_ITEM,6,C_expr,,BUDGET_ITEM_DK,silver/erp/ERP_BUDGET_ITEM.sql
silver,ERP_BUDGET_ITEM,7,C_expr,,BUDGET_YEAR,silver/erp/ERP_BUDGET_ITEM.sql
silver,ERP_BUDGET_ITEM,8,C_expr,,INCOME_EXPENSE_DIV,silver/erp/ERP_BUDGET_ITEM.sql
silver,ERP_BUDGET_ITEM,9,C_expr,,BUDGET_UNIT_NM,silver/erp/ERP_BUDGET_ITEM.sql
silver,ERP_BUDGET_ITEM,10,C_expr,,JANG_NM,silver/erp/ERP_BUDGET_ITEM.sql
silver,ERP_BUDGET_ITEM,11,C_expr,,KWAN_NM,silver/erp/ERP_BUDGET_ITEM.sql
silver,ERP_BUDGET_ITEM,12,C_expr,,HANG_NM,silver/erp/ERP_BUDGET_ITEM.sql
silver,ERP_BUDGET_ITEM,13,C_expr,,MOK_NM,silver/erp/ERP_BUDGET_ITEM.sql
silver,ERP_BUDGET_ITEM,14,C_expr,,DTL_ITEM_NM,silver/erp/ERP_BUDGET_ITEM.sql
silver,ERP_BUDGET_ITEM,15,C_expr,,SUBDTL_ITEM_NM,silver/erp/ERP_BUDGET_ITEM.sql
silver,ERP_BUDGET_ITEM,16,C_expr,,FUND_SOURCE_NM,silver/erp/ERP_BUDGET_ITEM.sql
silver,ERP_BUDGET_ITEM,17,C_expr,,DW_SOURCE_SYSTEM,silver/erp/ERP_BUDGET_ITEM.sql
silver,ERP_BUDGET_ITEM,18,C_expr,,DW_SOURCE_TABLE,silver/erp/ERP_BUDGET_ITEM.sql
silver,ERP_BUDGET_ITEM,19,C_expr,,DW_LOAD_TS,silver/erp/ERP_BUDGET_ITEM.sql
silver,ERP_BUDGET_ITEM,20,C_expr,,DW_UPDATE_TS,silver/erp/ERP_BUDGET_ITEM.sql
silver,ERP_BUDGET_ITEM,21,D_literal,NULL,DW_BATCH_ID,silver/erp/ERP_BUDGET_ITEM.sql
silver,ERP_BUDGET_YEARLY,17,C_expr,,BUDGET_ITEM_DK,silver/erp/ERP_BUDGET_YEARLY.sql
silver,ERP_BUDGET_YEARLY,18,C_expr,,BUDGET_YEAR,silver/erp/ERP_BUDGET_YEARLY.sql
silver,ERP_BUDGET_YEARLY,19,B_renamed,YEAR_BDGT_TOT_AMT,YEAR_BUDGET_TOT_AMT,silver/erp/ERP_BUDGET_YEARLY.sql
silver,ERP_BUDGET_YEARLY,20,B_renamed,CHN_BDGT_TOT_AMT,CHN_BUDGET_TOT_AMT,silver/erp/ERP_BUDGET_YEARLY.sql
silver,ERP_BUDGET_YEARLY,21,B_renamed,ADJ_BDGT_TOT_AMT,ADJ_BUDGET_TOT_AMT,silver/erp/ERP_BUDGET_YEARLY.sql
silver,ERP_BUDGET_YEARLY,22,A_same,EXEC_TOT_AMT,EXEC_TOT_AMT,silver/erp/ERP_BUDGET_YEARLY.sql
silver,ERP_BUDGET_YEARLY,23,C_expr,,DW_SOURCE_SYSTEM,silver/erp/ERP_BUDGET_YEARLY.sql
silver,ERP_BUDGET_YEARLY,24,C_expr,,DW_SOURCE_TABLE,silver/erp/ERP_BUDGET_YEARLY.sql
silver,ERP_BUDGET_YEARLY,25,C_expr,,DW_LOAD_TS,silver/erp/ERP_BUDGET_YEARLY.sql
silver,ERP_BUDGET_YEARLY,26,C_expr,,DW_UPDATE_TS,silver/erp/ERP_BUDGET_YEARLY.sql
silver,ERP_BUDGET_YEARLY,27,D_literal,NULL,DW_BATCH_ID,silver/erp/ERP_BUDGET_YEARLY.sql
silver,GA4_BASIC,69,C_expr,,EVENT_SEQ,silver/ga4/GA4_BASIC.sql
silver,GA4_BASIC,73,C_expr,,USER_PSEUDO_ID,silver/ga4/GA4_BASIC.sql
silver,GA4_BASIC,74,A_same,EVENT_TIMESTAMP,EVENT_TIMESTAMP,silver/ga4/GA4_BASIC.sql
silver,GA4_BASIC,75,C_expr,,EVENT_NAME,silver/ga4/GA4_BASIC.sql
silver,GA4_BASIC,76,A_same,EVENT_SEQ,EVENT_SEQ,silver/ga4/GA4_BASIC.sql
silver,GA4_BASIC,77,C_expr,,EVENT_DATE,silver/ga4/GA4_BASIC.sql
silver,GA4_BASIC,78,C_expr,,EVENT_DT,silver/ga4/GA4_BASIC.sql
silver,GA4_BASIC,79,C_expr,,EVENT_TS,silver/ga4/GA4_BASIC.sql
silver,GA4_BASIC,80,C_expr,,USER_ID,silver/ga4/GA4_BASIC.sql
silver,GA4_BASIC,88,C_expr,,ID_SCHEME,silver/ga4/GA4_BASIC.sql
silver,GA4_BASIC,89,C_expr,,GA_SESSION_ID,silver/ga4/GA4_BASIC.sql
silver,GA4_BASIC,90,C_expr,,GA_SESSION_NUMBER,silver/ga4/GA4_BASIC.sql
silver,GA4_BASIC,93,C_expr,,GA_SESSION_KEY,silver/ga4/GA4_BASIC.sql
silver,GA4_BASIC,94,C_expr,,SESSION_ENGAGED,silver/ga4/GA4_BASIC.sql
silver,GA4_BASIC,95,C_expr,,ENGAGEMENT_TIME_MSEC,silver/ga4/GA4_BASIC.sql
silver,GA4_BASIC,96,B_renamed,EP_PAGE_LOCATION,PAGE_LOCATION,silver/ga4/GA4_BASIC.sql
silver,GA4_BASIC,97,B_renamed,EP_PAGE_TITLE,PAGE_TITLE,silver/ga4/GA4_BASIC.sql
silver,GA4_BASIC,98,B_renamed,EP_PAGE_REFERRER,PAGE_REFERRER,silver/ga4/GA4_BASIC.sql
silver,GA4_BASIC,99,C_expr,,EVENT_CATEGORY,silver/ga4/GA4_BASIC.sql
silver,GA4_BASIC,100,C_expr,,EVENT_ACTION,silver/ga4/GA4_BASIC.sql
silver,GA4_BASIC,101,C_expr,,EVENT_LABEL,silver/ga4/GA4_BASIC.sql
silver,GA4_BASIC,102,C_expr,,PERCENT_SCROLLED,silver/ga4/GA4_BASIC.sql
silver,GA4_BASIC,103,B_renamed,EP_LINK_URL,LINK_URL,silver/ga4/GA4_BASIC.sql
silver,GA4_BASIC,104,B_renamed,EP_LINK_TEXT,LINK_TEXT,silver/ga4/GA4_BASIC.sql
silver,GA4_BASIC,109,C_expr,,DEVICE_TYPE,silver/ga4/GA4_BASIC.sql
silver,GA4_BASIC,110,A_same,DEVICE_CATEGORY,DEVICE_CATEGORY,silver/ga4/GA4_BASIC.sql
silver,GA4_BASIC,111,B_renamed,DEVICE_OPERATING_SYSTEM,OS,silver/ga4/GA4_BASIC.sql
silver,GA4_BASIC,112,B_renamed,DEVICE_WEB_INFO_BROWSER,BROWSER,silver/ga4/GA4_BASIC.sql
silver,GA4_BASIC,113,B_renamed,DEVICE_LANGUAGE,LANGUAGE,silver/ga4/GA4_BASIC.sql
silver,GA4_BASIC,114,C_expr,,PLATFORM,silver/ga4/GA4_BASIC.sql
silver,GA4_BASIC,115,A_same,IS_ACTIVE_USER,IS_ACTIVE_USER,silver/ga4/GA4_BASIC.sql
silver,GA4_BASIC,116,A_same,GEO_COUNTRY,GEO_COUNTRY,silver/ga4/GA4_BASIC.sql
silver,GA4_BASIC,117,A_same,GEO_CITY,GEO_CITY,silver/ga4/GA4_BASIC.sql
silver,GA4_BASIC,118,C_expr,,UTM_SOURCE,silver/ga4/GA4_BASIC.sql
silver,GA4_BASIC,119,C_expr,,UTM_MEDIUM,silver/ga4/GA4_BASIC.sql
silver,GA4_BASIC,120,B_renamed,STSLC_MC_CAMPAIGN_NAME,UTM_CAMPAIGN,silver/ga4/GA4_BASIC.sql
silver,GA4_BASIC,121,B_renamed,STSLC_MC_CONTENT,UTM_CONTENT,silver/ga4/GA4_BASIC.sql
silver,GA4_BASIC,122,B_renamed,STSLC_MC_TERM,UTM_TERM,silver/ga4/GA4_BASIC.sql
silver,GA4_BASIC,125,C_expr,,SOURCE_MEDIUM,silver/ga4/GA4_BASIC.sql
silver,GA4_BASIC,126,C_expr,,XCHAN_SOURCE,silver/ga4/GA4_BASIC.sql
silver,GA4_BASIC,127,C_expr,,XCHAN_MEDIUM,silver/ga4/GA4_BASIC.sql
silver,GA4_BASIC,128,B_renamed,STSLC_CRC_CAMPAIGN_NAME,XCHAN_CAMPAIGN,silver/ga4/GA4_BASIC.sql
silver,GA4_BASIC,129,B_renamed,STSLC_CRC_DEFAULT_CHANNEL_GROUP,DEFAULT_CHANNEL_GROUP,silver/ga4/GA4_BASIC.sql
silver,GA4_BASIC,130,B_renamed,STSLC_GAC_AD_GROUP_ID,GAC_AD_GROUP_ID,silver/ga4/GA4_BASIC.sql
silver,GA4_BASIC,131,B_renamed,STSLC_GAC_AD_GROUP_NAME,GAC_AD_GROUP_NAME,silver/ga4/GA4_BASIC.sql
silver,GA4_BASIC,132,B_renamed,STSLC_GAC_CAMPAIGN_NAME,GAC_CAMPAIGN_NAME,silver/ga4/GA4_BASIC.sql
silver,GA4_BASIC,133,B_renamed,BATCH_EVENT_INDEX,BATCH_ORDERING_ID,silver/ga4/GA4_BASIC.sql
silver,GA4_BASIC,134,C_expr,,DW_SOURCE_SYSTEM,silver/ga4/GA4_BASIC.sql
silver,GA4_BASIC,135,C_expr,,DW_SOURCE_TABLE,silver/ga4/GA4_BASIC.sql
silver,GA4_BASIC,136,C_expr,,DW_LOAD_TS,silver/ga4/GA4_BASIC.sql
silver,GA4_BASIC,137,C_expr,,DW_UPDATE_TS,silver/ga4/GA4_BASIC.sql
silver,GA4_BASIC,138,D_literal,NULL,DW_BATCH_ID,silver/ga4/GA4_BASIC.sql
silver,GA4_DEVICE,16,A_same,DEVICE_TYPE,DEVICE_TYPE,silver/ga4/GA4_DEVICE.sql
silver,GA4_DEVICE,17,A_same,PLATFORM,PLATFORM,silver/ga4/GA4_DEVICE.sql
silver,GA4_DEVICE,18,A_same,DEVICE_CATEGORY,DEVICE_CATEGORY,silver/ga4/GA4_DEVICE.sql
silver,GA4_DEVICE,19,A_same,OS,OS,silver/ga4/GA4_DEVICE.sql
silver,GA4_DEVICE,20,A_same,BROWSER,BROWSER,silver/ga4/GA4_DEVICE.sql
silver,GA4_DEVICE,21,A_same,LANGUAGE,LANGUAGE,silver/ga4/GA4_DEVICE.sql
silver,GA4_DEVICE,22,C_expr,,DW_SOURCE_SYSTEM,silver/ga4/GA4_DEVICE.sql
silver,GA4_DEVICE,23,C_expr,,DW_SOURCE_TABLE,silver/ga4/GA4_DEVICE.sql
silver,GA4_DEVICE,24,C_expr,,DW_LOAD_TS,silver/ga4/GA4_DEVICE.sql
silver,GA4_DEVICE,25,C_expr,,DW_UPDATE_TS,silver/ga4/GA4_DEVICE.sql
silver,GA4_DEVICE,26,D_literal,NULL,DW_BATCH_ID,silver/ga4/GA4_DEVICE.sql
silver,GA4_EVENT,40,C_expr,,n_id,silver/ga4/GA4_EVENT.sql
silver,GA4_EVENT,41,C_expr,,sess_uid,silver/ga4/GA4_EVENT.sql
silver,GA4_EVENT,47,A_same,USER_PSEUDO_ID,USER_PSEUDO_ID,silver/ga4/GA4_EVENT.sql
silver,GA4_EVENT,48,A_same,EVENT_TIMESTAMP,EVENT_TIMESTAMP,silver/ga4/GA4_EVENT.sql
silver,GA4_EVENT,49,A_same,EVENT_NAME,EVENT_NAME,silver/ga4/GA4_EVENT.sql
silver,GA4_EVENT,50,A_same,EVENT_SEQ,EVENT_SEQ,silver/ga4/GA4_EVENT.sql
silver,GA4_EVENT,51,A_same,EVENT_DATE,EVENT_DATE,silver/ga4/GA4_EVENT.sql
silver,GA4_EVENT,52,A_same,EVENT_DT,EVENT_DT,silver/ga4/GA4_EVENT.sql
silver,GA4_EVENT,53,A_same,EVENT_TS,EVENT_TS,silver/ga4/GA4_EVENT.sql
silver,GA4_EVENT,54,A_same,USER_ID,USER_ID,silver/ga4/GA4_EVENT.sql
silver,GA4_EVENT,55,A_same,ID_SCHEME,ID_SCHEME,silver/ga4/GA4_EVENT.sql
silver,GA4_EVENT,56,A_same,GA_SESSION_ID,GA_SESSION_ID,silver/ga4/GA4_EVENT.sql
silver,GA4_EVENT,57,A_same,GA_SESSION_NUMBER,GA_SESSION_NUMBER,silver/ga4/GA4_EVENT.sql
silver,GA4_EVENT,58,A_same,GA_SESSION_KEY,GA_SESSION_KEY,silver/ga4/GA4_EVENT.sql
silver,GA4_EVENT,62,C_expr,,USER_ID_FILLED,silver/ga4/GA4_EVENT.sql
silver,GA4_EVENT,67,C_expr,,ID_RESOLUTION,silver/ga4/GA4_EVENT.sql
silver,GA4_EVENT,68,A_same,SESSION_ENGAGED,SESSION_ENGAGED,silver/ga4/GA4_EVENT.sql
silver,GA4_EVENT,69,A_same,ENGAGEMENT_TIME_MSEC,ENGAGEMENT_TIME_MSEC,silver/ga4/GA4_EVENT.sql
silver,GA4_EVENT,70,A_same,PAGE_LOCATION,PAGE_LOCATION,silver/ga4/GA4_EVENT.sql
silver,GA4_EVENT,71,A_same,PAGE_TITLE,PAGE_TITLE,silver/ga4/GA4_EVENT.sql
silver,GA4_EVENT,72,A_same,PAGE_REFERRER,PAGE_REFERRER,silver/ga4/GA4_EVENT.sql
silver,GA4_EVENT,73,A_same,EVENT_CATEGORY,EVENT_CATEGORY,silver/ga4/GA4_EVENT.sql
silver,GA4_EVENT,74,A_same,EVENT_ACTION,EVENT_ACTION,silver/ga4/GA4_EVENT.sql
silver,GA4_EVENT,75,A_same,EVENT_LABEL,EVENT_LABEL,silver/ga4/GA4_EVENT.sql
silver,GA4_EVENT,76,A_same,PERCENT_SCROLLED,PERCENT_SCROLLED,silver/ga4/GA4_EVENT.sql
silver,GA4_EVENT,77,A_same,LINK_URL,LINK_URL,silver/ga4/GA4_EVENT.sql
silver,GA4_EVENT,78,A_same,LINK_TEXT,LINK_TEXT,silver/ga4/GA4_EVENT.sql
silver,GA4_EVENT,79,A_same,DEVICE_TYPE,DEVICE_TYPE,silver/ga4/GA4_EVENT.sql
silver,GA4_EVENT,80,A_same,DEVICE_CATEGORY,DEVICE_CATEGORY,silver/ga4/GA4_EVENT.sql
silver,GA4_EVENT,81,A_same,OS,OS,silver/ga4/GA4_EVENT.sql
silver,GA4_EVENT,82,A_same,GEO_COUNTRY,GEO_COUNTRY,silver/ga4/GA4_EVENT.sql
silver,GA4_EVENT,83,A_same,GEO_CITY,GEO_CITY,silver/ga4/GA4_EVENT.sql
silver,GA4_EVENT,84,A_same,UTM_SOURCE,UTM_SOURCE,silver/ga4/GA4_EVENT.sql
silver,GA4_EVENT,85,A_same,UTM_MEDIUM,UTM_MEDIUM,silver/ga4/GA4_EVENT.sql
silver,GA4_EVENT,86,A_same,UTM_CAMPAIGN,UTM_CAMPAIGN,silver/ga4/GA4_EVENT.sql
silver,GA4_EVENT,87,A_same,DEFAULT_CHANNEL_GROUP,DEFAULT_CHANNEL_GROUP,silver/ga4/GA4_EVENT.sql
silver,GA4_EVENT,88,A_same,PLATFORM,PLATFORM,silver/ga4/GA4_EVENT.sql
silver,GA4_EVENT,89,A_same,IS_ACTIVE_USER,IS_ACTIVE_USER,silver/ga4/GA4_EVENT.sql
silver,GA4_EVENT,90,A_same,BATCH_ORDERING_ID,BATCH_ORDERING_ID,silver/ga4/GA4_EVENT.sql
silver,GA4_EVENT,91,D_literal,NULL,SRC_TABLE,silver/ga4/GA4_EVENT.sql
silver,GA4_EVENT,92,D_literal,NULL,SRC_FILE_NAME,silver/ga4/GA4_EVENT.sql
silver,GA4_EVENT,93,C_expr,,DW_SOURCE_SYSTEM,silver/ga4/GA4_EVENT.sql
silver,GA4_EVENT,94,C_expr,,DW_SOURCE_TABLE,silver/ga4/GA4_EVENT.sql
silver,GA4_EVENT,95,C_expr,,DW_LOAD_TS,silver/ga4/GA4_EVENT.sql
silver,GA4_EVENT,96,C_expr,,DW_UPDATE_TS,silver/ga4/GA4_EVENT.sql
silver,GA4_EVENT,97,D_literal,NULL,DW_BATCH_ID,silver/ga4/GA4_EVENT.sql
silver,GA4_EVENT_DIM,20,A_same,EVENT_NAME,EVENT_NAME,silver/ga4/GA4_EVENT_DIM.sql
silver,GA4_EVENT_DIM,21,A_same,EVENT_CATEGORY,EVENT_CATEGORY,silver/ga4/GA4_EVENT_DIM.sql
silver,GA4_EVENT_DIM,22,A_same,EVENT_LABEL,EVENT_LABEL,silver/ga4/GA4_EVENT_DIM.sql
silver,GA4_EVENT_DIM,23,A_same,EVENT_ACTION,EVENT_ACTION,silver/ga4/GA4_EVENT_DIM.sql
silver,GA4_EVENT_DIM,24,C_expr,,DW_SOURCE_SYSTEM,silver/ga4/GA4_EVENT_DIM.sql
silver,GA4_EVENT_DIM,25,C_expr,,DW_SOURCE_TABLE,silver/ga4/GA4_EVENT_DIM.sql
silver,GA4_EVENT_DIM,26,C_expr,,DW_LOAD_TS,silver/ga4/GA4_EVENT_DIM.sql
silver,GA4_EVENT_DIM,27,C_expr,,DW_UPDATE_TS,silver/ga4/GA4_EVENT_DIM.sql
silver,GA4_EVENT_DIM,28,D_literal,NULL,DW_BATCH_ID,silver/ga4/GA4_EVENT_DIM.sql
silver,GA4_IDENTITY,40,C_expr,,n_id,silver/ga4/GA4_IDENTITY.sql
silver,GA4_IDENTITY,41,C_expr,,sess_uid,silver/ga4/GA4_IDENTITY.sql
silver,GA4_IDENTITY,51,C_expr,,member_id,silver/ga4/GA4_IDENTITY.sql
silver,GA4_IDENTITY,54,C_expr,,id_resolution,silver/ga4/GA4_IDENTITY.sql
silver,GA4_IDENTITY,65,C_expr,,ga_member_id,silver/ga4/GA4_IDENTITY.sql
silver,GA4_IDENTITY,67,C_expr,,id_resolution,silver/ga4/GA4_IDENTITY.sql
silver,GA4_IDENTITY,73,A_same,USER_PSEUDO_ID,USER_PSEUDO_ID,silver/ga4/GA4_IDENTITY.sql
silver,GA4_IDENTITY,74,A_same,ga_member_id,GA_MEMBER_ID,silver/ga4/GA4_IDENTITY.sql
silver,GA4_IDENTITY,83,C_expr,,ID_SCHEME,silver/ga4/GA4_IDENTITY.sql
silver,GA4_IDENTITY,87,C_expr,,MEMBER_TYPE,silver/ga4/GA4_IDENTITY.sql
silver,GA4_IDENTITY,88,C_expr,,MBER_NO,silver/ga4/GA4_IDENTITY.sql
silver,GA4_IDENTITY,89,C_expr,,ONCE_MBER_NO,silver/ga4/GA4_IDENTITY.sql
silver,GA4_IDENTITY,90,A_same,id_resolution,ID_RESOLUTION,silver/ga4/GA4_IDENTITY.sql
silver,GA4_IDENTITY,91,C_expr,,DW_SOURCE_SYSTEM,silver/ga4/GA4_IDENTITY.sql
silver,GA4_IDENTITY,92,C_expr,,DW_SOURCE_TABLE,silver/ga4/GA4_IDENTITY.sql
silver,GA4_IDENTITY,93,C_expr,,DW_LOAD_TS,silver/ga4/GA4_IDENTITY.sql
silver,GA4_IDENTITY,94,C_expr,,DW_UPDATE_TS,silver/ga4/GA4_IDENTITY.sql
silver,GA4_IDENTITY,95,D_literal,NULL,DW_BATCH_ID,silver/ga4/GA4_IDENTITY.sql
silver,GA4_TRAFFIC_SOURCE,15,A_same,UTM_SOURCE,UTM_SOURCE,silver/ga4/GA4_TRAFFIC_SOURCE.sql
silver,GA4_TRAFFIC_SOURCE,16,A_same,UTM_MEDIUM,UTM_MEDIUM,silver/ga4/GA4_TRAFFIC_SOURCE.sql
silver,GA4_TRAFFIC_SOURCE,17,A_same,UTM_CAMPAIGN,UTM_CAMPAIGN,silver/ga4/GA4_TRAFFIC_SOURCE.sql
silver,GA4_TRAFFIC_SOURCE,18,A_same,UTM_CONTENT,UTM_CONTENT,silver/ga4/GA4_TRAFFIC_SOURCE.sql
silver,GA4_TRAFFIC_SOURCE,19,A_same,UTM_TERM,UTM_TERM,silver/ga4/GA4_TRAFFIC_SOURCE.sql
silver,GA4_TRAFFIC_SOURCE,20,A_same,SOURCE_MEDIUM,SOURCE_MEDIUM,silver/ga4/GA4_TRAFFIC_SOURCE.sql
silver,GA4_TRAFFIC_SOURCE,21,A_same,XCHAN_SOURCE,XCHAN_SOURCE,silver/ga4/GA4_TRAFFIC_SOURCE.sql
silver,GA4_TRAFFIC_SOURCE,22,A_same,XCHAN_MEDIUM,XCHAN_MEDIUM,silver/ga4/GA4_TRAFFIC_SOURCE.sql
silver,GA4_TRAFFIC_SOURCE,23,A_same,XCHAN_CAMPAIGN,XCHAN_CAMPAIGN,silver/ga4/GA4_TRAFFIC_SOURCE.sql
silver,GA4_TRAFFIC_SOURCE,24,A_same,DEFAULT_CHANNEL_GROUP,DEFAULT_CHANNEL_GROUP,silver/ga4/GA4_TRAFFIC_SOURCE.sql
silver,GA4_TRAFFIC_SOURCE,25,C_expr,,DW_SOURCE_SYSTEM,silver/ga4/GA4_TRAFFIC_SOURCE.sql
silver,GA4_TRAFFIC_SOURCE,26,C_expr,,DW_SOURCE_TABLE,silver/ga4/GA4_TRAFFIC_SOURCE.sql
silver,GA4_TRAFFIC_SOURCE,27,C_expr,,DW_LOAD_TS,silver/ga4/GA4_TRAFFIC_SOURCE.sql
silver,GA4_TRAFFIC_SOURCE,28,C_expr,,DW_UPDATE_TS,silver/ga4/GA4_TRAFFIC_SOURCE.sql
silver,GA4_TRAFFIC_SOURCE,29,D_literal,NULL,DW_BATCH_ID,silver/ga4/GA4_TRAFFIC_SOURCE.sql
